poll_epoch,arm_n,replicate,image_digest,observed_hosts,ok,error,operations_ok,operations_error
1789422134.677572,150,1,ghcr.io/talmolab/lablink-client-base-image:latest@sha256:3f2f935a1b61b1c1f9469a69d1a7ad53bdb334d996976bcd3ba5802a4cc50567,0,True,,True,
1789422139.720363,150,1,ghcr.io/talmolab/lablink-client-base-image:latest@sha256:3f2f935a1b61b1c1f9469a69d1a7ad53bdb334d996976bcd3ba5802a4cc50567,0,True,,True,
1789422144.5862532,150,1,ghcr.io/talmolab/lablink-client-base-image:latest@sha256:3f2f935a1b61b1c1f9469a69d1a7ad53bdb334d996976bcd3ba5802a4cc50567,0,True,,True,
1789422149.7166579,150,1,ghcr.io/talmolab/lablink-client-base-image:latest@sha256:3f2f935a1b61b1c1f9469a69d1a7ad53bdb334d996976bcd3ba5802a4cc50567,0,True,,True,
1789422154.523494,150,1,ghcr.io/talmolab/lablink-client-base-image:latest@sha256:3f2f935a1b61b1c1f9469a69d1a7ad53bdb334d996976bcd3ba5802a4cc50567,0,True,,True,
1789422159.597852,150,1,ghcr.io/talmolab/lablink-client-base-image:latest@sha256:3f2f935a1b61b1c1f9469a69d1a7ad53bdb334d996976bcd3ba5802a4cc50567,0,True,,True,
1789422164.764181,150,1,ghcr.io/talmolab/lablink-client-base-image:latest@sha256:3f2f935a1b61b1c1f9469a69d1a7ad53bdb334d996976bcd3ba5802a4cc50567,0,True,,True,
1789422169.907756,150,1,ghcr.io/talmolab/lablink-client-base-image:latest@sha256:3f2f935a1b61b1c1f9469a69d1a7ad53bdb334d996976bcd3ba5802a4cc50567,0,True,,True,
1789422174.5171762,150,1,ghcr.io/talmolab/lablink-client-base-image:latest@sha256:3f2f935a1b61b1c1f9469a69d1a7ad53bdb334d996976bcd3ba5802a4cc50567,0,True,,True,
1789422179.563235,150,1,ghcr.io/talmolab/lablink-client-base-image:latest@sha256:3f2f935a1b61b1c1f9469a69d1a7ad53bdb334d996976bcd3ba5802a4cc50567,0,True,,True,
1789422184.4936152,150,1,ghcr.io/talmolab/lablink-client-base-image:latest@sha256:3f2f935a1b61b1c1f9469a69d1a7ad53bdb334d996976bcd3ba5802a4cc50567,0,True,,True,
1789422189.5977879,150,1,ghcr.io/talmolab/lablink-client-base-image:latest@sha256:3f2f935a1b61b1c1f9469a69d1a7ad53bdb334d996976bcd3ba5802a4cc50567,0,True,,True,
1789422194.552122,150,1,ghcr.io/talmolab/lablink-client-base-image:latest@sha256:3f2f935a1b61b1c1f9469a69d1a7ad53bdb334d996976bcd3ba5802a4cc50567,0,True,,True,
1789422199.585869,150,1,ghcr.io/talmolab/lablink-client-base-image:latest@sha256:3f2f935a1b61b1c1f9469a69d1a7ad53bdb334d996976bcd3ba5802a4cc50567,0,True,,True,
1789422204.512362,150,1,ghcr.io/talmolab/lablink-client-base-image:latest@sha256:3f2f935a1b61b1c1f9469a69d1a7ad53bdb334d996976bcd3ba5802a4cc50567,0,True,,True,
1789422209.529453,150,1,ghcr.io/talmolab/lablink-client-base-image:latest@sha256:3f2f935a1b61b1c1f9469a69d1a7ad53bdb334d996976bcd3ba5802a4cc50567,0,True,,True,
1789422214.472814,150,1,ghcr.io/talmolab/lablink-client-base-image:latest@sha256:3f2f935a1b61b1c1f9469a69d1a7ad53bdb334d996976bcd3ba5802a4cc50567,0,True,,True,
1789422219.575595,150,1,ghcr.io/talmolab/lablink-client-base-image:latest@sha256:3f2f935a1b61b1c1f9469a69d1a7ad53bdb334d996976bcd3ba5802a4cc50567,0,True,,True,
1789422224.523614,150,1,ghcr.io/talmolab/lablink-client-base-image:latest@sha256:3f2f935a1b61b1c1f9469a69d1a7ad53bdb334d996976bcd3ba5802a4cc50567,0,True,,True,
1789422229.509928,150,1,ghcr.io/talmolab/lablink-client-base-image:latest@sha256:3f2f935a1b61b1c1f9469a69d1a7ad53bdb334d996976bcd3ba5802a4cc50567,0,True,,True,
1789422234.606156,150,1,ghcr.io/talmolab/lablink-client-base-image:latest@sha256:3f2f935a1b61b1c1f9469a69d1a7ad53bdb334d996976bcd3ba5802a4cc50567,1,True,,True,
1789422239.6390028,150,1,ghcr.io/talmolab/lablink-client-base-image:latest@sha256:3f2f935a1b61b1c1f9469a69d1a7ad53bdb334d996976bcd3ba5802a4cc50567,9,True,,True,
1789422244.645488,150,1,ghcr.io/talmolab/lablink-client-base-image:latest@sha256:3f2f935a1b61b1c1f9469a69d1a7ad53bdb334d996976bcd3ba5802a4cc50567,11,True,,True,
1789422249.782975,150,1,ghcr.io/talmolab/lablink-client-base-image:latest@sha256:3f2f935a1b61b1c1f9469a69d1a7ad53bdb334d996976bcd3ba5802a4cc50567,17,True,,True,
1789422254.846009,150,1,ghcr.io/talmolab/lablink-client-base-image:latest@sha256:3f2f935a1b61b1c1f9469a69d1a7ad53bdb334d996976bcd3ba5802a4cc50567,20,True,,True,
1789422259.881079,150,1,ghcr.io/talmolab/lablink-client-base-image:latest@sha256:3f2f935a1b61b1c1f9469a69d1a7ad53bdb334d996976bcd3ba5802a4cc50567,26,True,,True,
1789422264.558743,150,1,ghcr.io/talmolab/lablink-client-base-image:latest@sha256:3f2f935a1b61b1c1f9469a69d1a7ad53bdb334d996976bcd3ba5802a4cc50567,30,True,,True,
1789422269.643167,150,1,ghcr.io/talmolab/lablink-client-base-image:latest@sha256:3f2f935a1b61b1c1f9469a69d1a7ad53bdb334d996976bcd3ba5802a4cc50567,31,True,,True,
1789422274.643147,150,1,ghcr.io/talmolab/lablink-client-base-image:latest@sha256:3f2f935a1b61b1c1f9469a69d1a7ad53bdb334d996976bcd3ba5802a4cc50567,36,True,,True,
1789422279.6120021,150,1,ghcr.io/talmolab/lablink-client-base-image:latest@sha256:3f2f935a1b61b1c1f9469a69d1a7ad53bdb334d996976bcd3ba5802a4cc50567,40,True,,True,
1789422285.11985,150,1,ghcr.io/talmolab/lablink-client-base-image:latest@sha256:3f2f935a1b61b1c1f9469a69d1a7ad53bdb334d996976bcd3ba5802a4cc50567,45,True,,True,
1789422289.665233,150,1,ghcr.io/talmolab/lablink-client-base-image:latest@sha256:3f2f935a1b61b1c1f9469a69d1a7ad53bdb334d996976bcd3ba5802a4cc50567,49,True,,True,
1789422294.6966422,150,1,ghcr.io/talmolab/lablink-client-base-image:latest@sha256:3f2f935a1b61b1c1f9469a69d1a7ad53bdb334d996976bcd3ba5802a4cc50567,51,True,,True,
1789422299.755573,150,1,ghcr.io/talmolab/lablink-client-base-image:latest@sha256:3f2f935a1b61b1c1f9469a69d1a7ad53bdb334d996976bcd3ba5802a4cc50567,56,True,,True,
1789422304.6529868,150,1,ghcr.io/talmolab/lablink-client-base-image:latest@sha256:3f2f935a1b61b1c1f9469a69d1a7ad53bdb334d996976bcd3ba5802a4cc50567,61,True,,True,
1789422309.6790788,150,1,ghcr.io/talmolab/lablink-client-base-image:latest@sha256:3f2f935a1b61b1c1f9469a69d1a7ad53bdb334d996976bcd3ba5802a4cc50567,65,True,,True,
1789422314.6948469,150,1,ghcr.io/talmolab/lablink-client-base-image:latest@sha256:3f2f935a1b61b1c1f9469a69d1a7ad53bdb334d996976bcd3ba5802a4cc50567,70,True,,True,
1789422320.9056482,150,1,ghcr.io/talmolab/lablink-client-base-image:latest@sha256:3f2f935a1b61b1c1f9469a69d1a7ad53bdb334d996976bcd3ba5802a4cc50567,74,True,,True,
1789422325.213362,150,1,ghcr.io/talmolab/lablink-client-base-image:latest@sha256:3f2f935a1b61b1c1f9469a69d1a7ad53bdb334d996976bcd3ba5802a4cc50567,78,True,,True,
1789422329.683813,150,1,ghcr.io/talmolab/lablink-client-base-image:latest@sha256:3f2f935a1b61b1c1f9469a69d1a7ad53bdb334d996976bcd3ba5802a4cc50567,80,True,,True,
1789422334.816416,150,1,ghcr.io/talmolab/lablink-client-base-image:latest@sha256:3f2f935a1b61b1c1f9469a69d1a7ad53bdb334d996976bcd3ba5802a4cc50567,84,True,,True,
1789422339.917364,150,1,ghcr.io/talmolab/lablink-client-base-image:latest@sha256:3f2f935a1b61b1c1f9469a69d1a7ad53bdb334d996976bcd3ba5802a4cc50567,90,True,,True,
1789422344.760618,150,1,ghcr.io/talmolab/lablink-client-base-image:latest@sha256:3f2f935a1b61b1c1f9469a69d1a7ad53bdb334d996976bcd3ba5802a4cc50567,91,True,,True,
1789422349.742562,150,1,ghcr.io/talmolab/lablink-client-base-image:latest@sha256:3f2f935a1b61b1c1f9469a69d1a7ad53bdb334d996976bcd3ba5802a4cc50567,96,True,,True,
1789422354.880982,150,1,ghcr.io/talmolab/lablink-client-base-image:latest@sha256:3f2f935a1b61b1c1f9469a69d1a7ad53bdb334d996976bcd3ba5802a4cc50567,100,True,,True,
1789422360.263131,150,1,ghcr.io/talmolab/lablink-client-base-image:latest@sha256:3f2f935a1b61b1c1f9469a69d1a7ad53bdb334d996976bcd3ba5802a4cc50567,106,True,,True,
1789422364.831775,150,1,ghcr.io/talmolab/lablink-client-base-image:latest@sha256:3f2f935a1b61b1c1f9469a69d1a7ad53bdb334d996976bcd3ba5802a4cc50567,110,True,,True,
1789422369.705753,150,1,ghcr.io/talmolab/lablink-client-base-image:latest@sha256:3f2f935a1b61b1c1f9469a69d1a7ad53bdb334d996976bcd3ba5802a4cc50567,111,True,,True,
1789422375.14925,150,1,ghcr.io/talmolab/lablink-client-base-image:latest@sha256:3f2f935a1b61b1c1f9469a69d1a7ad53bdb334d996976bcd3ba5802a4cc50567,117,True,,True,
1789422379.9156961,150,1,ghcr.io/talmolab/lablink-client-base-image:latest@sha256:3f2f935a1b61b1c1f9469a69d1a7ad53bdb334d996976bcd3ba5802a4cc50567,133,True,,True,
1789422385.682312,150,1,ghcr.io/talmolab/lablink-client-base-image:latest@sha256:3f2f935a1b61b1c1f9469a69d1a7ad53bdb334d996976bcd3ba5802a4cc50567,150,True,,True,
1789422390.739996,150,1,ghcr.io/talmolab/lablink-client-base-image:latest@sha256:3f2f935a1b61b1c1f9469a69d1a7ad53bdb334d996976bcd3ba5802a4cc50567,150,True,,True,
1789422395.086619,150,1,ghcr.io/talmolab/lablink-client-base-image:latest@sha256:3f2f935a1b61b1c1f9469a69d1a7ad53bdb334d996976bcd3ba5802a4cc50567,150,True,,True,
1789422399.842839,150,1,ghcr.io/talmolab/lablink-client-base-image:latest@sha256:3f2f935a1b61b1c1f9469a69d1a7ad53bdb334d996976bcd3ba5802a4cc50567,150,True,,True,
1789422404.8344939,150,1,ghcr.io/talmolab/lablink-client-base-image:latest@sha256:3f2f935a1b61b1c1f9469a69d1a7ad53bdb334d996976bcd3ba5802a4cc50567,150,True,,True,
1789422410.628578,150,1,ghcr.io/talmolab/lablink-client-base-image:latest@sha256:3f2f935a1b61b1c1f9469a69d1a7ad53bdb334d996976bcd3ba5802a4cc50567,150,True,,True,
1789422414.855772,150,1,ghcr.io/talmolab/lablink-client-base-image:latest@sha256:3f2f935a1b61b1c1f9469a69d1a7ad53bdb334d996976bcd3ba5802a4cc50567,150,True,,True,
1789422419.997441,150,1,ghcr.io/talmolab/lablink-client-base-image:latest@sha256:3f2f935a1b61b1c1f9469a69d1a7ad53bdb334d996976bcd3ba5802a4cc50567,150,True,,True,
1789422424.75619,150,1,ghcr.io/talmolab/lablink-client-base-image:latest@sha256:3f2f935a1b61b1c1f9469a69d1a7ad53bdb334d996976bcd3ba5802a4cc50567,150,True,,True,
1789422429.995411,150,1,ghcr.io/talmolab/lablink-client-base-image:latest@sha256:3f2f935a1b61b1c1f9469a69d1a7ad53bdb334d996976bcd3ba5802a4cc50567,150,True,,True,
1789422434.852882,150,1,ghcr.io/talmolab/lablink-client-base-image:latest@sha256:3f2f935a1b61b1c1f9469a69d1a7ad53bdb334d996976bcd3ba5802a4cc50567,150,True,,True,
1789422440.064325,150,1,ghcr.io/talmolab/lablink-client-base-image:latest@sha256:3f2f935a1b61b1c1f9469a69d1a7ad53bdb334d996976bcd3ba5802a4cc50567,150,True,,True,
1789422445.0369248,150,1,ghcr.io/talmolab/lablink-client-base-image:latest@sha256:3f2f935a1b61b1c1f9469a69d1a7ad53bdb334d996976bcd3ba5802a4cc50567,150,True,,True,
1789422450.040426,150,1,ghcr.io/talmolab/lablink-client-base-image:latest@sha256:3f2f935a1b61b1c1f9469a69d1a7ad53bdb334d996976bcd3ba5802a4cc50567,150,True,,True,
1789422455.267821,150,1,ghcr.io/talmolab/lablink-client-base-image:latest@sha256:3f2f935a1b61b1c1f9469a69d1a7ad53bdb334d996976bcd3ba5802a4cc50567,150,True,,True,
1789422460.0295382,150,1,ghcr.io/talmolab/lablink-client-base-image:latest@sha256:3f2f935a1b61b1c1f9469a69d1a7ad53bdb334d996976bcd3ba5802a4cc50567,150,True,,True,
1789422464.9051468,150,1,ghcr.io/talmolab/lablink-client-base-image:latest@sha256:3f2f935a1b61b1c1f9469a69d1a7ad53bdb334d996976bcd3ba5802a4cc50567,150,True,,True,
1789422469.999189,150,1,ghcr.io/talmolab/lablink-client-base-image:latest@sha256:3f2f935a1b61b1c1f9469a69d1a7ad53bdb334d996976bcd3ba5802a4cc50567,150,True,,True,
1789422474.890021,150,1,ghcr.io/talmolab/lablink-client-base-image:latest@sha256:3f2f935a1b61b1c1f9469a69d1a7ad53bdb334d996976bcd3ba5802a4cc50567,150,True,,True,
1789422480.335286,150,1,ghcr.io/talmolab/lablink-client-base-image:latest@sha256:3f2f935a1b61b1c1f9469a69d1a7ad53bdb334d996976bcd3ba5802a4cc50567,150,True,,True,
1789422485.142207,150,1,ghcr.io/talmolab/lablink-client-base-image:latest@sha256:3f2f935a1b61b1c1f9469a69d1a7ad53bdb334d996976bcd3ba5802a4cc50567,150,True,,True,
1789422490.843721,150,1,ghcr.io/talmolab/lablink-client-base-image:latest@sha256:3f2f935a1b61b1c1f9469a69d1a7ad53bdb334d996976bcd3ba5802a4cc50567,150,True,,True,
1789422495.386224,150,1,ghcr.io/talmolab/lablink-client-base-image:latest@sha256:3f2f935a1b61b1c1f9469a69d1a7ad53bdb334d996976bcd3ba5802a4cc50567,150,True,,True,
1789422500.2529511,150,1,ghcr.io/talmolab/lablink-client-base-image:latest@sha256:3f2f935a1b61b1c1f9469a69d1a7ad53bdb334d996976bcd3ba5802a4cc50567,150,True,,True,
1789422504.984517,150,1,ghcr.io/talmolab/lablink-client-base-image:latest@sha256:3f2f935a1b61b1c1f9469a69d1a7ad53bdb334d996976bcd3ba5802a4cc50567,150,True,,True,
1789422510.21734,150,1,ghcr.io/talmolab/lablink-client-base-image:latest@sha256:3f2f935a1b61b1c1f9469a69d1a7ad53bdb334d996976bcd3ba5802a4cc50567,150,True,,True,
1789422515.324878,150,1,ghcr.io/talmolab/lablink-client-base-image:latest@sha256:3f2f935a1b61b1c1f9469a69d1a7ad53bdb334d996976bcd3ba5802a4cc50567,150,True,,True,
1789422519.980642,150,1,ghcr.io/talmolab/lablink-client-base-image:latest@sha256:3f2f935a1b61b1c1f9469a69d1a7ad53bdb334d996976bcd3ba5802a4cc50567,150,True,,True,
1789422525.000607,150,1,ghcr.io/talmolab/lablink-client-base-image:latest@sha256:3f2f935a1b61b1c1f9469a69d1a7ad53bdb334d996976bcd3ba5802a4cc50567,150,True,,True,
1789422530.6805902,150,1,ghcr.io/talmolab/lablink-client-base-image:latest@sha256:3f2f935a1b61b1c1f9469a69d1a7ad53bdb334d996976bcd3ba5802a4cc50567,150,True,,True,
1789422534.8572211,150,1,ghcr.io/talmolab/lablink-client-base-image:latest@sha256:3f2f935a1b61b1c1f9469a69d1a7ad53bdb334d996976bcd3ba5802a4cc50567,150,True,,True,
1789422539.901209,150,1,ghcr.io/talmolab/lablink-client-base-image:latest@sha256:3f2f935a1b61b1c1f9469a69d1a7ad53bdb334d996976bcd3ba5802a4cc50567,150,True,,True,
1789422544.931394,150,1,ghcr.io/talmolab/lablink-client-base-image:latest@sha256:3f2f935a1b61b1c1f9469a69d1a7ad53bdb334d996976bcd3ba5802a4cc50567,150,True,,True,
1789422550.151401,150,1,ghcr.io/talmolab/lablink-client-base-image:latest@sha256:3f2f935a1b61b1c1f9469a69d1a7ad53bdb334d996976bcd3ba5802a4cc50567,150,True,,True,
1789422554.904117,150,1,ghcr.io/talmolab/lablink-client-base-image:latest@sha256:3f2f935a1b61b1c1f9469a69d1a7ad53bdb334d996976bcd3ba5802a4cc50567,150,True,,True,
1789422560.0695071,150,1,ghcr.io/talmolab/lablink-client-base-image:latest@sha256:3f2f935a1b61b1c1f9469a69d1a7ad53bdb334d996976bcd3ba5802a4cc50567,150,True,,True,
1789422565.318227,150,1,ghcr.io/talmolab/lablink-client-base-image:latest@sha256:3f2f935a1b61b1c1f9469a69d1a7ad53bdb334d996976bcd3ba5802a4cc50567,150,True,,True,
1789422569.986984,150,1,ghcr.io/talmolab/lablink-client-base-image:latest@sha256:3f2f935a1b61b1c1f9469a69d1a7ad53bdb334d996976bcd3ba5802a4cc50567,150,True,,True,
1789422574.9664378,150,1,ghcr.io/talmolab/lablink-client-base-image:latest@sha256:3f2f935a1b61b1c1f9469a69d1a7ad53bdb334d996976bcd3ba5802a4cc50567,150,True,,True,
1789422579.944174,150,1,ghcr.io/talmolab/lablink-client-base-image:latest@sha256:3f2f935a1b61b1c1f9469a69d1a7ad53bdb334d996976bcd3ba5802a4cc50567,150,True,,True,
1789422585.369169,150,1,ghcr.io/talmolab/lablink-client-base-image:latest@sha256:3f2f935a1b61b1c1f9469a69d1a7ad53bdb334d996976bcd3ba5802a4cc50567,150,True,,True,
1789422590.685869,150,1,ghcr.io/talmolab/lablink-client-base-image:latest@sha256:3f2f935a1b61b1c1f9469a69d1a7ad53bdb334d996976bcd3ba5802a4cc50567,150,True,,True,
1789422595.809623,150,1,ghcr.io/talmolab/lablink-client-base-image:latest@sha256:3f2f935a1b61b1c1f9469a69d1a7ad53bdb334d996976bcd3ba5802a4cc50567,150,True,,True,
1789422599.983636,150,1,ghcr.io/talmolab/lablink-client-base-image:latest@sha256:3f2f935a1b61b1c1f9469a69d1a7ad53bdb334d996976bcd3ba5802a4cc50567,150,True,,True,
1789422605.073408,150,1,ghcr.io/talmolab/lablink-client-base-image:latest@sha256:3f2f935a1b61b1c1f9469a69d1a7ad53bdb334d996976bcd3ba5802a4cc50567,150,True,,True,
1789422610.360616,150,1,ghcr.io/talmolab/lablink-client-base-image:latest@sha256:3f2f935a1b61b1c1f9469a69d1a7ad53bdb334d996976bcd3ba5802a4cc50567,150,True,,True,
1789422615.0354471,150,1,ghcr.io/talmolab/lablink-client-base-image:latest@sha256:3f2f935a1b61b1c1f9469a69d1a7ad53bdb334d996976bcd3ba5802a4cc50567,150,True,,True,
1789422620.318539,150,1,ghcr.io/talmolab/lablink-client-base-image:latest@sha256:3f2f935a1b61b1c1f9469a69d1a7ad53bdb334d996976bcd3ba5802a4cc50567,150,True,,True,
1789422624.891077,150,1,ghcr.io/talmolab/lablink-client-base-image:latest@sha256:3f2f935a1b61b1c1f9469a69d1a7ad53bdb334d996976bcd3ba5802a4cc50567,150,True,,True,
1789422630.0760791,150,1,ghcr.io/talmolab/lablink-client-base-image:latest@sha256:3f2f935a1b61b1c1f9469a69d1a7ad53bdb334d996976bcd3ba5802a4cc50567,150,True,,True,
1789422635.055302,150,1,ghcr.io/talmolab/lablink-client-base-image:latest@sha256:3f2f935a1b61b1c1f9469a69d1a7ad53bdb334d996976bcd3ba5802a4cc50567,150,True,,True,
1789422640.040114,150,1,ghcr.io/talmolab/lablink-client-base-image:latest@sha256:3f2f935a1b61b1c1f9469a69d1a7ad53bdb334d996976bcd3ba5802a4cc50567,150,True,,True,
1789422645.0932732,150,1,ghcr.io/talmolab/lablink-client-base-image:latest@sha256:3f2f935a1b61b1c1f9469a69d1a7ad53bdb334d996976bcd3ba5802a4cc50567,150,True,,True,
1789422649.9746392,150,1,ghcr.io/talmolab/lablink-client-base-image:latest@sha256:3f2f935a1b61b1c1f9469a69d1a7ad53bdb334d996976bcd3ba5802a4cc50567,150,True,,True,
1789422654.985898,150,1,ghcr.io/talmolab/lablink-client-base-image:latest@sha256:3f2f935a1b61b1c1f9469a69d1a7ad53bdb334d996976bcd3ba5802a4cc50567,150,True,,True,
1789422660.938433,150,1,ghcr.io/talmolab/lablink-client-base-image:latest@sha256:3f2f935a1b61b1c1f9469a69d1a7ad53bdb334d996976bcd3ba5802a4cc50567,150,True,,True,
1789422665.236664,150,1,ghcr.io/talmolab/lablink-client-base-image:latest@sha256:3f2f935a1b61b1c1f9469a69d1a7ad53bdb334d996976bcd3ba5802a4cc50567,150,True,,True,
1789422670.607827,150,1,ghcr.io/talmolab/lablink-client-base-image:latest@sha256:3f2f935a1b61b1c1f9469a69d1a7ad53bdb334d996976bcd3ba5802a4cc50567,150,True,,True,
1789422675.851574,150,1,ghcr.io/talmolab/lablink-client-base-image:latest@sha256:3f2f935a1b61b1c1f9469a69d1a7ad53bdb334d996976bcd3ba5802a4cc50567,150,True,,True,
1789422680.1367779,150,1,ghcr.io/talmolab/lablink-client-base-image:latest@sha256:3f2f935a1b61b1c1f9469a69d1a7ad53bdb334d996976bcd3ba5802a4cc50567,150,True,,True,
1789422685.055957,150,1,ghcr.io/talmolab/lablink-client-base-image:latest@sha256:3f2f935a1b61b1c1f9469a69d1a7ad53bdb334d996976bcd3ba5802a4cc50567,150,True,,True,
1789422690.63778,150,1,ghcr.io/talmolab/lablink-client-base-image:latest@sha256:3f2f935a1b61b1c1f9469a69d1a7ad53bdb334d996976bcd3ba5802a4cc50567,150,True,,True,
1789422695.0611641,150,1,ghcr.io/talmolab/lablink-client-base-image:latest@sha256:3f2f935a1b61b1c1f9469a69d1a7ad53bdb334d996976bcd3ba5802a4cc50567,150,True,,True,
1789422700.054537,150,1,ghcr.io/talmolab/lablink-client-base-image:latest@sha256:3f2f935a1b61b1c1f9469a69d1a7ad53bdb334d996976bcd3ba5802a4cc50567,150,True,,True,
1789422704.995776,150,1,ghcr.io/talmolab/lablink-client-base-image:latest@sha256:3f2f935a1b61b1c1f9469a69d1a7ad53bdb334d996976bcd3ba5802a4cc50567,150,True,,True,
1789422709.965842,150,1,ghcr.io/talmolab/lablink-client-base-image:latest@sha256:3f2f935a1b61b1c1f9469a69d1a7ad53bdb334d996976bcd3ba5802a4cc50567,150,True,,True,
1789422715.95958,150,1,ghcr.io/talmolab/lablink-client-base-image:latest@sha256:3f2f935a1b61b1c1f9469a69d1a7ad53bdb334d996976bcd3ba5802a4cc50567,150,True,,True,
1789422720.048658,150,1,ghcr.io/talmolab/lablink-client-base-image:latest@sha256:3f2f935a1b61b1c1f9469a69d1a7ad53bdb334d996976bcd3ba5802a4cc50567,150,True,,True,
1789422725.2084239,150,1,ghcr.io/talmolab/lablink-client-base-image:latest@sha256:3f2f935a1b61b1c1f9469a69d1a7ad53bdb334d996976bcd3ba5802a4cc50567,150,True,,True,
1789422730.0677571,150,1,ghcr.io/talmolab/lablink-client-base-image:latest@sha256:3f2f935a1b61b1c1f9469a69d1a7ad53bdb334d996976bcd3ba5802a4cc50567,150,True,,True,
1789422734.9716961,150,1,ghcr.io/talmolab/lablink-client-base-image:latest@sha256:3f2f935a1b61b1c1f9469a69d1a7ad53bdb334d996976bcd3ba5802a4cc50567,150,True,,True,
1789422740.106692,150,1,ghcr.io/talmolab/lablink-client-base-image:latest@sha256:3f2f935a1b61b1c1f9469a69d1a7ad53bdb334d996976bcd3ba5802a4cc50567,150,True,,True,
1789422745.0627022,150,1,ghcr.io/talmolab/lablink-client-base-image:latest@sha256:3f2f935a1b61b1c1f9469a69d1a7ad53bdb334d996976bcd3ba5802a4cc50567,150,True,,True,
1789422750.0643141,150,1,ghcr.io/talmolab/lablink-client-base-image:latest@sha256:3f2f935a1b61b1c1f9469a69d1a7ad53bdb334d996976bcd3ba5802a4cc50567,150,True,,True,
1789422755.301879,150,1,ghcr.io/talmolab/lablink-client-base-image:latest@sha256:3f2f935a1b61b1c1f9469a69d1a7ad53bdb334d996976bcd3ba5802a4cc50567,150,True,,True,
1789422760.088773,150,1,ghcr.io/talmolab/lablink-client-base-image:latest@sha256:3f2f935a1b61b1c1f9469a69d1a7ad53bdb334d996976bcd3ba5802a4cc50567,150,True,,True,
1789422765.096808,150,1,ghcr.io/talmolab/lablink-client-base-image:latest@sha256:3f2f935a1b61b1c1f9469a69d1a7ad53bdb334d996976bcd3ba5802a4cc50567,150,True,,True,
1789422770.026432,150,1,ghcr.io/talmolab/lablink-client-base-image:latest@sha256:3f2f935a1b61b1c1f9469a69d1a7ad53bdb334d996976bcd3ba5802a4cc50567,150,True,,True,
1789422775.8241248,150,1,ghcr.io/talmolab/lablink-client-base-image:latest@sha256:3f2f935a1b61b1c1f9469a69d1a7ad53bdb334d996976bcd3ba5802a4cc50567,150,True,,True,
1789422780.183146,150,1,ghcr.io/talmolab/lablink-client-base-image:latest@sha256:3f2f935a1b61b1c1f9469a69d1a7ad53bdb334d996976bcd3ba5802a4cc50567,150,True,,True,
1789422786.630432,150,1,ghcr.io/talmolab/lablink-client-base-image:latest@sha256:3f2f935a1b61b1c1f9469a69d1a7ad53bdb334d996976bcd3ba5802a4cc50567,150,True,,True,
1789422790.189687,150,1,ghcr.io/talmolab/lablink-client-base-image:latest@sha256:3f2f935a1b61b1c1f9469a69d1a7ad53bdb334d996976bcd3ba5802a4cc50567,150,True,,True,
1789422795.2185972,150,1,ghcr.io/talmolab/lablink-client-base-image:latest@sha256:3f2f935a1b61b1c1f9469a69d1a7ad53bdb334d996976bcd3ba5802a4cc50567,150,True,,True,
1789422800.149626,150,1,ghcr.io/talmolab/lablink-client-base-image:latest@sha256:3f2f935a1b61b1c1f9469a69d1a7ad53bdb334d996976bcd3ba5802a4cc50567,150,True,,True,
1789422805.11844,150,1,ghcr.io/talmolab/lablink-client-base-image:latest@sha256:3f2f935a1b61b1c1f9469a69d1a7ad53bdb334d996976bcd3ba5802a4cc50567,150,True,,True,
1789422810.113826,150,1,ghcr.io/talmolab/lablink-client-base-image:latest@sha256:3f2f935a1b61b1c1f9469a69d1a7ad53bdb334d996976bcd3ba5802a4cc50567,150,True,,True,
1789422816.068715,150,1,ghcr.io/talmolab/lablink-client-base-image:latest@sha256:3f2f935a1b61b1c1f9469a69d1a7ad53bdb334d996976bcd3ba5802a4cc50567,150,True,,True,
1789422820.077612,150,1,ghcr.io/talmolab/lablink-client-base-image:latest@sha256:3f2f935a1b61b1c1f9469a69d1a7ad53bdb334d996976bcd3ba5802a4cc50567,150,True,,True,
1789422825.077715,150,1,ghcr.io/talmolab/lablink-client-base-image:latest@sha256:3f2f935a1b61b1c1f9469a69d1a7ad53bdb334d996976bcd3ba5802a4cc50567,150,True,,True,
1789422830.068248,150,1,ghcr.io/talmolab/lablink-client-base-image:latest@sha256:3f2f935a1b61b1c1f9469a69d1a7ad53bdb334d996976bcd3ba5802a4cc50567,150,True,,True,
1789422835.1122282,150,1,ghcr.io/talmolab/lablink-client-base-image:latest@sha256:3f2f935a1b61b1c1f9469a69d1a7ad53bdb334d996976bcd3ba5802a4cc50567,150,True,,True,
1789422840.302198,150,1,ghcr.io/talmolab/lablink-client-base-image:latest@sha256:3f2f935a1b61b1c1f9469a69d1a7ad53bdb334d996976bcd3ba5802a4cc50567,150,True,,True,
1789422845.23811,150,1,ghcr.io/talmolab/lablink-client-base-image:latest@sha256:3f2f935a1b61b1c1f9469a69d1a7ad53bdb334d996976bcd3ba5802a4cc50567,150,True,,True,
1789422850.246314,150,1,ghcr.io/talmolab/lablink-client-base-image:latest@sha256:3f2f935a1b61b1c1f9469a69d1a7ad53bdb334d996976bcd3ba5802a4cc50567,150,True,,True,
1789422855.206197,150,1,ghcr.io/talmolab/lablink-client-base-image:latest@sha256:3f2f935a1b61b1c1f9469a69d1a7ad53bdb334d996976bcd3ba5802a4cc50567,150,True,,True,
1789422860.128267,150,1,ghcr.io/talmolab/lablink-client-base-image:latest@sha256:3f2f935a1b61b1c1f9469a69d1a7ad53bdb334d996976bcd3ba5802a4cc50567,150,True,,True,
1789422865.266262,150,1,ghcr.io/talmolab/lablink-client-base-image:latest@sha256:3f2f935a1b61b1c1f9469a69d1a7ad53bdb334d996976bcd3ba5802a4cc50567,150,True,,True,
1789422870.169718,150,1,ghcr.io/talmolab/lablink-client-base-image:latest@sha256:3f2f935a1b61b1c1f9469a69d1a7ad53bdb334d996976bcd3ba5802a4cc50567,150,True,,True,
1789422875.1322272,150,1,ghcr.io/talmolab/lablink-client-base-image:latest@sha256:3f2f935a1b61b1c1f9469a69d1a7ad53bdb334d996976bcd3ba5802a4cc50567,150,True,,True,
1789422880.149598,150,1,ghcr.io/talmolab/lablink-client-base-image:latest@sha256:3f2f935a1b61b1c1f9469a69d1a7ad53bdb334d996976bcd3ba5802a4cc50567,150,True,,True,
1789422885.151244,150,1,ghcr.io/talmolab/lablink-client-base-image:latest@sha256:3f2f935a1b61b1c1f9469a69d1a7ad53bdb334d996976bcd3ba5802a4cc50567,150,True,,True,
1789422890.678333,150,1,ghcr.io/talmolab/lablink-client-base-image:latest@sha256:3f2f935a1b61b1c1f9469a69d1a7ad53bdb334d996976bcd3ba5802a4cc50567,150,True,,True,
1789422895.080951,150,1,ghcr.io/talmolab/lablink-client-base-image:latest@sha256:3f2f935a1b61b1c1f9469a69d1a7ad53bdb334d996976bcd3ba5802a4cc50567,150,True,,True,
1789422900.615215,150,1,ghcr.io/talmolab/lablink-client-base-image:latest@sha256:3f2f935a1b61b1c1f9469a69d1a7ad53bdb334d996976bcd3ba5802a4cc50567,150,True,,True,
1789422905.722213,150,1,ghcr.io/talmolab/lablink-client-base-image:latest@sha256:3f2f935a1b61b1c1f9469a69d1a7ad53bdb334d996976bcd3ba5802a4cc50567,150,True,,True,
1789422911.4022179,150,1,ghcr.io/talmolab/lablink-client-base-image:latest@sha256:3f2f935a1b61b1c1f9469a69d1a7ad53bdb334d996976bcd3ba5802a4cc50567,150,True,,True,
1789422915.216831,150,1,ghcr.io/talmolab/lablink-client-base-image:latest@sha256:3f2f935a1b61b1c1f9469a69d1a7ad53bdb334d996976bcd3ba5802a4cc50567,150,True,,True,
1789422920.2117429,150,1,ghcr.io/talmolab/lablink-client-base-image:latest@sha256:3f2f935a1b61b1c1f9469a69d1a7ad53bdb334d996976bcd3ba5802a4cc50567,150,True,,True,
1789422925.2692401,150,1,ghcr.io/talmolab/lablink-client-base-image:latest@sha256:3f2f935a1b61b1c1f9469a69d1a7ad53bdb334d996976bcd3ba5802a4cc50567,150,True,,True,
1789422930.20522,150,1,ghcr.io/talmolab/lablink-client-base-image:latest@sha256:3f2f935a1b61b1c1f9469a69d1a7ad53bdb334d996976bcd3ba5802a4cc50567,150,True,,True,
1789422935.446464,150,1,ghcr.io/talmolab/lablink-client-base-image:latest@sha256:3f2f935a1b61b1c1f9469a69d1a7ad53bdb334d996976bcd3ba5802a4cc50567,150,True,,True,
1789422940.2176168,150,1,ghcr.io/talmolab/lablink-client-base-image:latest@sha256:3f2f935a1b61b1c1f9469a69d1a7ad53bdb334d996976bcd3ba5802a4cc50567,150,True,,True,
1789422945.3786,150,1,ghcr.io/talmolab/lablink-client-base-image:latest@sha256:3f2f935a1b61b1c1f9469a69d1a7ad53bdb334d996976bcd3ba5802a4cc50567,150,True,,True,
1789422950.0966039,150,1,ghcr.io/talmolab/lablink-client-base-image:latest@sha256:3f2f935a1b61b1c1f9469a69d1a7ad53bdb334d996976bcd3ba5802a4cc50567,150,True,,True,
1789422955.175384,150,1,ghcr.io/talmolab/lablink-client-base-image:latest@sha256:3f2f935a1b61b1c1f9469a69d1a7ad53bdb334d996976bcd3ba5802a4cc50567,150,True,,True,
1789422961.300149,150,1,ghcr.io/talmolab/lablink-client-base-image:latest@sha256:3f2f935a1b61b1c1f9469a69d1a7ad53bdb334d996976bcd3ba5802a4cc50567,150,True,,True,
1789422965.301027,150,1,ghcr.io/talmolab/lablink-client-base-image:latest@sha256:3f2f935a1b61b1c1f9469a69d1a7ad53bdb334d996976bcd3ba5802a4cc50567,150,True,,True,
1789422970.546766,150,1,ghcr.io/talmolab/lablink-client-base-image:latest@sha256:3f2f935a1b61b1c1f9469a69d1a7ad53bdb334d996976bcd3ba5802a4cc50567,150,True,,True,
1789422975.257442,150,1,ghcr.io/talmolab/lablink-client-base-image:latest@sha256:3f2f935a1b61b1c1f9469a69d1a7ad53bdb334d996976bcd3ba5802a4cc50567,150,True,,True,
1789422980.585645,150,1,ghcr.io/talmolab/lablink-client-base-image:latest@sha256:3f2f935a1b61b1c1f9469a69d1a7ad53bdb334d996976bcd3ba5802a4cc50567,150,True,,True,
1789422985.5104508,150,1,ghcr.io/talmolab/lablink-client-base-image:latest@sha256:3f2f935a1b61b1c1f9469a69d1a7ad53bdb334d996976bcd3ba5802a4cc50567,150,True,,True,
1789422990.230058,150,1,ghcr.io/talmolab/lablink-client-base-image:latest@sha256:3f2f935a1b61b1c1f9469a69d1a7ad53bdb334d996976bcd3ba5802a4cc50567,150,True,,True,
1789422995.1811872,150,1,ghcr.io/talmolab/lablink-client-base-image:latest@sha256:3f2f935a1b61b1c1f9469a69d1a7ad53bdb334d996976bcd3ba5802a4cc50567,150,True,,True,
1789423000.209454,150,1,ghcr.io/talmolab/lablink-client-base-image:latest@sha256:3f2f935a1b61b1c1f9469a69d1a7ad53bdb334d996976bcd3ba5802a4cc50567,150,True,,True,
1789423005.199421,150,1,ghcr.io/talmolab/lablink-client-base-image:latest@sha256:3f2f935a1b61b1c1f9469a69d1a7ad53bdb334d996976bcd3ba5802a4cc50567,150,True,,True,
1789423010.233896,150,1,ghcr.io/talmolab/lablink-client-base-image:latest@sha256:3f2f935a1b61b1c1f9469a69d1a7ad53bdb334d996976bcd3ba5802a4cc50567,150,True,,True,
1789423015.640148,150,1,ghcr.io/talmolab/lablink-client-base-image:latest@sha256:3f2f935a1b61b1c1f9469a69d1a7ad53bdb334d996976bcd3ba5802a4cc50567,150,True,,True,
1789423020.347399,150,1,ghcr.io/talmolab/lablink-client-base-image:latest@sha256:3f2f935a1b61b1c1f9469a69d1a7ad53bdb334d996976bcd3ba5802a4cc50567,150,True,,True,
1789423025.550242,150,1,ghcr.io/talmolab/lablink-client-base-image:latest@sha256:3f2f935a1b61b1c1f9469a69d1a7ad53bdb334d996976bcd3ba5802a4cc50567,150,True,,True,
1789423030.274303,150,1,ghcr.io/talmolab/lablink-client-base-image:latest@sha256:3f2f935a1b61b1c1f9469a69d1a7ad53bdb334d996976bcd3ba5802a4cc50567,150,True,,True,
1789423035.293817,150,1,ghcr.io/talmolab/lablink-client-base-image:latest@sha256:3f2f935a1b61b1c1f9469a69d1a7ad53bdb334d996976bcd3ba5802a4cc50567,150,True,,True,
1789423040.867554,150,1,ghcr.io/talmolab/lablink-client-base-image:latest@sha256:3f2f935a1b61b1c1f9469a69d1a7ad53bdb334d996976bcd3ba5802a4cc50567,150,True,,True,
1789423046.5267031,150,1,ghcr.io/talmolab/lablink-client-base-image:latest@sha256:3f2f935a1b61b1c1f9469a69d1a7ad53bdb334d996976bcd3ba5802a4cc50567,150,True,,True,
1789423050.237528,150,1,ghcr.io/talmolab/lablink-client-base-image:latest@sha256:3f2f935a1b61b1c1f9469a69d1a7ad53bdb334d996976bcd3ba5802a4cc50567,150,True,,True,
1789423055.306709,150,1,ghcr.io/talmolab/lablink-client-base-image:latest@sha256:3f2f935a1b61b1c1f9469a69d1a7ad53bdb334d996976bcd3ba5802a4cc50567,150,True,,True,
1789423060.2488298,150,1,ghcr.io/talmolab/lablink-client-base-image:latest@sha256:3f2f935a1b61b1c1f9469a69d1a7ad53bdb334d996976bcd3ba5802a4cc50567,150,True,,True,
1789423065.210934,150,1,ghcr.io/talmolab/lablink-client-base-image:latest@sha256:3f2f935a1b61b1c1f9469a69d1a7ad53bdb334d996976bcd3ba5802a4cc50567,150,True,,True,
1789423070.28784,150,1,ghcr.io/talmolab/lablink-client-base-image:latest@sha256:3f2f935a1b61b1c1f9469a69d1a7ad53bdb334d996976bcd3ba5802a4cc50567,150,True,,True,
1789423075.9229739,150,1,ghcr.io/talmolab/lablink-client-base-image:latest@sha256:3f2f935a1b61b1c1f9469a69d1a7ad53bdb334d996976bcd3ba5802a4cc50567,150,True,,True,
1789423080.647809,150,1,ghcr.io/talmolab/lablink-client-base-image:latest@sha256:3f2f935a1b61b1c1f9469a69d1a7ad53bdb334d996976bcd3ba5802a4cc50567,150,True,,True,
1789423085.3579688,150,1,ghcr.io/talmolab/lablink-client-base-image:latest@sha256:3f2f935a1b61b1c1f9469a69d1a7ad53bdb334d996976bcd3ba5802a4cc50567,150,True,,True,
1789423090.340511,150,1,ghcr.io/talmolab/lablink-client-base-image:latest@sha256:3f2f935a1b61b1c1f9469a69d1a7ad53bdb334d996976bcd3ba5802a4cc50567,150,True,,True,
1789423095.464407,150,1,ghcr.io/talmolab/lablink-client-base-image:latest@sha256:3f2f935a1b61b1c1f9469a69d1a7ad53bdb334d996976bcd3ba5802a4cc50567,150,True,,True,
1789423100.3622038,150,1,ghcr.io/talmolab/lablink-client-base-image:latest@sha256:3f2f935a1b61b1c1f9469a69d1a7ad53bdb334d996976bcd3ba5802a4cc50567,150,True,,True,
1789423105.287833,150,1,ghcr.io/talmolab/lablink-client-base-image:latest@sha256:3f2f935a1b61b1c1f9469a69d1a7ad53bdb334d996976bcd3ba5802a4cc50567,150,True,,True,
1789423110.3237078,150,1,ghcr.io/talmolab/lablink-client-base-image:latest@sha256:3f2f935a1b61b1c1f9469a69d1a7ad53bdb334d996976bcd3ba5802a4cc50567,150,True,,True,
1789423115.54843,150,1,ghcr.io/talmolab/lablink-client-base-image:latest@sha256:3f2f935a1b61b1c1f9469a69d1a7ad53bdb334d996976bcd3ba5802a4cc50567,150,True,,True,
1789423120.451427,150,1,ghcr.io/talmolab/lablink-client-base-image:latest@sha256:3f2f935a1b61b1c1f9469a69d1a7ad53bdb334d996976bcd3ba5802a4cc50567,150,True,,True,
1789423125.264796,150,1,ghcr.io/talmolab/lablink-client-base-image:latest@sha256:3f2f935a1b61b1c1f9469a69d1a7ad53bdb334d996976bcd3ba5802a4cc50567,150,True,,True,
1789423130.409759,150,1,ghcr.io/talmolab/lablink-client-base-image:latest@sha256:3f2f935a1b61b1c1f9469a69d1a7ad53bdb334d996976bcd3ba5802a4cc50567,150,True,,True,
1789423135.376417,150,1,ghcr.io/talmolab/lablink-client-base-image:latest@sha256:3f2f935a1b61b1c1f9469a69d1a7ad53bdb334d996976bcd3ba5802a4cc50567,150,True,,True,
1789423140.4178739,150,1,ghcr.io/talmolab/lablink-client-base-image:latest@sha256:3f2f935a1b61b1c1f9469a69d1a7ad53bdb334d996976bcd3ba5802a4cc50567,150,True,,True,
1789423145.511297,150,1,ghcr.io/talmolab/lablink-client-base-image:latest@sha256:3f2f935a1b61b1c1f9469a69d1a7ad53bdb334d996976bcd3ba5802a4cc50567,150,True,,True,
1789423150.365311,150,1,ghcr.io/talmolab/lablink-client-base-image:latest@sha256:3f2f935a1b61b1c1f9469a69d1a7ad53bdb334d996976bcd3ba5802a4cc50567,150,True,,True,
1789423156.312093,150,1,ghcr.io/talmolab/lablink-client-base-image:latest@sha256:3f2f935a1b61b1c1f9469a69d1a7ad53bdb334d996976bcd3ba5802a4cc50567,150,True,,True,
1789423160.499116,150,1,ghcr.io/talmolab/lablink-client-base-image:latest@sha256:3f2f935a1b61b1c1f9469a69d1a7ad53bdb334d996976bcd3ba5802a4cc50567,150,True,,True,
1789423165.390499,150,1,ghcr.io/talmolab/lablink-client-base-image:latest@sha256:3f2f935a1b61b1c1f9469a69d1a7ad53bdb334d996976bcd3ba5802a4cc50567,150,True,,True,
1789423170.270805,150,1,ghcr.io/talmolab/lablink-client-base-image:latest@sha256:3f2f935a1b61b1c1f9469a69d1a7ad53bdb334d996976bcd3ba5802a4cc50567,150,True,,True,
1789423175.360495,150,1,ghcr.io/talmolab/lablink-client-base-image:latest@sha256:3f2f935a1b61b1c1f9469a69d1a7ad53bdb334d996976bcd3ba5802a4cc50567,150,True,,True,
1789423180.7974882,150,1,ghcr.io/talmolab/lablink-client-base-image:latest@sha256:3f2f935a1b61b1c1f9469a69d1a7ad53bdb334d996976bcd3ba5802a4cc50567,150,True,,True,
1789423185.46733,150,1,ghcr.io/talmolab/lablink-client-base-image:latest@sha256:3f2f935a1b61b1c1f9469a69d1a7ad53bdb334d996976bcd3ba5802a4cc50567,150,True,,True,
1789423190.4593751,150,1,ghcr.io/talmolab/lablink-client-base-image:latest@sha256:3f2f935a1b61b1c1f9469a69d1a7ad53bdb334d996976bcd3ba5802a4cc50567,150,True,,True,
1789423195.426806,150,1,ghcr.io/talmolab/lablink-client-base-image:latest@sha256:3f2f935a1b61b1c1f9469a69d1a7ad53bdb334d996976bcd3ba5802a4cc50567,150,True,,True,
1789423200.4599218,150,1,ghcr.io/talmolab/lablink-client-base-image:latest@sha256:3f2f935a1b61b1c1f9469a69d1a7ad53bdb334d996976bcd3ba5802a4cc50567,150,True,,True,
1789423206.306526,150,1,ghcr.io/talmolab/lablink-client-base-image:latest@sha256:3f2f935a1b61b1c1f9469a69d1a7ad53bdb334d996976bcd3ba5802a4cc50567,150,True,,True,
1789423210.503057,150,1,ghcr.io/talmolab/lablink-client-base-image:latest@sha256:3f2f935a1b61b1c1f9469a69d1a7ad53bdb334d996976bcd3ba5802a4cc50567,150,True,,True,
1789423215.411943,150,1,ghcr.io/talmolab/lablink-client-base-image:latest@sha256:3f2f935a1b61b1c1f9469a69d1a7ad53bdb334d996976bcd3ba5802a4cc50567,150,True,,True,
1789423220.610341,150,1,ghcr.io/talmolab/lablink-client-base-image:latest@sha256:3f2f935a1b61b1c1f9469a69d1a7ad53bdb334d996976bcd3ba5802a4cc50567,150,True,,True,
1789423225.313486,150,1,ghcr.io/talmolab/lablink-client-base-image:latest@sha256:3f2f935a1b61b1c1f9469a69d1a7ad53bdb334d996976bcd3ba5802a4cc50567,150,True,,True,
1789423230.5683331,150,1,ghcr.io/talmolab/lablink-client-base-image:latest@sha256:3f2f935a1b61b1c1f9469a69d1a7ad53bdb334d996976bcd3ba5802a4cc50567,150,True,,True,
1789423235.496663,150,1,ghcr.io/talmolab/lablink-client-base-image:latest@sha256:3f2f935a1b61b1c1f9469a69d1a7ad53bdb334d996976bcd3ba5802a4cc50567,150,True,,True,
1789423240.3688068,150,1,ghcr.io/talmolab/lablink-client-base-image:latest@sha256:3f2f935a1b61b1c1f9469a69d1a7ad53bdb334d996976bcd3ba5802a4cc50567,150,True,,True,
1789423245.463489,150,1,ghcr.io/talmolab/lablink-client-base-image:latest@sha256:3f2f935a1b61b1c1f9469a69d1a7ad53bdb334d996976bcd3ba5802a4cc50567,150,True,,True,
1789423250.479609,150,1,ghcr.io/talmolab/lablink-client-base-image:latest@sha256:3f2f935a1b61b1c1f9469a69d1a7ad53bdb334d996976bcd3ba5802a4cc50567,150,True,,True,
1789423255.483395,150,1,ghcr.io/talmolab/lablink-client-base-image:latest@sha256:3f2f935a1b61b1c1f9469a69d1a7ad53bdb334d996976bcd3ba5802a4cc50567,150,True,,True,
1789423261.482285,150,1,ghcr.io/talmolab/lablink-client-base-image:latest@sha256:3f2f935a1b61b1c1f9469a69d1a7ad53bdb334d996976bcd3ba5802a4cc50567,150,True,,True,
1789423265.4025118,150,1,ghcr.io/talmolab/lablink-client-base-image:latest@sha256:3f2f935a1b61b1c1f9469a69d1a7ad53bdb334d996976bcd3ba5802a4cc50567,150,True,,True,
1789423270.399392,150,1,ghcr.io/talmolab/lablink-client-base-image:latest@sha256:3f2f935a1b61b1c1f9469a69d1a7ad53bdb334d996976bcd3ba5802a4cc50567,150,True,,True,
1789423275.382714,150,1,ghcr.io/talmolab/lablink-client-base-image:latest@sha256:3f2f935a1b61b1c1f9469a69d1a7ad53bdb334d996976bcd3ba5802a4cc50567,150,True,,True,
1789423280.496651,150,1,ghcr.io/talmolab/lablink-client-base-image:latest@sha256:3f2f935a1b61b1c1f9469a69d1a7ad53bdb334d996976bcd3ba5802a4cc50567,150,True,,True,
1789423285.381464,150,1,ghcr.io/talmolab/lablink-client-base-image:latest@sha256:3f2f935a1b61b1c1f9469a69d1a7ad53bdb334d996976bcd3ba5802a4cc50567,150,True,,True,
1789423290.537431,150,1,ghcr.io/talmolab/lablink-client-base-image:latest@sha256:3f2f935a1b61b1c1f9469a69d1a7ad53bdb334d996976bcd3ba5802a4cc50567,150,True,,True,
1789423295.392798,150,1,ghcr.io/talmolab/lablink-client-base-image:latest@sha256:3f2f935a1b61b1c1f9469a69d1a7ad53bdb334d996976bcd3ba5802a4cc50567,150,True,,True,
1789423300.538229,150,1,ghcr.io/talmolab/lablink-client-base-image:latest@sha256:3f2f935a1b61b1c1f9469a69d1a7ad53bdb334d996976bcd3ba5802a4cc50567,150,True,,True,
1789423305.4831302,150,1,ghcr.io/talmolab/lablink-client-base-image:latest@sha256:3f2f935a1b61b1c1f9469a69d1a7ad53bdb334d996976bcd3ba5802a4cc50567,150,True,,True,
1789423310.563301,150,1,ghcr.io/talmolab/lablink-client-base-image:latest@sha256:3f2f935a1b61b1c1f9469a69d1a7ad53bdb334d996976bcd3ba5802a4cc50567,150,True,,True,
1789423315.490182,150,1,ghcr.io/talmolab/lablink-client-base-image:latest@sha256:3f2f935a1b61b1c1f9469a69d1a7ad53bdb334d996976bcd3ba5802a4cc50567,150,True,,True,
1789423320.971241,150,1,ghcr.io/talmolab/lablink-client-base-image:latest@sha256:3f2f935a1b61b1c1f9469a69d1a7ad53bdb334d996976bcd3ba5802a4cc50567,150,True,,True,
1789423325.8249469,150,1,ghcr.io/talmolab/lablink-client-base-image:latest@sha256:3f2f935a1b61b1c1f9469a69d1a7ad53bdb334d996976bcd3ba5802a4cc50567,150,True,,True,
1789423330.542175,150,1,ghcr.io/talmolab/lablink-client-base-image:latest@sha256:3f2f935a1b61b1c1f9469a69d1a7ad53bdb334d996976bcd3ba5802a4cc50567,150,True,,True,
1789423335.429858,150,1,ghcr.io/talmolab/lablink-client-base-image:latest@sha256:3f2f935a1b61b1c1f9469a69d1a7ad53bdb334d996976bcd3ba5802a4cc50567,150,True,,True,
1789423340.496448,150,1,ghcr.io/talmolab/lablink-client-base-image:latest@sha256:3f2f935a1b61b1c1f9469a69d1a7ad53bdb334d996976bcd3ba5802a4cc50567,150,True,,True,
1789423345.4005098,150,1,ghcr.io/talmolab/lablink-client-base-image:latest@sha256:3f2f935a1b61b1c1f9469a69d1a7ad53bdb334d996976bcd3ba5802a4cc50567,150,True,,True,
1789423350.964041,150,1,ghcr.io/talmolab/lablink-client-base-image:latest@sha256:3f2f935a1b61b1c1f9469a69d1a7ad53bdb334d996976bcd3ba5802a4cc50567,150,True,,True,
1789423355.428113,150,1,ghcr.io/talmolab/lablink-client-base-image:latest@sha256:3f2f935a1b61b1c1f9469a69d1a7ad53bdb334d996976bcd3ba5802a4cc50567,150,True,,True,
1789423360.581057,150,1,ghcr.io/talmolab/lablink-client-base-image:latest@sha256:3f2f935a1b61b1c1f9469a69d1a7ad53bdb334d996976bcd3ba5802a4cc50567,150,True,,True,
1789423365.49701,150,1,ghcr.io/talmolab/lablink-client-base-image:latest@sha256:3f2f935a1b61b1c1f9469a69d1a7ad53bdb334d996976bcd3ba5802a4cc50567,150,True,,True,
1789423370.494205,150,1,ghcr.io/talmolab/lablink-client-base-image:latest@sha256:3f2f935a1b61b1c1f9469a69d1a7ad53bdb334d996976bcd3ba5802a4cc50567,150,True,,True,
1789423375.538961,150,1,ghcr.io/talmolab/lablink-client-base-image:latest@sha256:3f2f935a1b61b1c1f9469a69d1a7ad53bdb334d996976bcd3ba5802a4cc50567,150,True,,True,
1789423380.503127,150,1,ghcr.io/talmolab/lablink-client-base-image:latest@sha256:3f2f935a1b61b1c1f9469a69d1a7ad53bdb334d996976bcd3ba5802a4cc50567,150,True,,True,
1789423385.566314,150,1,ghcr.io/talmolab/lablink-client-base-image:latest@sha256:3f2f935a1b61b1c1f9469a69d1a7ad53bdb334d996976bcd3ba5802a4cc50567,150,True,,True,
1789423391.211881,150,1,ghcr.io/talmolab/lablink-client-base-image:latest@sha256:3f2f935a1b61b1c1f9469a69d1a7ad53bdb334d996976bcd3ba5802a4cc50567,150,True,,True,
1789423395.548556,150,1,ghcr.io/talmolab/lablink-client-base-image:latest@sha256:3f2f935a1b61b1c1f9469a69d1a7ad53bdb334d996976bcd3ba5802a4cc50567,150,True,,True,
1789423400.9555671,150,1,ghcr.io/talmolab/lablink-client-base-image:latest@sha256:3f2f935a1b61b1c1f9469a69d1a7ad53bdb334d996976bcd3ba5802a4cc50567,150,True,,True,
1789423405.6261172,150,1,ghcr.io/talmolab/lablink-client-base-image:latest@sha256:3f2f935a1b61b1c1f9469a69d1a7ad53bdb334d996976bcd3ba5802a4cc50567,150,True,,True,
1789423411.052119,150,1,ghcr.io/talmolab/lablink-client-base-image:latest@sha256:3f2f935a1b61b1c1f9469a69d1a7ad53bdb334d996976bcd3ba5802a4cc50567,150,True,,True,
1789423415.6229188,150,1,ghcr.io/talmolab/lablink-client-base-image:latest@sha256:3f2f935a1b61b1c1f9469a69d1a7ad53bdb334d996976bcd3ba5802a4cc50567,150,True,,True,
1789423420.8854988,150,1,ghcr.io/talmolab/lablink-client-base-image:latest@sha256:3f2f935a1b61b1c1f9469a69d1a7ad53bdb334d996976bcd3ba5802a4cc50567,150,True,,True,
1789423425.592557,150,1,ghcr.io/talmolab/lablink-client-base-image:latest@sha256:3f2f935a1b61b1c1f9469a69d1a7ad53bdb334d996976bcd3ba5802a4cc50567,150,True,,True,
1789423430.573052,150,1,ghcr.io/talmolab/lablink-client-base-image:latest@sha256:3f2f935a1b61b1c1f9469a69d1a7ad53bdb334d996976bcd3ba5802a4cc50567,150,True,,True,
1789423435.7678661,150,1,ghcr.io/talmolab/lablink-client-base-image:latest@sha256:3f2f935a1b61b1c1f9469a69d1a7ad53bdb334d996976bcd3ba5802a4cc50567,150,True,,True,
1789423440.59394,150,1,ghcr.io/talmolab/lablink-client-base-image:latest@sha256:3f2f935a1b61b1c1f9469a69d1a7ad53bdb334d996976bcd3ba5802a4cc50567,150,True,,True,
1789423446.076709,150,1,ghcr.io/talmolab/lablink-client-base-image:latest@sha256:3f2f935a1b61b1c1f9469a69d1a7ad53bdb334d996976bcd3ba5802a4cc50567,150,True,,True,
1789423451.012929,150,1,ghcr.io/talmolab/lablink-client-base-image:latest@sha256:3f2f935a1b61b1c1f9469a69d1a7ad53bdb334d996976bcd3ba5802a4cc50567,150,True,,True,
1789423456.105793,150,1,ghcr.io/talmolab/lablink-client-base-image:latest@sha256:3f2f935a1b61b1c1f9469a69d1a7ad53bdb334d996976bcd3ba5802a4cc50567,150,True,,True,
1789423461.466847,150,1,ghcr.io/talmolab/lablink-client-base-image:latest@sha256:3f2f935a1b61b1c1f9469a69d1a7ad53bdb334d996976bcd3ba5802a4cc50567,150,True,,True,
1789423465.960513,150,1,ghcr.io/talmolab/lablink-client-base-image:latest@sha256:3f2f935a1b61b1c1f9469a69d1a7ad53bdb334d996976bcd3ba5802a4cc50567,150,True,,True,
1789423470.74087,150,1,ghcr.io/talmolab/lablink-client-base-image:latest@sha256:3f2f935a1b61b1c1f9469a69d1a7ad53bdb334d996976bcd3ba5802a4cc50567,150,True,,True,
1789423475.722883,150,1,ghcr.io/talmolab/lablink-client-base-image:latest@sha256:3f2f935a1b61b1c1f9469a69d1a7ad53bdb334d996976bcd3ba5802a4cc50567,150,True,,True,
1789423481.2362292,150,1,ghcr.io/talmolab/lablink-client-base-image:latest@sha256:3f2f935a1b61b1c1f9469a69d1a7ad53bdb334d996976bcd3ba5802a4cc50567,150,True,,True,
1789423486.407733,150,1,ghcr.io/talmolab/lablink-client-base-image:latest@sha256:3f2f935a1b61b1c1f9469a69d1a7ad53bdb334d996976bcd3ba5802a4cc50567,150,True,,True,
1789423490.599767,150,1,ghcr.io/talmolab/lablink-client-base-image:latest@sha256:3f2f935a1b61b1c1f9469a69d1a7ad53bdb334d996976bcd3ba5802a4cc50567,150,True,,True,
1789423495.573905,150,1,ghcr.io/talmolab/lablink-client-base-image:latest@sha256:3f2f935a1b61b1c1f9469a69d1a7ad53bdb334d996976bcd3ba5802a4cc50567,150,True,,True,
1789423500.647052,150,1,ghcr.io/talmolab/lablink-client-base-image:latest@sha256:3f2f935a1b61b1c1f9469a69d1a7ad53bdb334d996976bcd3ba5802a4cc50567,150,True,,True,
1789423505.613575,150,1,ghcr.io/talmolab/lablink-client-base-image:latest@sha256:3f2f935a1b61b1c1f9469a69d1a7ad53bdb334d996976bcd3ba5802a4cc50567,150,True,,True,
1789423510.838518,150,1,ghcr.io/talmolab/lablink-client-base-image:latest@sha256:3f2f935a1b61b1c1f9469a69d1a7ad53bdb334d996976bcd3ba5802a4cc50567,150,True,,True,
1789423515.6090891,150,1,ghcr.io/talmolab/lablink-client-base-image:latest@sha256:3f2f935a1b61b1c1f9469a69d1a7ad53bdb334d996976bcd3ba5802a4cc50567,150,True,,True,
1789423520.507679,150,1,ghcr.io/talmolab/lablink-client-base-image:latest@sha256:3f2f935a1b61b1c1f9469a69d1a7ad53bdb334d996976bcd3ba5802a4cc50567,150,True,,True,
1789423525.483221,150,1,ghcr.io/talmolab/lablink-client-base-image:latest@sha256:3f2f935a1b61b1c1f9469a69d1a7ad53bdb334d996976bcd3ba5802a4cc50567,150,True,,True,
1789423530.6959732,150,1,ghcr.io/talmolab/lablink-client-base-image:latest@sha256:3f2f935a1b61b1c1f9469a69d1a7ad53bdb334d996976bcd3ba5802a4cc50567,150,True,,True,
1789423535.6481862,150,1,ghcr.io/talmolab/lablink-client-base-image:latest@sha256:3f2f935a1b61b1c1f9469a69d1a7ad53bdb334d996976bcd3ba5802a4cc50567,150,True,,True,
1789423540.9304802,150,1,ghcr.io/talmolab/lablink-client-base-image:latest@sha256:3f2f935a1b61b1c1f9469a69d1a7ad53bdb334d996976bcd3ba5802a4cc50567,150,True,,True,
1789423545.606921,150,1,ghcr.io/talmolab/lablink-client-base-image:latest@sha256:3f2f935a1b61b1c1f9469a69d1a7ad53bdb334d996976bcd3ba5802a4cc50567,150,True,,True,
1789423550.622907,150,1,ghcr.io/talmolab/lablink-client-base-image:latest@sha256:3f2f935a1b61b1c1f9469a69d1a7ad53bdb334d996976bcd3ba5802a4cc50567,150,True,,True,
1789423555.6142201,150,1,ghcr.io/talmolab/lablink-client-base-image:latest@sha256:3f2f935a1b61b1c1f9469a69d1a7ad53bdb334d996976bcd3ba5802a4cc50567,150,True,,True,
1789423560.699174,150,1,ghcr.io/talmolab/lablink-client-base-image:latest@sha256:3f2f935a1b61b1c1f9469a69d1a7ad53bdb334d996976bcd3ba5802a4cc50567,150,True,,True,
1789423565.761457,150,1,ghcr.io/talmolab/lablink-client-base-image:latest@sha256:3f2f935a1b61b1c1f9469a69d1a7ad53bdb334d996976bcd3ba5802a4cc50567,150,True,,True,
1789423571.5037692,150,1,ghcr.io/talmolab/lablink-client-base-image:latest@sha256:3f2f935a1b61b1c1f9469a69d1a7ad53bdb334d996976bcd3ba5802a4cc50567,150,True,,True,
1789423575.681824,150,1,ghcr.io/talmolab/lablink-client-base-image:latest@sha256:3f2f935a1b61b1c1f9469a69d1a7ad53bdb334d996976bcd3ba5802a4cc50567,150,True,,True,
1789423580.7366889,150,1,ghcr.io/talmolab/lablink-client-base-image:latest@sha256:3f2f935a1b61b1c1f9469a69d1a7ad53bdb334d996976bcd3ba5802a4cc50567,150,True,,True,
1789423585.5979679,150,1,ghcr.io/talmolab/lablink-client-base-image:latest@sha256:3f2f935a1b61b1c1f9469a69d1a7ad53bdb334d996976bcd3ba5802a4cc50567,150,True,,True,
1789423590.773164,150,1,ghcr.io/talmolab/lablink-client-base-image:latest@sha256:3f2f935a1b61b1c1f9469a69d1a7ad53bdb334d996976bcd3ba5802a4cc50567,150,True,,True,
1789423595.720288,150,1,ghcr.io/talmolab/lablink-client-base-image:latest@sha256:3f2f935a1b61b1c1f9469a69d1a7ad53bdb334d996976bcd3ba5802a4cc50567,150,True,,True,
1789423600.7018108,150,1,ghcr.io/talmolab/lablink-client-base-image:latest@sha256:3f2f935a1b61b1c1f9469a69d1a7ad53bdb334d996976bcd3ba5802a4cc50567,150,True,,True,
1789423605.70624,150,1,ghcr.io/talmolab/lablink-client-base-image:latest@sha256:3f2f935a1b61b1c1f9469a69d1a7ad53bdb334d996976bcd3ba5802a4cc50567,150,True,,True,
1789423610.659168,150,1,ghcr.io/talmolab/lablink-client-base-image:latest@sha256:3f2f935a1b61b1c1f9469a69d1a7ad53bdb334d996976bcd3ba5802a4cc50567,150,True,,True,
1789423615.775944,150,1,ghcr.io/talmolab/lablink-client-base-image:latest@sha256:3f2f935a1b61b1c1f9469a69d1a7ad53bdb334d996976bcd3ba5802a4cc50567,150,True,,True,
1789423620.667774,150,1,ghcr.io/talmolab/lablink-client-base-image:latest@sha256:3f2f935a1b61b1c1f9469a69d1a7ad53bdb334d996976bcd3ba5802a4cc50567,150,True,,True,
1789423625.8665621,150,1,ghcr.io/talmolab/lablink-client-base-image:latest@sha256:3f2f935a1b61b1c1f9469a69d1a7ad53bdb334d996976bcd3ba5802a4cc50567,150,True,,True,
1789423630.6687338,150,1,ghcr.io/talmolab/lablink-client-base-image:latest@sha256:3f2f935a1b61b1c1f9469a69d1a7ad53bdb334d996976bcd3ba5802a4cc50567,150,True,,True,
1789423636.312056,150,1,ghcr.io/talmolab/lablink-client-base-image:latest@sha256:3f2f935a1b61b1c1f9469a69d1a7ad53bdb334d996976bcd3ba5802a4cc50567,150,True,,True,
1789423640.638537,150,1,ghcr.io/talmolab/lablink-client-base-image:latest@sha256:3f2f935a1b61b1c1f9469a69d1a7ad53bdb334d996976bcd3ba5802a4cc50567,150,True,,True,
1789423645.6162581,150,1,ghcr.io/talmolab/lablink-client-base-image:latest@sha256:3f2f935a1b61b1c1f9469a69d1a7ad53bdb334d996976bcd3ba5802a4cc50567,150,True,,True,
1789423650.760951,150,1,ghcr.io/talmolab/lablink-client-base-image:latest@sha256:3f2f935a1b61b1c1f9469a69d1a7ad53bdb334d996976bcd3ba5802a4cc50567,150,True,,True,
1789423656.112201,150,1,ghcr.io/talmolab/lablink-client-base-image:latest@sha256:3f2f935a1b61b1c1f9469a69d1a7ad53bdb334d996976bcd3ba5802a4cc50567,150,True,,True,
1789423660.71457,150,1,ghcr.io/talmolab/lablink-client-base-image:latest@sha256:3f2f935a1b61b1c1f9469a69d1a7ad53bdb334d996976bcd3ba5802a4cc50567,150,True,,True,
1789423665.7122838,150,1,ghcr.io/talmolab/lablink-client-base-image:latest@sha256:3f2f935a1b61b1c1f9469a69d1a7ad53bdb334d996976bcd3ba5802a4cc50567,150,True,,True,
1789423670.988936,150,1,ghcr.io/talmolab/lablink-client-base-image:latest@sha256:3f2f935a1b61b1c1f9469a69d1a7ad53bdb334d996976bcd3ba5802a4cc50567,150,True,,True,
1789423676.198516,150,1,ghcr.io/talmolab/lablink-client-base-image:latest@sha256:3f2f935a1b61b1c1f9469a69d1a7ad53bdb334d996976bcd3ba5802a4cc50567,150,True,,True,
1789423680.7238011,150,1,ghcr.io/talmolab/lablink-client-base-image:latest@sha256:3f2f935a1b61b1c1f9469a69d1a7ad53bdb334d996976bcd3ba5802a4cc50567,150,True,,True,
1789423685.6365812,150,1,ghcr.io/talmolab/lablink-client-base-image:latest@sha256:3f2f935a1b61b1c1f9469a69d1a7ad53bdb334d996976bcd3ba5802a4cc50567,150,True,,True,
1789423690.621985,150,1,ghcr.io/talmolab/lablink-client-base-image:latest@sha256:3f2f935a1b61b1c1f9469a69d1a7ad53bdb334d996976bcd3ba5802a4cc50567,150,True,,True,
1789423696.662542,150,1,ghcr.io/talmolab/lablink-client-base-image:latest@sha256:3f2f935a1b61b1c1f9469a69d1a7ad53bdb334d996976bcd3ba5802a4cc50567,150,True,,True,
1789423701.362089,150,1,ghcr.io/talmolab/lablink-client-base-image:latest@sha256:3f2f935a1b61b1c1f9469a69d1a7ad53bdb334d996976bcd3ba5802a4cc50567,150,True,,True,
1789423705.8111758,150,1,ghcr.io/talmolab/lablink-client-base-image:latest@sha256:3f2f935a1b61b1c1f9469a69d1a7ad53bdb334d996976bcd3ba5802a4cc50567,150,True,,True,
1789423710.8016589,150,1,ghcr.io/talmolab/lablink-client-base-image:latest@sha256:3f2f935a1b61b1c1f9469a69d1a7ad53bdb334d996976bcd3ba5802a4cc50567,150,True,,True,
1789423716.0046709,150,1,ghcr.io/talmolab/lablink-client-base-image:latest@sha256:3f2f935a1b61b1c1f9469a69d1a7ad53bdb334d996976bcd3ba5802a4cc50567,150,True,,True,
1789423720.760608,150,1,ghcr.io/talmolab/lablink-client-base-image:latest@sha256:3f2f935a1b61b1c1f9469a69d1a7ad53bdb334d996976bcd3ba5802a4cc50567,150,True,,True,
1789423725.7567308,150,1,ghcr.io/talmolab/lablink-client-base-image:latest@sha256:3f2f935a1b61b1c1f9469a69d1a7ad53bdb334d996976bcd3ba5802a4cc50567,150,True,,True,
1789423730.72801,150,1,ghcr.io/talmolab/lablink-client-base-image:latest@sha256:3f2f935a1b61b1c1f9469a69d1a7ad53bdb334d996976bcd3ba5802a4cc50567,150,True,,True,
1789423735.834207,150,1,ghcr.io/talmolab/lablink-client-base-image:latest@sha256:3f2f935a1b61b1c1f9469a69d1a7ad53bdb334d996976bcd3ba5802a4cc50567,150,True,,True,
1789423740.852917,150,1,ghcr.io/talmolab/lablink-client-base-image:latest@sha256:3f2f935a1b61b1c1f9469a69d1a7ad53bdb334d996976bcd3ba5802a4cc50567,150,True,,True,
1789423745.749797,150,1,ghcr.io/talmolab/lablink-client-base-image:latest@sha256:3f2f935a1b61b1c1f9469a69d1a7ad53bdb334d996976bcd3ba5802a4cc50567,150,True,,True,
1789423750.676728,150,1,ghcr.io/talmolab/lablink-client-base-image:latest@sha256:3f2f935a1b61b1c1f9469a69d1a7ad53bdb334d996976bcd3ba5802a4cc50567,150,True,,True,
1789423755.7156322,150,1,ghcr.io/talmolab/lablink-client-base-image:latest@sha256:3f2f935a1b61b1c1f9469a69d1a7ad53bdb334d996976bcd3ba5802a4cc50567,150,True,,True,
1789423762.887371,150,1,ghcr.io/talmolab/lablink-client-base-image:latest@sha256:3f2f935a1b61b1c1f9469a69d1a7ad53bdb334d996976bcd3ba5802a4cc50567,150,True,,True,
1789423766.4038248,150,1,ghcr.io/talmolab/lablink-client-base-image:latest@sha256:3f2f935a1b61b1c1f9469a69d1a7ad53bdb334d996976bcd3ba5802a4cc50567,150,True,,True,
1789423770.8092191,150,1,ghcr.io/talmolab/lablink-client-base-image:latest@sha256:3f2f935a1b61b1c1f9469a69d1a7ad53bdb334d996976bcd3ba5802a4cc50567,150,True,,True,
1789423775.7711601,150,1,ghcr.io/talmolab/lablink-client-base-image:latest@sha256:3f2f935a1b61b1c1f9469a69d1a7ad53bdb334d996976bcd3ba5802a4cc50567,150,True,,True,
1789423780.821769,150,1,ghcr.io/talmolab/lablink-client-base-image:latest@sha256:3f2f935a1b61b1c1f9469a69d1a7ad53bdb334d996976bcd3ba5802a4cc50567,150,True,,True,
1789423785.7688131,150,1,ghcr.io/talmolab/lablink-client-base-image:latest@sha256:3f2f935a1b61b1c1f9469a69d1a7ad53bdb334d996976bcd3ba5802a4cc50567,150,True,,True,
1789423791.206573,150,1,ghcr.io/talmolab/lablink-client-base-image:latest@sha256:3f2f935a1b61b1c1f9469a69d1a7ad53bdb334d996976bcd3ba5802a4cc50567,150,True,,True,
1789423795.830007,150,1,ghcr.io/talmolab/lablink-client-base-image:latest@sha256:3f2f935a1b61b1c1f9469a69d1a7ad53bdb334d996976bcd3ba5802a4cc50567,150,True,,True,
1789423800.847677,150,1,ghcr.io/talmolab/lablink-client-base-image:latest@sha256:3f2f935a1b61b1c1f9469a69d1a7ad53bdb334d996976bcd3ba5802a4cc50567,150,True,,True,
1789423805.8425002,150,1,ghcr.io/talmolab/lablink-client-base-image:latest@sha256:3f2f935a1b61b1c1f9469a69d1a7ad53bdb334d996976bcd3ba5802a4cc50567,150,True,,True,
1789423810.759923,150,1,ghcr.io/talmolab/lablink-client-base-image:latest@sha256:3f2f935a1b61b1c1f9469a69d1a7ad53bdb334d996976bcd3ba5802a4cc50567,150,True,,True,
1789423815.7688909,150,1,ghcr.io/talmolab/lablink-client-base-image:latest@sha256:3f2f935a1b61b1c1f9469a69d1a7ad53bdb334d996976bcd3ba5802a4cc50567,150,True,,True,
1789423820.915918,150,1,ghcr.io/talmolab/lablink-client-base-image:latest@sha256:3f2f935a1b61b1c1f9469a69d1a7ad53bdb334d996976bcd3ba5802a4cc50567,150,True,,True,
1789423826.46101,150,1,ghcr.io/talmolab/lablink-client-base-image:latest@sha256:3f2f935a1b61b1c1f9469a69d1a7ad53bdb334d996976bcd3ba5802a4cc50567,150,True,,True,
1789423830.861761,150,1,ghcr.io/talmolab/lablink-client-base-image:latest@sha256:3f2f935a1b61b1c1f9469a69d1a7ad53bdb334d996976bcd3ba5802a4cc50567,150,True,,True,
1789423835.8647182,150,1,ghcr.io/talmolab/lablink-client-base-image:latest@sha256:3f2f935a1b61b1c1f9469a69d1a7ad53bdb334d996976bcd3ba5802a4cc50567,150,True,,True,
1789423840.825238,150,1,ghcr.io/talmolab/lablink-client-base-image:latest@sha256:3f2f935a1b61b1c1f9469a69d1a7ad53bdb334d996976bcd3ba5802a4cc50567,150,True,,True,
1789423845.8864079,150,1,ghcr.io/talmolab/lablink-client-base-image:latest@sha256:3f2f935a1b61b1c1f9469a69d1a7ad53bdb334d996976bcd3ba5802a4cc50567,150,True,,True,
1789423851.307513,150,1,ghcr.io/talmolab/lablink-client-base-image:latest@sha256:3f2f935a1b61b1c1f9469a69d1a7ad53bdb334d996976bcd3ba5802a4cc50567,150,True,,True,
1789423855.836707,150,1,ghcr.io/talmolab/lablink-client-base-image:latest@sha256:3f2f935a1b61b1c1f9469a69d1a7ad53bdb334d996976bcd3ba5802a4cc50567,150,True,,True,
1789423861.2682922,150,1,ghcr.io/talmolab/lablink-client-base-image:latest@sha256:3f2f935a1b61b1c1f9469a69d1a7ad53bdb334d996976bcd3ba5802a4cc50567,150,True,,True,
1789423865.758441,150,1,ghcr.io/talmolab/lablink-client-base-image:latest@sha256:3f2f935a1b61b1c1f9469a69d1a7ad53bdb334d996976bcd3ba5802a4cc50567,150,True,,True,
1789423870.907406,150,1,ghcr.io/talmolab/lablink-client-base-image:latest@sha256:3f2f935a1b61b1c1f9469a69d1a7ad53bdb334d996976bcd3ba5802a4cc50567,150,True,,True,
1789423875.9472268,150,1,ghcr.io/talmolab/lablink-client-base-image:latest@sha256:3f2f935a1b61b1c1f9469a69d1a7ad53bdb334d996976bcd3ba5802a4cc50567,150,True,,True,
1789423881.395535,150,1,ghcr.io/talmolab/lablink-client-base-image:latest@sha256:3f2f935a1b61b1c1f9469a69d1a7ad53bdb334d996976bcd3ba5802a4cc50567,150,True,,True,
1789423885.912748,150,1,ghcr.io/talmolab/lablink-client-base-image:latest@sha256:3f2f935a1b61b1c1f9469a69d1a7ad53bdb334d996976bcd3ba5802a4cc50567,150,True,,True,
1789423891.113518,150,1,ghcr.io/talmolab/lablink-client-base-image:latest@sha256:3f2f935a1b61b1c1f9469a69d1a7ad53bdb334d996976bcd3ba5802a4cc50567,150,True,,True,
1789423895.8694952,150,1,ghcr.io/talmolab/lablink-client-base-image:latest@sha256:3f2f935a1b61b1c1f9469a69d1a7ad53bdb334d996976bcd3ba5802a4cc50567,150,True,,True,
1789423900.933175,150,1,ghcr.io/talmolab/lablink-client-base-image:latest@sha256:3f2f935a1b61b1c1f9469a69d1a7ad53bdb334d996976bcd3ba5802a4cc50567,150,True,,True,
1789423905.832389,150,1,ghcr.io/talmolab/lablink-client-base-image:latest@sha256:3f2f935a1b61b1c1f9469a69d1a7ad53bdb334d996976bcd3ba5802a4cc50567,150,True,,True,
1789423910.8380039,150,1,ghcr.io/talmolab/lablink-client-base-image:latest@sha256:3f2f935a1b61b1c1f9469a69d1a7ad53bdb334d996976bcd3ba5802a4cc50567,150,True,,True,
1789423915.793634,150,1,ghcr.io/talmolab/lablink-client-base-image:latest@sha256:3f2f935a1b61b1c1f9469a69d1a7ad53bdb334d996976bcd3ba5802a4cc50567,150,True,,True,
1789423920.997036,150,1,ghcr.io/talmolab/lablink-client-base-image:latest@sha256:3f2f935a1b61b1c1f9469a69d1a7ad53bdb334d996976bcd3ba5802a4cc50567,150,True,,True,
1789423925.857752,150,1,ghcr.io/talmolab/lablink-client-base-image:latest@sha256:3f2f935a1b61b1c1f9469a69d1a7ad53bdb334d996976bcd3ba5802a4cc50567,150,True,,True,
1789423930.866156,150,1,ghcr.io/talmolab/lablink-client-base-image:latest@sha256:3f2f935a1b61b1c1f9469a69d1a7ad53bdb334d996976bcd3ba5802a4cc50567,150,True,,True,
1789423935.955976,150,1,ghcr.io/talmolab/lablink-client-base-image:latest@sha256:3f2f935a1b61b1c1f9469a69d1a7ad53bdb334d996976bcd3ba5802a4cc50567,150,True,,True,
1789423940.9556868,150,1,ghcr.io/talmolab/lablink-client-base-image:latest@sha256:3f2f935a1b61b1c1f9469a69d1a7ad53bdb334d996976bcd3ba5802a4cc50567,150,True,,True,
1789423946.263071,150,1,ghcr.io/talmolab/lablink-client-base-image:latest@sha256:3f2f935a1b61b1c1f9469a69d1a7ad53bdb334d996976bcd3ba5802a4cc50567,150,True,,True,
1789423951.447335,150,1,ghcr.io/talmolab/lablink-client-base-image:latest@sha256:3f2f935a1b61b1c1f9469a69d1a7ad53bdb334d996976bcd3ba5802a4cc50567,150,True,,True,
1789423956.124353,150,1,ghcr.io/talmolab/lablink-client-base-image:latest@sha256:3f2f935a1b61b1c1f9469a69d1a7ad53bdb334d996976bcd3ba5802a4cc50567,150,True,,True,
1789423960.880272,150,1,ghcr.io/talmolab/lablink-client-base-image:latest@sha256:3f2f935a1b61b1c1f9469a69d1a7ad53bdb334d996976bcd3ba5802a4cc50567,150,True,,True,
1789423965.882238,150,1,ghcr.io/talmolab/lablink-client-base-image:latest@sha256:3f2f935a1b61b1c1f9469a69d1a7ad53bdb334d996976bcd3ba5802a4cc50567,150,True,,True,
1789423970.995308,150,1,ghcr.io/talmolab/lablink-client-base-image:latest@sha256:3f2f935a1b61b1c1f9469a69d1a7ad53bdb334d996976bcd3ba5802a4cc50567,150,True,,True,
1789423975.9245179,150,1,ghcr.io/talmolab/lablink-client-base-image:latest@sha256:3f2f935a1b61b1c1f9469a69d1a7ad53bdb334d996976bcd3ba5802a4cc50567,150,True,,True,
1789423980.901391,150,1,ghcr.io/talmolab/lablink-client-base-image:latest@sha256:3f2f935a1b61b1c1f9469a69d1a7ad53bdb334d996976bcd3ba5802a4cc50567,150,True,,True,
1789423986.249896,150,1,ghcr.io/talmolab/lablink-client-base-image:latest@sha256:3f2f935a1b61b1c1f9469a69d1a7ad53bdb334d996976bcd3ba5802a4cc50567,150,True,,True,
1789423990.972003,150,1,ghcr.io/talmolab/lablink-client-base-image:latest@sha256:3f2f935a1b61b1c1f9469a69d1a7ad53bdb334d996976bcd3ba5802a4cc50567,150,True,,True,
1789423996.0707672,150,1,ghcr.io/talmolab/lablink-client-base-image:latest@sha256:3f2f935a1b61b1c1f9469a69d1a7ad53bdb334d996976bcd3ba5802a4cc50567,150,True,,True,
1789424000.971436,150,1,ghcr.io/talmolab/lablink-client-base-image:latest@sha256:3f2f935a1b61b1c1f9469a69d1a7ad53bdb334d996976bcd3ba5802a4cc50567,150,True,,True,
1789424006.042749,150,1,ghcr.io/talmolab/lablink-client-base-image:latest@sha256:3f2f935a1b61b1c1f9469a69d1a7ad53bdb334d996976bcd3ba5802a4cc50567,150,True,,True,
1789424010.931458,150,1,ghcr.io/talmolab/lablink-client-base-image:latest@sha256:3f2f935a1b61b1c1f9469a69d1a7ad53bdb334d996976bcd3ba5802a4cc50567,150,True,,True,
1789424016.940994,150,1,ghcr.io/talmolab/lablink-client-base-image:latest@sha256:3f2f935a1b61b1c1f9469a69d1a7ad53bdb334d996976bcd3ba5802a4cc50567,150,True,,True,
1789424020.951199,150,1,ghcr.io/talmolab/lablink-client-base-image:latest@sha256:3f2f935a1b61b1c1f9469a69d1a7ad53bdb334d996976bcd3ba5802a4cc50567,150,True,,True,
1789424025.9116511,150,1,ghcr.io/talmolab/lablink-client-base-image:latest@sha256:3f2f935a1b61b1c1f9469a69d1a7ad53bdb334d996976bcd3ba5802a4cc50567,150,True,,True,
1789424030.901825,150,1,ghcr.io/talmolab/lablink-client-base-image:latest@sha256:3f2f935a1b61b1c1f9469a69d1a7ad53bdb334d996976bcd3ba5802a4cc50567,150,True,,True,
1789424036.059343,150,1,ghcr.io/talmolab/lablink-client-base-image:latest@sha256:3f2f935a1b61b1c1f9469a69d1a7ad53bdb334d996976bcd3ba5802a4cc50567,150,True,,True,
1789424040.934438,150,1,ghcr.io/talmolab/lablink-client-base-image:latest@sha256:3f2f935a1b61b1c1f9469a69d1a7ad53bdb334d996976bcd3ba5802a4cc50567,150,True,,True,
1789424046.1125162,150,1,ghcr.io/talmolab/lablink-client-base-image:latest@sha256:3f2f935a1b61b1c1f9469a69d1a7ad53bdb334d996976bcd3ba5802a4cc50567,150,True,,True,
1789424051.020515,150,1,ghcr.io/talmolab/lablink-client-base-image:latest@sha256:3f2f935a1b61b1c1f9469a69d1a7ad53bdb334d996976bcd3ba5802a4cc50567,150,True,,True,
1789424056.306488,150,1,ghcr.io/talmolab/lablink-client-base-image:latest@sha256:3f2f935a1b61b1c1f9469a69d1a7ad53bdb334d996976bcd3ba5802a4cc50567,150,True,,True,
1789424061.202531,150,1,ghcr.io/talmolab/lablink-client-base-image:latest@sha256:3f2f935a1b61b1c1f9469a69d1a7ad53bdb334d996976bcd3ba5802a4cc50567,150,True,,True,
1789424066.565013,150,1,ghcr.io/talmolab/lablink-client-base-image:latest@sha256:3f2f935a1b61b1c1f9469a69d1a7ad53bdb334d996976bcd3ba5802a4cc50567,150,True,,True,
1789424071.508825,150,1,ghcr.io/talmolab/lablink-client-base-image:latest@sha256:3f2f935a1b61b1c1f9469a69d1a7ad53bdb334d996976bcd3ba5802a4cc50567,150,True,,True,
1789424076.336807,150,1,ghcr.io/talmolab/lablink-client-base-image:latest@sha256:3f2f935a1b61b1c1f9469a69d1a7ad53bdb334d996976bcd3ba5802a4cc50567,150,True,,True,
1789424081.014428,150,1,ghcr.io/talmolab/lablink-client-base-image:latest@sha256:3f2f935a1b61b1c1f9469a69d1a7ad53bdb334d996976bcd3ba5802a4cc50567,150,True,,True,
1789424085.949038,150,1,ghcr.io/talmolab/lablink-client-base-image:latest@sha256:3f2f935a1b61b1c1f9469a69d1a7ad53bdb334d996976bcd3ba5802a4cc50567,150,True,,True,
1789424090.948064,150,1,ghcr.io/talmolab/lablink-client-base-image:latest@sha256:3f2f935a1b61b1c1f9469a69d1a7ad53bdb334d996976bcd3ba5802a4cc50567,150,True,,True,
1789424096.148232,150,1,ghcr.io/talmolab/lablink-client-base-image:latest@sha256:3f2f935a1b61b1c1f9469a69d1a7ad53bdb334d996976bcd3ba5802a4cc50567,150,True,,True,
1789424101.081744,150,1,ghcr.io/talmolab/lablink-client-base-image:latest@sha256:3f2f935a1b61b1c1f9469a69d1a7ad53bdb334d996976bcd3ba5802a4cc50567,150,True,,True,
1789424105.973811,150,1,ghcr.io/talmolab/lablink-client-base-image:latest@sha256:3f2f935a1b61b1c1f9469a69d1a7ad53bdb334d996976bcd3ba5802a4cc50567,150,True,,True,
1789424111.313969,150,1,ghcr.io/talmolab/lablink-client-base-image:latest@sha256:3f2f935a1b61b1c1f9469a69d1a7ad53bdb334d996976bcd3ba5802a4cc50567,150,True,,True,
1789424116.069333,150,1,ghcr.io/talmolab/lablink-client-base-image:latest@sha256:3f2f935a1b61b1c1f9469a69d1a7ad53bdb334d996976bcd3ba5802a4cc50567,150,True,,True,
1789424121.035025,150,1,ghcr.io/talmolab/lablink-client-base-image:latest@sha256:3f2f935a1b61b1c1f9469a69d1a7ad53bdb334d996976bcd3ba5802a4cc50567,150,True,,True,
1789424126.03146,150,1,ghcr.io/talmolab/lablink-client-base-image:latest@sha256:3f2f935a1b61b1c1f9469a69d1a7ad53bdb334d996976bcd3ba5802a4cc50567,150,True,,True,
1789424131.128924,150,1,ghcr.io/talmolab/lablink-client-base-image:latest@sha256:3f2f935a1b61b1c1f9469a69d1a7ad53bdb334d996976bcd3ba5802a4cc50567,150,True,,True,
1789424136.687315,150,1,ghcr.io/talmolab/lablink-client-base-image:latest@sha256:3f2f935a1b61b1c1f9469a69d1a7ad53bdb334d996976bcd3ba5802a4cc50567,150,True,,True,
1789424142.330889,150,1,ghcr.io/talmolab/lablink-client-base-image:latest@sha256:3f2f935a1b61b1c1f9469a69d1a7ad53bdb334d996976bcd3ba5802a4cc50567,150,True,,True,
1789424145.9599922,150,1,ghcr.io/talmolab/lablink-client-base-image:latest@sha256:3f2f935a1b61b1c1f9469a69d1a7ad53bdb334d996976bcd3ba5802a4cc50567,150,True,,True,
1789424151.065865,150,1,ghcr.io/talmolab/lablink-client-base-image:latest@sha256:3f2f935a1b61b1c1f9469a69d1a7ad53bdb334d996976bcd3ba5802a4cc50567,150,True,,True,
1789424156.442056,150,1,ghcr.io/talmolab/lablink-client-base-image:latest@sha256:3f2f935a1b61b1c1f9469a69d1a7ad53bdb334d996976bcd3ba5802a4cc50567,150,True,,True,
1789424161.2977972,150,1,ghcr.io/talmolab/lablink-client-base-image:latest@sha256:3f2f935a1b61b1c1f9469a69d1a7ad53bdb334d996976bcd3ba5802a4cc50567,150,True,,True,
1789424166.134131,150,1,ghcr.io/talmolab/lablink-client-base-image:latest@sha256:3f2f935a1b61b1c1f9469a69d1a7ad53bdb334d996976bcd3ba5802a4cc50567,150,True,,True,
1789424171.415073,150,1,ghcr.io/talmolab/lablink-client-base-image:latest@sha256:3f2f935a1b61b1c1f9469a69d1a7ad53bdb334d996976bcd3ba5802a4cc50567,150,True,,True,
1789424176.141367,150,1,ghcr.io/talmolab/lablink-client-base-image:latest@sha256:3f2f935a1b61b1c1f9469a69d1a7ad53bdb334d996976bcd3ba5802a4cc50567,150,True,,True,
1789424181.082382,150,1,ghcr.io/talmolab/lablink-client-base-image:latest@sha256:3f2f935a1b61b1c1f9469a69d1a7ad53bdb334d996976bcd3ba5802a4cc50567,150,True,,True,
1789424186.1188118,150,1,ghcr.io/talmolab/lablink-client-base-image:latest@sha256:3f2f935a1b61b1c1f9469a69d1a7ad53bdb334d996976bcd3ba5802a4cc50567,150,True,,True,
1789424191.120678,150,1,ghcr.io/talmolab/lablink-client-base-image:latest@sha256:3f2f935a1b61b1c1f9469a69d1a7ad53bdb334d996976bcd3ba5802a4cc50567,150,True,,True,
1789424196.116406,150,1,ghcr.io/talmolab/lablink-client-base-image:latest@sha256:3f2f935a1b61b1c1f9469a69d1a7ad53bdb334d996976bcd3ba5802a4cc50567,150,True,,True,
1789424201.008172,150,1,ghcr.io/talmolab/lablink-client-base-image:latest@sha256:3f2f935a1b61b1c1f9469a69d1a7ad53bdb334d996976bcd3ba5802a4cc50567,150,True,,True,
1789424206.0707479,150,1,ghcr.io/talmolab/lablink-client-base-image:latest@sha256:3f2f935a1b61b1c1f9469a69d1a7ad53bdb334d996976bcd3ba5802a4cc50567,150,True,,True,
1789424211.179678,150,1,ghcr.io/talmolab/lablink-client-base-image:latest@sha256:3f2f935a1b61b1c1f9469a69d1a7ad53bdb334d996976bcd3ba5802a4cc50567,150,True,,True,
1789424216.594843,150,1,ghcr.io/talmolab/lablink-client-base-image:latest@sha256:3f2f935a1b61b1c1f9469a69d1a7ad53bdb334d996976bcd3ba5802a4cc50567,150,True,,True,
1789424221.839658,150,1,ghcr.io/talmolab/lablink-client-base-image:latest@sha256:3f2f935a1b61b1c1f9469a69d1a7ad53bdb334d996976bcd3ba5802a4cc50567,150,True,,True,
1789424226.401731,150,1,ghcr.io/talmolab/lablink-client-base-image:latest@sha256:3f2f935a1b61b1c1f9469a69d1a7ad53bdb334d996976bcd3ba5802a4cc50567,150,True,,True,
1789424231.189208,150,1,ghcr.io/talmolab/lablink-client-base-image:latest@sha256:3f2f935a1b61b1c1f9469a69d1a7ad53bdb334d996976bcd3ba5802a4cc50567,150,True,,True,
1789424236.136572,150,1,ghcr.io/talmolab/lablink-client-base-image:latest@sha256:3f2f935a1b61b1c1f9469a69d1a7ad53bdb334d996976bcd3ba5802a4cc50567,150,True,,True,
1789424241.2211661,150,1,ghcr.io/talmolab/lablink-client-base-image:latest@sha256:3f2f935a1b61b1c1f9469a69d1a7ad53bdb334d996976bcd3ba5802a4cc50567,150,True,,True,
1789424246.1007519,150,1,ghcr.io/talmolab/lablink-client-base-image:latest@sha256:3f2f935a1b61b1c1f9469a69d1a7ad53bdb334d996976bcd3ba5802a4cc50567,150,True,,True,
1789424251.297219,150,1,ghcr.io/talmolab/lablink-client-base-image:latest@sha256:3f2f935a1b61b1c1f9469a69d1a7ad53bdb334d996976bcd3ba5802a4cc50567,150,True,,True,
1789424256.088338,150,1,ghcr.io/talmolab/lablink-client-base-image:latest@sha256:3f2f935a1b61b1c1f9469a69d1a7ad53bdb334d996976bcd3ba5802a4cc50567,150,True,,True,
1789424261.297279,150,1,ghcr.io/talmolab/lablink-client-base-image:latest@sha256:3f2f935a1b61b1c1f9469a69d1a7ad53bdb334d996976bcd3ba5802a4cc50567,150,True,,True,
1789424266.130469,150,1,ghcr.io/talmolab/lablink-client-base-image:latest@sha256:3f2f935a1b61b1c1f9469a69d1a7ad53bdb334d996976bcd3ba5802a4cc50567,150,True,,True,
1789424271.2613912,150,1,ghcr.io/talmolab/lablink-client-base-image:latest@sha256:3f2f935a1b61b1c1f9469a69d1a7ad53bdb334d996976bcd3ba5802a4cc50567,150,True,,True,
1789424276.199235,150,1,ghcr.io/talmolab/lablink-client-base-image:latest@sha256:3f2f935a1b61b1c1f9469a69d1a7ad53bdb334d996976bcd3ba5802a4cc50567,150,True,,True,
1789424281.0762272,150,1,ghcr.io/talmolab/lablink-client-base-image:latest@sha256:3f2f935a1b61b1c1f9469a69d1a7ad53bdb334d996976bcd3ba5802a4cc50567,150,True,,True,
1789424286.202493,150,1,ghcr.io/talmolab/lablink-client-base-image:latest@sha256:3f2f935a1b61b1c1f9469a69d1a7ad53bdb334d996976bcd3ba5802a4cc50567,150,True,,True,
1789424291.184861,150,1,ghcr.io/talmolab/lablink-client-base-image:latest@sha256:3f2f935a1b61b1c1f9469a69d1a7ad53bdb334d996976bcd3ba5802a4cc50567,150,True,,True,
1789424296.183617,150,1,ghcr.io/talmolab/lablink-client-base-image:latest@sha256:3f2f935a1b61b1c1f9469a69d1a7ad53bdb334d996976bcd3ba5802a4cc50567,150,True,,True,
1789424301.1455822,150,1,ghcr.io/talmolab/lablink-client-base-image:latest@sha256:3f2f935a1b61b1c1f9469a69d1a7ad53bdb334d996976bcd3ba5802a4cc50567,150,True,,True,
1789424306.2261062,150,1,ghcr.io/talmolab/lablink-client-base-image:latest@sha256:3f2f935a1b61b1c1f9469a69d1a7ad53bdb334d996976bcd3ba5802a4cc50567,150,True,,True,
1789424311.436821,150,1,ghcr.io/talmolab/lablink-client-base-image:latest@sha256:3f2f935a1b61b1c1f9469a69d1a7ad53bdb334d996976bcd3ba5802a4cc50567,150,True,,True,
1789424316.199658,150,1,ghcr.io/talmolab/lablink-client-base-image:latest@sha256:3f2f935a1b61b1c1f9469a69d1a7ad53bdb334d996976bcd3ba5802a4cc50567,150,True,,True,
1789424322.834305,150,1,ghcr.io/talmolab/lablink-client-base-image:latest@sha256:3f2f935a1b61b1c1f9469a69d1a7ad53bdb334d996976bcd3ba5802a4cc50567,150,True,,True,
1789424327.033663,150,1,ghcr.io/talmolab/lablink-client-base-image:latest@sha256:3f2f935a1b61b1c1f9469a69d1a7ad53bdb334d996976bcd3ba5802a4cc50567,150,True,,True,
1789424331.387829,150,1,ghcr.io/talmolab/lablink-client-base-image:latest@sha256:3f2f935a1b61b1c1f9469a69d1a7ad53bdb334d996976bcd3ba5802a4cc50567,150,True,,True,
1789424336.23194,150,1,ghcr.io/talmolab/lablink-client-base-image:latest@sha256:3f2f935a1b61b1c1f9469a69d1a7ad53bdb334d996976bcd3ba5802a4cc50567,150,True,,True,
1789424341.2822552,150,1,ghcr.io/talmolab/lablink-client-base-image:latest@sha256:3f2f935a1b61b1c1f9469a69d1a7ad53bdb334d996976bcd3ba5802a4cc50567,150,True,,True,
1789424346.2314932,150,1,ghcr.io/talmolab/lablink-client-base-image:latest@sha256:3f2f935a1b61b1c1f9469a69d1a7ad53bdb334d996976bcd3ba5802a4cc50567,150,True,,True,
1789424351.2362099,150,1,ghcr.io/talmolab/lablink-client-base-image:latest@sha256:3f2f935a1b61b1c1f9469a69d1a7ad53bdb334d996976bcd3ba5802a4cc50567,150,True,,True,
1789424356.196092,150,1,ghcr.io/talmolab/lablink-client-base-image:latest@sha256:3f2f935a1b61b1c1f9469a69d1a7ad53bdb334d996976bcd3ba5802a4cc50567,150,True,,True,
1789424361.256136,150,1,ghcr.io/talmolab/lablink-client-base-image:latest@sha256:3f2f935a1b61b1c1f9469a69d1a7ad53bdb334d996976bcd3ba5802a4cc50567,150,True,,True,
1789424366.340697,150,1,ghcr.io/talmolab/lablink-client-base-image:latest@sha256:3f2f935a1b61b1c1f9469a69d1a7ad53bdb334d996976bcd3ba5802a4cc50567,150,True,,True,
1789424371.215926,150,1,ghcr.io/talmolab/lablink-client-base-image:latest@sha256:3f2f935a1b61b1c1f9469a69d1a7ad53bdb334d996976bcd3ba5802a4cc50567,150,True,,True,
1789424376.170264,150,1,ghcr.io/talmolab/lablink-client-base-image:latest@sha256:3f2f935a1b61b1c1f9469a69d1a7ad53bdb334d996976bcd3ba5802a4cc50567,150,True,,True,
1789424381.131667,150,1,ghcr.io/talmolab/lablink-client-base-image:latest@sha256:3f2f935a1b61b1c1f9469a69d1a7ad53bdb334d996976bcd3ba5802a4cc50567,150,True,,True,
1789424386.208267,150,1,ghcr.io/talmolab/lablink-client-base-image:latest@sha256:3f2f935a1b61b1c1f9469a69d1a7ad53bdb334d996976bcd3ba5802a4cc50567,150,True,,True,
1789424391.3199801,150,1,ghcr.io/talmolab/lablink-client-base-image:latest@sha256:3f2f935a1b61b1c1f9469a69d1a7ad53bdb334d996976bcd3ba5802a4cc50567,150,True,,True,
1789424396.266197,150,1,ghcr.io/talmolab/lablink-client-base-image:latest@sha256:3f2f935a1b61b1c1f9469a69d1a7ad53bdb334d996976bcd3ba5802a4cc50567,150,True,,True,
1789424401.281337,150,1,ghcr.io/talmolab/lablink-client-base-image:latest@sha256:3f2f935a1b61b1c1f9469a69d1a7ad53bdb334d996976bcd3ba5802a4cc50567,150,True,,True,
1789424406.2890959,150,1,ghcr.io/talmolab/lablink-client-base-image:latest@sha256:3f2f935a1b61b1c1f9469a69d1a7ad53bdb334d996976bcd3ba5802a4cc50567,150,True,,True,
1789424411.270355,150,1,ghcr.io/talmolab/lablink-client-base-image:latest@sha256:3f2f935a1b61b1c1f9469a69d1a7ad53bdb334d996976bcd3ba5802a4cc50567,150,True,,True,
1789424416.3160698,150,1,ghcr.io/talmolab/lablink-client-base-image:latest@sha256:3f2f935a1b61b1c1f9469a69d1a7ad53bdb334d996976bcd3ba5802a4cc50567,150,True,,True,
1789424421.257926,150,1,ghcr.io/talmolab/lablink-client-base-image:latest@sha256:3f2f935a1b61b1c1f9469a69d1a7ad53bdb334d996976bcd3ba5802a4cc50567,150,True,,True,
1789424426.407495,150,1,ghcr.io/talmolab/lablink-client-base-image:latest@sha256:3f2f935a1b61b1c1f9469a69d1a7ad53bdb334d996976bcd3ba5802a4cc50567,150,True,,True,
1789424431.713231,150,1,ghcr.io/talmolab/lablink-client-base-image:latest@sha256:3f2f935a1b61b1c1f9469a69d1a7ad53bdb334d996976bcd3ba5802a4cc50567,150,True,,True,
1789424436.4077618,150,1,ghcr.io/talmolab/lablink-client-base-image:latest@sha256:3f2f935a1b61b1c1f9469a69d1a7ad53bdb334d996976bcd3ba5802a4cc50567,150,True,,True,
1789424441.213717,150,1,ghcr.io/talmolab/lablink-client-base-image:latest@sha256:3f2f935a1b61b1c1f9469a69d1a7ad53bdb334d996976bcd3ba5802a4cc50567,150,True,,True,
1789424446.680084,150,1,ghcr.io/talmolab/lablink-client-base-image:latest@sha256:3f2f935a1b61b1c1f9469a69d1a7ad53bdb334d996976bcd3ba5802a4cc50567,150,True,,True,
1789424451.181687,150,1,ghcr.io/talmolab/lablink-client-base-image:latest@sha256:3f2f935a1b61b1c1f9469a69d1a7ad53bdb334d996976bcd3ba5802a4cc50567,150,True,,True,
1789424456.399893,150,1,ghcr.io/talmolab/lablink-client-base-image:latest@sha256:3f2f935a1b61b1c1f9469a69d1a7ad53bdb334d996976bcd3ba5802a4cc50567,150,True,,True,
1789424461.290692,150,1,ghcr.io/talmolab/lablink-client-base-image:latest@sha256:3f2f935a1b61b1c1f9469a69d1a7ad53bdb334d996976bcd3ba5802a4cc50567,150,True,,True,
1789424466.294645,150,1,ghcr.io/talmolab/lablink-client-base-image:latest@sha256:3f2f935a1b61b1c1f9469a69d1a7ad53bdb334d996976bcd3ba5802a4cc50567,150,True,,True,
1789424471.409313,150,1,ghcr.io/talmolab/lablink-client-base-image:latest@sha256:3f2f935a1b61b1c1f9469a69d1a7ad53bdb334d996976bcd3ba5802a4cc50567,150,True,,True,
1789424477.089118,150,1,ghcr.io/talmolab/lablink-client-base-image:latest@sha256:3f2f935a1b61b1c1f9469a69d1a7ad53bdb334d996976bcd3ba5802a4cc50567,150,True,,True,
1789424481.522789,150,1,ghcr.io/talmolab/lablink-client-base-image:latest@sha256:3f2f935a1b61b1c1f9469a69d1a7ad53bdb334d996976bcd3ba5802a4cc50567,150,True,,True,
1789424486.213378,150,1,ghcr.io/talmolab/lablink-client-base-image:latest@sha256:3f2f935a1b61b1c1f9469a69d1a7ad53bdb334d996976bcd3ba5802a4cc50567,150,True,,True,
1789424491.4146938,150,1,ghcr.io/talmolab/lablink-client-base-image:latest@sha256:3f2f935a1b61b1c1f9469a69d1a7ad53bdb334d996976bcd3ba5802a4cc50567,150,True,,True,
1789424497.022005,150,1,ghcr.io/talmolab/lablink-client-base-image:latest@sha256:3f2f935a1b61b1c1f9469a69d1a7ad53bdb334d996976bcd3ba5802a4cc50567,150,True,,True,
1789424501.283106,150,1,ghcr.io/talmolab/lablink-client-base-image:latest@sha256:3f2f935a1b61b1c1f9469a69d1a7ad53bdb334d996976bcd3ba5802a4cc50567,150,True,,True,
1789424506.340275,150,1,ghcr.io/talmolab/lablink-client-base-image:latest@sha256:3f2f935a1b61b1c1f9469a69d1a7ad53bdb334d996976bcd3ba5802a4cc50567,150,True,,True,
1789424511.340832,150,1,ghcr.io/talmolab/lablink-client-base-image:latest@sha256:3f2f935a1b61b1c1f9469a69d1a7ad53bdb334d996976bcd3ba5802a4cc50567,150,True,,True,
1789424516.335049,150,1,ghcr.io/talmolab/lablink-client-base-image:latest@sha256:3f2f935a1b61b1c1f9469a69d1a7ad53bdb334d996976bcd3ba5802a4cc50567,150,True,,True,
1789424521.3467,150,1,ghcr.io/talmolab/lablink-client-base-image:latest@sha256:3f2f935a1b61b1c1f9469a69d1a7ad53bdb334d996976bcd3ba5802a4cc50567,150,True,,True,
1789424526.3469062,150,1,ghcr.io/talmolab/lablink-client-base-image:latest@sha256:3f2f935a1b61b1c1f9469a69d1a7ad53bdb334d996976bcd3ba5802a4cc50567,150,True,,True,
1789424531.4122062,150,1,ghcr.io/talmolab/lablink-client-base-image:latest@sha256:3f2f935a1b61b1c1f9469a69d1a7ad53bdb334d996976bcd3ba5802a4cc50567,150,True,,True,
1789424536.297483,150,1,ghcr.io/talmolab/lablink-client-base-image:latest@sha256:3f2f935a1b61b1c1f9469a69d1a7ad53bdb334d996976bcd3ba5802a4cc50567,150,True,,True,
1789424541.28428,150,1,ghcr.io/talmolab/lablink-client-base-image:latest@sha256:3f2f935a1b61b1c1f9469a69d1a7ad53bdb334d996976bcd3ba5802a4cc50567,150,True,,True,
1789424546.2584362,150,1,ghcr.io/talmolab/lablink-client-base-image:latest@sha256:3f2f935a1b61b1c1f9469a69d1a7ad53bdb334d996976bcd3ba5802a4cc50567,150,True,,True,
1789424551.3337312,150,1,ghcr.io/talmolab/lablink-client-base-image:latest@sha256:3f2f935a1b61b1c1f9469a69d1a7ad53bdb334d996976bcd3ba5802a4cc50567,150,True,,True,
1789424556.292903,150,1,ghcr.io/talmolab/lablink-client-base-image:latest@sha256:3f2f935a1b61b1c1f9469a69d1a7ad53bdb334d996976bcd3ba5802a4cc50567,150,True,,True,
1789424561.413749,150,1,ghcr.io/talmolab/lablink-client-base-image:latest@sha256:3f2f935a1b61b1c1f9469a69d1a7ad53bdb334d996976bcd3ba5802a4cc50567,150,True,,True,
1789424566.4817731,150,1,ghcr.io/talmolab/lablink-client-base-image:latest@sha256:3f2f935a1b61b1c1f9469a69d1a7ad53bdb334d996976bcd3ba5802a4cc50567,150,True,,True,
1789424571.380714,150,1,ghcr.io/talmolab/lablink-client-base-image:latest@sha256:3f2f935a1b61b1c1f9469a69d1a7ad53bdb334d996976bcd3ba5802a4cc50567,150,True,,True,
1789424576.391304,150,1,ghcr.io/talmolab/lablink-client-base-image:latest@sha256:3f2f935a1b61b1c1f9469a69d1a7ad53bdb334d996976bcd3ba5802a4cc50567,150,True,,True,
1789424581.340833,150,1,ghcr.io/talmolab/lablink-client-base-image:latest@sha256:3f2f935a1b61b1c1f9469a69d1a7ad53bdb334d996976bcd3ba5802a4cc50567,150,True,,True,
1789424586.4826372,150,1,ghcr.io/talmolab/lablink-client-base-image:latest@sha256:3f2f935a1b61b1c1f9469a69d1a7ad53bdb334d996976bcd3ba5802a4cc50567,150,True,,True,
1789424591.800171,150,1,ghcr.io/talmolab/lablink-client-base-image:latest@sha256:3f2f935a1b61b1c1f9469a69d1a7ad53bdb334d996976bcd3ba5802a4cc50567,150,True,,True,
1789424596.393363,150,1,ghcr.io/talmolab/lablink-client-base-image:latest@sha256:3f2f935a1b61b1c1f9469a69d1a7ad53bdb334d996976bcd3ba5802a4cc50567,150,True,,True,
1789424601.336803,150,1,ghcr.io/talmolab/lablink-client-base-image:latest@sha256:3f2f935a1b61b1c1f9469a69d1a7ad53bdb334d996976bcd3ba5802a4cc50567,150,True,,True,
1789424606.375445,150,1,ghcr.io/talmolab/lablink-client-base-image:latest@sha256:3f2f935a1b61b1c1f9469a69d1a7ad53bdb334d996976bcd3ba5802a4cc50567,150,True,,True,
1789424611.379511,150,1,ghcr.io/talmolab/lablink-client-base-image:latest@sha256:3f2f935a1b61b1c1f9469a69d1a7ad53bdb334d996976bcd3ba5802a4cc50567,150,True,,True,
1789424616.447239,150,1,ghcr.io/talmolab/lablink-client-base-image:latest@sha256:3f2f935a1b61b1c1f9469a69d1a7ad53bdb334d996976bcd3ba5802a4cc50567,150,True,,True,
1789424621.5027351,150,1,ghcr.io/talmolab/lablink-client-base-image:latest@sha256:3f2f935a1b61b1c1f9469a69d1a7ad53bdb334d996976bcd3ba5802a4cc50567,150,True,,True,
1789424626.488928,150,1,ghcr.io/talmolab/lablink-client-base-image:latest@sha256:3f2f935a1b61b1c1f9469a69d1a7ad53bdb334d996976bcd3ba5802a4cc50567,150,True,,True,
1789424631.6115808,150,1,ghcr.io/talmolab/lablink-client-base-image:latest@sha256:3f2f935a1b61b1c1f9469a69d1a7ad53bdb334d996976bcd3ba5802a4cc50567,150,True,,True,
1789424636.408733,150,1,ghcr.io/talmolab/lablink-client-base-image:latest@sha256:3f2f935a1b61b1c1f9469a69d1a7ad53bdb334d996976bcd3ba5802a4cc50567,150,True,,True,
1789424641.400749,150,1,ghcr.io/talmolab/lablink-client-base-image:latest@sha256:3f2f935a1b61b1c1f9469a69d1a7ad53bdb334d996976bcd3ba5802a4cc50567,150,True,,True,
1789424646.857505,150,1,ghcr.io/talmolab/lablink-client-base-image:latest@sha256:3f2f935a1b61b1c1f9469a69d1a7ad53bdb334d996976bcd3ba5802a4cc50567,150,True,,True,
1789424651.890039,150,1,ghcr.io/talmolab/lablink-client-base-image:latest@sha256:3f2f935a1b61b1c1f9469a69d1a7ad53bdb334d996976bcd3ba5802a4cc50567,150,True,,True,
1789424656.569149,150,1,ghcr.io/talmolab/lablink-client-base-image:latest@sha256:3f2f935a1b61b1c1f9469a69d1a7ad53bdb334d996976bcd3ba5802a4cc50567,150,True,,True,
1789424661.393518,150,1,ghcr.io/talmolab/lablink-client-base-image:latest@sha256:3f2f935a1b61b1c1f9469a69d1a7ad53bdb334d996976bcd3ba5802a4cc50567,150,True,,True,
1789424666.5687082,150,1,ghcr.io/talmolab/lablink-client-base-image:latest@sha256:3f2f935a1b61b1c1f9469a69d1a7ad53bdb334d996976bcd3ba5802a4cc50567,150,True,,True,
1789424671.530008,150,1,ghcr.io/talmolab/lablink-client-base-image:latest@sha256:3f2f935a1b61b1c1f9469a69d1a7ad53bdb334d996976bcd3ba5802a4cc50567,150,True,,True,
1789424676.491816,150,1,ghcr.io/talmolab/lablink-client-base-image:latest@sha256:3f2f935a1b61b1c1f9469a69d1a7ad53bdb334d996976bcd3ba5802a4cc50567,150,True,,True,
1789424681.488503,150,1,ghcr.io/talmolab/lablink-client-base-image:latest@sha256:3f2f935a1b61b1c1f9469a69d1a7ad53bdb334d996976bcd3ba5802a4cc50567,150,True,,True,
1789424686.488331,150,1,ghcr.io/talmolab/lablink-client-base-image:latest@sha256:3f2f935a1b61b1c1f9469a69d1a7ad53bdb334d996976bcd3ba5802a4cc50567,150,True,,True,
1789424692.569406,150,1,ghcr.io/talmolab/lablink-client-base-image:latest@sha256:3f2f935a1b61b1c1f9469a69d1a7ad53bdb334d996976bcd3ba5802a4cc50567,150,True,,True,
1789424696.4538739,150,1,ghcr.io/talmolab/lablink-client-base-image:latest@sha256:3f2f935a1b61b1c1f9469a69d1a7ad53bdb334d996976bcd3ba5802a4cc50567,150,True,,True,
1789424701.568639,150,1,ghcr.io/talmolab/lablink-client-base-image:latest@sha256:3f2f935a1b61b1c1f9469a69d1a7ad53bdb334d996976bcd3ba5802a4cc50567,150,True,,True,
1789424706.4667652,150,1,ghcr.io/talmolab/lablink-client-base-image:latest@sha256:3f2f935a1b61b1c1f9469a69d1a7ad53bdb334d996976bcd3ba5802a4cc50567,150,True,,True,
1789424711.493941,150,1,ghcr.io/talmolab/lablink-client-base-image:latest@sha256:3f2f935a1b61b1c1f9469a69d1a7ad53bdb334d996976bcd3ba5802a4cc50567,150,True,,True,
1789424716.377006,150,1,ghcr.io/talmolab/lablink-client-base-image:latest@sha256:3f2f935a1b61b1c1f9469a69d1a7ad53bdb334d996976bcd3ba5802a4cc50567,150,True,,True,
1789424721.439117,150,1,ghcr.io/talmolab/lablink-client-base-image:latest@sha256:3f2f935a1b61b1c1f9469a69d1a7ad53bdb334d996976bcd3ba5802a4cc50567,150,True,,True,
1789424726.431944,150,1,ghcr.io/talmolab/lablink-client-base-image:latest@sha256:3f2f935a1b61b1c1f9469a69d1a7ad53bdb334d996976bcd3ba5802a4cc50567,150,True,,True,
1789424731.8463948,150,1,ghcr.io/talmolab/lablink-client-base-image:latest@sha256:3f2f935a1b61b1c1f9469a69d1a7ad53bdb334d996976bcd3ba5802a4cc50567,150,True,,True,
1789424736.5438259,150,1,ghcr.io/talmolab/lablink-client-base-image:latest@sha256:3f2f935a1b61b1c1f9469a69d1a7ad53bdb334d996976bcd3ba5802a4cc50567,150,True,,True,
1789424741.5455801,150,1,ghcr.io/talmolab/lablink-client-base-image:latest@sha256:3f2f935a1b61b1c1f9469a69d1a7ad53bdb334d996976bcd3ba5802a4cc50567,150,True,,True,
1789424746.785217,150,1,ghcr.io/talmolab/lablink-client-base-image:latest@sha256:3f2f935a1b61b1c1f9469a69d1a7ad53bdb334d996976bcd3ba5802a4cc50567,150,True,,True,
1789424751.624506,150,1,ghcr.io/talmolab/lablink-client-base-image:latest@sha256:3f2f935a1b61b1c1f9469a69d1a7ad53bdb334d996976bcd3ba5802a4cc50567,150,True,,True,
1789424756.5031831,150,1,ghcr.io/talmolab/lablink-client-base-image:latest@sha256:3f2f935a1b61b1c1f9469a69d1a7ad53bdb334d996976bcd3ba5802a4cc50567,150,True,,True,
1789424761.544194,150,1,ghcr.io/talmolab/lablink-client-base-image:latest@sha256:3f2f935a1b61b1c1f9469a69d1a7ad53bdb334d996976bcd3ba5802a4cc50567,150,True,,True,
1789424766.544109,150,1,ghcr.io/talmolab/lablink-client-base-image:latest@sha256:3f2f935a1b61b1c1f9469a69d1a7ad53bdb334d996976bcd3ba5802a4cc50567,150,True,,True,
1789424771.95226,150,1,ghcr.io/talmolab/lablink-client-base-image:latest@sha256:3f2f935a1b61b1c1f9469a69d1a7ad53bdb334d996976bcd3ba5802a4cc50567,150,True,,True,
1789424776.387155,150,1,ghcr.io/talmolab/lablink-client-base-image:latest@sha256:3f2f935a1b61b1c1f9469a69d1a7ad53bdb334d996976bcd3ba5802a4cc50567,150,True,,True,
1789424781.7640462,150,1,ghcr.io/talmolab/lablink-client-base-image:latest@sha256:3f2f935a1b61b1c1f9469a69d1a7ad53bdb334d996976bcd3ba5802a4cc50567,150,True,,True,
1789424786.438737,150,1,ghcr.io/talmolab/lablink-client-base-image:latest@sha256:3f2f935a1b61b1c1f9469a69d1a7ad53bdb334d996976bcd3ba5802a4cc50567,150,True,,True,
1789424791.551234,150,1,ghcr.io/talmolab/lablink-client-base-image:latest@sha256:3f2f935a1b61b1c1f9469a69d1a7ad53bdb334d996976bcd3ba5802a4cc50567,150,True,,True,
1789424796.589906,150,1,ghcr.io/talmolab/lablink-client-base-image:latest@sha256:3f2f935a1b61b1c1f9469a69d1a7ad53bdb334d996976bcd3ba5802a4cc50567,150,True,,True,
1789424801.5498629,150,1,ghcr.io/talmolab/lablink-client-base-image:latest@sha256:3f2f935a1b61b1c1f9469a69d1a7ad53bdb334d996976bcd3ba5802a4cc50567,150,True,,True,
1789424806.51307,150,1,ghcr.io/talmolab/lablink-client-base-image:latest@sha256:3f2f935a1b61b1c1f9469a69d1a7ad53bdb334d996976bcd3ba5802a4cc50567,150,True,,True,
1789424811.9736981,150,1,ghcr.io/talmolab/lablink-client-base-image:latest@sha256:3f2f935a1b61b1c1f9469a69d1a7ad53bdb334d996976bcd3ba5802a4cc50567,150,True,,True,
1789424816.521301,150,1,ghcr.io/talmolab/lablink-client-base-image:latest@sha256:3f2f935a1b61b1c1f9469a69d1a7ad53bdb334d996976bcd3ba5802a4cc50567,150,True,,True,
1789424821.5137641,150,1,ghcr.io/talmolab/lablink-client-base-image:latest@sha256:3f2f935a1b61b1c1f9469a69d1a7ad53bdb334d996976bcd3ba5802a4cc50567,150,True,,True,
1789424826.652889,150,1,ghcr.io/talmolab/lablink-client-base-image:latest@sha256:3f2f935a1b61b1c1f9469a69d1a7ad53bdb334d996976bcd3ba5802a4cc50567,150,True,,True,
1789424831.526418,150,1,ghcr.io/talmolab/lablink-client-base-image:latest@sha256:3f2f935a1b61b1c1f9469a69d1a7ad53bdb334d996976bcd3ba5802a4cc50567,150,True,,True,
1789424837.05433,150,1,ghcr.io/talmolab/lablink-client-base-image:latest@sha256:3f2f935a1b61b1c1f9469a69d1a7ad53bdb334d996976bcd3ba5802a4cc50567,150,True,,True,
1789424841.550926,150,1,ghcr.io/talmolab/lablink-client-base-image:latest@sha256:3f2f935a1b61b1c1f9469a69d1a7ad53bdb334d996976bcd3ba5802a4cc50567,150,True,,True,
1789424846.512019,150,1,ghcr.io/talmolab/lablink-client-base-image:latest@sha256:3f2f935a1b61b1c1f9469a69d1a7ad53bdb334d996976bcd3ba5802a4cc50567,150,True,,True,
1789424851.603829,150,1,ghcr.io/talmolab/lablink-client-base-image:latest@sha256:3f2f935a1b61b1c1f9469a69d1a7ad53bdb334d996976bcd3ba5802a4cc50567,150,True,,True,
1789424856.633227,150,1,ghcr.io/talmolab/lablink-client-base-image:latest@sha256:3f2f935a1b61b1c1f9469a69d1a7ad53bdb334d996976bcd3ba5802a4cc50567,150,True,,True,
1789424861.55932,150,1,ghcr.io/talmolab/lablink-client-base-image:latest@sha256:3f2f935a1b61b1c1f9469a69d1a7ad53bdb334d996976bcd3ba5802a4cc50567,150,True,,True,
1789424866.635471,150,1,ghcr.io/talmolab/lablink-client-base-image:latest@sha256:3f2f935a1b61b1c1f9469a69d1a7ad53bdb334d996976bcd3ba5802a4cc50567,150,True,,True,
1789424871.571151,150,1,ghcr.io/talmolab/lablink-client-base-image:latest@sha256:3f2f935a1b61b1c1f9469a69d1a7ad53bdb334d996976bcd3ba5802a4cc50567,150,True,,True,
1789424876.6327739,150,1,ghcr.io/talmolab/lablink-client-base-image:latest@sha256:3f2f935a1b61b1c1f9469a69d1a7ad53bdb334d996976bcd3ba5802a4cc50567,150,True,,True,
1789424881.554352,150,1,ghcr.io/talmolab/lablink-client-base-image:latest@sha256:3f2f935a1b61b1c1f9469a69d1a7ad53bdb334d996976bcd3ba5802a4cc50567,150,True,,True,
1789424886.532144,150,1,ghcr.io/talmolab/lablink-client-base-image:latest@sha256:3f2f935a1b61b1c1f9469a69d1a7ad53bdb334d996976bcd3ba5802a4cc50567,150,True,,True,
1789424891.615062,150,1,ghcr.io/talmolab/lablink-client-base-image:latest@sha256:3f2f935a1b61b1c1f9469a69d1a7ad53bdb334d996976bcd3ba5802a4cc50567,150,True,,True,
1789424896.507246,150,1,ghcr.io/talmolab/lablink-client-base-image:latest@sha256:3f2f935a1b61b1c1f9469a69d1a7ad53bdb334d996976bcd3ba5802a4cc50567,150,True,,True,
1789424901.695313,150,1,ghcr.io/talmolab/lablink-client-base-image:latest@sha256:3f2f935a1b61b1c1f9469a69d1a7ad53bdb334d996976bcd3ba5802a4cc50567,150,True,,True,
1789424906.5100632,150,1,ghcr.io/talmolab/lablink-client-base-image:latest@sha256:3f2f935a1b61b1c1f9469a69d1a7ad53bdb334d996976bcd3ba5802a4cc50567,150,True,,True,
1789424911.648648,150,1,ghcr.io/talmolab/lablink-client-base-image:latest@sha256:3f2f935a1b61b1c1f9469a69d1a7ad53bdb334d996976bcd3ba5802a4cc50567,150,True,,True,
1789424916.617577,150,1,ghcr.io/talmolab/lablink-client-base-image:latest@sha256:3f2f935a1b61b1c1f9469a69d1a7ad53bdb334d996976bcd3ba5802a4cc50567,150,True,,True,
1789424921.618185,150,1,ghcr.io/talmolab/lablink-client-base-image:latest@sha256:3f2f935a1b61b1c1f9469a69d1a7ad53bdb334d996976bcd3ba5802a4cc50567,150,True,,True,
1789424926.8034828,150,1,ghcr.io/talmolab/lablink-client-base-image:latest@sha256:3f2f935a1b61b1c1f9469a69d1a7ad53bdb334d996976bcd3ba5802a4cc50567,150,True,,True,
1789424932.04675,150,1,ghcr.io/talmolab/lablink-client-base-image:latest@sha256:3f2f935a1b61b1c1f9469a69d1a7ad53bdb334d996976bcd3ba5802a4cc50567,150,True,,True,
1789424936.746374,150,1,ghcr.io/talmolab/lablink-client-base-image:latest@sha256:3f2f935a1b61b1c1f9469a69d1a7ad53bdb334d996976bcd3ba5802a4cc50567,150,True,,True,
1789424941.607938,150,1,ghcr.io/talmolab/lablink-client-base-image:latest@sha256:3f2f935a1b61b1c1f9469a69d1a7ad53bdb334d996976bcd3ba5802a4cc50567,150,True,,True,
1789424946.5795279,150,1,ghcr.io/talmolab/lablink-client-base-image:latest@sha256:3f2f935a1b61b1c1f9469a69d1a7ad53bdb334d996976bcd3ba5802a4cc50567,150,True,,True,
1789424951.557278,150,1,ghcr.io/talmolab/lablink-client-base-image:latest@sha256:3f2f935a1b61b1c1f9469a69d1a7ad53bdb334d996976bcd3ba5802a4cc50567,150,True,,True,
1789424956.607338,150,1,ghcr.io/talmolab/lablink-client-base-image:latest@sha256:3f2f935a1b61b1c1f9469a69d1a7ad53bdb334d996976bcd3ba5802a4cc50567,150,True,,True,
1789424962.283037,150,1,ghcr.io/talmolab/lablink-client-base-image:latest@sha256:3f2f935a1b61b1c1f9469a69d1a7ad53bdb334d996976bcd3ba5802a4cc50567,150,True,,True,
1789424966.740574,150,1,ghcr.io/talmolab/lablink-client-base-image:latest@sha256:3f2f935a1b61b1c1f9469a69d1a7ad53bdb334d996976bcd3ba5802a4cc50567,150,True,,True,
1789424971.701131,150,1,ghcr.io/talmolab/lablink-client-base-image:latest@sha256:3f2f935a1b61b1c1f9469a69d1a7ad53bdb334d996976bcd3ba5802a4cc50567,150,True,,True,
1789424976.658695,150,1,ghcr.io/talmolab/lablink-client-base-image:latest@sha256:3f2f935a1b61b1c1f9469a69d1a7ad53bdb334d996976bcd3ba5802a4cc50567,150,True,,True,
1789424981.6639402,150,1,ghcr.io/talmolab/lablink-client-base-image:latest@sha256:3f2f935a1b61b1c1f9469a69d1a7ad53bdb334d996976bcd3ba5802a4cc50567,150,True,,True,
1789424986.6163409,150,1,ghcr.io/talmolab/lablink-client-base-image:latest@sha256:3f2f935a1b61b1c1f9469a69d1a7ad53bdb334d996976bcd3ba5802a4cc50567,150,True,,True,
1789424991.62145,150,1,ghcr.io/talmolab/lablink-client-base-image:latest@sha256:3f2f935a1b61b1c1f9469a69d1a7ad53bdb334d996976bcd3ba5802a4cc50567,150,True,,True,
1789424996.642366,150,1,ghcr.io/talmolab/lablink-client-base-image:latest@sha256:3f2f935a1b61b1c1f9469a69d1a7ad53bdb334d996976bcd3ba5802a4cc50567,150,True,,True,
1789425001.6369338,150,1,ghcr.io/talmolab/lablink-client-base-image:latest@sha256:3f2f935a1b61b1c1f9469a69d1a7ad53bdb334d996976bcd3ba5802a4cc50567,150,True,,True,
1789425006.641452,150,1,ghcr.io/talmolab/lablink-client-base-image:latest@sha256:3f2f935a1b61b1c1f9469a69d1a7ad53bdb334d996976bcd3ba5802a4cc50567,150,True,,True,
1789425011.6292942,150,1,ghcr.io/talmolab/lablink-client-base-image:latest@sha256:3f2f935a1b61b1c1f9469a69d1a7ad53bdb334d996976bcd3ba5802a4cc50567,150,True,,True,
1789425016.615259,150,1,ghcr.io/talmolab/lablink-client-base-image:latest@sha256:3f2f935a1b61b1c1f9469a69d1a7ad53bdb334d996976bcd3ba5802a4cc50567,150,True,,True,
1789425021.611339,150,1,ghcr.io/talmolab/lablink-client-base-image:latest@sha256:3f2f935a1b61b1c1f9469a69d1a7ad53bdb334d996976bcd3ba5802a4cc50567,150,True,,True,
1789425026.75545,150,1,ghcr.io/talmolab/lablink-client-base-image:latest@sha256:3f2f935a1b61b1c1f9469a69d1a7ad53bdb334d996976bcd3ba5802a4cc50567,150,True,,True,
1789425031.725882,150,1,ghcr.io/talmolab/lablink-client-base-image:latest@sha256:3f2f935a1b61b1c1f9469a69d1a7ad53bdb334d996976bcd3ba5802a4cc50567,150,True,,True,
1789425036.7512388,150,1,ghcr.io/talmolab/lablink-client-base-image:latest@sha256:3f2f935a1b61b1c1f9469a69d1a7ad53bdb334d996976bcd3ba5802a4cc50567,150,True,,True,
1789425041.735878,150,1,ghcr.io/talmolab/lablink-client-base-image:latest@sha256:3f2f935a1b61b1c1f9469a69d1a7ad53bdb334d996976bcd3ba5802a4cc50567,150,True,,True,
1789425046.737337,150,1,ghcr.io/talmolab/lablink-client-base-image:latest@sha256:3f2f935a1b61b1c1f9469a69d1a7ad53bdb334d996976bcd3ba5802a4cc50567,150,True,,True,
1789425051.7031271,150,1,ghcr.io/talmolab/lablink-client-base-image:latest@sha256:3f2f935a1b61b1c1f9469a69d1a7ad53bdb334d996976bcd3ba5802a4cc50567,150,True,,True,
1789425056.69774,150,1,ghcr.io/talmolab/lablink-client-base-image:latest@sha256:3f2f935a1b61b1c1f9469a69d1a7ad53bdb334d996976bcd3ba5802a4cc50567,150,True,,True,
1789425061.677585,150,1,ghcr.io/talmolab/lablink-client-base-image:latest@sha256:3f2f935a1b61b1c1f9469a69d1a7ad53bdb334d996976bcd3ba5802a4cc50567,150,True,,True,
1789425066.754015,150,1,ghcr.io/talmolab/lablink-client-base-image:latest@sha256:3f2f935a1b61b1c1f9469a69d1a7ad53bdb334d996976bcd3ba5802a4cc50567,150,True,,True,
1789425071.701897,150,1,ghcr.io/talmolab/lablink-client-base-image:latest@sha256:3f2f935a1b61b1c1f9469a69d1a7ad53bdb334d996976bcd3ba5802a4cc50567,150,True,,True,
1789425076.877161,150,1,ghcr.io/talmolab/lablink-client-base-image:latest@sha256:3f2f935a1b61b1c1f9469a69d1a7ad53bdb334d996976bcd3ba5802a4cc50567,150,True,,True,
1789425081.795837,150,1,ghcr.io/talmolab/lablink-client-base-image:latest@sha256:3f2f935a1b61b1c1f9469a69d1a7ad53bdb334d996976bcd3ba5802a4cc50567,150,True,,True,
1789425087.372371,150,1,ghcr.io/talmolab/lablink-client-base-image:latest@sha256:3f2f935a1b61b1c1f9469a69d1a7ad53bdb334d996976bcd3ba5802a4cc50567,150,True,,True,
1789425091.8046641,150,1,ghcr.io/talmolab/lablink-client-base-image:latest@sha256:3f2f935a1b61b1c1f9469a69d1a7ad53bdb334d996976bcd3ba5802a4cc50567,150,True,,True,
1789425097.098145,150,1,ghcr.io/talmolab/lablink-client-base-image:latest@sha256:3f2f935a1b61b1c1f9469a69d1a7ad53bdb334d996976bcd3ba5802a4cc50567,150,True,,True,
1789425101.769548,150,1,ghcr.io/talmolab/lablink-client-base-image:latest@sha256:3f2f935a1b61b1c1f9469a69d1a7ad53bdb334d996976bcd3ba5802a4cc50567,150,True,,True,
1789425106.792505,150,1,ghcr.io/talmolab/lablink-client-base-image:latest@sha256:3f2f935a1b61b1c1f9469a69d1a7ad53bdb334d996976bcd3ba5802a4cc50567,150,True,,True,
1789425111.732416,150,1,ghcr.io/talmolab/lablink-client-base-image:latest@sha256:3f2f935a1b61b1c1f9469a69d1a7ad53bdb334d996976bcd3ba5802a4cc50567,150,True,,True,
1789425116.761558,150,1,ghcr.io/talmolab/lablink-client-base-image:latest@sha256:3f2f935a1b61b1c1f9469a69d1a7ad53bdb334d996976bcd3ba5802a4cc50567,150,True,,True,
1789425121.84664,150,1,ghcr.io/talmolab/lablink-client-base-image:latest@sha256:3f2f935a1b61b1c1f9469a69d1a7ad53bdb334d996976bcd3ba5802a4cc50567,150,True,,True,
1789425126.886127,150,1,ghcr.io/talmolab/lablink-client-base-image:latest@sha256:3f2f935a1b61b1c1f9469a69d1a7ad53bdb334d996976bcd3ba5802a4cc50567,150,True,,True,
1789425131.7728798,150,1,ghcr.io/talmolab/lablink-client-base-image:latest@sha256:3f2f935a1b61b1c1f9469a69d1a7ad53bdb334d996976bcd3ba5802a4cc50567,150,True,,True,
1789425137.089698,150,1,ghcr.io/talmolab/lablink-client-base-image:latest@sha256:3f2f935a1b61b1c1f9469a69d1a7ad53bdb334d996976bcd3ba5802a4cc50567,150,True,,True,
1789425141.8474529,150,1,ghcr.io/talmolab/lablink-client-base-image:latest@sha256:3f2f935a1b61b1c1f9469a69d1a7ad53bdb334d996976bcd3ba5802a4cc50567,150,True,,True,
1789425146.8984241,150,1,ghcr.io/talmolab/lablink-client-base-image:latest@sha256:3f2f935a1b61b1c1f9469a69d1a7ad53bdb334d996976bcd3ba5802a4cc50567,150,True,,True,
1789425151.89777,150,1,ghcr.io/talmolab/lablink-client-base-image:latest@sha256:3f2f935a1b61b1c1f9469a69d1a7ad53bdb334d996976bcd3ba5802a4cc50567,150,True,,True,
1789425157.98057,150,1,ghcr.io/talmolab/lablink-client-base-image:latest@sha256:3f2f935a1b61b1c1f9469a69d1a7ad53bdb334d996976bcd3ba5802a4cc50567,150,True,,True,
1789425161.8584268,150,1,ghcr.io/talmolab/lablink-client-base-image:latest@sha256:3f2f935a1b61b1c1f9469a69d1a7ad53bdb334d996976bcd3ba5802a4cc50567,150,True,,True,
1789425166.781502,150,1,ghcr.io/talmolab/lablink-client-base-image:latest@sha256:3f2f935a1b61b1c1f9469a69d1a7ad53bdb334d996976bcd3ba5802a4cc50567,150,True,,True,
1789425171.9741938,150,1,ghcr.io/talmolab/lablink-client-base-image:latest@sha256:3f2f935a1b61b1c1f9469a69d1a7ad53bdb334d996976bcd3ba5802a4cc50567,150,True,,True,
1789425176.864515,150,1,ghcr.io/talmolab/lablink-client-base-image:latest@sha256:3f2f935a1b61b1c1f9469a69d1a7ad53bdb334d996976bcd3ba5802a4cc50567,150,True,,True,
1789425181.9411972,150,1,ghcr.io/talmolab/lablink-client-base-image:latest@sha256:3f2f935a1b61b1c1f9469a69d1a7ad53bdb334d996976bcd3ba5802a4cc50567,150,True,,True,
1789425186.914342,150,1,ghcr.io/talmolab/lablink-client-base-image:latest@sha256:3f2f935a1b61b1c1f9469a69d1a7ad53bdb334d996976bcd3ba5802a4cc50567,150,True,,True,
1789425191.809205,150,1,ghcr.io/talmolab/lablink-client-base-image:latest@sha256:3f2f935a1b61b1c1f9469a69d1a7ad53bdb334d996976bcd3ba5802a4cc50567,150,True,,True,
1789425196.869039,150,1,ghcr.io/talmolab/lablink-client-base-image:latest@sha256:3f2f935a1b61b1c1f9469a69d1a7ad53bdb334d996976bcd3ba5802a4cc50567,150,True,,True,
1789425201.907656,150,1,ghcr.io/talmolab/lablink-client-base-image:latest@sha256:3f2f935a1b61b1c1f9469a69d1a7ad53bdb334d996976bcd3ba5802a4cc50567,150,True,,True,
