poll_epoch,arm_n,replicate,image_digest,operation_id,op_type,status,created_epoch,started_epoch,finished_epoch,error,resources_total,resources_completed
1788390716.498132,10,1,ghcr.io/talmolab/lablink-client-base-image:linux-amd64-test@sha256:1ec2fde6860186b3d45ac83890167258f83512955dbce65f072d4e8c310cb9de,1,apply,succeeded,1788380921.682491,1788380921.685047,1788380971.541328,,20,20
1788390716.498132,10,1,ghcr.io/talmolab/lablink-client-base-image:linux-amd64-test@sha256:1ec2fde6860186b3d45ac83890167258f83512955dbce65f072d4e8c310cb9de,2,destroy,succeeded,1788381612.379228,1788381612.381237,1788381939.351963,,20,20
1788390716.498132,10,1,ghcr.io/talmolab/lablink-client-base-image:linux-amd64-test@sha256:1ec2fde6860186b3d45ac83890167258f83512955dbce65f072d4e8c310cb9de,3,apply,succeeded,1788381976.63281,1788381976.63526,1788382026.043455,,20,20
1788390716.498132,10,1,ghcr.io/talmolab/lablink-client-base-image:linux-amd64-test@sha256:1ec2fde6860186b3d45ac83890167258f83512955dbce65f072d4e8c310cb9de,4,destroy,succeeded,1788382875.148234,1788382875.150169,1788383194.833905,,20,20
1788390716.498132,10,1,ghcr.io/talmolab/lablink-client-base-image:linux-amd64-test@sha256:1ec2fde6860186b3d45ac83890167258f83512955dbce65f072d4e8c310cb9de,5,apply,succeeded,1788383308.62635,1788383308.629388,1788383361.88001,,35,35
1788390716.498132,10,1,ghcr.io/talmolab/lablink-client-base-image:linux-amd64-test@sha256:1ec2fde6860186b3d45ac83890167258f83512955dbce65f072d4e8c310cb9de,6,destroy,succeeded,1788384337.446569,1788384337.448163,1788384657.690712,,35,35
1788390716.498132,10,1,ghcr.io/talmolab/lablink-client-base-image:linux-amd64-test@sha256:1ec2fde6860186b3d45ac83890167258f83512955dbce65f072d4e8c310cb9de,7,apply,succeeded,1788384727.528365,1788384727.530681,1788384808.61864,,95,95
1788390716.498132,10,1,ghcr.io/talmolab/lablink-client-base-image:linux-amd64-test@sha256:1ec2fde6860186b3d45ac83890167258f83512955dbce65f072d4e8c310cb9de,8,destroy,succeeded,1788385076.969534,1788385076.971902,1788385973.63117,,95,95
1788390716.498132,10,1,ghcr.io/talmolab/lablink-client-base-image:linux-amd64-test@sha256:1ec2fde6860186b3d45ac83890167258f83512955dbce65f072d4e8c310cb9de,9,apply,succeeded,1788389407.309799,1788389407.313231,1788389454.98231,,20,20
1788390716.498132,10,1,ghcr.io/talmolab/lablink-client-base-image:linux-amd64-test@sha256:1ec2fde6860186b3d45ac83890167258f83512955dbce65f072d4e8c310cb9de,10,destroy,succeeded,1788390335.82657,1788390335.827949,1788390654.079952,,20,20
1788390716.498132,10,1,ghcr.io/talmolab/lablink-client-base-image:linux-amd64-test@sha256:1ec2fde6860186b3d45ac83890167258f83512955dbce65f072d4e8c310cb9de,11,apply,running,1788390714.945026,1788390714.946521,,,,
1788390721.2176151,10,1,ghcr.io/talmolab/lablink-client-base-image:linux-amd64-test@sha256:1ec2fde6860186b3d45ac83890167258f83512955dbce65f072d4e8c310cb9de,1,apply,succeeded,1788380921.682491,1788380921.685047,1788380971.541328,,20,20
1788390721.2176151,10,1,ghcr.io/talmolab/lablink-client-base-image:linux-amd64-test@sha256:1ec2fde6860186b3d45ac83890167258f83512955dbce65f072d4e8c310cb9de,2,destroy,succeeded,1788381612.379228,1788381612.381237,1788381939.351963,,20,20
1788390721.2176151,10,1,ghcr.io/talmolab/lablink-client-base-image:linux-amd64-test@sha256:1ec2fde6860186b3d45ac83890167258f83512955dbce65f072d4e8c310cb9de,3,apply,succeeded,1788381976.63281,1788381976.63526,1788382026.043455,,20,20
1788390721.2176151,10,1,ghcr.io/talmolab/lablink-client-base-image:linux-amd64-test@sha256:1ec2fde6860186b3d45ac83890167258f83512955dbce65f072d4e8c310cb9de,4,destroy,succeeded,1788382875.148234,1788382875.150169,1788383194.833905,,20,20
1788390721.2176151,10,1,ghcr.io/talmolab/lablink-client-base-image:linux-amd64-test@sha256:1ec2fde6860186b3d45ac83890167258f83512955dbce65f072d4e8c310cb9de,5,apply,succeeded,1788383308.62635,1788383308.629388,1788383361.88001,,35,35
1788390721.2176151,10,1,ghcr.io/talmolab/lablink-client-base-image:linux-amd64-test@sha256:1ec2fde6860186b3d45ac83890167258f83512955dbce65f072d4e8c310cb9de,6,destroy,succeeded,1788384337.446569,1788384337.448163,1788384657.690712,,35,35
1788390721.2176151,10,1,ghcr.io/talmolab/lablink-client-base-image:linux-amd64-test@sha256:1ec2fde6860186b3d45ac83890167258f83512955dbce65f072d4e8c310cb9de,7,apply,succeeded,1788384727.528365,1788384727.530681,1788384808.61864,,95,95
1788390721.2176151,10,1,ghcr.io/talmolab/lablink-client-base-image:linux-amd64-test@sha256:1ec2fde6860186b3d45ac83890167258f83512955dbce65f072d4e8c310cb9de,8,destroy,succeeded,1788385076.969534,1788385076.971902,1788385973.63117,,95,95
1788390721.2176151,10,1,ghcr.io/talmolab/lablink-client-base-image:linux-amd64-test@sha256:1ec2fde6860186b3d45ac83890167258f83512955dbce65f072d4e8c310cb9de,9,apply,succeeded,1788389407.309799,1788389407.313231,1788389454.98231,,20,20
1788390721.2176151,10,1,ghcr.io/talmolab/lablink-client-base-image:linux-amd64-test@sha256:1ec2fde6860186b3d45ac83890167258f83512955dbce65f072d4e8c310cb9de,10,destroy,succeeded,1788390335.82657,1788390335.827949,1788390654.079952,,20,20
1788390721.2176151,10,1,ghcr.io/talmolab/lablink-client-base-image:linux-amd64-test@sha256:1ec2fde6860186b3d45ac83890167258f83512955dbce65f072d4e8c310cb9de,11,apply,running,1788390714.945026,1788390714.946521,,,,
1788390725.9649038,10,1,ghcr.io/talmolab/lablink-client-base-image:linux-amd64-test@sha256:1ec2fde6860186b3d45ac83890167258f83512955dbce65f072d4e8c310cb9de,1,apply,succeeded,1788380921.682491,1788380921.685047,1788380971.541328,,20,20
1788390725.9649038,10,1,ghcr.io/talmolab/lablink-client-base-image:linux-amd64-test@sha256:1ec2fde6860186b3d45ac83890167258f83512955dbce65f072d4e8c310cb9de,2,destroy,succeeded,1788381612.379228,1788381612.381237,1788381939.351963,,20,20
1788390725.9649038,10,1,ghcr.io/talmolab/lablink-client-base-image:linux-amd64-test@sha256:1ec2fde6860186b3d45ac83890167258f83512955dbce65f072d4e8c310cb9de,3,apply,succeeded,1788381976.63281,1788381976.63526,1788382026.043455,,20,20
1788390725.9649038,10,1,ghcr.io/talmolab/lablink-client-base-image:linux-amd64-test@sha256:1ec2fde6860186b3d45ac83890167258f83512955dbce65f072d4e8c310cb9de,4,destroy,succeeded,1788382875.148234,1788382875.150169,1788383194.833905,,20,20
1788390725.9649038,10,1,ghcr.io/talmolab/lablink-client-base-image:linux-amd64-test@sha256:1ec2fde6860186b3d45ac83890167258f83512955dbce65f072d4e8c310cb9de,5,apply,succeeded,1788383308.62635,1788383308.629388,1788383361.88001,,35,35
1788390725.9649038,10,1,ghcr.io/talmolab/lablink-client-base-image:linux-amd64-test@sha256:1ec2fde6860186b3d45ac83890167258f83512955dbce65f072d4e8c310cb9de,6,destroy,succeeded,1788384337.446569,1788384337.448163,1788384657.690712,,35,35
1788390725.9649038,10,1,ghcr.io/talmolab/lablink-client-base-image:linux-amd64-test@sha256:1ec2fde6860186b3d45ac83890167258f83512955dbce65f072d4e8c310cb9de,7,apply,succeeded,1788384727.528365,1788384727.530681,1788384808.61864,,95,95
1788390725.9649038,10,1,ghcr.io/talmolab/lablink-client-base-image:linux-amd64-test@sha256:1ec2fde6860186b3d45ac83890167258f83512955dbce65f072d4e8c310cb9de,8,destroy,succeeded,1788385076.969534,1788385076.971902,1788385973.63117,,95,95
1788390725.9649038,10,1,ghcr.io/talmolab/lablink-client-base-image:linux-amd64-test@sha256:1ec2fde6860186b3d45ac83890167258f83512955dbce65f072d4e8c310cb9de,9,apply,succeeded,1788389407.309799,1788389407.313231,1788389454.98231,,20,20
1788390725.9649038,10,1,ghcr.io/talmolab/lablink-client-base-image:linux-amd64-test@sha256:1ec2fde6860186b3d45ac83890167258f83512955dbce65f072d4e8c310cb9de,10,destroy,succeeded,1788390335.82657,1788390335.827949,1788390654.079952,,20,20
1788390725.9649038,10,1,ghcr.io/talmolab/lablink-client-base-image:linux-amd64-test@sha256:1ec2fde6860186b3d45ac83890167258f83512955dbce65f072d4e8c310cb9de,11,apply,running,1788390714.945026,1788390714.946521,,,,
1788390731.1782029,10,1,ghcr.io/talmolab/lablink-client-base-image:linux-amd64-test@sha256:1ec2fde6860186b3d45ac83890167258f83512955dbce65f072d4e8c310cb9de,1,apply,succeeded,1788380921.682491,1788380921.685047,1788380971.541328,,20,20
1788390731.1782029,10,1,ghcr.io/talmolab/lablink-client-base-image:linux-amd64-test@sha256:1ec2fde6860186b3d45ac83890167258f83512955dbce65f072d4e8c310cb9de,2,destroy,succeeded,1788381612.379228,1788381612.381237,1788381939.351963,,20,20
1788390731.1782029,10,1,ghcr.io/talmolab/lablink-client-base-image:linux-amd64-test@sha256:1ec2fde6860186b3d45ac83890167258f83512955dbce65f072d4e8c310cb9de,3,apply,succeeded,1788381976.63281,1788381976.63526,1788382026.043455,,20,20
1788390731.1782029,10,1,ghcr.io/talmolab/lablink-client-base-image:linux-amd64-test@sha256:1ec2fde6860186b3d45ac83890167258f83512955dbce65f072d4e8c310cb9de,4,destroy,succeeded,1788382875.148234,1788382875.150169,1788383194.833905,,20,20
1788390731.1782029,10,1,ghcr.io/talmolab/lablink-client-base-image:linux-amd64-test@sha256:1ec2fde6860186b3d45ac83890167258f83512955dbce65f072d4e8c310cb9de,5,apply,succeeded,1788383308.62635,1788383308.629388,1788383361.88001,,35,35
1788390731.1782029,10,1,ghcr.io/talmolab/lablink-client-base-image:linux-amd64-test@sha256:1ec2fde6860186b3d45ac83890167258f83512955dbce65f072d4e8c310cb9de,6,destroy,succeeded,1788384337.446569,1788384337.448163,1788384657.690712,,35,35
1788390731.1782029,10,1,ghcr.io/talmolab/lablink-client-base-image:linux-amd64-test@sha256:1ec2fde6860186b3d45ac83890167258f83512955dbce65f072d4e8c310cb9de,7,apply,succeeded,1788384727.528365,1788384727.530681,1788384808.61864,,95,95
1788390731.1782029,10,1,ghcr.io/talmolab/lablink-client-base-image:linux-amd64-test@sha256:1ec2fde6860186b3d45ac83890167258f83512955dbce65f072d4e8c310cb9de,8,destroy,succeeded,1788385076.969534,1788385076.971902,1788385973.63117,,95,95
1788390731.1782029,10,1,ghcr.io/talmolab/lablink-client-base-image:linux-amd64-test@sha256:1ec2fde6860186b3d45ac83890167258f83512955dbce65f072d4e8c310cb9de,9,apply,succeeded,1788389407.309799,1788389407.313231,1788389454.98231,,20,20
1788390731.1782029,10,1,ghcr.io/talmolab/lablink-client-base-image:linux-amd64-test@sha256:1ec2fde6860186b3d45ac83890167258f83512955dbce65f072d4e8c310cb9de,10,destroy,succeeded,1788390335.82657,1788390335.827949,1788390654.079952,,20,20
1788390731.1782029,10,1,ghcr.io/talmolab/lablink-client-base-image:linux-amd64-test@sha256:1ec2fde6860186b3d45ac83890167258f83512955dbce65f072d4e8c310cb9de,11,apply,running,1788390714.945026,1788390714.946521,,,,
1788390736.162863,10,1,ghcr.io/talmolab/lablink-client-base-image:linux-amd64-test@sha256:1ec2fde6860186b3d45ac83890167258f83512955dbce65f072d4e8c310cb9de,1,apply,succeeded,1788380921.682491,1788380921.685047,1788380971.541328,,20,20
1788390736.162863,10,1,ghcr.io/talmolab/lablink-client-base-image:linux-amd64-test@sha256:1ec2fde6860186b3d45ac83890167258f83512955dbce65f072d4e8c310cb9de,2,destroy,succeeded,1788381612.379228,1788381612.381237,1788381939.351963,,20,20
1788390736.162863,10,1,ghcr.io/talmolab/lablink-client-base-image:linux-amd64-test@sha256:1ec2fde6860186b3d45ac83890167258f83512955dbce65f072d4e8c310cb9de,3,apply,succeeded,1788381976.63281,1788381976.63526,1788382026.043455,,20,20
1788390736.162863,10,1,ghcr.io/talmolab/lablink-client-base-image:linux-amd64-test@sha256:1ec2fde6860186b3d45ac83890167258f83512955dbce65f072d4e8c310cb9de,4,destroy,succeeded,1788382875.148234,1788382875.150169,1788383194.833905,,20,20
1788390736.162863,10,1,ghcr.io/talmolab/lablink-client-base-image:linux-amd64-test@sha256:1ec2fde6860186b3d45ac83890167258f83512955dbce65f072d4e8c310cb9de,5,apply,succeeded,1788383308.62635,1788383308.629388,1788383361.88001,,35,35
1788390736.162863,10,1,ghcr.io/talmolab/lablink-client-base-image:linux-amd64-test@sha256:1ec2fde6860186b3d45ac83890167258f83512955dbce65f072d4e8c310cb9de,6,destroy,succeeded,1788384337.446569,1788384337.448163,1788384657.690712,,35,35
1788390736.162863,10,1,ghcr.io/talmolab/lablink-client-base-image:linux-amd64-test@sha256:1ec2fde6860186b3d45ac83890167258f83512955dbce65f072d4e8c310cb9de,7,apply,succeeded,1788384727.528365,1788384727.530681,1788384808.61864,,95,95
1788390736.162863,10,1,ghcr.io/talmolab/lablink-client-base-image:linux-amd64-test@sha256:1ec2fde6860186b3d45ac83890167258f83512955dbce65f072d4e8c310cb9de,8,destroy,succeeded,1788385076.969534,1788385076.971902,1788385973.63117,,95,95
1788390736.162863,10,1,ghcr.io/talmolab/lablink-client-base-image:linux-amd64-test@sha256:1ec2fde6860186b3d45ac83890167258f83512955dbce65f072d4e8c310cb9de,9,apply,succeeded,1788389407.309799,1788389407.313231,1788389454.98231,,20,20
1788390736.162863,10,1,ghcr.io/talmolab/lablink-client-base-image:linux-amd64-test@sha256:1ec2fde6860186b3d45ac83890167258f83512955dbce65f072d4e8c310cb9de,10,destroy,succeeded,1788390335.82657,1788390335.827949,1788390654.079952,,20,20
1788390736.162863,10,1,ghcr.io/talmolab/lablink-client-base-image:linux-amd64-test@sha256:1ec2fde6860186b3d45ac83890167258f83512955dbce65f072d4e8c310cb9de,11,apply,running,1788390714.945026,1788390714.946521,,,35,0
1788390740.8453639,10,1,ghcr.io/talmolab/lablink-client-base-image:linux-amd64-test@sha256:1ec2fde6860186b3d45ac83890167258f83512955dbce65f072d4e8c310cb9de,1,apply,succeeded,1788380921.682491,1788380921.685047,1788380971.541328,,20,20
1788390740.8453639,10,1,ghcr.io/talmolab/lablink-client-base-image:linux-amd64-test@sha256:1ec2fde6860186b3d45ac83890167258f83512955dbce65f072d4e8c310cb9de,2,destroy,succeeded,1788381612.379228,1788381612.381237,1788381939.351963,,20,20
1788390740.8453639,10,1,ghcr.io/talmolab/lablink-client-base-image:linux-amd64-test@sha256:1ec2fde6860186b3d45ac83890167258f83512955dbce65f072d4e8c310cb9de,3,apply,succeeded,1788381976.63281,1788381976.63526,1788382026.043455,,20,20
1788390740.8453639,10,1,ghcr.io/talmolab/lablink-client-base-image:linux-amd64-test@sha256:1ec2fde6860186b3d45ac83890167258f83512955dbce65f072d4e8c310cb9de,4,destroy,succeeded,1788382875.148234,1788382875.150169,1788383194.833905,,20,20
1788390740.8453639,10,1,ghcr.io/talmolab/lablink-client-base-image:linux-amd64-test@sha256:1ec2fde6860186b3d45ac83890167258f83512955dbce65f072d4e8c310cb9de,5,apply,succeeded,1788383308.62635,1788383308.629388,1788383361.88001,,35,35
1788390740.8453639,10,1,ghcr.io/talmolab/lablink-client-base-image:linux-amd64-test@sha256:1ec2fde6860186b3d45ac83890167258f83512955dbce65f072d4e8c310cb9de,6,destroy,succeeded,1788384337.446569,1788384337.448163,1788384657.690712,,35,35
1788390740.8453639,10,1,ghcr.io/talmolab/lablink-client-base-image:linux-amd64-test@sha256:1ec2fde6860186b3d45ac83890167258f83512955dbce65f072d4e8c310cb9de,7,apply,succeeded,1788384727.528365,1788384727.530681,1788384808.61864,,95,95
1788390740.8453639,10,1,ghcr.io/talmolab/lablink-client-base-image:linux-amd64-test@sha256:1ec2fde6860186b3d45ac83890167258f83512955dbce65f072d4e8c310cb9de,8,destroy,succeeded,1788385076.969534,1788385076.971902,1788385973.63117,,95,95
1788390740.8453639,10,1,ghcr.io/talmolab/lablink-client-base-image:linux-amd64-test@sha256:1ec2fde6860186b3d45ac83890167258f83512955dbce65f072d4e8c310cb9de,9,apply,succeeded,1788389407.309799,1788389407.313231,1788389454.98231,,20,20
1788390740.8453639,10,1,ghcr.io/talmolab/lablink-client-base-image:linux-amd64-test@sha256:1ec2fde6860186b3d45ac83890167258f83512955dbce65f072d4e8c310cb9de,10,destroy,succeeded,1788390335.82657,1788390335.827949,1788390654.079952,,20,20
1788390740.8453639,10,1,ghcr.io/talmolab/lablink-client-base-image:linux-amd64-test@sha256:1ec2fde6860186b3d45ac83890167258f83512955dbce65f072d4e8c310cb9de,11,apply,running,1788390714.945026,1788390714.946521,,,35,13
1788390746.049675,10,1,ghcr.io/talmolab/lablink-client-base-image:linux-amd64-test@sha256:1ec2fde6860186b3d45ac83890167258f83512955dbce65f072d4e8c310cb9de,1,apply,succeeded,1788380921.682491,1788380921.685047,1788380971.541328,,20,20
1788390746.049675,10,1,ghcr.io/talmolab/lablink-client-base-image:linux-amd64-test@sha256:1ec2fde6860186b3d45ac83890167258f83512955dbce65f072d4e8c310cb9de,2,destroy,succeeded,1788381612.379228,1788381612.381237,1788381939.351963,,20,20
1788390746.049675,10,1,ghcr.io/talmolab/lablink-client-base-image:linux-amd64-test@sha256:1ec2fde6860186b3d45ac83890167258f83512955dbce65f072d4e8c310cb9de,3,apply,succeeded,1788381976.63281,1788381976.63526,1788382026.043455,,20,20
1788390746.049675,10,1,ghcr.io/talmolab/lablink-client-base-image:linux-amd64-test@sha256:1ec2fde6860186b3d45ac83890167258f83512955dbce65f072d4e8c310cb9de,4,destroy,succeeded,1788382875.148234,1788382875.150169,1788383194.833905,,20,20
1788390746.049675,10,1,ghcr.io/talmolab/lablink-client-base-image:linux-amd64-test@sha256:1ec2fde6860186b3d45ac83890167258f83512955dbce65f072d4e8c310cb9de,5,apply,succeeded,1788383308.62635,1788383308.629388,1788383361.88001,,35,35
1788390746.049675,10,1,ghcr.io/talmolab/lablink-client-base-image:linux-amd64-test@sha256:1ec2fde6860186b3d45ac83890167258f83512955dbce65f072d4e8c310cb9de,6,destroy,succeeded,1788384337.446569,1788384337.448163,1788384657.690712,,35,35
1788390746.049675,10,1,ghcr.io/talmolab/lablink-client-base-image:linux-amd64-test@sha256:1ec2fde6860186b3d45ac83890167258f83512955dbce65f072d4e8c310cb9de,7,apply,succeeded,1788384727.528365,1788384727.530681,1788384808.61864,,95,95
1788390746.049675,10,1,ghcr.io/talmolab/lablink-client-base-image:linux-amd64-test@sha256:1ec2fde6860186b3d45ac83890167258f83512955dbce65f072d4e8c310cb9de,8,destroy,succeeded,1788385076.969534,1788385076.971902,1788385973.63117,,95,95
1788390746.049675,10,1,ghcr.io/talmolab/lablink-client-base-image:linux-amd64-test@sha256:1ec2fde6860186b3d45ac83890167258f83512955dbce65f072d4e8c310cb9de,9,apply,succeeded,1788389407.309799,1788389407.313231,1788389454.98231,,20,20
1788390746.049675,10,1,ghcr.io/talmolab/lablink-client-base-image:linux-amd64-test@sha256:1ec2fde6860186b3d45ac83890167258f83512955dbce65f072d4e8c310cb9de,10,destroy,succeeded,1788390335.82657,1788390335.827949,1788390654.079952,,20,20
1788390746.049675,10,1,ghcr.io/talmolab/lablink-client-base-image:linux-amd64-test@sha256:1ec2fde6860186b3d45ac83890167258f83512955dbce65f072d4e8c310cb9de,11,apply,running,1788390714.945026,1788390714.946521,,,35,15
1788390750.7952251,10,1,ghcr.io/talmolab/lablink-client-base-image:linux-amd64-test@sha256:1ec2fde6860186b3d45ac83890167258f83512955dbce65f072d4e8c310cb9de,1,apply,succeeded,1788380921.682491,1788380921.685047,1788380971.541328,,20,20
1788390750.7952251,10,1,ghcr.io/talmolab/lablink-client-base-image:linux-amd64-test@sha256:1ec2fde6860186b3d45ac83890167258f83512955dbce65f072d4e8c310cb9de,2,destroy,succeeded,1788381612.379228,1788381612.381237,1788381939.351963,,20,20
1788390750.7952251,10,1,ghcr.io/talmolab/lablink-client-base-image:linux-amd64-test@sha256:1ec2fde6860186b3d45ac83890167258f83512955dbce65f072d4e8c310cb9de,3,apply,succeeded,1788381976.63281,1788381976.63526,1788382026.043455,,20,20
1788390750.7952251,10,1,ghcr.io/talmolab/lablink-client-base-image:linux-amd64-test@sha256:1ec2fde6860186b3d45ac83890167258f83512955dbce65f072d4e8c310cb9de,4,destroy,succeeded,1788382875.148234,1788382875.150169,1788383194.833905,,20,20
1788390750.7952251,10,1,ghcr.io/talmolab/lablink-client-base-image:linux-amd64-test@sha256:1ec2fde6860186b3d45ac83890167258f83512955dbce65f072d4e8c310cb9de,5,apply,succeeded,1788383308.62635,1788383308.629388,1788383361.88001,,35,35
1788390750.7952251,10,1,ghcr.io/talmolab/lablink-client-base-image:linux-amd64-test@sha256:1ec2fde6860186b3d45ac83890167258f83512955dbce65f072d4e8c310cb9de,6,destroy,succeeded,1788384337.446569,1788384337.448163,1788384657.690712,,35,35
1788390750.7952251,10,1,ghcr.io/talmolab/lablink-client-base-image:linux-amd64-test@sha256:1ec2fde6860186b3d45ac83890167258f83512955dbce65f072d4e8c310cb9de,7,apply,succeeded,1788384727.528365,1788384727.530681,1788384808.61864,,95,95
1788390750.7952251,10,1,ghcr.io/talmolab/lablink-client-base-image:linux-amd64-test@sha256:1ec2fde6860186b3d45ac83890167258f83512955dbce65f072d4e8c310cb9de,8,destroy,succeeded,1788385076.969534,1788385076.971902,1788385973.63117,,95,95
1788390750.7952251,10,1,ghcr.io/talmolab/lablink-client-base-image:linux-amd64-test@sha256:1ec2fde6860186b3d45ac83890167258f83512955dbce65f072d4e8c310cb9de,9,apply,succeeded,1788389407.309799,1788389407.313231,1788389454.98231,,20,20
1788390750.7952251,10,1,ghcr.io/talmolab/lablink-client-base-image:linux-amd64-test@sha256:1ec2fde6860186b3d45ac83890167258f83512955dbce65f072d4e8c310cb9de,10,destroy,succeeded,1788390335.82657,1788390335.827949,1788390654.079952,,20,20
1788390750.7952251,10,1,ghcr.io/talmolab/lablink-client-base-image:linux-amd64-test@sha256:1ec2fde6860186b3d45ac83890167258f83512955dbce65f072d4e8c310cb9de,11,apply,running,1788390714.945026,1788390714.946521,,,35,15
1788390755.822696,10,1,ghcr.io/talmolab/lablink-client-base-image:linux-amd64-test@sha256:1ec2fde6860186b3d45ac83890167258f83512955dbce65f072d4e8c310cb9de,1,apply,succeeded,1788380921.682491,1788380921.685047,1788380971.541328,,20,20
1788390755.822696,10,1,ghcr.io/talmolab/lablink-client-base-image:linux-amd64-test@sha256:1ec2fde6860186b3d45ac83890167258f83512955dbce65f072d4e8c310cb9de,2,destroy,succeeded,1788381612.379228,1788381612.381237,1788381939.351963,,20,20
1788390755.822696,10,1,ghcr.io/talmolab/lablink-client-base-image:linux-amd64-test@sha256:1ec2fde6860186b3d45ac83890167258f83512955dbce65f072d4e8c310cb9de,3,apply,succeeded,1788381976.63281,1788381976.63526,1788382026.043455,,20,20
1788390755.822696,10,1,ghcr.io/talmolab/lablink-client-base-image:linux-amd64-test@sha256:1ec2fde6860186b3d45ac83890167258f83512955dbce65f072d4e8c310cb9de,4,destroy,succeeded,1788382875.148234,1788382875.150169,1788383194.833905,,20,20
1788390755.822696,10,1,ghcr.io/talmolab/lablink-client-base-image:linux-amd64-test@sha256:1ec2fde6860186b3d45ac83890167258f83512955dbce65f072d4e8c310cb9de,5,apply,succeeded,1788383308.62635,1788383308.629388,1788383361.88001,,35,35
1788390755.822696,10,1,ghcr.io/talmolab/lablink-client-base-image:linux-amd64-test@sha256:1ec2fde6860186b3d45ac83890167258f83512955dbce65f072d4e8c310cb9de,6,destroy,succeeded,1788384337.446569,1788384337.448163,1788384657.690712,,35,35
1788390755.822696,10,1,ghcr.io/talmolab/lablink-client-base-image:linux-amd64-test@sha256:1ec2fde6860186b3d45ac83890167258f83512955dbce65f072d4e8c310cb9de,7,apply,succeeded,1788384727.528365,1788384727.530681,1788384808.61864,,95,95
1788390755.822696,10,1,ghcr.io/talmolab/lablink-client-base-image:linux-amd64-test@sha256:1ec2fde6860186b3d45ac83890167258f83512955dbce65f072d4e8c310cb9de,8,destroy,succeeded,1788385076.969534,1788385076.971902,1788385973.63117,,95,95
1788390755.822696,10,1,ghcr.io/talmolab/lablink-client-base-image:linux-amd64-test@sha256:1ec2fde6860186b3d45ac83890167258f83512955dbce65f072d4e8c310cb9de,9,apply,succeeded,1788389407.309799,1788389407.313231,1788389454.98231,,20,20
1788390755.822696,10,1,ghcr.io/talmolab/lablink-client-base-image:linux-amd64-test@sha256:1ec2fde6860186b3d45ac83890167258f83512955dbce65f072d4e8c310cb9de,10,destroy,succeeded,1788390335.82657,1788390335.827949,1788390654.079952,,20,20
1788390755.822696,10,1,ghcr.io/talmolab/lablink-client-base-image:linux-amd64-test@sha256:1ec2fde6860186b3d45ac83890167258f83512955dbce65f072d4e8c310cb9de,11,apply,running,1788390714.945026,1788390714.946521,,,35,15
1788390760.8126001,10,1,ghcr.io/talmolab/lablink-client-base-image:linux-amd64-test@sha256:1ec2fde6860186b3d45ac83890167258f83512955dbce65f072d4e8c310cb9de,1,apply,succeeded,1788380921.682491,1788380921.685047,1788380971.541328,,20,20
1788390760.8126001,10,1,ghcr.io/talmolab/lablink-client-base-image:linux-amd64-test@sha256:1ec2fde6860186b3d45ac83890167258f83512955dbce65f072d4e8c310cb9de,2,destroy,succeeded,1788381612.379228,1788381612.381237,1788381939.351963,,20,20
1788390760.8126001,10,1,ghcr.io/talmolab/lablink-client-base-image:linux-amd64-test@sha256:1ec2fde6860186b3d45ac83890167258f83512955dbce65f072d4e8c310cb9de,3,apply,succeeded,1788381976.63281,1788381976.63526,1788382026.043455,,20,20
1788390760.8126001,10,1,ghcr.io/talmolab/lablink-client-base-image:linux-amd64-test@sha256:1ec2fde6860186b3d45ac83890167258f83512955dbce65f072d4e8c310cb9de,4,destroy,succeeded,1788382875.148234,1788382875.150169,1788383194.833905,,20,20
1788390760.8126001,10,1,ghcr.io/talmolab/lablink-client-base-image:linux-amd64-test@sha256:1ec2fde6860186b3d45ac83890167258f83512955dbce65f072d4e8c310cb9de,5,apply,succeeded,1788383308.62635,1788383308.629388,1788383361.88001,,35,35
1788390760.8126001,10,1,ghcr.io/talmolab/lablink-client-base-image:linux-amd64-test@sha256:1ec2fde6860186b3d45ac83890167258f83512955dbce65f072d4e8c310cb9de,6,destroy,succeeded,1788384337.446569,1788384337.448163,1788384657.690712,,35,35
1788390760.8126001,10,1,ghcr.io/talmolab/lablink-client-base-image:linux-amd64-test@sha256:1ec2fde6860186b3d45ac83890167258f83512955dbce65f072d4e8c310cb9de,7,apply,succeeded,1788384727.528365,1788384727.530681,1788384808.61864,,95,95
1788390760.8126001,10,1,ghcr.io/talmolab/lablink-client-base-image:linux-amd64-test@sha256:1ec2fde6860186b3d45ac83890167258f83512955dbce65f072d4e8c310cb9de,8,destroy,succeeded,1788385076.969534,1788385076.971902,1788385973.63117,,95,95
1788390760.8126001,10,1,ghcr.io/talmolab/lablink-client-base-image:linux-amd64-test@sha256:1ec2fde6860186b3d45ac83890167258f83512955dbce65f072d4e8c310cb9de,9,apply,succeeded,1788389407.309799,1788389407.313231,1788389454.98231,,20,20
1788390760.8126001,10,1,ghcr.io/talmolab/lablink-client-base-image:linux-amd64-test@sha256:1ec2fde6860186b3d45ac83890167258f83512955dbce65f072d4e8c310cb9de,10,destroy,succeeded,1788390335.82657,1788390335.827949,1788390654.079952,,20,20
1788390760.8126001,10,1,ghcr.io/talmolab/lablink-client-base-image:linux-amd64-test@sha256:1ec2fde6860186b3d45ac83890167258f83512955dbce65f072d4e8c310cb9de,11,apply,running,1788390714.945026,1788390714.946521,,,35,15
1788390765.7894132,10,1,ghcr.io/talmolab/lablink-client-base-image:linux-amd64-test@sha256:1ec2fde6860186b3d45ac83890167258f83512955dbce65f072d4e8c310cb9de,1,apply,succeeded,1788380921.682491,1788380921.685047,1788380971.541328,,20,20
1788390765.7894132,10,1,ghcr.io/talmolab/lablink-client-base-image:linux-amd64-test@sha256:1ec2fde6860186b3d45ac83890167258f83512955dbce65f072d4e8c310cb9de,2,destroy,succeeded,1788381612.379228,1788381612.381237,1788381939.351963,,20,20
1788390765.7894132,10,1,ghcr.io/talmolab/lablink-client-base-image:linux-amd64-test@sha256:1ec2fde6860186b3d45ac83890167258f83512955dbce65f072d4e8c310cb9de,3,apply,succeeded,1788381976.63281,1788381976.63526,1788382026.043455,,20,20
1788390765.7894132,10,1,ghcr.io/talmolab/lablink-client-base-image:linux-amd64-test@sha256:1ec2fde6860186b3d45ac83890167258f83512955dbce65f072d4e8c310cb9de,4,destroy,succeeded,1788382875.148234,1788382875.150169,1788383194.833905,,20,20
1788390765.7894132,10,1,ghcr.io/talmolab/lablink-client-base-image:linux-amd64-test@sha256:1ec2fde6860186b3d45ac83890167258f83512955dbce65f072d4e8c310cb9de,5,apply,succeeded,1788383308.62635,1788383308.629388,1788383361.88001,,35,35
1788390765.7894132,10,1,ghcr.io/talmolab/lablink-client-base-image:linux-amd64-test@sha256:1ec2fde6860186b3d45ac83890167258f83512955dbce65f072d4e8c310cb9de,6,destroy,succeeded,1788384337.446569,1788384337.448163,1788384657.690712,,35,35
1788390765.7894132,10,1,ghcr.io/talmolab/lablink-client-base-image:linux-amd64-test@sha256:1ec2fde6860186b3d45ac83890167258f83512955dbce65f072d4e8c310cb9de,7,apply,succeeded,1788384727.528365,1788384727.530681,1788384808.61864,,95,95
1788390765.7894132,10,1,ghcr.io/talmolab/lablink-client-base-image:linux-amd64-test@sha256:1ec2fde6860186b3d45ac83890167258f83512955dbce65f072d4e8c310cb9de,8,destroy,succeeded,1788385076.969534,1788385076.971902,1788385973.63117,,95,95
1788390765.7894132,10,1,ghcr.io/talmolab/lablink-client-base-image:linux-amd64-test@sha256:1ec2fde6860186b3d45ac83890167258f83512955dbce65f072d4e8c310cb9de,9,apply,succeeded,1788389407.309799,1788389407.313231,1788389454.98231,,20,20
1788390765.7894132,10,1,ghcr.io/talmolab/lablink-client-base-image:linux-amd64-test@sha256:1ec2fde6860186b3d45ac83890167258f83512955dbce65f072d4e8c310cb9de,10,destroy,succeeded,1788390335.82657,1788390335.827949,1788390654.079952,,20,20
1788390765.7894132,10,1,ghcr.io/talmolab/lablink-client-base-image:linux-amd64-test@sha256:1ec2fde6860186b3d45ac83890167258f83512955dbce65f072d4e8c310cb9de,11,apply,running,1788390714.945026,1788390714.946521,,,35,20
1788390770.816431,10,1,ghcr.io/talmolab/lablink-client-base-image:linux-amd64-test@sha256:1ec2fde6860186b3d45ac83890167258f83512955dbce65f072d4e8c310cb9de,1,apply,succeeded,1788380921.682491,1788380921.685047,1788380971.541328,,20,20
1788390770.816431,10,1,ghcr.io/talmolab/lablink-client-base-image:linux-amd64-test@sha256:1ec2fde6860186b3d45ac83890167258f83512955dbce65f072d4e8c310cb9de,2,destroy,succeeded,1788381612.379228,1788381612.381237,1788381939.351963,,20,20
1788390770.816431,10,1,ghcr.io/talmolab/lablink-client-base-image:linux-amd64-test@sha256:1ec2fde6860186b3d45ac83890167258f83512955dbce65f072d4e8c310cb9de,3,apply,succeeded,1788381976.63281,1788381976.63526,1788382026.043455,,20,20
1788390770.816431,10,1,ghcr.io/talmolab/lablink-client-base-image:linux-amd64-test@sha256:1ec2fde6860186b3d45ac83890167258f83512955dbce65f072d4e8c310cb9de,4,destroy,succeeded,1788382875.148234,1788382875.150169,1788383194.833905,,20,20
1788390770.816431,10,1,ghcr.io/talmolab/lablink-client-base-image:linux-amd64-test@sha256:1ec2fde6860186b3d45ac83890167258f83512955dbce65f072d4e8c310cb9de,5,apply,succeeded,1788383308.62635,1788383308.629388,1788383361.88001,,35,35
1788390770.816431,10,1,ghcr.io/talmolab/lablink-client-base-image:linux-amd64-test@sha256:1ec2fde6860186b3d45ac83890167258f83512955dbce65f072d4e8c310cb9de,6,destroy,succeeded,1788384337.446569,1788384337.448163,1788384657.690712,,35,35
1788390770.816431,10,1,ghcr.io/talmolab/lablink-client-base-image:linux-amd64-test@sha256:1ec2fde6860186b3d45ac83890167258f83512955dbce65f072d4e8c310cb9de,7,apply,succeeded,1788384727.528365,1788384727.530681,1788384808.61864,,95,95
1788390770.816431,10,1,ghcr.io/talmolab/lablink-client-base-image:linux-amd64-test@sha256:1ec2fde6860186b3d45ac83890167258f83512955dbce65f072d4e8c310cb9de,8,destroy,succeeded,1788385076.969534,1788385076.971902,1788385973.63117,,95,95
1788390770.816431,10,1,ghcr.io/talmolab/lablink-client-base-image:linux-amd64-test@sha256:1ec2fde6860186b3d45ac83890167258f83512955dbce65f072d4e8c310cb9de,9,apply,succeeded,1788389407.309799,1788389407.313231,1788389454.98231,,20,20
1788390770.816431,10,1,ghcr.io/talmolab/lablink-client-base-image:linux-amd64-test@sha256:1ec2fde6860186b3d45ac83890167258f83512955dbce65f072d4e8c310cb9de,10,destroy,succeeded,1788390335.82657,1788390335.827949,1788390654.079952,,20,20
1788390770.816431,10,1,ghcr.io/talmolab/lablink-client-base-image:linux-amd64-test@sha256:1ec2fde6860186b3d45ac83890167258f83512955dbce65f072d4e8c310cb9de,11,apply,succeeded,1788390714.945026,1788390714.946521,1788390768.137505,,35,35
1788390776.145977,10,1,ghcr.io/talmolab/lablink-client-base-image:linux-amd64-test@sha256:1ec2fde6860186b3d45ac83890167258f83512955dbce65f072d4e8c310cb9de,1,apply,succeeded,1788380921.682491,1788380921.685047,1788380971.541328,,20,20
1788390776.145977,10,1,ghcr.io/talmolab/lablink-client-base-image:linux-amd64-test@sha256:1ec2fde6860186b3d45ac83890167258f83512955dbce65f072d4e8c310cb9de,2,destroy,succeeded,1788381612.379228,1788381612.381237,1788381939.351963,,20,20
1788390776.145977,10,1,ghcr.io/talmolab/lablink-client-base-image:linux-amd64-test@sha256:1ec2fde6860186b3d45ac83890167258f83512955dbce65f072d4e8c310cb9de,3,apply,succeeded,1788381976.63281,1788381976.63526,1788382026.043455,,20,20
1788390776.145977,10,1,ghcr.io/talmolab/lablink-client-base-image:linux-amd64-test@sha256:1ec2fde6860186b3d45ac83890167258f83512955dbce65f072d4e8c310cb9de,4,destroy,succeeded,1788382875.148234,1788382875.150169,1788383194.833905,,20,20
1788390776.145977,10,1,ghcr.io/talmolab/lablink-client-base-image:linux-amd64-test@sha256:1ec2fde6860186b3d45ac83890167258f83512955dbce65f072d4e8c310cb9de,5,apply,succeeded,1788383308.62635,1788383308.629388,1788383361.88001,,35,35
1788390776.145977,10,1,ghcr.io/talmolab/lablink-client-base-image:linux-amd64-test@sha256:1ec2fde6860186b3d45ac83890167258f83512955dbce65f072d4e8c310cb9de,6,destroy,succeeded,1788384337.446569,1788384337.448163,1788384657.690712,,35,35
1788390776.145977,10,1,ghcr.io/talmolab/lablink-client-base-image:linux-amd64-test@sha256:1ec2fde6860186b3d45ac83890167258f83512955dbce65f072d4e8c310cb9de,7,apply,succeeded,1788384727.528365,1788384727.530681,1788384808.61864,,95,95
1788390776.145977,10,1,ghcr.io/talmolab/lablink-client-base-image:linux-amd64-test@sha256:1ec2fde6860186b3d45ac83890167258f83512955dbce65f072d4e8c310cb9de,8,destroy,succeeded,1788385076.969534,1788385076.971902,1788385973.63117,,95,95
1788390776.145977,10,1,ghcr.io/talmolab/lablink-client-base-image:linux-amd64-test@sha256:1ec2fde6860186b3d45ac83890167258f83512955dbce65f072d4e8c310cb9de,9,apply,succeeded,1788389407.309799,1788389407.313231,1788389454.98231,,20,20
1788390776.145977,10,1,ghcr.io/talmolab/lablink-client-base-image:linux-amd64-test@sha256:1ec2fde6860186b3d45ac83890167258f83512955dbce65f072d4e8c310cb9de,10,destroy,succeeded,1788390335.82657,1788390335.827949,1788390654.079952,,20,20
1788390776.145977,10,1,ghcr.io/talmolab/lablink-client-base-image:linux-amd64-test@sha256:1ec2fde6860186b3d45ac83890167258f83512955dbce65f072d4e8c310cb9de,11,apply,succeeded,1788390714.945026,1788390714.946521,1788390768.137505,,35,35
1788390780.8209028,10,1,ghcr.io/talmolab/lablink-client-base-image:linux-amd64-test@sha256:1ec2fde6860186b3d45ac83890167258f83512955dbce65f072d4e8c310cb9de,1,apply,succeeded,1788380921.682491,1788380921.685047,1788380971.541328,,20,20
1788390780.8209028,10,1,ghcr.io/talmolab/lablink-client-base-image:linux-amd64-test@sha256:1ec2fde6860186b3d45ac83890167258f83512955dbce65f072d4e8c310cb9de,2,destroy,succeeded,1788381612.379228,1788381612.381237,1788381939.351963,,20,20
1788390780.8209028,10,1,ghcr.io/talmolab/lablink-client-base-image:linux-amd64-test@sha256:1ec2fde6860186b3d45ac83890167258f83512955dbce65f072d4e8c310cb9de,3,apply,succeeded,1788381976.63281,1788381976.63526,1788382026.043455,,20,20
1788390780.8209028,10,1,ghcr.io/talmolab/lablink-client-base-image:linux-amd64-test@sha256:1ec2fde6860186b3d45ac83890167258f83512955dbce65f072d4e8c310cb9de,4,destroy,succeeded,1788382875.148234,1788382875.150169,1788383194.833905,,20,20
1788390780.8209028,10,1,ghcr.io/talmolab/lablink-client-base-image:linux-amd64-test@sha256:1ec2fde6860186b3d45ac83890167258f83512955dbce65f072d4e8c310cb9de,5,apply,succeeded,1788383308.62635,1788383308.629388,1788383361.88001,,35,35
1788390780.8209028,10,1,ghcr.io/talmolab/lablink-client-base-image:linux-amd64-test@sha256:1ec2fde6860186b3d45ac83890167258f83512955dbce65f072d4e8c310cb9de,6,destroy,succeeded,1788384337.446569,1788384337.448163,1788384657.690712,,35,35
1788390780.8209028,10,1,ghcr.io/talmolab/lablink-client-base-image:linux-amd64-test@sha256:1ec2fde6860186b3d45ac83890167258f83512955dbce65f072d4e8c310cb9de,7,apply,succeeded,1788384727.528365,1788384727.530681,1788384808.61864,,95,95
1788390780.8209028,10,1,ghcr.io/talmolab/lablink-client-base-image:linux-amd64-test@sha256:1ec2fde6860186b3d45ac83890167258f83512955dbce65f072d4e8c310cb9de,8,destroy,succeeded,1788385076.969534,1788385076.971902,1788385973.63117,,95,95
1788390780.8209028,10,1,ghcr.io/talmolab/lablink-client-base-image:linux-amd64-test@sha256:1ec2fde6860186b3d45ac83890167258f83512955dbce65f072d4e8c310cb9de,9,apply,succeeded,1788389407.309799,1788389407.313231,1788389454.98231,,20,20
1788390780.8209028,10,1,ghcr.io/talmolab/lablink-client-base-image:linux-amd64-test@sha256:1ec2fde6860186b3d45ac83890167258f83512955dbce65f072d4e8c310cb9de,10,destroy,succeeded,1788390335.82657,1788390335.827949,1788390654.079952,,20,20
1788390780.8209028,10,1,ghcr.io/talmolab/lablink-client-base-image:linux-amd64-test@sha256:1ec2fde6860186b3d45ac83890167258f83512955dbce65f072d4e8c310cb9de,11,apply,succeeded,1788390714.945026,1788390714.946521,1788390768.137505,,35,35
1788390785.891791,10,1,ghcr.io/talmolab/lablink-client-base-image:linux-amd64-test@sha256:1ec2fde6860186b3d45ac83890167258f83512955dbce65f072d4e8c310cb9de,1,apply,succeeded,1788380921.682491,1788380921.685047,1788380971.541328,,20,20
1788390785.891791,10,1,ghcr.io/talmolab/lablink-client-base-image:linux-amd64-test@sha256:1ec2fde6860186b3d45ac83890167258f83512955dbce65f072d4e8c310cb9de,2,destroy,succeeded,1788381612.379228,1788381612.381237,1788381939.351963,,20,20
1788390785.891791,10,1,ghcr.io/talmolab/lablink-client-base-image:linux-amd64-test@sha256:1ec2fde6860186b3d45ac83890167258f83512955dbce65f072d4e8c310cb9de,3,apply,succeeded,1788381976.63281,1788381976.63526,1788382026.043455,,20,20
1788390785.891791,10,1,ghcr.io/talmolab/lablink-client-base-image:linux-amd64-test@sha256:1ec2fde6860186b3d45ac83890167258f83512955dbce65f072d4e8c310cb9de,4,destroy,succeeded,1788382875.148234,1788382875.150169,1788383194.833905,,20,20
1788390785.891791,10,1,ghcr.io/talmolab/lablink-client-base-image:linux-amd64-test@sha256:1ec2fde6860186b3d45ac83890167258f83512955dbce65f072d4e8c310cb9de,5,apply,succeeded,1788383308.62635,1788383308.629388,1788383361.88001,,35,35
1788390785.891791,10,1,ghcr.io/talmolab/lablink-client-base-image:linux-amd64-test@sha256:1ec2fde6860186b3d45ac83890167258f83512955dbce65f072d4e8c310cb9de,6,destroy,succeeded,1788384337.446569,1788384337.448163,1788384657.690712,,35,35
1788390785.891791,10,1,ghcr.io/talmolab/lablink-client-base-image:linux-amd64-test@sha256:1ec2fde6860186b3d45ac83890167258f83512955dbce65f072d4e8c310cb9de,7,apply,succeeded,1788384727.528365,1788384727.530681,1788384808.61864,,95,95
1788390785.891791,10,1,ghcr.io/talmolab/lablink-client-base-image:linux-amd64-test@sha256:1ec2fde6860186b3d45ac83890167258f83512955dbce65f072d4e8c310cb9de,8,destroy,succeeded,1788385076.969534,1788385076.971902,1788385973.63117,,95,95
1788390785.891791,10,1,ghcr.io/talmolab/lablink-client-base-image:linux-amd64-test@sha256:1ec2fde6860186b3d45ac83890167258f83512955dbce65f072d4e8c310cb9de,9,apply,succeeded,1788389407.309799,1788389407.313231,1788389454.98231,,20,20
1788390785.891791,10,1,ghcr.io/talmolab/lablink-client-base-image:linux-amd64-test@sha256:1ec2fde6860186b3d45ac83890167258f83512955dbce65f072d4e8c310cb9de,10,destroy,succeeded,1788390335.82657,1788390335.827949,1788390654.079952,,20,20
1788390785.891791,10,1,ghcr.io/talmolab/lablink-client-base-image:linux-amd64-test@sha256:1ec2fde6860186b3d45ac83890167258f83512955dbce65f072d4e8c310cb9de,11,apply,succeeded,1788390714.945026,1788390714.946521,1788390768.137505,,35,35
1788390790.852182,10,1,ghcr.io/talmolab/lablink-client-base-image:linux-amd64-test@sha256:1ec2fde6860186b3d45ac83890167258f83512955dbce65f072d4e8c310cb9de,1,apply,succeeded,1788380921.682491,1788380921.685047,1788380971.541328,,20,20
1788390790.852182,10,1,ghcr.io/talmolab/lablink-client-base-image:linux-amd64-test@sha256:1ec2fde6860186b3d45ac83890167258f83512955dbce65f072d4e8c310cb9de,2,destroy,succeeded,1788381612.379228,1788381612.381237,1788381939.351963,,20,20
1788390790.852182,10,1,ghcr.io/talmolab/lablink-client-base-image:linux-amd64-test@sha256:1ec2fde6860186b3d45ac83890167258f83512955dbce65f072d4e8c310cb9de,3,apply,succeeded,1788381976.63281,1788381976.63526,1788382026.043455,,20,20
1788390790.852182,10,1,ghcr.io/talmolab/lablink-client-base-image:linux-amd64-test@sha256:1ec2fde6860186b3d45ac83890167258f83512955dbce65f072d4e8c310cb9de,4,destroy,succeeded,1788382875.148234,1788382875.150169,1788383194.833905,,20,20
1788390790.852182,10,1,ghcr.io/talmolab/lablink-client-base-image:linux-amd64-test@sha256:1ec2fde6860186b3d45ac83890167258f83512955dbce65f072d4e8c310cb9de,5,apply,succeeded,1788383308.62635,1788383308.629388,1788383361.88001,,35,35
1788390790.852182,10,1,ghcr.io/talmolab/lablink-client-base-image:linux-amd64-test@sha256:1ec2fde6860186b3d45ac83890167258f83512955dbce65f072d4e8c310cb9de,6,destroy,succeeded,1788384337.446569,1788384337.448163,1788384657.690712,,35,35
1788390790.852182,10,1,ghcr.io/talmolab/lablink-client-base-image:linux-amd64-test@sha256:1ec2fde6860186b3d45ac83890167258f83512955dbce65f072d4e8c310cb9de,7,apply,succeeded,1788384727.528365,1788384727.530681,1788384808.61864,,95,95
1788390790.852182,10,1,ghcr.io/talmolab/lablink-client-base-image:linux-amd64-test@sha256:1ec2fde6860186b3d45ac83890167258f83512955dbce65f072d4e8c310cb9de,8,destroy,succeeded,1788385076.969534,1788385076.971902,1788385973.63117,,95,95
1788390790.852182,10,1,ghcr.io/talmolab/lablink-client-base-image:linux-amd64-test@sha256:1ec2fde6860186b3d45ac83890167258f83512955dbce65f072d4e8c310cb9de,9,apply,succeeded,1788389407.309799,1788389407.313231,1788389454.98231,,20,20
1788390790.852182,10,1,ghcr.io/talmolab/lablink-client-base-image:linux-amd64-test@sha256:1ec2fde6860186b3d45ac83890167258f83512955dbce65f072d4e8c310cb9de,10,destroy,succeeded,1788390335.82657,1788390335.827949,1788390654.079952,,20,20
1788390790.852182,10,1,ghcr.io/talmolab/lablink-client-base-image:linux-amd64-test@sha256:1ec2fde6860186b3d45ac83890167258f83512955dbce65f072d4e8c310cb9de,11,apply,succeeded,1788390714.945026,1788390714.946521,1788390768.137505,,35,35
1788390795.887924,10,1,ghcr.io/talmolab/lablink-client-base-image:linux-amd64-test@sha256:1ec2fde6860186b3d45ac83890167258f83512955dbce65f072d4e8c310cb9de,1,apply,succeeded,1788380921.682491,1788380921.685047,1788380971.541328,,20,20
1788390795.887924,10,1,ghcr.io/talmolab/lablink-client-base-image:linux-amd64-test@sha256:1ec2fde6860186b3d45ac83890167258f83512955dbce65f072d4e8c310cb9de,2,destroy,succeeded,1788381612.379228,1788381612.381237,1788381939.351963,,20,20
1788390795.887924,10,1,ghcr.io/talmolab/lablink-client-base-image:linux-amd64-test@sha256:1ec2fde6860186b3d45ac83890167258f83512955dbce65f072d4e8c310cb9de,3,apply,succeeded,1788381976.63281,1788381976.63526,1788382026.043455,,20,20
1788390795.887924,10,1,ghcr.io/talmolab/lablink-client-base-image:linux-amd64-test@sha256:1ec2fde6860186b3d45ac83890167258f83512955dbce65f072d4e8c310cb9de,4,destroy,succeeded,1788382875.148234,1788382875.150169,1788383194.833905,,20,20
1788390795.887924,10,1,ghcr.io/talmolab/lablink-client-base-image:linux-amd64-test@sha256:1ec2fde6860186b3d45ac83890167258f83512955dbce65f072d4e8c310cb9de,5,apply,succeeded,1788383308.62635,1788383308.629388,1788383361.88001,,35,35
1788390795.887924,10,1,ghcr.io/talmolab/lablink-client-base-image:linux-amd64-test@sha256:1ec2fde6860186b3d45ac83890167258f83512955dbce65f072d4e8c310cb9de,6,destroy,succeeded,1788384337.446569,1788384337.448163,1788384657.690712,,35,35
1788390795.887924,10,1,ghcr.io/talmolab/lablink-client-base-image:linux-amd64-test@sha256:1ec2fde6860186b3d45ac83890167258f83512955dbce65f072d4e8c310cb9de,7,apply,succeeded,1788384727.528365,1788384727.530681,1788384808.61864,,95,95
1788390795.887924,10,1,ghcr.io/talmolab/lablink-client-base-image:linux-amd64-test@sha256:1ec2fde6860186b3d45ac83890167258f83512955dbce65f072d4e8c310cb9de,8,destroy,succeeded,1788385076.969534,1788385076.971902,1788385973.63117,,95,95
1788390795.887924,10,1,ghcr.io/talmolab/lablink-client-base-image:linux-amd64-test@sha256:1ec2fde6860186b3d45ac83890167258f83512955dbce65f072d4e8c310cb9de,9,apply,succeeded,1788389407.309799,1788389407.313231,1788389454.98231,,20,20
1788390795.887924,10,1,ghcr.io/talmolab/lablink-client-base-image:linux-amd64-test@sha256:1ec2fde6860186b3d45ac83890167258f83512955dbce65f072d4e8c310cb9de,10,destroy,succeeded,1788390335.82657,1788390335.827949,1788390654.079952,,20,20
1788390795.887924,10,1,ghcr.io/talmolab/lablink-client-base-image:linux-amd64-test@sha256:1ec2fde6860186b3d45ac83890167258f83512955dbce65f072d4e8c310cb9de,11,apply,succeeded,1788390714.945026,1788390714.946521,1788390768.137505,,35,35
1788390800.916065,10,1,ghcr.io/talmolab/lablink-client-base-image:linux-amd64-test@sha256:1ec2fde6860186b3d45ac83890167258f83512955dbce65f072d4e8c310cb9de,1,apply,succeeded,1788380921.682491,1788380921.685047,1788380971.541328,,20,20
1788390800.916065,10,1,ghcr.io/talmolab/lablink-client-base-image:linux-amd64-test@sha256:1ec2fde6860186b3d45ac83890167258f83512955dbce65f072d4e8c310cb9de,2,destroy,succeeded,1788381612.379228,1788381612.381237,1788381939.351963,,20,20
1788390800.916065,10,1,ghcr.io/talmolab/lablink-client-base-image:linux-amd64-test@sha256:1ec2fde6860186b3d45ac83890167258f83512955dbce65f072d4e8c310cb9de,3,apply,succeeded,1788381976.63281,1788381976.63526,1788382026.043455,,20,20
1788390800.916065,10,1,ghcr.io/talmolab/lablink-client-base-image:linux-amd64-test@sha256:1ec2fde6860186b3d45ac83890167258f83512955dbce65f072d4e8c310cb9de,4,destroy,succeeded,1788382875.148234,1788382875.150169,1788383194.833905,,20,20
1788390800.916065,10,1,ghcr.io/talmolab/lablink-client-base-image:linux-amd64-test@sha256:1ec2fde6860186b3d45ac83890167258f83512955dbce65f072d4e8c310cb9de,5,apply,succeeded,1788383308.62635,1788383308.629388,1788383361.88001,,35,35
1788390800.916065,10,1,ghcr.io/talmolab/lablink-client-base-image:linux-amd64-test@sha256:1ec2fde6860186b3d45ac83890167258f83512955dbce65f072d4e8c310cb9de,6,destroy,succeeded,1788384337.446569,1788384337.448163,1788384657.690712,,35,35
1788390800.916065,10,1,ghcr.io/talmolab/lablink-client-base-image:linux-amd64-test@sha256:1ec2fde6860186b3d45ac83890167258f83512955dbce65f072d4e8c310cb9de,7,apply,succeeded,1788384727.528365,1788384727.530681,1788384808.61864,,95,95
1788390800.916065,10,1,ghcr.io/talmolab/lablink-client-base-image:linux-amd64-test@sha256:1ec2fde6860186b3d45ac83890167258f83512955dbce65f072d4e8c310cb9de,8,destroy,succeeded,1788385076.969534,1788385076.971902,1788385973.63117,,95,95
1788390800.916065,10,1,ghcr.io/talmolab/lablink-client-base-image:linux-amd64-test@sha256:1ec2fde6860186b3d45ac83890167258f83512955dbce65f072d4e8c310cb9de,9,apply,succeeded,1788389407.309799,1788389407.313231,1788389454.98231,,20,20
1788390800.916065,10,1,ghcr.io/talmolab/lablink-client-base-image:linux-amd64-test@sha256:1ec2fde6860186b3d45ac83890167258f83512955dbce65f072d4e8c310cb9de,10,destroy,succeeded,1788390335.82657,1788390335.827949,1788390654.079952,,20,20
1788390800.916065,10,1,ghcr.io/talmolab/lablink-client-base-image:linux-amd64-test@sha256:1ec2fde6860186b3d45ac83890167258f83512955dbce65f072d4e8c310cb9de,11,apply,succeeded,1788390714.945026,1788390714.946521,1788390768.137505,,35,35
1788390805.847473,10,1,ghcr.io/talmolab/lablink-client-base-image:linux-amd64-test@sha256:1ec2fde6860186b3d45ac83890167258f83512955dbce65f072d4e8c310cb9de,1,apply,succeeded,1788380921.682491,1788380921.685047,1788380971.541328,,20,20
1788390805.847473,10,1,ghcr.io/talmolab/lablink-client-base-image:linux-amd64-test@sha256:1ec2fde6860186b3d45ac83890167258f83512955dbce65f072d4e8c310cb9de,2,destroy,succeeded,1788381612.379228,1788381612.381237,1788381939.351963,,20,20
1788390805.847473,10,1,ghcr.io/talmolab/lablink-client-base-image:linux-amd64-test@sha256:1ec2fde6860186b3d45ac83890167258f83512955dbce65f072d4e8c310cb9de,3,apply,succeeded,1788381976.63281,1788381976.63526,1788382026.043455,,20,20
1788390805.847473,10,1,ghcr.io/talmolab/lablink-client-base-image:linux-amd64-test@sha256:1ec2fde6860186b3d45ac83890167258f83512955dbce65f072d4e8c310cb9de,4,destroy,succeeded,1788382875.148234,1788382875.150169,1788383194.833905,,20,20
1788390805.847473,10,1,ghcr.io/talmolab/lablink-client-base-image:linux-amd64-test@sha256:1ec2fde6860186b3d45ac83890167258f83512955dbce65f072d4e8c310cb9de,5,apply,succeeded,1788383308.62635,1788383308.629388,1788383361.88001,,35,35
1788390805.847473,10,1,ghcr.io/talmolab/lablink-client-base-image:linux-amd64-test@sha256:1ec2fde6860186b3d45ac83890167258f83512955dbce65f072d4e8c310cb9de,6,destroy,succeeded,1788384337.446569,1788384337.448163,1788384657.690712,,35,35
1788390805.847473,10,1,ghcr.io/talmolab/lablink-client-base-image:linux-amd64-test@sha256:1ec2fde6860186b3d45ac83890167258f83512955dbce65f072d4e8c310cb9de,7,apply,succeeded,1788384727.528365,1788384727.530681,1788384808.61864,,95,95
1788390805.847473,10,1,ghcr.io/talmolab/lablink-client-base-image:linux-amd64-test@sha256:1ec2fde6860186b3d45ac83890167258f83512955dbce65f072d4e8c310cb9de,8,destroy,succeeded,1788385076.969534,1788385076.971902,1788385973.63117,,95,95
1788390805.847473,10,1,ghcr.io/talmolab/lablink-client-base-image:linux-amd64-test@sha256:1ec2fde6860186b3d45ac83890167258f83512955dbce65f072d4e8c310cb9de,9,apply,succeeded,1788389407.309799,1788389407.313231,1788389454.98231,,20,20
1788390805.847473,10,1,ghcr.io/talmolab/lablink-client-base-image:linux-amd64-test@sha256:1ec2fde6860186b3d45ac83890167258f83512955dbce65f072d4e8c310cb9de,10,destroy,succeeded,1788390335.82657,1788390335.827949,1788390654.079952,,20,20
1788390805.847473,10,1,ghcr.io/talmolab/lablink-client-base-image:linux-amd64-test@sha256:1ec2fde6860186b3d45ac83890167258f83512955dbce65f072d4e8c310cb9de,11,apply,succeeded,1788390714.945026,1788390714.946521,1788390768.137505,,35,35
1788390810.95139,10,1,ghcr.io/talmolab/lablink-client-base-image:linux-amd64-test@sha256:1ec2fde6860186b3d45ac83890167258f83512955dbce65f072d4e8c310cb9de,1,apply,succeeded,1788380921.682491,1788380921.685047,1788380971.541328,,20,20
1788390810.95139,10,1,ghcr.io/talmolab/lablink-client-base-image:linux-amd64-test@sha256:1ec2fde6860186b3d45ac83890167258f83512955dbce65f072d4e8c310cb9de,2,destroy,succeeded,1788381612.379228,1788381612.381237,1788381939.351963,,20,20
1788390810.95139,10,1,ghcr.io/talmolab/lablink-client-base-image:linux-amd64-test@sha256:1ec2fde6860186b3d45ac83890167258f83512955dbce65f072d4e8c310cb9de,3,apply,succeeded,1788381976.63281,1788381976.63526,1788382026.043455,,20,20
1788390810.95139,10,1,ghcr.io/talmolab/lablink-client-base-image:linux-amd64-test@sha256:1ec2fde6860186b3d45ac83890167258f83512955dbce65f072d4e8c310cb9de,4,destroy,succeeded,1788382875.148234,1788382875.150169,1788383194.833905,,20,20
1788390810.95139,10,1,ghcr.io/talmolab/lablink-client-base-image:linux-amd64-test@sha256:1ec2fde6860186b3d45ac83890167258f83512955dbce65f072d4e8c310cb9de,5,apply,succeeded,1788383308.62635,1788383308.629388,1788383361.88001,,35,35
1788390810.95139,10,1,ghcr.io/talmolab/lablink-client-base-image:linux-amd64-test@sha256:1ec2fde6860186b3d45ac83890167258f83512955dbce65f072d4e8c310cb9de,6,destroy,succeeded,1788384337.446569,1788384337.448163,1788384657.690712,,35,35
1788390810.95139,10,1,ghcr.io/talmolab/lablink-client-base-image:linux-amd64-test@sha256:1ec2fde6860186b3d45ac83890167258f83512955dbce65f072d4e8c310cb9de,7,apply,succeeded,1788384727.528365,1788384727.530681,1788384808.61864,,95,95
1788390810.95139,10,1,ghcr.io/talmolab/lablink-client-base-image:linux-amd64-test@sha256:1ec2fde6860186b3d45ac83890167258f83512955dbce65f072d4e8c310cb9de,8,destroy,succeeded,1788385076.969534,1788385076.971902,1788385973.63117,,95,95
1788390810.95139,10,1,ghcr.io/talmolab/lablink-client-base-image:linux-amd64-test@sha256:1ec2fde6860186b3d45ac83890167258f83512955dbce65f072d4e8c310cb9de,9,apply,succeeded,1788389407.309799,1788389407.313231,1788389454.98231,,20,20
1788390810.95139,10,1,ghcr.io/talmolab/lablink-client-base-image:linux-amd64-test@sha256:1ec2fde6860186b3d45ac83890167258f83512955dbce65f072d4e8c310cb9de,10,destroy,succeeded,1788390335.82657,1788390335.827949,1788390654.079952,,20,20
1788390810.95139,10,1,ghcr.io/talmolab/lablink-client-base-image:linux-amd64-test@sha256:1ec2fde6860186b3d45ac83890167258f83512955dbce65f072d4e8c310cb9de,11,apply,succeeded,1788390714.945026,1788390714.946521,1788390768.137505,,35,35
1788390816.8640692,10,1,ghcr.io/talmolab/lablink-client-base-image:linux-amd64-test@sha256:1ec2fde6860186b3d45ac83890167258f83512955dbce65f072d4e8c310cb9de,1,apply,succeeded,1788380921.682491,1788380921.685047,1788380971.541328,,20,20
1788390816.8640692,10,1,ghcr.io/talmolab/lablink-client-base-image:linux-amd64-test@sha256:1ec2fde6860186b3d45ac83890167258f83512955dbce65f072d4e8c310cb9de,2,destroy,succeeded,1788381612.379228,1788381612.381237,1788381939.351963,,20,20
1788390816.8640692,10,1,ghcr.io/talmolab/lablink-client-base-image:linux-amd64-test@sha256:1ec2fde6860186b3d45ac83890167258f83512955dbce65f072d4e8c310cb9de,3,apply,succeeded,1788381976.63281,1788381976.63526,1788382026.043455,,20,20
1788390816.8640692,10,1,ghcr.io/talmolab/lablink-client-base-image:linux-amd64-test@sha256:1ec2fde6860186b3d45ac83890167258f83512955dbce65f072d4e8c310cb9de,4,destroy,succeeded,1788382875.148234,1788382875.150169,1788383194.833905,,20,20
1788390816.8640692,10,1,ghcr.io/talmolab/lablink-client-base-image:linux-amd64-test@sha256:1ec2fde6860186b3d45ac83890167258f83512955dbce65f072d4e8c310cb9de,5,apply,succeeded,1788383308.62635,1788383308.629388,1788383361.88001,,35,35
1788390816.8640692,10,1,ghcr.io/talmolab/lablink-client-base-image:linux-amd64-test@sha256:1ec2fde6860186b3d45ac83890167258f83512955dbce65f072d4e8c310cb9de,6,destroy,succeeded,1788384337.446569,1788384337.448163,1788384657.690712,,35,35
1788390816.8640692,10,1,ghcr.io/talmolab/lablink-client-base-image:linux-amd64-test@sha256:1ec2fde6860186b3d45ac83890167258f83512955dbce65f072d4e8c310cb9de,7,apply,succeeded,1788384727.528365,1788384727.530681,1788384808.61864,,95,95
1788390816.8640692,10,1,ghcr.io/talmolab/lablink-client-base-image:linux-amd64-test@sha256:1ec2fde6860186b3d45ac83890167258f83512955dbce65f072d4e8c310cb9de,8,destroy,succeeded,1788385076.969534,1788385076.971902,1788385973.63117,,95,95
1788390816.8640692,10,1,ghcr.io/talmolab/lablink-client-base-image:linux-amd64-test@sha256:1ec2fde6860186b3d45ac83890167258f83512955dbce65f072d4e8c310cb9de,9,apply,succeeded,1788389407.309799,1788389407.313231,1788389454.98231,,20,20
1788390816.8640692,10,1,ghcr.io/talmolab/lablink-client-base-image:linux-amd64-test@sha256:1ec2fde6860186b3d45ac83890167258f83512955dbce65f072d4e8c310cb9de,10,destroy,succeeded,1788390335.82657,1788390335.827949,1788390654.079952,,20,20
1788390816.8640692,10,1,ghcr.io/talmolab/lablink-client-base-image:linux-amd64-test@sha256:1ec2fde6860186b3d45ac83890167258f83512955dbce65f072d4e8c310cb9de,11,apply,succeeded,1788390714.945026,1788390714.946521,1788390768.137505,,35,35
1788390820.843421,10,1,ghcr.io/talmolab/lablink-client-base-image:linux-amd64-test@sha256:1ec2fde6860186b3d45ac83890167258f83512955dbce65f072d4e8c310cb9de,1,apply,succeeded,1788380921.682491,1788380921.685047,1788380971.541328,,20,20
1788390820.843421,10,1,ghcr.io/talmolab/lablink-client-base-image:linux-amd64-test@sha256:1ec2fde6860186b3d45ac83890167258f83512955dbce65f072d4e8c310cb9de,2,destroy,succeeded,1788381612.379228,1788381612.381237,1788381939.351963,,20,20
1788390820.843421,10,1,ghcr.io/talmolab/lablink-client-base-image:linux-amd64-test@sha256:1ec2fde6860186b3d45ac83890167258f83512955dbce65f072d4e8c310cb9de,3,apply,succeeded,1788381976.63281,1788381976.63526,1788382026.043455,,20,20
1788390820.843421,10,1,ghcr.io/talmolab/lablink-client-base-image:linux-amd64-test@sha256:1ec2fde6860186b3d45ac83890167258f83512955dbce65f072d4e8c310cb9de,4,destroy,succeeded,1788382875.148234,1788382875.150169,1788383194.833905,,20,20
1788390820.843421,10,1,ghcr.io/talmolab/lablink-client-base-image:linux-amd64-test@sha256:1ec2fde6860186b3d45ac83890167258f83512955dbce65f072d4e8c310cb9de,5,apply,succeeded,1788383308.62635,1788383308.629388,1788383361.88001,,35,35
1788390820.843421,10,1,ghcr.io/talmolab/lablink-client-base-image:linux-amd64-test@sha256:1ec2fde6860186b3d45ac83890167258f83512955dbce65f072d4e8c310cb9de,6,destroy,succeeded,1788384337.446569,1788384337.448163,1788384657.690712,,35,35
1788390820.843421,10,1,ghcr.io/talmolab/lablink-client-base-image:linux-amd64-test@sha256:1ec2fde6860186b3d45ac83890167258f83512955dbce65f072d4e8c310cb9de,7,apply,succeeded,1788384727.528365,1788384727.530681,1788384808.61864,,95,95
1788390820.843421,10,1,ghcr.io/talmolab/lablink-client-base-image:linux-amd64-test@sha256:1ec2fde6860186b3d45ac83890167258f83512955dbce65f072d4e8c310cb9de,8,destroy,succeeded,1788385076.969534,1788385076.971902,1788385973.63117,,95,95
1788390820.843421,10,1,ghcr.io/talmolab/lablink-client-base-image:linux-amd64-test@sha256:1ec2fde6860186b3d45ac83890167258f83512955dbce65f072d4e8c310cb9de,9,apply,succeeded,1788389407.309799,1788389407.313231,1788389454.98231,,20,20
1788390820.843421,10,1,ghcr.io/talmolab/lablink-client-base-image:linux-amd64-test@sha256:1ec2fde6860186b3d45ac83890167258f83512955dbce65f072d4e8c310cb9de,10,destroy,succeeded,1788390335.82657,1788390335.827949,1788390654.079952,,20,20
1788390820.843421,10,1,ghcr.io/talmolab/lablink-client-base-image:linux-amd64-test@sha256:1ec2fde6860186b3d45ac83890167258f83512955dbce65f072d4e8c310cb9de,11,apply,succeeded,1788390714.945026,1788390714.946521,1788390768.137505,,35,35
1788390825.858117,10,1,ghcr.io/talmolab/lablink-client-base-image:linux-amd64-test@sha256:1ec2fde6860186b3d45ac83890167258f83512955dbce65f072d4e8c310cb9de,1,apply,succeeded,1788380921.682491,1788380921.685047,1788380971.541328,,20,20
1788390825.858117,10,1,ghcr.io/talmolab/lablink-client-base-image:linux-amd64-test@sha256:1ec2fde6860186b3d45ac83890167258f83512955dbce65f072d4e8c310cb9de,2,destroy,succeeded,1788381612.379228,1788381612.381237,1788381939.351963,,20,20
1788390825.858117,10,1,ghcr.io/talmolab/lablink-client-base-image:linux-amd64-test@sha256:1ec2fde6860186b3d45ac83890167258f83512955dbce65f072d4e8c310cb9de,3,apply,succeeded,1788381976.63281,1788381976.63526,1788382026.043455,,20,20
1788390825.858117,10,1,ghcr.io/talmolab/lablink-client-base-image:linux-amd64-test@sha256:1ec2fde6860186b3d45ac83890167258f83512955dbce65f072d4e8c310cb9de,4,destroy,succeeded,1788382875.148234,1788382875.150169,1788383194.833905,,20,20
1788390825.858117,10,1,ghcr.io/talmolab/lablink-client-base-image:linux-amd64-test@sha256:1ec2fde6860186b3d45ac83890167258f83512955dbce65f072d4e8c310cb9de,5,apply,succeeded,1788383308.62635,1788383308.629388,1788383361.88001,,35,35
1788390825.858117,10,1,ghcr.io/talmolab/lablink-client-base-image:linux-amd64-test@sha256:1ec2fde6860186b3d45ac83890167258f83512955dbce65f072d4e8c310cb9de,6,destroy,succeeded,1788384337.446569,1788384337.448163,1788384657.690712,,35,35
1788390825.858117,10,1,ghcr.io/talmolab/lablink-client-base-image:linux-amd64-test@sha256:1ec2fde6860186b3d45ac83890167258f83512955dbce65f072d4e8c310cb9de,7,apply,succeeded,1788384727.528365,1788384727.530681,1788384808.61864,,95,95
1788390825.858117,10,1,ghcr.io/talmolab/lablink-client-base-image:linux-amd64-test@sha256:1ec2fde6860186b3d45ac83890167258f83512955dbce65f072d4e8c310cb9de,8,destroy,succeeded,1788385076.969534,1788385076.971902,1788385973.63117,,95,95
1788390825.858117,10,1,ghcr.io/talmolab/lablink-client-base-image:linux-amd64-test@sha256:1ec2fde6860186b3d45ac83890167258f83512955dbce65f072d4e8c310cb9de,9,apply,succeeded,1788389407.309799,1788389407.313231,1788389454.98231,,20,20
1788390825.858117,10,1,ghcr.io/talmolab/lablink-client-base-image:linux-amd64-test@sha256:1ec2fde6860186b3d45ac83890167258f83512955dbce65f072d4e8c310cb9de,10,destroy,succeeded,1788390335.82657,1788390335.827949,1788390654.079952,,20,20
1788390825.858117,10,1,ghcr.io/talmolab/lablink-client-base-image:linux-amd64-test@sha256:1ec2fde6860186b3d45ac83890167258f83512955dbce65f072d4e8c310cb9de,11,apply,succeeded,1788390714.945026,1788390714.946521,1788390768.137505,,35,35
1788390830.842633,10,1,ghcr.io/talmolab/lablink-client-base-image:linux-amd64-test@sha256:1ec2fde6860186b3d45ac83890167258f83512955dbce65f072d4e8c310cb9de,1,apply,succeeded,1788380921.682491,1788380921.685047,1788380971.541328,,20,20
1788390830.842633,10,1,ghcr.io/talmolab/lablink-client-base-image:linux-amd64-test@sha256:1ec2fde6860186b3d45ac83890167258f83512955dbce65f072d4e8c310cb9de,2,destroy,succeeded,1788381612.379228,1788381612.381237,1788381939.351963,,20,20
1788390830.842633,10,1,ghcr.io/talmolab/lablink-client-base-image:linux-amd64-test@sha256:1ec2fde6860186b3d45ac83890167258f83512955dbce65f072d4e8c310cb9de,3,apply,succeeded,1788381976.63281,1788381976.63526,1788382026.043455,,20,20
1788390830.842633,10,1,ghcr.io/talmolab/lablink-client-base-image:linux-amd64-test@sha256:1ec2fde6860186b3d45ac83890167258f83512955dbce65f072d4e8c310cb9de,4,destroy,succeeded,1788382875.148234,1788382875.150169,1788383194.833905,,20,20
1788390830.842633,10,1,ghcr.io/talmolab/lablink-client-base-image:linux-amd64-test@sha256:1ec2fde6860186b3d45ac83890167258f83512955dbce65f072d4e8c310cb9de,5,apply,succeeded,1788383308.62635,1788383308.629388,1788383361.88001,,35,35
1788390830.842633,10,1,ghcr.io/talmolab/lablink-client-base-image:linux-amd64-test@sha256:1ec2fde6860186b3d45ac83890167258f83512955dbce65f072d4e8c310cb9de,6,destroy,succeeded,1788384337.446569,1788384337.448163,1788384657.690712,,35,35
1788390830.842633,10,1,ghcr.io/talmolab/lablink-client-base-image:linux-amd64-test@sha256:1ec2fde6860186b3d45ac83890167258f83512955dbce65f072d4e8c310cb9de,7,apply,succeeded,1788384727.528365,1788384727.530681,1788384808.61864,,95,95
1788390830.842633,10,1,ghcr.io/talmolab/lablink-client-base-image:linux-amd64-test@sha256:1ec2fde6860186b3d45ac83890167258f83512955dbce65f072d4e8c310cb9de,8,destroy,succeeded,1788385076.969534,1788385076.971902,1788385973.63117,,95,95
1788390830.842633,10,1,ghcr.io/talmolab/lablink-client-base-image:linux-amd64-test@sha256:1ec2fde6860186b3d45ac83890167258f83512955dbce65f072d4e8c310cb9de,9,apply,succeeded,1788389407.309799,1788389407.313231,1788389454.98231,,20,20
1788390830.842633,10,1,ghcr.io/talmolab/lablink-client-base-image:linux-amd64-test@sha256:1ec2fde6860186b3d45ac83890167258f83512955dbce65f072d4e8c310cb9de,10,destroy,succeeded,1788390335.82657,1788390335.827949,1788390654.079952,,20,20
1788390830.842633,10,1,ghcr.io/talmolab/lablink-client-base-image:linux-amd64-test@sha256:1ec2fde6860186b3d45ac83890167258f83512955dbce65f072d4e8c310cb9de,11,apply,succeeded,1788390714.945026,1788390714.946521,1788390768.137505,,35,35
1788390835.867587,10,1,ghcr.io/talmolab/lablink-client-base-image:linux-amd64-test@sha256:1ec2fde6860186b3d45ac83890167258f83512955dbce65f072d4e8c310cb9de,1,apply,succeeded,1788380921.682491,1788380921.685047,1788380971.541328,,20,20
1788390835.867587,10,1,ghcr.io/talmolab/lablink-client-base-image:linux-amd64-test@sha256:1ec2fde6860186b3d45ac83890167258f83512955dbce65f072d4e8c310cb9de,2,destroy,succeeded,1788381612.379228,1788381612.381237,1788381939.351963,,20,20
1788390835.867587,10,1,ghcr.io/talmolab/lablink-client-base-image:linux-amd64-test@sha256:1ec2fde6860186b3d45ac83890167258f83512955dbce65f072d4e8c310cb9de,3,apply,succeeded,1788381976.63281,1788381976.63526,1788382026.043455,,20,20
1788390835.867587,10,1,ghcr.io/talmolab/lablink-client-base-image:linux-amd64-test@sha256:1ec2fde6860186b3d45ac83890167258f83512955dbce65f072d4e8c310cb9de,4,destroy,succeeded,1788382875.148234,1788382875.150169,1788383194.833905,,20,20
1788390835.867587,10,1,ghcr.io/talmolab/lablink-client-base-image:linux-amd64-test@sha256:1ec2fde6860186b3d45ac83890167258f83512955dbce65f072d4e8c310cb9de,5,apply,succeeded,1788383308.62635,1788383308.629388,1788383361.88001,,35,35
1788390835.867587,10,1,ghcr.io/talmolab/lablink-client-base-image:linux-amd64-test@sha256:1ec2fde6860186b3d45ac83890167258f83512955dbce65f072d4e8c310cb9de,6,destroy,succeeded,1788384337.446569,1788384337.448163,1788384657.690712,,35,35
1788390835.867587,10,1,ghcr.io/talmolab/lablink-client-base-image:linux-amd64-test@sha256:1ec2fde6860186b3d45ac83890167258f83512955dbce65f072d4e8c310cb9de,7,apply,succeeded,1788384727.528365,1788384727.530681,1788384808.61864,,95,95
1788390835.867587,10,1,ghcr.io/talmolab/lablink-client-base-image:linux-amd64-test@sha256:1ec2fde6860186b3d45ac83890167258f83512955dbce65f072d4e8c310cb9de,8,destroy,succeeded,1788385076.969534,1788385076.971902,1788385973.63117,,95,95
1788390835.867587,10,1,ghcr.io/talmolab/lablink-client-base-image:linux-amd64-test@sha256:1ec2fde6860186b3d45ac83890167258f83512955dbce65f072d4e8c310cb9de,9,apply,succeeded,1788389407.309799,1788389407.313231,1788389454.98231,,20,20
1788390835.867587,10,1,ghcr.io/talmolab/lablink-client-base-image:linux-amd64-test@sha256:1ec2fde6860186b3d45ac83890167258f83512955dbce65f072d4e8c310cb9de,10,destroy,succeeded,1788390335.82657,1788390335.827949,1788390654.079952,,20,20
1788390835.867587,10,1,ghcr.io/talmolab/lablink-client-base-image:linux-amd64-test@sha256:1ec2fde6860186b3d45ac83890167258f83512955dbce65f072d4e8c310cb9de,11,apply,succeeded,1788390714.945026,1788390714.946521,1788390768.137505,,35,35
1788390840.9998279,10,1,ghcr.io/talmolab/lablink-client-base-image:linux-amd64-test@sha256:1ec2fde6860186b3d45ac83890167258f83512955dbce65f072d4e8c310cb9de,1,apply,succeeded,1788380921.682491,1788380921.685047,1788380971.541328,,20,20
1788390840.9998279,10,1,ghcr.io/talmolab/lablink-client-base-image:linux-amd64-test@sha256:1ec2fde6860186b3d45ac83890167258f83512955dbce65f072d4e8c310cb9de,2,destroy,succeeded,1788381612.379228,1788381612.381237,1788381939.351963,,20,20
1788390840.9998279,10,1,ghcr.io/talmolab/lablink-client-base-image:linux-amd64-test@sha256:1ec2fde6860186b3d45ac83890167258f83512955dbce65f072d4e8c310cb9de,3,apply,succeeded,1788381976.63281,1788381976.63526,1788382026.043455,,20,20
1788390840.9998279,10,1,ghcr.io/talmolab/lablink-client-base-image:linux-amd64-test@sha256:1ec2fde6860186b3d45ac83890167258f83512955dbce65f072d4e8c310cb9de,4,destroy,succeeded,1788382875.148234,1788382875.150169,1788383194.833905,,20,20
1788390840.9998279,10,1,ghcr.io/talmolab/lablink-client-base-image:linux-amd64-test@sha256:1ec2fde6860186b3d45ac83890167258f83512955dbce65f072d4e8c310cb9de,5,apply,succeeded,1788383308.62635,1788383308.629388,1788383361.88001,,35,35
1788390840.9998279,10,1,ghcr.io/talmolab/lablink-client-base-image:linux-amd64-test@sha256:1ec2fde6860186b3d45ac83890167258f83512955dbce65f072d4e8c310cb9de,6,destroy,succeeded,1788384337.446569,1788384337.448163,1788384657.690712,,35,35
1788390840.9998279,10,1,ghcr.io/talmolab/lablink-client-base-image:linux-amd64-test@sha256:1ec2fde6860186b3d45ac83890167258f83512955dbce65f072d4e8c310cb9de,7,apply,succeeded,1788384727.528365,1788384727.530681,1788384808.61864,,95,95
1788390840.9998279,10,1,ghcr.io/talmolab/lablink-client-base-image:linux-amd64-test@sha256:1ec2fde6860186b3d45ac83890167258f83512955dbce65f072d4e8c310cb9de,8,destroy,succeeded,1788385076.969534,1788385076.971902,1788385973.63117,,95,95
1788390840.9998279,10,1,ghcr.io/talmolab/lablink-client-base-image:linux-amd64-test@sha256:1ec2fde6860186b3d45ac83890167258f83512955dbce65f072d4e8c310cb9de,9,apply,succeeded,1788389407.309799,1788389407.313231,1788389454.98231,,20,20
1788390840.9998279,10,1,ghcr.io/talmolab/lablink-client-base-image:linux-amd64-test@sha256:1ec2fde6860186b3d45ac83890167258f83512955dbce65f072d4e8c310cb9de,10,destroy,succeeded,1788390335.82657,1788390335.827949,1788390654.079952,,20,20
1788390840.9998279,10,1,ghcr.io/talmolab/lablink-client-base-image:linux-amd64-test@sha256:1ec2fde6860186b3d45ac83890167258f83512955dbce65f072d4e8c310cb9de,11,apply,succeeded,1788390714.945026,1788390714.946521,1788390768.137505,,35,35
1788390846.3358772,10,1,ghcr.io/talmolab/lablink-client-base-image:linux-amd64-test@sha256:1ec2fde6860186b3d45ac83890167258f83512955dbce65f072d4e8c310cb9de,1,apply,succeeded,1788380921.682491,1788380921.685047,1788380971.541328,,20,20
1788390846.3358772,10,1,ghcr.io/talmolab/lablink-client-base-image:linux-amd64-test@sha256:1ec2fde6860186b3d45ac83890167258f83512955dbce65f072d4e8c310cb9de,2,destroy,succeeded,1788381612.379228,1788381612.381237,1788381939.351963,,20,20
1788390846.3358772,10,1,ghcr.io/talmolab/lablink-client-base-image:linux-amd64-test@sha256:1ec2fde6860186b3d45ac83890167258f83512955dbce65f072d4e8c310cb9de,3,apply,succeeded,1788381976.63281,1788381976.63526,1788382026.043455,,20,20
1788390846.3358772,10,1,ghcr.io/talmolab/lablink-client-base-image:linux-amd64-test@sha256:1ec2fde6860186b3d45ac83890167258f83512955dbce65f072d4e8c310cb9de,4,destroy,succeeded,1788382875.148234,1788382875.150169,1788383194.833905,,20,20
1788390846.3358772,10,1,ghcr.io/talmolab/lablink-client-base-image:linux-amd64-test@sha256:1ec2fde6860186b3d45ac83890167258f83512955dbce65f072d4e8c310cb9de,5,apply,succeeded,1788383308.62635,1788383308.629388,1788383361.88001,,35,35
1788390846.3358772,10,1,ghcr.io/talmolab/lablink-client-base-image:linux-amd64-test@sha256:1ec2fde6860186b3d45ac83890167258f83512955dbce65f072d4e8c310cb9de,6,destroy,succeeded,1788384337.446569,1788384337.448163,1788384657.690712,,35,35
1788390846.3358772,10,1,ghcr.io/talmolab/lablink-client-base-image:linux-amd64-test@sha256:1ec2fde6860186b3d45ac83890167258f83512955dbce65f072d4e8c310cb9de,7,apply,succeeded,1788384727.528365,1788384727.530681,1788384808.61864,,95,95
1788390846.3358772,10,1,ghcr.io/talmolab/lablink-client-base-image:linux-amd64-test@sha256:1ec2fde6860186b3d45ac83890167258f83512955dbce65f072d4e8c310cb9de,8,destroy,succeeded,1788385076.969534,1788385076.971902,1788385973.63117,,95,95
1788390846.3358772,10,1,ghcr.io/talmolab/lablink-client-base-image:linux-amd64-test@sha256:1ec2fde6860186b3d45ac83890167258f83512955dbce65f072d4e8c310cb9de,9,apply,succeeded,1788389407.309799,1788389407.313231,1788389454.98231,,20,20
1788390846.3358772,10,1,ghcr.io/talmolab/lablink-client-base-image:linux-amd64-test@sha256:1ec2fde6860186b3d45ac83890167258f83512955dbce65f072d4e8c310cb9de,10,destroy,succeeded,1788390335.82657,1788390335.827949,1788390654.079952,,20,20
1788390846.3358772,10,1,ghcr.io/talmolab/lablink-client-base-image:linux-amd64-test@sha256:1ec2fde6860186b3d45ac83890167258f83512955dbce65f072d4e8c310cb9de,11,apply,succeeded,1788390714.945026,1788390714.946521,1788390768.137505,,35,35
1788390850.939054,10,1,ghcr.io/talmolab/lablink-client-base-image:linux-amd64-test@sha256:1ec2fde6860186b3d45ac83890167258f83512955dbce65f072d4e8c310cb9de,1,apply,succeeded,1788380921.682491,1788380921.685047,1788380971.541328,,20,20
1788390850.939054,10,1,ghcr.io/talmolab/lablink-client-base-image:linux-amd64-test@sha256:1ec2fde6860186b3d45ac83890167258f83512955dbce65f072d4e8c310cb9de,2,destroy,succeeded,1788381612.379228,1788381612.381237,1788381939.351963,,20,20
1788390850.939054,10,1,ghcr.io/talmolab/lablink-client-base-image:linux-amd64-test@sha256:1ec2fde6860186b3d45ac83890167258f83512955dbce65f072d4e8c310cb9de,3,apply,succeeded,1788381976.63281,1788381976.63526,1788382026.043455,,20,20
1788390850.939054,10,1,ghcr.io/talmolab/lablink-client-base-image:linux-amd64-test@sha256:1ec2fde6860186b3d45ac83890167258f83512955dbce65f072d4e8c310cb9de,4,destroy,succeeded,1788382875.148234,1788382875.150169,1788383194.833905,,20,20
1788390850.939054,10,1,ghcr.io/talmolab/lablink-client-base-image:linux-amd64-test@sha256:1ec2fde6860186b3d45ac83890167258f83512955dbce65f072d4e8c310cb9de,5,apply,succeeded,1788383308.62635,1788383308.629388,1788383361.88001,,35,35
1788390850.939054,10,1,ghcr.io/talmolab/lablink-client-base-image:linux-amd64-test@sha256:1ec2fde6860186b3d45ac83890167258f83512955dbce65f072d4e8c310cb9de,6,destroy,succeeded,1788384337.446569,1788384337.448163,1788384657.690712,,35,35
1788390850.939054,10,1,ghcr.io/talmolab/lablink-client-base-image:linux-amd64-test@sha256:1ec2fde6860186b3d45ac83890167258f83512955dbce65f072d4e8c310cb9de,7,apply,succeeded,1788384727.528365,1788384727.530681,1788384808.61864,,95,95
1788390850.939054,10,1,ghcr.io/talmolab/lablink-client-base-image:linux-amd64-test@sha256:1ec2fde6860186b3d45ac83890167258f83512955dbce65f072d4e8c310cb9de,8,destroy,succeeded,1788385076.969534,1788385076.971902,1788385973.63117,,95,95
1788390850.939054,10,1,ghcr.io/talmolab/lablink-client-base-image:linux-amd64-test@sha256:1ec2fde6860186b3d45ac83890167258f83512955dbce65f072d4e8c310cb9de,9,apply,succeeded,1788389407.309799,1788389407.313231,1788389454.98231,,20,20
1788390850.939054,10,1,ghcr.io/talmolab/lablink-client-base-image:linux-amd64-test@sha256:1ec2fde6860186b3d45ac83890167258f83512955dbce65f072d4e8c310cb9de,10,destroy,succeeded,1788390335.82657,1788390335.827949,1788390654.079952,,20,20
1788390850.939054,10,1,ghcr.io/talmolab/lablink-client-base-image:linux-amd64-test@sha256:1ec2fde6860186b3d45ac83890167258f83512955dbce65f072d4e8c310cb9de,11,apply,succeeded,1788390714.945026,1788390714.946521,1788390768.137505,,35,35
1788390855.965288,10,1,ghcr.io/talmolab/lablink-client-base-image:linux-amd64-test@sha256:1ec2fde6860186b3d45ac83890167258f83512955dbce65f072d4e8c310cb9de,1,apply,succeeded,1788380921.682491,1788380921.685047,1788380971.541328,,20,20
1788390855.965288,10,1,ghcr.io/talmolab/lablink-client-base-image:linux-amd64-test@sha256:1ec2fde6860186b3d45ac83890167258f83512955dbce65f072d4e8c310cb9de,2,destroy,succeeded,1788381612.379228,1788381612.381237,1788381939.351963,,20,20
1788390855.965288,10,1,ghcr.io/talmolab/lablink-client-base-image:linux-amd64-test@sha256:1ec2fde6860186b3d45ac83890167258f83512955dbce65f072d4e8c310cb9de,3,apply,succeeded,1788381976.63281,1788381976.63526,1788382026.043455,,20,20
1788390855.965288,10,1,ghcr.io/talmolab/lablink-client-base-image:linux-amd64-test@sha256:1ec2fde6860186b3d45ac83890167258f83512955dbce65f072d4e8c310cb9de,4,destroy,succeeded,1788382875.148234,1788382875.150169,1788383194.833905,,20,20
1788390855.965288,10,1,ghcr.io/talmolab/lablink-client-base-image:linux-amd64-test@sha256:1ec2fde6860186b3d45ac83890167258f83512955dbce65f072d4e8c310cb9de,5,apply,succeeded,1788383308.62635,1788383308.629388,1788383361.88001,,35,35
1788390855.965288,10,1,ghcr.io/talmolab/lablink-client-base-image:linux-amd64-test@sha256:1ec2fde6860186b3d45ac83890167258f83512955dbce65f072d4e8c310cb9de,6,destroy,succeeded,1788384337.446569,1788384337.448163,1788384657.690712,,35,35
1788390855.965288,10,1,ghcr.io/talmolab/lablink-client-base-image:linux-amd64-test@sha256:1ec2fde6860186b3d45ac83890167258f83512955dbce65f072d4e8c310cb9de,7,apply,succeeded,1788384727.528365,1788384727.530681,1788384808.61864,,95,95
1788390855.965288,10,1,ghcr.io/talmolab/lablink-client-base-image:linux-amd64-test@sha256:1ec2fde6860186b3d45ac83890167258f83512955dbce65f072d4e8c310cb9de,8,destroy,succeeded,1788385076.969534,1788385076.971902,1788385973.63117,,95,95
1788390855.965288,10,1,ghcr.io/talmolab/lablink-client-base-image:linux-amd64-test@sha256:1ec2fde6860186b3d45ac83890167258f83512955dbce65f072d4e8c310cb9de,9,apply,succeeded,1788389407.309799,1788389407.313231,1788389454.98231,,20,20
1788390855.965288,10,1,ghcr.io/talmolab/lablink-client-base-image:linux-amd64-test@sha256:1ec2fde6860186b3d45ac83890167258f83512955dbce65f072d4e8c310cb9de,10,destroy,succeeded,1788390335.82657,1788390335.827949,1788390654.079952,,20,20
1788390855.965288,10,1,ghcr.io/talmolab/lablink-client-base-image:linux-amd64-test@sha256:1ec2fde6860186b3d45ac83890167258f83512955dbce65f072d4e8c310cb9de,11,apply,succeeded,1788390714.945026,1788390714.946521,1788390768.137505,,35,35
1788390860.897438,10,1,ghcr.io/talmolab/lablink-client-base-image:linux-amd64-test@sha256:1ec2fde6860186b3d45ac83890167258f83512955dbce65f072d4e8c310cb9de,1,apply,succeeded,1788380921.682491,1788380921.685047,1788380971.541328,,20,20
1788390860.897438,10,1,ghcr.io/talmolab/lablink-client-base-image:linux-amd64-test@sha256:1ec2fde6860186b3d45ac83890167258f83512955dbce65f072d4e8c310cb9de,2,destroy,succeeded,1788381612.379228,1788381612.381237,1788381939.351963,,20,20
1788390860.897438,10,1,ghcr.io/talmolab/lablink-client-base-image:linux-amd64-test@sha256:1ec2fde6860186b3d45ac83890167258f83512955dbce65f072d4e8c310cb9de,3,apply,succeeded,1788381976.63281,1788381976.63526,1788382026.043455,,20,20
1788390860.897438,10,1,ghcr.io/talmolab/lablink-client-base-image:linux-amd64-test@sha256:1ec2fde6860186b3d45ac83890167258f83512955dbce65f072d4e8c310cb9de,4,destroy,succeeded,1788382875.148234,1788382875.150169,1788383194.833905,,20,20
1788390860.897438,10,1,ghcr.io/talmolab/lablink-client-base-image:linux-amd64-test@sha256:1ec2fde6860186b3d45ac83890167258f83512955dbce65f072d4e8c310cb9de,5,apply,succeeded,1788383308.62635,1788383308.629388,1788383361.88001,,35,35
1788390860.897438,10,1,ghcr.io/talmolab/lablink-client-base-image:linux-amd64-test@sha256:1ec2fde6860186b3d45ac83890167258f83512955dbce65f072d4e8c310cb9de,6,destroy,succeeded,1788384337.446569,1788384337.448163,1788384657.690712,,35,35
1788390860.897438,10,1,ghcr.io/talmolab/lablink-client-base-image:linux-amd64-test@sha256:1ec2fde6860186b3d45ac83890167258f83512955dbce65f072d4e8c310cb9de,7,apply,succeeded,1788384727.528365,1788384727.530681,1788384808.61864,,95,95
1788390860.897438,10,1,ghcr.io/talmolab/lablink-client-base-image:linux-amd64-test@sha256:1ec2fde6860186b3d45ac83890167258f83512955dbce65f072d4e8c310cb9de,8,destroy,succeeded,1788385076.969534,1788385076.971902,1788385973.63117,,95,95
1788390860.897438,10,1,ghcr.io/talmolab/lablink-client-base-image:linux-amd64-test@sha256:1ec2fde6860186b3d45ac83890167258f83512955dbce65f072d4e8c310cb9de,9,apply,succeeded,1788389407.309799,1788389407.313231,1788389454.98231,,20,20
1788390860.897438,10,1,ghcr.io/talmolab/lablink-client-base-image:linux-amd64-test@sha256:1ec2fde6860186b3d45ac83890167258f83512955dbce65f072d4e8c310cb9de,10,destroy,succeeded,1788390335.82657,1788390335.827949,1788390654.079952,,20,20
1788390860.897438,10,1,ghcr.io/talmolab/lablink-client-base-image:linux-amd64-test@sha256:1ec2fde6860186b3d45ac83890167258f83512955dbce65f072d4e8c310cb9de,11,apply,succeeded,1788390714.945026,1788390714.946521,1788390768.137505,,35,35
1788390865.816449,10,1,ghcr.io/talmolab/lablink-client-base-image:linux-amd64-test@sha256:1ec2fde6860186b3d45ac83890167258f83512955dbce65f072d4e8c310cb9de,1,apply,succeeded,1788380921.682491,1788380921.685047,1788380971.541328,,20,20
1788390865.816449,10,1,ghcr.io/talmolab/lablink-client-base-image:linux-amd64-test@sha256:1ec2fde6860186b3d45ac83890167258f83512955dbce65f072d4e8c310cb9de,2,destroy,succeeded,1788381612.379228,1788381612.381237,1788381939.351963,,20,20
1788390865.816449,10,1,ghcr.io/talmolab/lablink-client-base-image:linux-amd64-test@sha256:1ec2fde6860186b3d45ac83890167258f83512955dbce65f072d4e8c310cb9de,3,apply,succeeded,1788381976.63281,1788381976.63526,1788382026.043455,,20,20
1788390865.816449,10,1,ghcr.io/talmolab/lablink-client-base-image:linux-amd64-test@sha256:1ec2fde6860186b3d45ac83890167258f83512955dbce65f072d4e8c310cb9de,4,destroy,succeeded,1788382875.148234,1788382875.150169,1788383194.833905,,20,20
1788390865.816449,10,1,ghcr.io/talmolab/lablink-client-base-image:linux-amd64-test@sha256:1ec2fde6860186b3d45ac83890167258f83512955dbce65f072d4e8c310cb9de,5,apply,succeeded,1788383308.62635,1788383308.629388,1788383361.88001,,35,35
1788390865.816449,10,1,ghcr.io/talmolab/lablink-client-base-image:linux-amd64-test@sha256:1ec2fde6860186b3d45ac83890167258f83512955dbce65f072d4e8c310cb9de,6,destroy,succeeded,1788384337.446569,1788384337.448163,1788384657.690712,,35,35
1788390865.816449,10,1,ghcr.io/talmolab/lablink-client-base-image:linux-amd64-test@sha256:1ec2fde6860186b3d45ac83890167258f83512955dbce65f072d4e8c310cb9de,7,apply,succeeded,1788384727.528365,1788384727.530681,1788384808.61864,,95,95
1788390865.816449,10,1,ghcr.io/talmolab/lablink-client-base-image:linux-amd64-test@sha256:1ec2fde6860186b3d45ac83890167258f83512955dbce65f072d4e8c310cb9de,8,destroy,succeeded,1788385076.969534,1788385076.971902,1788385973.63117,,95,95
1788390865.816449,10,1,ghcr.io/talmolab/lablink-client-base-image:linux-amd64-test@sha256:1ec2fde6860186b3d45ac83890167258f83512955dbce65f072d4e8c310cb9de,9,apply,succeeded,1788389407.309799,1788389407.313231,1788389454.98231,,20,20
1788390865.816449,10,1,ghcr.io/talmolab/lablink-client-base-image:linux-amd64-test@sha256:1ec2fde6860186b3d45ac83890167258f83512955dbce65f072d4e8c310cb9de,10,destroy,succeeded,1788390335.82657,1788390335.827949,1788390654.079952,,20,20
1788390865.816449,10,1,ghcr.io/talmolab/lablink-client-base-image:linux-amd64-test@sha256:1ec2fde6860186b3d45ac83890167258f83512955dbce65f072d4e8c310cb9de,11,apply,succeeded,1788390714.945026,1788390714.946521,1788390768.137505,,35,35
1788390870.855562,10,1,ghcr.io/talmolab/lablink-client-base-image:linux-amd64-test@sha256:1ec2fde6860186b3d45ac83890167258f83512955dbce65f072d4e8c310cb9de,1,apply,succeeded,1788380921.682491,1788380921.685047,1788380971.541328,,20,20
1788390870.855562,10,1,ghcr.io/talmolab/lablink-client-base-image:linux-amd64-test@sha256:1ec2fde6860186b3d45ac83890167258f83512955dbce65f072d4e8c310cb9de,2,destroy,succeeded,1788381612.379228,1788381612.381237,1788381939.351963,,20,20
1788390870.855562,10,1,ghcr.io/talmolab/lablink-client-base-image:linux-amd64-test@sha256:1ec2fde6860186b3d45ac83890167258f83512955dbce65f072d4e8c310cb9de,3,apply,succeeded,1788381976.63281,1788381976.63526,1788382026.043455,,20,20
1788390870.855562,10,1,ghcr.io/talmolab/lablink-client-base-image:linux-amd64-test@sha256:1ec2fde6860186b3d45ac83890167258f83512955dbce65f072d4e8c310cb9de,4,destroy,succeeded,1788382875.148234,1788382875.150169,1788383194.833905,,20,20
1788390870.855562,10,1,ghcr.io/talmolab/lablink-client-base-image:linux-amd64-test@sha256:1ec2fde6860186b3d45ac83890167258f83512955dbce65f072d4e8c310cb9de,5,apply,succeeded,1788383308.62635,1788383308.629388,1788383361.88001,,35,35
1788390870.855562,10,1,ghcr.io/talmolab/lablink-client-base-image:linux-amd64-test@sha256:1ec2fde6860186b3d45ac83890167258f83512955dbce65f072d4e8c310cb9de,6,destroy,succeeded,1788384337.446569,1788384337.448163,1788384657.690712,,35,35
1788390870.855562,10,1,ghcr.io/talmolab/lablink-client-base-image:linux-amd64-test@sha256:1ec2fde6860186b3d45ac83890167258f83512955dbce65f072d4e8c310cb9de,7,apply,succeeded,1788384727.528365,1788384727.530681,1788384808.61864,,95,95
1788390870.855562,10,1,ghcr.io/talmolab/lablink-client-base-image:linux-amd64-test@sha256:1ec2fde6860186b3d45ac83890167258f83512955dbce65f072d4e8c310cb9de,8,destroy,succeeded,1788385076.969534,1788385076.971902,1788385973.63117,,95,95
1788390870.855562,10,1,ghcr.io/talmolab/lablink-client-base-image:linux-amd64-test@sha256:1ec2fde6860186b3d45ac83890167258f83512955dbce65f072d4e8c310cb9de,9,apply,succeeded,1788389407.309799,1788389407.313231,1788389454.98231,,20,20
1788390870.855562,10,1,ghcr.io/talmolab/lablink-client-base-image:linux-amd64-test@sha256:1ec2fde6860186b3d45ac83890167258f83512955dbce65f072d4e8c310cb9de,10,destroy,succeeded,1788390335.82657,1788390335.827949,1788390654.079952,,20,20
1788390870.855562,10,1,ghcr.io/talmolab/lablink-client-base-image:linux-amd64-test@sha256:1ec2fde6860186b3d45ac83890167258f83512955dbce65f072d4e8c310cb9de,11,apply,succeeded,1788390714.945026,1788390714.946521,1788390768.137505,,35,35
1788390875.886164,10,1,ghcr.io/talmolab/lablink-client-base-image:linux-amd64-test@sha256:1ec2fde6860186b3d45ac83890167258f83512955dbce65f072d4e8c310cb9de,1,apply,succeeded,1788380921.682491,1788380921.685047,1788380971.541328,,20,20
1788390875.886164,10,1,ghcr.io/talmolab/lablink-client-base-image:linux-amd64-test@sha256:1ec2fde6860186b3d45ac83890167258f83512955dbce65f072d4e8c310cb9de,2,destroy,succeeded,1788381612.379228,1788381612.381237,1788381939.351963,,20,20
1788390875.886164,10,1,ghcr.io/talmolab/lablink-client-base-image:linux-amd64-test@sha256:1ec2fde6860186b3d45ac83890167258f83512955dbce65f072d4e8c310cb9de,3,apply,succeeded,1788381976.63281,1788381976.63526,1788382026.043455,,20,20
1788390875.886164,10,1,ghcr.io/talmolab/lablink-client-base-image:linux-amd64-test@sha256:1ec2fde6860186b3d45ac83890167258f83512955dbce65f072d4e8c310cb9de,4,destroy,succeeded,1788382875.148234,1788382875.150169,1788383194.833905,,20,20
1788390875.886164,10,1,ghcr.io/talmolab/lablink-client-base-image:linux-amd64-test@sha256:1ec2fde6860186b3d45ac83890167258f83512955dbce65f072d4e8c310cb9de,5,apply,succeeded,1788383308.62635,1788383308.629388,1788383361.88001,,35,35
1788390875.886164,10,1,ghcr.io/talmolab/lablink-client-base-image:linux-amd64-test@sha256:1ec2fde6860186b3d45ac83890167258f83512955dbce65f072d4e8c310cb9de,6,destroy,succeeded,1788384337.446569,1788384337.448163,1788384657.690712,,35,35
1788390875.886164,10,1,ghcr.io/talmolab/lablink-client-base-image:linux-amd64-test@sha256:1ec2fde6860186b3d45ac83890167258f83512955dbce65f072d4e8c310cb9de,7,apply,succeeded,1788384727.528365,1788384727.530681,1788384808.61864,,95,95
1788390875.886164,10,1,ghcr.io/talmolab/lablink-client-base-image:linux-amd64-test@sha256:1ec2fde6860186b3d45ac83890167258f83512955dbce65f072d4e8c310cb9de,8,destroy,succeeded,1788385076.969534,1788385076.971902,1788385973.63117,,95,95
1788390875.886164,10,1,ghcr.io/talmolab/lablink-client-base-image:linux-amd64-test@sha256:1ec2fde6860186b3d45ac83890167258f83512955dbce65f072d4e8c310cb9de,9,apply,succeeded,1788389407.309799,1788389407.313231,1788389454.98231,,20,20
1788390875.886164,10,1,ghcr.io/talmolab/lablink-client-base-image:linux-amd64-test@sha256:1ec2fde6860186b3d45ac83890167258f83512955dbce65f072d4e8c310cb9de,10,destroy,succeeded,1788390335.82657,1788390335.827949,1788390654.079952,,20,20
1788390875.886164,10,1,ghcr.io/talmolab/lablink-client-base-image:linux-amd64-test@sha256:1ec2fde6860186b3d45ac83890167258f83512955dbce65f072d4e8c310cb9de,11,apply,succeeded,1788390714.945026,1788390714.946521,1788390768.137505,,35,35
1788390880.8608232,10,1,ghcr.io/talmolab/lablink-client-base-image:linux-amd64-test@sha256:1ec2fde6860186b3d45ac83890167258f83512955dbce65f072d4e8c310cb9de,1,apply,succeeded,1788380921.682491,1788380921.685047,1788380971.541328,,20,20
1788390880.8608232,10,1,ghcr.io/talmolab/lablink-client-base-image:linux-amd64-test@sha256:1ec2fde6860186b3d45ac83890167258f83512955dbce65f072d4e8c310cb9de,2,destroy,succeeded,1788381612.379228,1788381612.381237,1788381939.351963,,20,20
1788390880.8608232,10,1,ghcr.io/talmolab/lablink-client-base-image:linux-amd64-test@sha256:1ec2fde6860186b3d45ac83890167258f83512955dbce65f072d4e8c310cb9de,3,apply,succeeded,1788381976.63281,1788381976.63526,1788382026.043455,,20,20
1788390880.8608232,10,1,ghcr.io/talmolab/lablink-client-base-image:linux-amd64-test@sha256:1ec2fde6860186b3d45ac83890167258f83512955dbce65f072d4e8c310cb9de,4,destroy,succeeded,1788382875.148234,1788382875.150169,1788383194.833905,,20,20
1788390880.8608232,10,1,ghcr.io/talmolab/lablink-client-base-image:linux-amd64-test@sha256:1ec2fde6860186b3d45ac83890167258f83512955dbce65f072d4e8c310cb9de,5,apply,succeeded,1788383308.62635,1788383308.629388,1788383361.88001,,35,35
1788390880.8608232,10,1,ghcr.io/talmolab/lablink-client-base-image:linux-amd64-test@sha256:1ec2fde6860186b3d45ac83890167258f83512955dbce65f072d4e8c310cb9de,6,destroy,succeeded,1788384337.446569,1788384337.448163,1788384657.690712,,35,35
1788390880.8608232,10,1,ghcr.io/talmolab/lablink-client-base-image:linux-amd64-test@sha256:1ec2fde6860186b3d45ac83890167258f83512955dbce65f072d4e8c310cb9de,7,apply,succeeded,1788384727.528365,1788384727.530681,1788384808.61864,,95,95
1788390880.8608232,10,1,ghcr.io/talmolab/lablink-client-base-image:linux-amd64-test@sha256:1ec2fde6860186b3d45ac83890167258f83512955dbce65f072d4e8c310cb9de,8,destroy,succeeded,1788385076.969534,1788385076.971902,1788385973.63117,,95,95
1788390880.8608232,10,1,ghcr.io/talmolab/lablink-client-base-image:linux-amd64-test@sha256:1ec2fde6860186b3d45ac83890167258f83512955dbce65f072d4e8c310cb9de,9,apply,succeeded,1788389407.309799,1788389407.313231,1788389454.98231,,20,20
1788390880.8608232,10,1,ghcr.io/talmolab/lablink-client-base-image:linux-amd64-test@sha256:1ec2fde6860186b3d45ac83890167258f83512955dbce65f072d4e8c310cb9de,10,destroy,succeeded,1788390335.82657,1788390335.827949,1788390654.079952,,20,20
1788390880.8608232,10,1,ghcr.io/talmolab/lablink-client-base-image:linux-amd64-test@sha256:1ec2fde6860186b3d45ac83890167258f83512955dbce65f072d4e8c310cb9de,11,apply,succeeded,1788390714.945026,1788390714.946521,1788390768.137505,,35,35
1788390885.9408362,10,1,ghcr.io/talmolab/lablink-client-base-image:linux-amd64-test@sha256:1ec2fde6860186b3d45ac83890167258f83512955dbce65f072d4e8c310cb9de,1,apply,succeeded,1788380921.682491,1788380921.685047,1788380971.541328,,20,20
1788390885.9408362,10,1,ghcr.io/talmolab/lablink-client-base-image:linux-amd64-test@sha256:1ec2fde6860186b3d45ac83890167258f83512955dbce65f072d4e8c310cb9de,2,destroy,succeeded,1788381612.379228,1788381612.381237,1788381939.351963,,20,20
1788390885.9408362,10,1,ghcr.io/talmolab/lablink-client-base-image:linux-amd64-test@sha256:1ec2fde6860186b3d45ac83890167258f83512955dbce65f072d4e8c310cb9de,3,apply,succeeded,1788381976.63281,1788381976.63526,1788382026.043455,,20,20
1788390885.9408362,10,1,ghcr.io/talmolab/lablink-client-base-image:linux-amd64-test@sha256:1ec2fde6860186b3d45ac83890167258f83512955dbce65f072d4e8c310cb9de,4,destroy,succeeded,1788382875.148234,1788382875.150169,1788383194.833905,,20,20
1788390885.9408362,10,1,ghcr.io/talmolab/lablink-client-base-image:linux-amd64-test@sha256:1ec2fde6860186b3d45ac83890167258f83512955dbce65f072d4e8c310cb9de,5,apply,succeeded,1788383308.62635,1788383308.629388,1788383361.88001,,35,35
1788390885.9408362,10,1,ghcr.io/talmolab/lablink-client-base-image:linux-amd64-test@sha256:1ec2fde6860186b3d45ac83890167258f83512955dbce65f072d4e8c310cb9de,6,destroy,succeeded,1788384337.446569,1788384337.448163,1788384657.690712,,35,35
1788390885.9408362,10,1,ghcr.io/talmolab/lablink-client-base-image:linux-amd64-test@sha256:1ec2fde6860186b3d45ac83890167258f83512955dbce65f072d4e8c310cb9de,7,apply,succeeded,1788384727.528365,1788384727.530681,1788384808.61864,,95,95
1788390885.9408362,10,1,ghcr.io/talmolab/lablink-client-base-image:linux-amd64-test@sha256:1ec2fde6860186b3d45ac83890167258f83512955dbce65f072d4e8c310cb9de,8,destroy,succeeded,1788385076.969534,1788385076.971902,1788385973.63117,,95,95
1788390885.9408362,10,1,ghcr.io/talmolab/lablink-client-base-image:linux-amd64-test@sha256:1ec2fde6860186b3d45ac83890167258f83512955dbce65f072d4e8c310cb9de,9,apply,succeeded,1788389407.309799,1788389407.313231,1788389454.98231,,20,20
1788390885.9408362,10,1,ghcr.io/talmolab/lablink-client-base-image:linux-amd64-test@sha256:1ec2fde6860186b3d45ac83890167258f83512955dbce65f072d4e8c310cb9de,10,destroy,succeeded,1788390335.82657,1788390335.827949,1788390654.079952,,20,20
1788390885.9408362,10,1,ghcr.io/talmolab/lablink-client-base-image:linux-amd64-test@sha256:1ec2fde6860186b3d45ac83890167258f83512955dbce65f072d4e8c310cb9de,11,apply,succeeded,1788390714.945026,1788390714.946521,1788390768.137505,,35,35
1788390890.917589,10,1,ghcr.io/talmolab/lablink-client-base-image:linux-amd64-test@sha256:1ec2fde6860186b3d45ac83890167258f83512955dbce65f072d4e8c310cb9de,1,apply,succeeded,1788380921.682491,1788380921.685047,1788380971.541328,,20,20
1788390890.917589,10,1,ghcr.io/talmolab/lablink-client-base-image:linux-amd64-test@sha256:1ec2fde6860186b3d45ac83890167258f83512955dbce65f072d4e8c310cb9de,2,destroy,succeeded,1788381612.379228,1788381612.381237,1788381939.351963,,20,20
1788390890.917589,10,1,ghcr.io/talmolab/lablink-client-base-image:linux-amd64-test@sha256:1ec2fde6860186b3d45ac83890167258f83512955dbce65f072d4e8c310cb9de,3,apply,succeeded,1788381976.63281,1788381976.63526,1788382026.043455,,20,20
1788390890.917589,10,1,ghcr.io/talmolab/lablink-client-base-image:linux-amd64-test@sha256:1ec2fde6860186b3d45ac83890167258f83512955dbce65f072d4e8c310cb9de,4,destroy,succeeded,1788382875.148234,1788382875.150169,1788383194.833905,,20,20
1788390890.917589,10,1,ghcr.io/talmolab/lablink-client-base-image:linux-amd64-test@sha256:1ec2fde6860186b3d45ac83890167258f83512955dbce65f072d4e8c310cb9de,5,apply,succeeded,1788383308.62635,1788383308.629388,1788383361.88001,,35,35
1788390890.917589,10,1,ghcr.io/talmolab/lablink-client-base-image:linux-amd64-test@sha256:1ec2fde6860186b3d45ac83890167258f83512955dbce65f072d4e8c310cb9de,6,destroy,succeeded,1788384337.446569,1788384337.448163,1788384657.690712,,35,35
1788390890.917589,10,1,ghcr.io/talmolab/lablink-client-base-image:linux-amd64-test@sha256:1ec2fde6860186b3d45ac83890167258f83512955dbce65f072d4e8c310cb9de,7,apply,succeeded,1788384727.528365,1788384727.530681,1788384808.61864,,95,95
1788390890.917589,10,1,ghcr.io/talmolab/lablink-client-base-image:linux-amd64-test@sha256:1ec2fde6860186b3d45ac83890167258f83512955dbce65f072d4e8c310cb9de,8,destroy,succeeded,1788385076.969534,1788385076.971902,1788385973.63117,,95,95
1788390890.917589,10,1,ghcr.io/talmolab/lablink-client-base-image:linux-amd64-test@sha256:1ec2fde6860186b3d45ac83890167258f83512955dbce65f072d4e8c310cb9de,9,apply,succeeded,1788389407.309799,1788389407.313231,1788389454.98231,,20,20
1788390890.917589,10,1,ghcr.io/talmolab/lablink-client-base-image:linux-amd64-test@sha256:1ec2fde6860186b3d45ac83890167258f83512955dbce65f072d4e8c310cb9de,10,destroy,succeeded,1788390335.82657,1788390335.827949,1788390654.079952,,20,20
1788390890.917589,10,1,ghcr.io/talmolab/lablink-client-base-image:linux-amd64-test@sha256:1ec2fde6860186b3d45ac83890167258f83512955dbce65f072d4e8c310cb9de,11,apply,succeeded,1788390714.945026,1788390714.946521,1788390768.137505,,35,35
1788390895.987448,10,1,ghcr.io/talmolab/lablink-client-base-image:linux-amd64-test@sha256:1ec2fde6860186b3d45ac83890167258f83512955dbce65f072d4e8c310cb9de,1,apply,succeeded,1788380921.682491,1788380921.685047,1788380971.541328,,20,20
1788390895.987448,10,1,ghcr.io/talmolab/lablink-client-base-image:linux-amd64-test@sha256:1ec2fde6860186b3d45ac83890167258f83512955dbce65f072d4e8c310cb9de,2,destroy,succeeded,1788381612.379228,1788381612.381237,1788381939.351963,,20,20
1788390895.987448,10,1,ghcr.io/talmolab/lablink-client-base-image:linux-amd64-test@sha256:1ec2fde6860186b3d45ac83890167258f83512955dbce65f072d4e8c310cb9de,3,apply,succeeded,1788381976.63281,1788381976.63526,1788382026.043455,,20,20
1788390895.987448,10,1,ghcr.io/talmolab/lablink-client-base-image:linux-amd64-test@sha256:1ec2fde6860186b3d45ac83890167258f83512955dbce65f072d4e8c310cb9de,4,destroy,succeeded,1788382875.148234,1788382875.150169,1788383194.833905,,20,20
1788390895.987448,10,1,ghcr.io/talmolab/lablink-client-base-image:linux-amd64-test@sha256:1ec2fde6860186b3d45ac83890167258f83512955dbce65f072d4e8c310cb9de,5,apply,succeeded,1788383308.62635,1788383308.629388,1788383361.88001,,35,35
1788390895.987448,10,1,ghcr.io/talmolab/lablink-client-base-image:linux-amd64-test@sha256:1ec2fde6860186b3d45ac83890167258f83512955dbce65f072d4e8c310cb9de,6,destroy,succeeded,1788384337.446569,1788384337.448163,1788384657.690712,,35,35
1788390895.987448,10,1,ghcr.io/talmolab/lablink-client-base-image:linux-amd64-test@sha256:1ec2fde6860186b3d45ac83890167258f83512955dbce65f072d4e8c310cb9de,7,apply,succeeded,1788384727.528365,1788384727.530681,1788384808.61864,,95,95
1788390895.987448,10,1,ghcr.io/talmolab/lablink-client-base-image:linux-amd64-test@sha256:1ec2fde6860186b3d45ac83890167258f83512955dbce65f072d4e8c310cb9de,8,destroy,succeeded,1788385076.969534,1788385076.971902,1788385973.63117,,95,95
1788390895.987448,10,1,ghcr.io/talmolab/lablink-client-base-image:linux-amd64-test@sha256:1ec2fde6860186b3d45ac83890167258f83512955dbce65f072d4e8c310cb9de,9,apply,succeeded,1788389407.309799,1788389407.313231,1788389454.98231,,20,20
1788390895.987448,10,1,ghcr.io/talmolab/lablink-client-base-image:linux-amd64-test@sha256:1ec2fde6860186b3d45ac83890167258f83512955dbce65f072d4e8c310cb9de,10,destroy,succeeded,1788390335.82657,1788390335.827949,1788390654.079952,,20,20
1788390895.987448,10,1,ghcr.io/talmolab/lablink-client-base-image:linux-amd64-test@sha256:1ec2fde6860186b3d45ac83890167258f83512955dbce65f072d4e8c310cb9de,11,apply,succeeded,1788390714.945026,1788390714.946521,1788390768.137505,,35,35
1788390900.939397,10,1,ghcr.io/talmolab/lablink-client-base-image:linux-amd64-test@sha256:1ec2fde6860186b3d45ac83890167258f83512955dbce65f072d4e8c310cb9de,1,apply,succeeded,1788380921.682491,1788380921.685047,1788380971.541328,,20,20
1788390900.939397,10,1,ghcr.io/talmolab/lablink-client-base-image:linux-amd64-test@sha256:1ec2fde6860186b3d45ac83890167258f83512955dbce65f072d4e8c310cb9de,2,destroy,succeeded,1788381612.379228,1788381612.381237,1788381939.351963,,20,20
1788390900.939397,10,1,ghcr.io/talmolab/lablink-client-base-image:linux-amd64-test@sha256:1ec2fde6860186b3d45ac83890167258f83512955dbce65f072d4e8c310cb9de,3,apply,succeeded,1788381976.63281,1788381976.63526,1788382026.043455,,20,20
1788390900.939397,10,1,ghcr.io/talmolab/lablink-client-base-image:linux-amd64-test@sha256:1ec2fde6860186b3d45ac83890167258f83512955dbce65f072d4e8c310cb9de,4,destroy,succeeded,1788382875.148234,1788382875.150169,1788383194.833905,,20,20
1788390900.939397,10,1,ghcr.io/talmolab/lablink-client-base-image:linux-amd64-test@sha256:1ec2fde6860186b3d45ac83890167258f83512955dbce65f072d4e8c310cb9de,5,apply,succeeded,1788383308.62635,1788383308.629388,1788383361.88001,,35,35
1788390900.939397,10,1,ghcr.io/talmolab/lablink-client-base-image:linux-amd64-test@sha256:1ec2fde6860186b3d45ac83890167258f83512955dbce65f072d4e8c310cb9de,6,destroy,succeeded,1788384337.446569,1788384337.448163,1788384657.690712,,35,35
1788390900.939397,10,1,ghcr.io/talmolab/lablink-client-base-image:linux-amd64-test@sha256:1ec2fde6860186b3d45ac83890167258f83512955dbce65f072d4e8c310cb9de,7,apply,succeeded,1788384727.528365,1788384727.530681,1788384808.61864,,95,95
1788390900.939397,10,1,ghcr.io/talmolab/lablink-client-base-image:linux-amd64-test@sha256:1ec2fde6860186b3d45ac83890167258f83512955dbce65f072d4e8c310cb9de,8,destroy,succeeded,1788385076.969534,1788385076.971902,1788385973.63117,,95,95
1788390900.939397,10,1,ghcr.io/talmolab/lablink-client-base-image:linux-amd64-test@sha256:1ec2fde6860186b3d45ac83890167258f83512955dbce65f072d4e8c310cb9de,9,apply,succeeded,1788389407.309799,1788389407.313231,1788389454.98231,,20,20
1788390900.939397,10,1,ghcr.io/talmolab/lablink-client-base-image:linux-amd64-test@sha256:1ec2fde6860186b3d45ac83890167258f83512955dbce65f072d4e8c310cb9de,10,destroy,succeeded,1788390335.82657,1788390335.827949,1788390654.079952,,20,20
1788390900.939397,10,1,ghcr.io/talmolab/lablink-client-base-image:linux-amd64-test@sha256:1ec2fde6860186b3d45ac83890167258f83512955dbce65f072d4e8c310cb9de,11,apply,succeeded,1788390714.945026,1788390714.946521,1788390768.137505,,35,35
1788390905.9986749,10,1,ghcr.io/talmolab/lablink-client-base-image:linux-amd64-test@sha256:1ec2fde6860186b3d45ac83890167258f83512955dbce65f072d4e8c310cb9de,1,apply,succeeded,1788380921.682491,1788380921.685047,1788380971.541328,,20,20
1788390905.9986749,10,1,ghcr.io/talmolab/lablink-client-base-image:linux-amd64-test@sha256:1ec2fde6860186b3d45ac83890167258f83512955dbce65f072d4e8c310cb9de,2,destroy,succeeded,1788381612.379228,1788381612.381237,1788381939.351963,,20,20
1788390905.9986749,10,1,ghcr.io/talmolab/lablink-client-base-image:linux-amd64-test@sha256:1ec2fde6860186b3d45ac83890167258f83512955dbce65f072d4e8c310cb9de,3,apply,succeeded,1788381976.63281,1788381976.63526,1788382026.043455,,20,20
1788390905.9986749,10,1,ghcr.io/talmolab/lablink-client-base-image:linux-amd64-test@sha256:1ec2fde6860186b3d45ac83890167258f83512955dbce65f072d4e8c310cb9de,4,destroy,succeeded,1788382875.148234,1788382875.150169,1788383194.833905,,20,20
1788390905.9986749,10,1,ghcr.io/talmolab/lablink-client-base-image:linux-amd64-test@sha256:1ec2fde6860186b3d45ac83890167258f83512955dbce65f072d4e8c310cb9de,5,apply,succeeded,1788383308.62635,1788383308.629388,1788383361.88001,,35,35
1788390905.9986749,10,1,ghcr.io/talmolab/lablink-client-base-image:linux-amd64-test@sha256:1ec2fde6860186b3d45ac83890167258f83512955dbce65f072d4e8c310cb9de,6,destroy,succeeded,1788384337.446569,1788384337.448163,1788384657.690712,,35,35
1788390905.9986749,10,1,ghcr.io/talmolab/lablink-client-base-image:linux-amd64-test@sha256:1ec2fde6860186b3d45ac83890167258f83512955dbce65f072d4e8c310cb9de,7,apply,succeeded,1788384727.528365,1788384727.530681,1788384808.61864,,95,95
1788390905.9986749,10,1,ghcr.io/talmolab/lablink-client-base-image:linux-amd64-test@sha256:1ec2fde6860186b3d45ac83890167258f83512955dbce65f072d4e8c310cb9de,8,destroy,succeeded,1788385076.969534,1788385076.971902,1788385973.63117,,95,95
1788390905.9986749,10,1,ghcr.io/talmolab/lablink-client-base-image:linux-amd64-test@sha256:1ec2fde6860186b3d45ac83890167258f83512955dbce65f072d4e8c310cb9de,9,apply,succeeded,1788389407.309799,1788389407.313231,1788389454.98231,,20,20
1788390905.9986749,10,1,ghcr.io/talmolab/lablink-client-base-image:linux-amd64-test@sha256:1ec2fde6860186b3d45ac83890167258f83512955dbce65f072d4e8c310cb9de,10,destroy,succeeded,1788390335.82657,1788390335.827949,1788390654.079952,,20,20
1788390905.9986749,10,1,ghcr.io/talmolab/lablink-client-base-image:linux-amd64-test@sha256:1ec2fde6860186b3d45ac83890167258f83512955dbce65f072d4e8c310cb9de,11,apply,succeeded,1788390714.945026,1788390714.946521,1788390768.137505,,35,35
1788390911.259232,10,1,ghcr.io/talmolab/lablink-client-base-image:linux-amd64-test@sha256:1ec2fde6860186b3d45ac83890167258f83512955dbce65f072d4e8c310cb9de,1,apply,succeeded,1788380921.682491,1788380921.685047,1788380971.541328,,20,20
1788390911.259232,10,1,ghcr.io/talmolab/lablink-client-base-image:linux-amd64-test@sha256:1ec2fde6860186b3d45ac83890167258f83512955dbce65f072d4e8c310cb9de,2,destroy,succeeded,1788381612.379228,1788381612.381237,1788381939.351963,,20,20
1788390911.259232,10,1,ghcr.io/talmolab/lablink-client-base-image:linux-amd64-test@sha256:1ec2fde6860186b3d45ac83890167258f83512955dbce65f072d4e8c310cb9de,3,apply,succeeded,1788381976.63281,1788381976.63526,1788382026.043455,,20,20
1788390911.259232,10,1,ghcr.io/talmolab/lablink-client-base-image:linux-amd64-test@sha256:1ec2fde6860186b3d45ac83890167258f83512955dbce65f072d4e8c310cb9de,4,destroy,succeeded,1788382875.148234,1788382875.150169,1788383194.833905,,20,20
1788390911.259232,10,1,ghcr.io/talmolab/lablink-client-base-image:linux-amd64-test@sha256:1ec2fde6860186b3d45ac83890167258f83512955dbce65f072d4e8c310cb9de,5,apply,succeeded,1788383308.62635,1788383308.629388,1788383361.88001,,35,35
1788390911.259232,10,1,ghcr.io/talmolab/lablink-client-base-image:linux-amd64-test@sha256:1ec2fde6860186b3d45ac83890167258f83512955dbce65f072d4e8c310cb9de,6,destroy,succeeded,1788384337.446569,1788384337.448163,1788384657.690712,,35,35
1788390911.259232,10,1,ghcr.io/talmolab/lablink-client-base-image:linux-amd64-test@sha256:1ec2fde6860186b3d45ac83890167258f83512955dbce65f072d4e8c310cb9de,7,apply,succeeded,1788384727.528365,1788384727.530681,1788384808.61864,,95,95
1788390911.259232,10,1,ghcr.io/talmolab/lablink-client-base-image:linux-amd64-test@sha256:1ec2fde6860186b3d45ac83890167258f83512955dbce65f072d4e8c310cb9de,8,destroy,succeeded,1788385076.969534,1788385076.971902,1788385973.63117,,95,95
1788390911.259232,10,1,ghcr.io/talmolab/lablink-client-base-image:linux-amd64-test@sha256:1ec2fde6860186b3d45ac83890167258f83512955dbce65f072d4e8c310cb9de,9,apply,succeeded,1788389407.309799,1788389407.313231,1788389454.98231,,20,20
1788390911.259232,10,1,ghcr.io/talmolab/lablink-client-base-image:linux-amd64-test@sha256:1ec2fde6860186b3d45ac83890167258f83512955dbce65f072d4e8c310cb9de,10,destroy,succeeded,1788390335.82657,1788390335.827949,1788390654.079952,,20,20
1788390911.259232,10,1,ghcr.io/talmolab/lablink-client-base-image:linux-amd64-test@sha256:1ec2fde6860186b3d45ac83890167258f83512955dbce65f072d4e8c310cb9de,11,apply,succeeded,1788390714.945026,1788390714.946521,1788390768.137505,,35,35
1788390915.952723,10,1,ghcr.io/talmolab/lablink-client-base-image:linux-amd64-test@sha256:1ec2fde6860186b3d45ac83890167258f83512955dbce65f072d4e8c310cb9de,1,apply,succeeded,1788380921.682491,1788380921.685047,1788380971.541328,,20,20
1788390915.952723,10,1,ghcr.io/talmolab/lablink-client-base-image:linux-amd64-test@sha256:1ec2fde6860186b3d45ac83890167258f83512955dbce65f072d4e8c310cb9de,2,destroy,succeeded,1788381612.379228,1788381612.381237,1788381939.351963,,20,20
1788390915.952723,10,1,ghcr.io/talmolab/lablink-client-base-image:linux-amd64-test@sha256:1ec2fde6860186b3d45ac83890167258f83512955dbce65f072d4e8c310cb9de,3,apply,succeeded,1788381976.63281,1788381976.63526,1788382026.043455,,20,20
1788390915.952723,10,1,ghcr.io/talmolab/lablink-client-base-image:linux-amd64-test@sha256:1ec2fde6860186b3d45ac83890167258f83512955dbce65f072d4e8c310cb9de,4,destroy,succeeded,1788382875.148234,1788382875.150169,1788383194.833905,,20,20
1788390915.952723,10,1,ghcr.io/talmolab/lablink-client-base-image:linux-amd64-test@sha256:1ec2fde6860186b3d45ac83890167258f83512955dbce65f072d4e8c310cb9de,5,apply,succeeded,1788383308.62635,1788383308.629388,1788383361.88001,,35,35
1788390915.952723,10,1,ghcr.io/talmolab/lablink-client-base-image:linux-amd64-test@sha256:1ec2fde6860186b3d45ac83890167258f83512955dbce65f072d4e8c310cb9de,6,destroy,succeeded,1788384337.446569,1788384337.448163,1788384657.690712,,35,35
1788390915.952723,10,1,ghcr.io/talmolab/lablink-client-base-image:linux-amd64-test@sha256:1ec2fde6860186b3d45ac83890167258f83512955dbce65f072d4e8c310cb9de,7,apply,succeeded,1788384727.528365,1788384727.530681,1788384808.61864,,95,95
1788390915.952723,10,1,ghcr.io/talmolab/lablink-client-base-image:linux-amd64-test@sha256:1ec2fde6860186b3d45ac83890167258f83512955dbce65f072d4e8c310cb9de,8,destroy,succeeded,1788385076.969534,1788385076.971902,1788385973.63117,,95,95
1788390915.952723,10,1,ghcr.io/talmolab/lablink-client-base-image:linux-amd64-test@sha256:1ec2fde6860186b3d45ac83890167258f83512955dbce65f072d4e8c310cb9de,9,apply,succeeded,1788389407.309799,1788389407.313231,1788389454.98231,,20,20
1788390915.952723,10,1,ghcr.io/talmolab/lablink-client-base-image:linux-amd64-test@sha256:1ec2fde6860186b3d45ac83890167258f83512955dbce65f072d4e8c310cb9de,10,destroy,succeeded,1788390335.82657,1788390335.827949,1788390654.079952,,20,20
1788390915.952723,10,1,ghcr.io/talmolab/lablink-client-base-image:linux-amd64-test@sha256:1ec2fde6860186b3d45ac83890167258f83512955dbce65f072d4e8c310cb9de,11,apply,succeeded,1788390714.945026,1788390714.946521,1788390768.137505,,35,35
1788390920.973113,10,1,ghcr.io/talmolab/lablink-client-base-image:linux-amd64-test@sha256:1ec2fde6860186b3d45ac83890167258f83512955dbce65f072d4e8c310cb9de,1,apply,succeeded,1788380921.682491,1788380921.685047,1788380971.541328,,20,20
1788390920.973113,10,1,ghcr.io/talmolab/lablink-client-base-image:linux-amd64-test@sha256:1ec2fde6860186b3d45ac83890167258f83512955dbce65f072d4e8c310cb9de,2,destroy,succeeded,1788381612.379228,1788381612.381237,1788381939.351963,,20,20
1788390920.973113,10,1,ghcr.io/talmolab/lablink-client-base-image:linux-amd64-test@sha256:1ec2fde6860186b3d45ac83890167258f83512955dbce65f072d4e8c310cb9de,3,apply,succeeded,1788381976.63281,1788381976.63526,1788382026.043455,,20,20
1788390920.973113,10,1,ghcr.io/talmolab/lablink-client-base-image:linux-amd64-test@sha256:1ec2fde6860186b3d45ac83890167258f83512955dbce65f072d4e8c310cb9de,4,destroy,succeeded,1788382875.148234,1788382875.150169,1788383194.833905,,20,20
1788390920.973113,10,1,ghcr.io/talmolab/lablink-client-base-image:linux-amd64-test@sha256:1ec2fde6860186b3d45ac83890167258f83512955dbce65f072d4e8c310cb9de,5,apply,succeeded,1788383308.62635,1788383308.629388,1788383361.88001,,35,35
1788390920.973113,10,1,ghcr.io/talmolab/lablink-client-base-image:linux-amd64-test@sha256:1ec2fde6860186b3d45ac83890167258f83512955dbce65f072d4e8c310cb9de,6,destroy,succeeded,1788384337.446569,1788384337.448163,1788384657.690712,,35,35
1788390920.973113,10,1,ghcr.io/talmolab/lablink-client-base-image:linux-amd64-test@sha256:1ec2fde6860186b3d45ac83890167258f83512955dbce65f072d4e8c310cb9de,7,apply,succeeded,1788384727.528365,1788384727.530681,1788384808.61864,,95,95
1788390920.973113,10,1,ghcr.io/talmolab/lablink-client-base-image:linux-amd64-test@sha256:1ec2fde6860186b3d45ac83890167258f83512955dbce65f072d4e8c310cb9de,8,destroy,succeeded,1788385076.969534,1788385076.971902,1788385973.63117,,95,95
1788390920.973113,10,1,ghcr.io/talmolab/lablink-client-base-image:linux-amd64-test@sha256:1ec2fde6860186b3d45ac83890167258f83512955dbce65f072d4e8c310cb9de,9,apply,succeeded,1788389407.309799,1788389407.313231,1788389454.98231,,20,20
1788390920.973113,10,1,ghcr.io/talmolab/lablink-client-base-image:linux-amd64-test@sha256:1ec2fde6860186b3d45ac83890167258f83512955dbce65f072d4e8c310cb9de,10,destroy,succeeded,1788390335.82657,1788390335.827949,1788390654.079952,,20,20
1788390920.973113,10,1,ghcr.io/talmolab/lablink-client-base-image:linux-amd64-test@sha256:1ec2fde6860186b3d45ac83890167258f83512955dbce65f072d4e8c310cb9de,11,apply,succeeded,1788390714.945026,1788390714.946521,1788390768.137505,,35,35
1788390925.9539561,10,1,ghcr.io/talmolab/lablink-client-base-image:linux-amd64-test@sha256:1ec2fde6860186b3d45ac83890167258f83512955dbce65f072d4e8c310cb9de,1,apply,succeeded,1788380921.682491,1788380921.685047,1788380971.541328,,20,20
1788390925.9539561,10,1,ghcr.io/talmolab/lablink-client-base-image:linux-amd64-test@sha256:1ec2fde6860186b3d45ac83890167258f83512955dbce65f072d4e8c310cb9de,2,destroy,succeeded,1788381612.379228,1788381612.381237,1788381939.351963,,20,20
1788390925.9539561,10,1,ghcr.io/talmolab/lablink-client-base-image:linux-amd64-test@sha256:1ec2fde6860186b3d45ac83890167258f83512955dbce65f072d4e8c310cb9de,3,apply,succeeded,1788381976.63281,1788381976.63526,1788382026.043455,,20,20
1788390925.9539561,10,1,ghcr.io/talmolab/lablink-client-base-image:linux-amd64-test@sha256:1ec2fde6860186b3d45ac83890167258f83512955dbce65f072d4e8c310cb9de,4,destroy,succeeded,1788382875.148234,1788382875.150169,1788383194.833905,,20,20
1788390925.9539561,10,1,ghcr.io/talmolab/lablink-client-base-image:linux-amd64-test@sha256:1ec2fde6860186b3d45ac83890167258f83512955dbce65f072d4e8c310cb9de,5,apply,succeeded,1788383308.62635,1788383308.629388,1788383361.88001,,35,35
1788390925.9539561,10,1,ghcr.io/talmolab/lablink-client-base-image:linux-amd64-test@sha256:1ec2fde6860186b3d45ac83890167258f83512955dbce65f072d4e8c310cb9de,6,destroy,succeeded,1788384337.446569,1788384337.448163,1788384657.690712,,35,35
1788390925.9539561,10,1,ghcr.io/talmolab/lablink-client-base-image:linux-amd64-test@sha256:1ec2fde6860186b3d45ac83890167258f83512955dbce65f072d4e8c310cb9de,7,apply,succeeded,1788384727.528365,1788384727.530681,1788384808.61864,,95,95
1788390925.9539561,10,1,ghcr.io/talmolab/lablink-client-base-image:linux-amd64-test@sha256:1ec2fde6860186b3d45ac83890167258f83512955dbce65f072d4e8c310cb9de,8,destroy,succeeded,1788385076.969534,1788385076.971902,1788385973.63117,,95,95
1788390925.9539561,10,1,ghcr.io/talmolab/lablink-client-base-image:linux-amd64-test@sha256:1ec2fde6860186b3d45ac83890167258f83512955dbce65f072d4e8c310cb9de,9,apply,succeeded,1788389407.309799,1788389407.313231,1788389454.98231,,20,20
1788390925.9539561,10,1,ghcr.io/talmolab/lablink-client-base-image:linux-amd64-test@sha256:1ec2fde6860186b3d45ac83890167258f83512955dbce65f072d4e8c310cb9de,10,destroy,succeeded,1788390335.82657,1788390335.827949,1788390654.079952,,20,20
1788390925.9539561,10,1,ghcr.io/talmolab/lablink-client-base-image:linux-amd64-test@sha256:1ec2fde6860186b3d45ac83890167258f83512955dbce65f072d4e8c310cb9de,11,apply,succeeded,1788390714.945026,1788390714.946521,1788390768.137505,,35,35
1788390930.938245,10,1,ghcr.io/talmolab/lablink-client-base-image:linux-amd64-test@sha256:1ec2fde6860186b3d45ac83890167258f83512955dbce65f072d4e8c310cb9de,1,apply,succeeded,1788380921.682491,1788380921.685047,1788380971.541328,,20,20
1788390930.938245,10,1,ghcr.io/talmolab/lablink-client-base-image:linux-amd64-test@sha256:1ec2fde6860186b3d45ac83890167258f83512955dbce65f072d4e8c310cb9de,2,destroy,succeeded,1788381612.379228,1788381612.381237,1788381939.351963,,20,20
1788390930.938245,10,1,ghcr.io/talmolab/lablink-client-base-image:linux-amd64-test@sha256:1ec2fde6860186b3d45ac83890167258f83512955dbce65f072d4e8c310cb9de,3,apply,succeeded,1788381976.63281,1788381976.63526,1788382026.043455,,20,20
1788390930.938245,10,1,ghcr.io/talmolab/lablink-client-base-image:linux-amd64-test@sha256:1ec2fde6860186b3d45ac83890167258f83512955dbce65f072d4e8c310cb9de,4,destroy,succeeded,1788382875.148234,1788382875.150169,1788383194.833905,,20,20
1788390930.938245,10,1,ghcr.io/talmolab/lablink-client-base-image:linux-amd64-test@sha256:1ec2fde6860186b3d45ac83890167258f83512955dbce65f072d4e8c310cb9de,5,apply,succeeded,1788383308.62635,1788383308.629388,1788383361.88001,,35,35
1788390930.938245,10,1,ghcr.io/talmolab/lablink-client-base-image:linux-amd64-test@sha256:1ec2fde6860186b3d45ac83890167258f83512955dbce65f072d4e8c310cb9de,6,destroy,succeeded,1788384337.446569,1788384337.448163,1788384657.690712,,35,35
1788390930.938245,10,1,ghcr.io/talmolab/lablink-client-base-image:linux-amd64-test@sha256:1ec2fde6860186b3d45ac83890167258f83512955dbce65f072d4e8c310cb9de,7,apply,succeeded,1788384727.528365,1788384727.530681,1788384808.61864,,95,95
1788390930.938245,10,1,ghcr.io/talmolab/lablink-client-base-image:linux-amd64-test@sha256:1ec2fde6860186b3d45ac83890167258f83512955dbce65f072d4e8c310cb9de,8,destroy,succeeded,1788385076.969534,1788385076.971902,1788385973.63117,,95,95
1788390930.938245,10,1,ghcr.io/talmolab/lablink-client-base-image:linux-amd64-test@sha256:1ec2fde6860186b3d45ac83890167258f83512955dbce65f072d4e8c310cb9de,9,apply,succeeded,1788389407.309799,1788389407.313231,1788389454.98231,,20,20
1788390930.938245,10,1,ghcr.io/talmolab/lablink-client-base-image:linux-amd64-test@sha256:1ec2fde6860186b3d45ac83890167258f83512955dbce65f072d4e8c310cb9de,10,destroy,succeeded,1788390335.82657,1788390335.827949,1788390654.079952,,20,20
1788390930.938245,10,1,ghcr.io/talmolab/lablink-client-base-image:linux-amd64-test@sha256:1ec2fde6860186b3d45ac83890167258f83512955dbce65f072d4e8c310cb9de,11,apply,succeeded,1788390714.945026,1788390714.946521,1788390768.137505,,35,35
1788390935.904027,10,1,ghcr.io/talmolab/lablink-client-base-image:linux-amd64-test@sha256:1ec2fde6860186b3d45ac83890167258f83512955dbce65f072d4e8c310cb9de,1,apply,succeeded,1788380921.682491,1788380921.685047,1788380971.541328,,20,20
1788390935.904027,10,1,ghcr.io/talmolab/lablink-client-base-image:linux-amd64-test@sha256:1ec2fde6860186b3d45ac83890167258f83512955dbce65f072d4e8c310cb9de,2,destroy,succeeded,1788381612.379228,1788381612.381237,1788381939.351963,,20,20
1788390935.904027,10,1,ghcr.io/talmolab/lablink-client-base-image:linux-amd64-test@sha256:1ec2fde6860186b3d45ac83890167258f83512955dbce65f072d4e8c310cb9de,3,apply,succeeded,1788381976.63281,1788381976.63526,1788382026.043455,,20,20
1788390935.904027,10,1,ghcr.io/talmolab/lablink-client-base-image:linux-amd64-test@sha256:1ec2fde6860186b3d45ac83890167258f83512955dbce65f072d4e8c310cb9de,4,destroy,succeeded,1788382875.148234,1788382875.150169,1788383194.833905,,20,20
1788390935.904027,10,1,ghcr.io/talmolab/lablink-client-base-image:linux-amd64-test@sha256:1ec2fde6860186b3d45ac83890167258f83512955dbce65f072d4e8c310cb9de,5,apply,succeeded,1788383308.62635,1788383308.629388,1788383361.88001,,35,35
1788390935.904027,10,1,ghcr.io/talmolab/lablink-client-base-image:linux-amd64-test@sha256:1ec2fde6860186b3d45ac83890167258f83512955dbce65f072d4e8c310cb9de,6,destroy,succeeded,1788384337.446569,1788384337.448163,1788384657.690712,,35,35
1788390935.904027,10,1,ghcr.io/talmolab/lablink-client-base-image:linux-amd64-test@sha256:1ec2fde6860186b3d45ac83890167258f83512955dbce65f072d4e8c310cb9de,7,apply,succeeded,1788384727.528365,1788384727.530681,1788384808.61864,,95,95
1788390935.904027,10,1,ghcr.io/talmolab/lablink-client-base-image:linux-amd64-test@sha256:1ec2fde6860186b3d45ac83890167258f83512955dbce65f072d4e8c310cb9de,8,destroy,succeeded,1788385076.969534,1788385076.971902,1788385973.63117,,95,95
1788390935.904027,10,1,ghcr.io/talmolab/lablink-client-base-image:linux-amd64-test@sha256:1ec2fde6860186b3d45ac83890167258f83512955dbce65f072d4e8c310cb9de,9,apply,succeeded,1788389407.309799,1788389407.313231,1788389454.98231,,20,20
1788390935.904027,10,1,ghcr.io/talmolab/lablink-client-base-image:linux-amd64-test@sha256:1ec2fde6860186b3d45ac83890167258f83512955dbce65f072d4e8c310cb9de,10,destroy,succeeded,1788390335.82657,1788390335.827949,1788390654.079952,,20,20
1788390935.904027,10,1,ghcr.io/talmolab/lablink-client-base-image:linux-amd64-test@sha256:1ec2fde6860186b3d45ac83890167258f83512955dbce65f072d4e8c310cb9de,11,apply,succeeded,1788390714.945026,1788390714.946521,1788390768.137505,,35,35
1788390940.94875,10,1,ghcr.io/talmolab/lablink-client-base-image:linux-amd64-test@sha256:1ec2fde6860186b3d45ac83890167258f83512955dbce65f072d4e8c310cb9de,1,apply,succeeded,1788380921.682491,1788380921.685047,1788380971.541328,,20,20
1788390940.94875,10,1,ghcr.io/talmolab/lablink-client-base-image:linux-amd64-test@sha256:1ec2fde6860186b3d45ac83890167258f83512955dbce65f072d4e8c310cb9de,2,destroy,succeeded,1788381612.379228,1788381612.381237,1788381939.351963,,20,20
1788390940.94875,10,1,ghcr.io/talmolab/lablink-client-base-image:linux-amd64-test@sha256:1ec2fde6860186b3d45ac83890167258f83512955dbce65f072d4e8c310cb9de,3,apply,succeeded,1788381976.63281,1788381976.63526,1788382026.043455,,20,20
1788390940.94875,10,1,ghcr.io/talmolab/lablink-client-base-image:linux-amd64-test@sha256:1ec2fde6860186b3d45ac83890167258f83512955dbce65f072d4e8c310cb9de,4,destroy,succeeded,1788382875.148234,1788382875.150169,1788383194.833905,,20,20
1788390940.94875,10,1,ghcr.io/talmolab/lablink-client-base-image:linux-amd64-test@sha256:1ec2fde6860186b3d45ac83890167258f83512955dbce65f072d4e8c310cb9de,5,apply,succeeded,1788383308.62635,1788383308.629388,1788383361.88001,,35,35
1788390940.94875,10,1,ghcr.io/talmolab/lablink-client-base-image:linux-amd64-test@sha256:1ec2fde6860186b3d45ac83890167258f83512955dbce65f072d4e8c310cb9de,6,destroy,succeeded,1788384337.446569,1788384337.448163,1788384657.690712,,35,35
1788390940.94875,10,1,ghcr.io/talmolab/lablink-client-base-image:linux-amd64-test@sha256:1ec2fde6860186b3d45ac83890167258f83512955dbce65f072d4e8c310cb9de,7,apply,succeeded,1788384727.528365,1788384727.530681,1788384808.61864,,95,95
1788390940.94875,10,1,ghcr.io/talmolab/lablink-client-base-image:linux-amd64-test@sha256:1ec2fde6860186b3d45ac83890167258f83512955dbce65f072d4e8c310cb9de,8,destroy,succeeded,1788385076.969534,1788385076.971902,1788385973.63117,,95,95
1788390940.94875,10,1,ghcr.io/talmolab/lablink-client-base-image:linux-amd64-test@sha256:1ec2fde6860186b3d45ac83890167258f83512955dbce65f072d4e8c310cb9de,9,apply,succeeded,1788389407.309799,1788389407.313231,1788389454.98231,,20,20
1788390940.94875,10,1,ghcr.io/talmolab/lablink-client-base-image:linux-amd64-test@sha256:1ec2fde6860186b3d45ac83890167258f83512955dbce65f072d4e8c310cb9de,10,destroy,succeeded,1788390335.82657,1788390335.827949,1788390654.079952,,20,20
1788390940.94875,10,1,ghcr.io/talmolab/lablink-client-base-image:linux-amd64-test@sha256:1ec2fde6860186b3d45ac83890167258f83512955dbce65f072d4e8c310cb9de,11,apply,succeeded,1788390714.945026,1788390714.946521,1788390768.137505,,35,35
1788390945.992864,10,1,ghcr.io/talmolab/lablink-client-base-image:linux-amd64-test@sha256:1ec2fde6860186b3d45ac83890167258f83512955dbce65f072d4e8c310cb9de,1,apply,succeeded,1788380921.682491,1788380921.685047,1788380971.541328,,20,20
1788390945.992864,10,1,ghcr.io/talmolab/lablink-client-base-image:linux-amd64-test@sha256:1ec2fde6860186b3d45ac83890167258f83512955dbce65f072d4e8c310cb9de,2,destroy,succeeded,1788381612.379228,1788381612.381237,1788381939.351963,,20,20
1788390945.992864,10,1,ghcr.io/talmolab/lablink-client-base-image:linux-amd64-test@sha256:1ec2fde6860186b3d45ac83890167258f83512955dbce65f072d4e8c310cb9de,3,apply,succeeded,1788381976.63281,1788381976.63526,1788382026.043455,,20,20
1788390945.992864,10,1,ghcr.io/talmolab/lablink-client-base-image:linux-amd64-test@sha256:1ec2fde6860186b3d45ac83890167258f83512955dbce65f072d4e8c310cb9de,4,destroy,succeeded,1788382875.148234,1788382875.150169,1788383194.833905,,20,20
1788390945.992864,10,1,ghcr.io/talmolab/lablink-client-base-image:linux-amd64-test@sha256:1ec2fde6860186b3d45ac83890167258f83512955dbce65f072d4e8c310cb9de,5,apply,succeeded,1788383308.62635,1788383308.629388,1788383361.88001,,35,35
1788390945.992864,10,1,ghcr.io/talmolab/lablink-client-base-image:linux-amd64-test@sha256:1ec2fde6860186b3d45ac83890167258f83512955dbce65f072d4e8c310cb9de,6,destroy,succeeded,1788384337.446569,1788384337.448163,1788384657.690712,,35,35
1788390945.992864,10,1,ghcr.io/talmolab/lablink-client-base-image:linux-amd64-test@sha256:1ec2fde6860186b3d45ac83890167258f83512955dbce65f072d4e8c310cb9de,7,apply,succeeded,1788384727.528365,1788384727.530681,1788384808.61864,,95,95
1788390945.992864,10,1,ghcr.io/talmolab/lablink-client-base-image:linux-amd64-test@sha256:1ec2fde6860186b3d45ac83890167258f83512955dbce65f072d4e8c310cb9de,8,destroy,succeeded,1788385076.969534,1788385076.971902,1788385973.63117,,95,95
1788390945.992864,10,1,ghcr.io/talmolab/lablink-client-base-image:linux-amd64-test@sha256:1ec2fde6860186b3d45ac83890167258f83512955dbce65f072d4e8c310cb9de,9,apply,succeeded,1788389407.309799,1788389407.313231,1788389454.98231,,20,20
1788390945.992864,10,1,ghcr.io/talmolab/lablink-client-base-image:linux-amd64-test@sha256:1ec2fde6860186b3d45ac83890167258f83512955dbce65f072d4e8c310cb9de,10,destroy,succeeded,1788390335.82657,1788390335.827949,1788390654.079952,,20,20
1788390945.992864,10,1,ghcr.io/talmolab/lablink-client-base-image:linux-amd64-test@sha256:1ec2fde6860186b3d45ac83890167258f83512955dbce65f072d4e8c310cb9de,11,apply,succeeded,1788390714.945026,1788390714.946521,1788390768.137505,,35,35
1788390951.0440488,10,1,ghcr.io/talmolab/lablink-client-base-image:linux-amd64-test@sha256:1ec2fde6860186b3d45ac83890167258f83512955dbce65f072d4e8c310cb9de,1,apply,succeeded,1788380921.682491,1788380921.685047,1788380971.541328,,20,20
1788390951.0440488,10,1,ghcr.io/talmolab/lablink-client-base-image:linux-amd64-test@sha256:1ec2fde6860186b3d45ac83890167258f83512955dbce65f072d4e8c310cb9de,2,destroy,succeeded,1788381612.379228,1788381612.381237,1788381939.351963,,20,20
1788390951.0440488,10,1,ghcr.io/talmolab/lablink-client-base-image:linux-amd64-test@sha256:1ec2fde6860186b3d45ac83890167258f83512955dbce65f072d4e8c310cb9de,3,apply,succeeded,1788381976.63281,1788381976.63526,1788382026.043455,,20,20
1788390951.0440488,10,1,ghcr.io/talmolab/lablink-client-base-image:linux-amd64-test@sha256:1ec2fde6860186b3d45ac83890167258f83512955dbce65f072d4e8c310cb9de,4,destroy,succeeded,1788382875.148234,1788382875.150169,1788383194.833905,,20,20
1788390951.0440488,10,1,ghcr.io/talmolab/lablink-client-base-image:linux-amd64-test@sha256:1ec2fde6860186b3d45ac83890167258f83512955dbce65f072d4e8c310cb9de,5,apply,succeeded,1788383308.62635,1788383308.629388,1788383361.88001,,35,35
1788390951.0440488,10,1,ghcr.io/talmolab/lablink-client-base-image:linux-amd64-test@sha256:1ec2fde6860186b3d45ac83890167258f83512955dbce65f072d4e8c310cb9de,6,destroy,succeeded,1788384337.446569,1788384337.448163,1788384657.690712,,35,35
1788390951.0440488,10,1,ghcr.io/talmolab/lablink-client-base-image:linux-amd64-test@sha256:1ec2fde6860186b3d45ac83890167258f83512955dbce65f072d4e8c310cb9de,7,apply,succeeded,1788384727.528365,1788384727.530681,1788384808.61864,,95,95
1788390951.0440488,10,1,ghcr.io/talmolab/lablink-client-base-image:linux-amd64-test@sha256:1ec2fde6860186b3d45ac83890167258f83512955dbce65f072d4e8c310cb9de,8,destroy,succeeded,1788385076.969534,1788385076.971902,1788385973.63117,,95,95
1788390951.0440488,10,1,ghcr.io/talmolab/lablink-client-base-image:linux-amd64-test@sha256:1ec2fde6860186b3d45ac83890167258f83512955dbce65f072d4e8c310cb9de,9,apply,succeeded,1788389407.309799,1788389407.313231,1788389454.98231,,20,20
1788390951.0440488,10,1,ghcr.io/talmolab/lablink-client-base-image:linux-amd64-test@sha256:1ec2fde6860186b3d45ac83890167258f83512955dbce65f072d4e8c310cb9de,10,destroy,succeeded,1788390335.82657,1788390335.827949,1788390654.079952,,20,20
1788390951.0440488,10,1,ghcr.io/talmolab/lablink-client-base-image:linux-amd64-test@sha256:1ec2fde6860186b3d45ac83890167258f83512955dbce65f072d4e8c310cb9de,11,apply,succeeded,1788390714.945026,1788390714.946521,1788390768.137505,,35,35
1788390956.1022038,10,1,ghcr.io/talmolab/lablink-client-base-image:linux-amd64-test@sha256:1ec2fde6860186b3d45ac83890167258f83512955dbce65f072d4e8c310cb9de,1,apply,succeeded,1788380921.682491,1788380921.685047,1788380971.541328,,20,20
1788390956.1022038,10,1,ghcr.io/talmolab/lablink-client-base-image:linux-amd64-test@sha256:1ec2fde6860186b3d45ac83890167258f83512955dbce65f072d4e8c310cb9de,2,destroy,succeeded,1788381612.379228,1788381612.381237,1788381939.351963,,20,20
1788390956.1022038,10,1,ghcr.io/talmolab/lablink-client-base-image:linux-amd64-test@sha256:1ec2fde6860186b3d45ac83890167258f83512955dbce65f072d4e8c310cb9de,3,apply,succeeded,1788381976.63281,1788381976.63526,1788382026.043455,,20,20
1788390956.1022038,10,1,ghcr.io/talmolab/lablink-client-base-image:linux-amd64-test@sha256:1ec2fde6860186b3d45ac83890167258f83512955dbce65f072d4e8c310cb9de,4,destroy,succeeded,1788382875.148234,1788382875.150169,1788383194.833905,,20,20
1788390956.1022038,10,1,ghcr.io/talmolab/lablink-client-base-image:linux-amd64-test@sha256:1ec2fde6860186b3d45ac83890167258f83512955dbce65f072d4e8c310cb9de,5,apply,succeeded,1788383308.62635,1788383308.629388,1788383361.88001,,35,35
1788390956.1022038,10,1,ghcr.io/talmolab/lablink-client-base-image:linux-amd64-test@sha256:1ec2fde6860186b3d45ac83890167258f83512955dbce65f072d4e8c310cb9de,6,destroy,succeeded,1788384337.446569,1788384337.448163,1788384657.690712,,35,35
1788390956.1022038,10,1,ghcr.io/talmolab/lablink-client-base-image:linux-amd64-test@sha256:1ec2fde6860186b3d45ac83890167258f83512955dbce65f072d4e8c310cb9de,7,apply,succeeded,1788384727.528365,1788384727.530681,1788384808.61864,,95,95
1788390956.1022038,10,1,ghcr.io/talmolab/lablink-client-base-image:linux-amd64-test@sha256:1ec2fde6860186b3d45ac83890167258f83512955dbce65f072d4e8c310cb9de,8,destroy,succeeded,1788385076.969534,1788385076.971902,1788385973.63117,,95,95
1788390956.1022038,10,1,ghcr.io/talmolab/lablink-client-base-image:linux-amd64-test@sha256:1ec2fde6860186b3d45ac83890167258f83512955dbce65f072d4e8c310cb9de,9,apply,succeeded,1788389407.309799,1788389407.313231,1788389454.98231,,20,20
1788390956.1022038,10,1,ghcr.io/talmolab/lablink-client-base-image:linux-amd64-test@sha256:1ec2fde6860186b3d45ac83890167258f83512955dbce65f072d4e8c310cb9de,10,destroy,succeeded,1788390335.82657,1788390335.827949,1788390654.079952,,20,20
1788390956.1022038,10,1,ghcr.io/talmolab/lablink-client-base-image:linux-amd64-test@sha256:1ec2fde6860186b3d45ac83890167258f83512955dbce65f072d4e8c310cb9de,11,apply,succeeded,1788390714.945026,1788390714.946521,1788390768.137505,,35,35
1788390961.005352,10,1,ghcr.io/talmolab/lablink-client-base-image:linux-amd64-test@sha256:1ec2fde6860186b3d45ac83890167258f83512955dbce65f072d4e8c310cb9de,1,apply,succeeded,1788380921.682491,1788380921.685047,1788380971.541328,,20,20
1788390961.005352,10,1,ghcr.io/talmolab/lablink-client-base-image:linux-amd64-test@sha256:1ec2fde6860186b3d45ac83890167258f83512955dbce65f072d4e8c310cb9de,2,destroy,succeeded,1788381612.379228,1788381612.381237,1788381939.351963,,20,20
1788390961.005352,10,1,ghcr.io/talmolab/lablink-client-base-image:linux-amd64-test@sha256:1ec2fde6860186b3d45ac83890167258f83512955dbce65f072d4e8c310cb9de,3,apply,succeeded,1788381976.63281,1788381976.63526,1788382026.043455,,20,20
1788390961.005352,10,1,ghcr.io/talmolab/lablink-client-base-image:linux-amd64-test@sha256:1ec2fde6860186b3d45ac83890167258f83512955dbce65f072d4e8c310cb9de,4,destroy,succeeded,1788382875.148234,1788382875.150169,1788383194.833905,,20,20
1788390961.005352,10,1,ghcr.io/talmolab/lablink-client-base-image:linux-amd64-test@sha256:1ec2fde6860186b3d45ac83890167258f83512955dbce65f072d4e8c310cb9de,5,apply,succeeded,1788383308.62635,1788383308.629388,1788383361.88001,,35,35
1788390961.005352,10,1,ghcr.io/talmolab/lablink-client-base-image:linux-amd64-test@sha256:1ec2fde6860186b3d45ac83890167258f83512955dbce65f072d4e8c310cb9de,6,destroy,succeeded,1788384337.446569,1788384337.448163,1788384657.690712,,35,35
1788390961.005352,10,1,ghcr.io/talmolab/lablink-client-base-image:linux-amd64-test@sha256:1ec2fde6860186b3d45ac83890167258f83512955dbce65f072d4e8c310cb9de,7,apply,succeeded,1788384727.528365,1788384727.530681,1788384808.61864,,95,95
1788390961.005352,10,1,ghcr.io/talmolab/lablink-client-base-image:linux-amd64-test@sha256:1ec2fde6860186b3d45ac83890167258f83512955dbce65f072d4e8c310cb9de,8,destroy,succeeded,1788385076.969534,1788385076.971902,1788385973.63117,,95,95
1788390961.005352,10,1,ghcr.io/talmolab/lablink-client-base-image:linux-amd64-test@sha256:1ec2fde6860186b3d45ac83890167258f83512955dbce65f072d4e8c310cb9de,9,apply,succeeded,1788389407.309799,1788389407.313231,1788389454.98231,,20,20
1788390961.005352,10,1,ghcr.io/talmolab/lablink-client-base-image:linux-amd64-test@sha256:1ec2fde6860186b3d45ac83890167258f83512955dbce65f072d4e8c310cb9de,10,destroy,succeeded,1788390335.82657,1788390335.827949,1788390654.079952,,20,20
1788390961.005352,10,1,ghcr.io/talmolab/lablink-client-base-image:linux-amd64-test@sha256:1ec2fde6860186b3d45ac83890167258f83512955dbce65f072d4e8c310cb9de,11,apply,succeeded,1788390714.945026,1788390714.946521,1788390768.137505,,35,35
1788390966.0642738,10,1,ghcr.io/talmolab/lablink-client-base-image:linux-amd64-test@sha256:1ec2fde6860186b3d45ac83890167258f83512955dbce65f072d4e8c310cb9de,1,apply,succeeded,1788380921.682491,1788380921.685047,1788380971.541328,,20,20
1788390966.0642738,10,1,ghcr.io/talmolab/lablink-client-base-image:linux-amd64-test@sha256:1ec2fde6860186b3d45ac83890167258f83512955dbce65f072d4e8c310cb9de,2,destroy,succeeded,1788381612.379228,1788381612.381237,1788381939.351963,,20,20
1788390966.0642738,10,1,ghcr.io/talmolab/lablink-client-base-image:linux-amd64-test@sha256:1ec2fde6860186b3d45ac83890167258f83512955dbce65f072d4e8c310cb9de,3,apply,succeeded,1788381976.63281,1788381976.63526,1788382026.043455,,20,20
1788390966.0642738,10,1,ghcr.io/talmolab/lablink-client-base-image:linux-amd64-test@sha256:1ec2fde6860186b3d45ac83890167258f83512955dbce65f072d4e8c310cb9de,4,destroy,succeeded,1788382875.148234,1788382875.150169,1788383194.833905,,20,20
1788390966.0642738,10,1,ghcr.io/talmolab/lablink-client-base-image:linux-amd64-test@sha256:1ec2fde6860186b3d45ac83890167258f83512955dbce65f072d4e8c310cb9de,5,apply,succeeded,1788383308.62635,1788383308.629388,1788383361.88001,,35,35
1788390966.0642738,10,1,ghcr.io/talmolab/lablink-client-base-image:linux-amd64-test@sha256:1ec2fde6860186b3d45ac83890167258f83512955dbce65f072d4e8c310cb9de,6,destroy,succeeded,1788384337.446569,1788384337.448163,1788384657.690712,,35,35
1788390966.0642738,10,1,ghcr.io/talmolab/lablink-client-base-image:linux-amd64-test@sha256:1ec2fde6860186b3d45ac83890167258f83512955dbce65f072d4e8c310cb9de,7,apply,succeeded,1788384727.528365,1788384727.530681,1788384808.61864,,95,95
1788390966.0642738,10,1,ghcr.io/talmolab/lablink-client-base-image:linux-amd64-test@sha256:1ec2fde6860186b3d45ac83890167258f83512955dbce65f072d4e8c310cb9de,8,destroy,succeeded,1788385076.969534,1788385076.971902,1788385973.63117,,95,95
1788390966.0642738,10,1,ghcr.io/talmolab/lablink-client-base-image:linux-amd64-test@sha256:1ec2fde6860186b3d45ac83890167258f83512955dbce65f072d4e8c310cb9de,9,apply,succeeded,1788389407.309799,1788389407.313231,1788389454.98231,,20,20
1788390966.0642738,10,1,ghcr.io/talmolab/lablink-client-base-image:linux-amd64-test@sha256:1ec2fde6860186b3d45ac83890167258f83512955dbce65f072d4e8c310cb9de,10,destroy,succeeded,1788390335.82657,1788390335.827949,1788390654.079952,,20,20
1788390966.0642738,10,1,ghcr.io/talmolab/lablink-client-base-image:linux-amd64-test@sha256:1ec2fde6860186b3d45ac83890167258f83512955dbce65f072d4e8c310cb9de,11,apply,succeeded,1788390714.945026,1788390714.946521,1788390768.137505,,35,35
1788390971.307279,10,1,ghcr.io/talmolab/lablink-client-base-image:linux-amd64-test@sha256:1ec2fde6860186b3d45ac83890167258f83512955dbce65f072d4e8c310cb9de,1,apply,succeeded,1788380921.682491,1788380921.685047,1788380971.541328,,20,20
1788390971.307279,10,1,ghcr.io/talmolab/lablink-client-base-image:linux-amd64-test@sha256:1ec2fde6860186b3d45ac83890167258f83512955dbce65f072d4e8c310cb9de,2,destroy,succeeded,1788381612.379228,1788381612.381237,1788381939.351963,,20,20
1788390971.307279,10,1,ghcr.io/talmolab/lablink-client-base-image:linux-amd64-test@sha256:1ec2fde6860186b3d45ac83890167258f83512955dbce65f072d4e8c310cb9de,3,apply,succeeded,1788381976.63281,1788381976.63526,1788382026.043455,,20,20
1788390971.307279,10,1,ghcr.io/talmolab/lablink-client-base-image:linux-amd64-test@sha256:1ec2fde6860186b3d45ac83890167258f83512955dbce65f072d4e8c310cb9de,4,destroy,succeeded,1788382875.148234,1788382875.150169,1788383194.833905,,20,20
1788390971.307279,10,1,ghcr.io/talmolab/lablink-client-base-image:linux-amd64-test@sha256:1ec2fde6860186b3d45ac83890167258f83512955dbce65f072d4e8c310cb9de,5,apply,succeeded,1788383308.62635,1788383308.629388,1788383361.88001,,35,35
1788390971.307279,10,1,ghcr.io/talmolab/lablink-client-base-image:linux-amd64-test@sha256:1ec2fde6860186b3d45ac83890167258f83512955dbce65f072d4e8c310cb9de,6,destroy,succeeded,1788384337.446569,1788384337.448163,1788384657.690712,,35,35
1788390971.307279,10,1,ghcr.io/talmolab/lablink-client-base-image:linux-amd64-test@sha256:1ec2fde6860186b3d45ac83890167258f83512955dbce65f072d4e8c310cb9de,7,apply,succeeded,1788384727.528365,1788384727.530681,1788384808.61864,,95,95
1788390971.307279,10,1,ghcr.io/talmolab/lablink-client-base-image:linux-amd64-test@sha256:1ec2fde6860186b3d45ac83890167258f83512955dbce65f072d4e8c310cb9de,8,destroy,succeeded,1788385076.969534,1788385076.971902,1788385973.63117,,95,95
1788390971.307279,10,1,ghcr.io/talmolab/lablink-client-base-image:linux-amd64-test@sha256:1ec2fde6860186b3d45ac83890167258f83512955dbce65f072d4e8c310cb9de,9,apply,succeeded,1788389407.309799,1788389407.313231,1788389454.98231,,20,20
1788390971.307279,10,1,ghcr.io/talmolab/lablink-client-base-image:linux-amd64-test@sha256:1ec2fde6860186b3d45ac83890167258f83512955dbce65f072d4e8c310cb9de,10,destroy,succeeded,1788390335.82657,1788390335.827949,1788390654.079952,,20,20
1788390971.307279,10,1,ghcr.io/talmolab/lablink-client-base-image:linux-amd64-test@sha256:1ec2fde6860186b3d45ac83890167258f83512955dbce65f072d4e8c310cb9de,11,apply,succeeded,1788390714.945026,1788390714.946521,1788390768.137505,,35,35
1788390976.037981,10,1,ghcr.io/talmolab/lablink-client-base-image:linux-amd64-test@sha256:1ec2fde6860186b3d45ac83890167258f83512955dbce65f072d4e8c310cb9de,1,apply,succeeded,1788380921.682491,1788380921.685047,1788380971.541328,,20,20
1788390976.037981,10,1,ghcr.io/talmolab/lablink-client-base-image:linux-amd64-test@sha256:1ec2fde6860186b3d45ac83890167258f83512955dbce65f072d4e8c310cb9de,2,destroy,succeeded,1788381612.379228,1788381612.381237,1788381939.351963,,20,20
1788390976.037981,10,1,ghcr.io/talmolab/lablink-client-base-image:linux-amd64-test@sha256:1ec2fde6860186b3d45ac83890167258f83512955dbce65f072d4e8c310cb9de,3,apply,succeeded,1788381976.63281,1788381976.63526,1788382026.043455,,20,20
1788390976.037981,10,1,ghcr.io/talmolab/lablink-client-base-image:linux-amd64-test@sha256:1ec2fde6860186b3d45ac83890167258f83512955dbce65f072d4e8c310cb9de,4,destroy,succeeded,1788382875.148234,1788382875.150169,1788383194.833905,,20,20
1788390976.037981,10,1,ghcr.io/talmolab/lablink-client-base-image:linux-amd64-test@sha256:1ec2fde6860186b3d45ac83890167258f83512955dbce65f072d4e8c310cb9de,5,apply,succeeded,1788383308.62635,1788383308.629388,1788383361.88001,,35,35
1788390976.037981,10,1,ghcr.io/talmolab/lablink-client-base-image:linux-amd64-test@sha256:1ec2fde6860186b3d45ac83890167258f83512955dbce65f072d4e8c310cb9de,6,destroy,succeeded,1788384337.446569,1788384337.448163,1788384657.690712,,35,35
1788390976.037981,10,1,ghcr.io/talmolab/lablink-client-base-image:linux-amd64-test@sha256:1ec2fde6860186b3d45ac83890167258f83512955dbce65f072d4e8c310cb9de,7,apply,succeeded,1788384727.528365,1788384727.530681,1788384808.61864,,95,95
1788390976.037981,10,1,ghcr.io/talmolab/lablink-client-base-image:linux-amd64-test@sha256:1ec2fde6860186b3d45ac83890167258f83512955dbce65f072d4e8c310cb9de,8,destroy,succeeded,1788385076.969534,1788385076.971902,1788385973.63117,,95,95
1788390976.037981,10,1,ghcr.io/talmolab/lablink-client-base-image:linux-amd64-test@sha256:1ec2fde6860186b3d45ac83890167258f83512955dbce65f072d4e8c310cb9de,9,apply,succeeded,1788389407.309799,1788389407.313231,1788389454.98231,,20,20
1788390976.037981,10,1,ghcr.io/talmolab/lablink-client-base-image:linux-amd64-test@sha256:1ec2fde6860186b3d45ac83890167258f83512955dbce65f072d4e8c310cb9de,10,destroy,succeeded,1788390335.82657,1788390335.827949,1788390654.079952,,20,20
1788390976.037981,10,1,ghcr.io/talmolab/lablink-client-base-image:linux-amd64-test@sha256:1ec2fde6860186b3d45ac83890167258f83512955dbce65f072d4e8c310cb9de,11,apply,succeeded,1788390714.945026,1788390714.946521,1788390768.137505,,35,35
1788390980.957293,10,1,ghcr.io/talmolab/lablink-client-base-image:linux-amd64-test@sha256:1ec2fde6860186b3d45ac83890167258f83512955dbce65f072d4e8c310cb9de,1,apply,succeeded,1788380921.682491,1788380921.685047,1788380971.541328,,20,20
1788390980.957293,10,1,ghcr.io/talmolab/lablink-client-base-image:linux-amd64-test@sha256:1ec2fde6860186b3d45ac83890167258f83512955dbce65f072d4e8c310cb9de,2,destroy,succeeded,1788381612.379228,1788381612.381237,1788381939.351963,,20,20
1788390980.957293,10,1,ghcr.io/talmolab/lablink-client-base-image:linux-amd64-test@sha256:1ec2fde6860186b3d45ac83890167258f83512955dbce65f072d4e8c310cb9de,3,apply,succeeded,1788381976.63281,1788381976.63526,1788382026.043455,,20,20
1788390980.957293,10,1,ghcr.io/talmolab/lablink-client-base-image:linux-amd64-test@sha256:1ec2fde6860186b3d45ac83890167258f83512955dbce65f072d4e8c310cb9de,4,destroy,succeeded,1788382875.148234,1788382875.150169,1788383194.833905,,20,20
1788390980.957293,10,1,ghcr.io/talmolab/lablink-client-base-image:linux-amd64-test@sha256:1ec2fde6860186b3d45ac83890167258f83512955dbce65f072d4e8c310cb9de,5,apply,succeeded,1788383308.62635,1788383308.629388,1788383361.88001,,35,35
1788390980.957293,10,1,ghcr.io/talmolab/lablink-client-base-image:linux-amd64-test@sha256:1ec2fde6860186b3d45ac83890167258f83512955dbce65f072d4e8c310cb9de,6,destroy,succeeded,1788384337.446569,1788384337.448163,1788384657.690712,,35,35
1788390980.957293,10,1,ghcr.io/talmolab/lablink-client-base-image:linux-amd64-test@sha256:1ec2fde6860186b3d45ac83890167258f83512955dbce65f072d4e8c310cb9de,7,apply,succeeded,1788384727.528365,1788384727.530681,1788384808.61864,,95,95
1788390980.957293,10,1,ghcr.io/talmolab/lablink-client-base-image:linux-amd64-test@sha256:1ec2fde6860186b3d45ac83890167258f83512955dbce65f072d4e8c310cb9de,8,destroy,succeeded,1788385076.969534,1788385076.971902,1788385973.63117,,95,95
1788390980.957293,10,1,ghcr.io/talmolab/lablink-client-base-image:linux-amd64-test@sha256:1ec2fde6860186b3d45ac83890167258f83512955dbce65f072d4e8c310cb9de,9,apply,succeeded,1788389407.309799,1788389407.313231,1788389454.98231,,20,20
1788390980.957293,10,1,ghcr.io/talmolab/lablink-client-base-image:linux-amd64-test@sha256:1ec2fde6860186b3d45ac83890167258f83512955dbce65f072d4e8c310cb9de,10,destroy,succeeded,1788390335.82657,1788390335.827949,1788390654.079952,,20,20
1788390980.957293,10,1,ghcr.io/talmolab/lablink-client-base-image:linux-amd64-test@sha256:1ec2fde6860186b3d45ac83890167258f83512955dbce65f072d4e8c310cb9de,11,apply,succeeded,1788390714.945026,1788390714.946521,1788390768.137505,,35,35
1788390985.984072,10,1,ghcr.io/talmolab/lablink-client-base-image:linux-amd64-test@sha256:1ec2fde6860186b3d45ac83890167258f83512955dbce65f072d4e8c310cb9de,1,apply,succeeded,1788380921.682491,1788380921.685047,1788380971.541328,,20,20
1788390985.984072,10,1,ghcr.io/talmolab/lablink-client-base-image:linux-amd64-test@sha256:1ec2fde6860186b3d45ac83890167258f83512955dbce65f072d4e8c310cb9de,2,destroy,succeeded,1788381612.379228,1788381612.381237,1788381939.351963,,20,20
1788390985.984072,10,1,ghcr.io/talmolab/lablink-client-base-image:linux-amd64-test@sha256:1ec2fde6860186b3d45ac83890167258f83512955dbce65f072d4e8c310cb9de,3,apply,succeeded,1788381976.63281,1788381976.63526,1788382026.043455,,20,20
1788390985.984072,10,1,ghcr.io/talmolab/lablink-client-base-image:linux-amd64-test@sha256:1ec2fde6860186b3d45ac83890167258f83512955dbce65f072d4e8c310cb9de,4,destroy,succeeded,1788382875.148234,1788382875.150169,1788383194.833905,,20,20
1788390985.984072,10,1,ghcr.io/talmolab/lablink-client-base-image:linux-amd64-test@sha256:1ec2fde6860186b3d45ac83890167258f83512955dbce65f072d4e8c310cb9de,5,apply,succeeded,1788383308.62635,1788383308.629388,1788383361.88001,,35,35
1788390985.984072,10,1,ghcr.io/talmolab/lablink-client-base-image:linux-amd64-test@sha256:1ec2fde6860186b3d45ac83890167258f83512955dbce65f072d4e8c310cb9de,6,destroy,succeeded,1788384337.446569,1788384337.448163,1788384657.690712,,35,35
1788390985.984072,10,1,ghcr.io/talmolab/lablink-client-base-image:linux-amd64-test@sha256:1ec2fde6860186b3d45ac83890167258f83512955dbce65f072d4e8c310cb9de,7,apply,succeeded,1788384727.528365,1788384727.530681,1788384808.61864,,95,95
1788390985.984072,10,1,ghcr.io/talmolab/lablink-client-base-image:linux-amd64-test@sha256:1ec2fde6860186b3d45ac83890167258f83512955dbce65f072d4e8c310cb9de,8,destroy,succeeded,1788385076.969534,1788385076.971902,1788385973.63117,,95,95
1788390985.984072,10,1,ghcr.io/talmolab/lablink-client-base-image:linux-amd64-test@sha256:1ec2fde6860186b3d45ac83890167258f83512955dbce65f072d4e8c310cb9de,9,apply,succeeded,1788389407.309799,1788389407.313231,1788389454.98231,,20,20
1788390985.984072,10,1,ghcr.io/talmolab/lablink-client-base-image:linux-amd64-test@sha256:1ec2fde6860186b3d45ac83890167258f83512955dbce65f072d4e8c310cb9de,10,destroy,succeeded,1788390335.82657,1788390335.827949,1788390654.079952,,20,20
1788390985.984072,10,1,ghcr.io/talmolab/lablink-client-base-image:linux-amd64-test@sha256:1ec2fde6860186b3d45ac83890167258f83512955dbce65f072d4e8c310cb9de,11,apply,succeeded,1788390714.945026,1788390714.946521,1788390768.137505,,35,35
1788390991.0134678,10,1,ghcr.io/talmolab/lablink-client-base-image:linux-amd64-test@sha256:1ec2fde6860186b3d45ac83890167258f83512955dbce65f072d4e8c310cb9de,1,apply,succeeded,1788380921.682491,1788380921.685047,1788380971.541328,,20,20
1788390991.0134678,10,1,ghcr.io/talmolab/lablink-client-base-image:linux-amd64-test@sha256:1ec2fde6860186b3d45ac83890167258f83512955dbce65f072d4e8c310cb9de,2,destroy,succeeded,1788381612.379228,1788381612.381237,1788381939.351963,,20,20
1788390991.0134678,10,1,ghcr.io/talmolab/lablink-client-base-image:linux-amd64-test@sha256:1ec2fde6860186b3d45ac83890167258f83512955dbce65f072d4e8c310cb9de,3,apply,succeeded,1788381976.63281,1788381976.63526,1788382026.043455,,20,20
1788390991.0134678,10,1,ghcr.io/talmolab/lablink-client-base-image:linux-amd64-test@sha256:1ec2fde6860186b3d45ac83890167258f83512955dbce65f072d4e8c310cb9de,4,destroy,succeeded,1788382875.148234,1788382875.150169,1788383194.833905,,20,20
1788390991.0134678,10,1,ghcr.io/talmolab/lablink-client-base-image:linux-amd64-test@sha256:1ec2fde6860186b3d45ac83890167258f83512955dbce65f072d4e8c310cb9de,5,apply,succeeded,1788383308.62635,1788383308.629388,1788383361.88001,,35,35
1788390991.0134678,10,1,ghcr.io/talmolab/lablink-client-base-image:linux-amd64-test@sha256:1ec2fde6860186b3d45ac83890167258f83512955dbce65f072d4e8c310cb9de,6,destroy,succeeded,1788384337.446569,1788384337.448163,1788384657.690712,,35,35
1788390991.0134678,10,1,ghcr.io/talmolab/lablink-client-base-image:linux-amd64-test@sha256:1ec2fde6860186b3d45ac83890167258f83512955dbce65f072d4e8c310cb9de,7,apply,succeeded,1788384727.528365,1788384727.530681,1788384808.61864,,95,95
1788390991.0134678,10,1,ghcr.io/talmolab/lablink-client-base-image:linux-amd64-test@sha256:1ec2fde6860186b3d45ac83890167258f83512955dbce65f072d4e8c310cb9de,8,destroy,succeeded,1788385076.969534,1788385076.971902,1788385973.63117,,95,95
1788390991.0134678,10,1,ghcr.io/talmolab/lablink-client-base-image:linux-amd64-test@sha256:1ec2fde6860186b3d45ac83890167258f83512955dbce65f072d4e8c310cb9de,9,apply,succeeded,1788389407.309799,1788389407.313231,1788389454.98231,,20,20
1788390991.0134678,10,1,ghcr.io/talmolab/lablink-client-base-image:linux-amd64-test@sha256:1ec2fde6860186b3d45ac83890167258f83512955dbce65f072d4e8c310cb9de,10,destroy,succeeded,1788390335.82657,1788390335.827949,1788390654.079952,,20,20
1788390991.0134678,10,1,ghcr.io/talmolab/lablink-client-base-image:linux-amd64-test@sha256:1ec2fde6860186b3d45ac83890167258f83512955dbce65f072d4e8c310cb9de,11,apply,succeeded,1788390714.945026,1788390714.946521,1788390768.137505,,35,35
1788390995.9771898,10,1,ghcr.io/talmolab/lablink-client-base-image:linux-amd64-test@sha256:1ec2fde6860186b3d45ac83890167258f83512955dbce65f072d4e8c310cb9de,1,apply,succeeded,1788380921.682491,1788380921.685047,1788380971.541328,,20,20
1788390995.9771898,10,1,ghcr.io/talmolab/lablink-client-base-image:linux-amd64-test@sha256:1ec2fde6860186b3d45ac83890167258f83512955dbce65f072d4e8c310cb9de,2,destroy,succeeded,1788381612.379228,1788381612.381237,1788381939.351963,,20,20
1788390995.9771898,10,1,ghcr.io/talmolab/lablink-client-base-image:linux-amd64-test@sha256:1ec2fde6860186b3d45ac83890167258f83512955dbce65f072d4e8c310cb9de,3,apply,succeeded,1788381976.63281,1788381976.63526,1788382026.043455,,20,20
1788390995.9771898,10,1,ghcr.io/talmolab/lablink-client-base-image:linux-amd64-test@sha256:1ec2fde6860186b3d45ac83890167258f83512955dbce65f072d4e8c310cb9de,4,destroy,succeeded,1788382875.148234,1788382875.150169,1788383194.833905,,20,20
1788390995.9771898,10,1,ghcr.io/talmolab/lablink-client-base-image:linux-amd64-test@sha256:1ec2fde6860186b3d45ac83890167258f83512955dbce65f072d4e8c310cb9de,5,apply,succeeded,1788383308.62635,1788383308.629388,1788383361.88001,,35,35
1788390995.9771898,10,1,ghcr.io/talmolab/lablink-client-base-image:linux-amd64-test@sha256:1ec2fde6860186b3d45ac83890167258f83512955dbce65f072d4e8c310cb9de,6,destroy,succeeded,1788384337.446569,1788384337.448163,1788384657.690712,,35,35
1788390995.9771898,10,1,ghcr.io/talmolab/lablink-client-base-image:linux-amd64-test@sha256:1ec2fde6860186b3d45ac83890167258f83512955dbce65f072d4e8c310cb9de,7,apply,succeeded,1788384727.528365,1788384727.530681,1788384808.61864,,95,95
1788390995.9771898,10,1,ghcr.io/talmolab/lablink-client-base-image:linux-amd64-test@sha256:1ec2fde6860186b3d45ac83890167258f83512955dbce65f072d4e8c310cb9de,8,destroy,succeeded,1788385076.969534,1788385076.971902,1788385973.63117,,95,95
1788390995.9771898,10,1,ghcr.io/talmolab/lablink-client-base-image:linux-amd64-test@sha256:1ec2fde6860186b3d45ac83890167258f83512955dbce65f072d4e8c310cb9de,9,apply,succeeded,1788389407.309799,1788389407.313231,1788389454.98231,,20,20
1788390995.9771898,10,1,ghcr.io/talmolab/lablink-client-base-image:linux-amd64-test@sha256:1ec2fde6860186b3d45ac83890167258f83512955dbce65f072d4e8c310cb9de,10,destroy,succeeded,1788390335.82657,1788390335.827949,1788390654.079952,,20,20
1788390995.9771898,10,1,ghcr.io/talmolab/lablink-client-base-image:linux-amd64-test@sha256:1ec2fde6860186b3d45ac83890167258f83512955dbce65f072d4e8c310cb9de,11,apply,succeeded,1788390714.945026,1788390714.946521,1788390768.137505,,35,35
1788391000.9689548,10,1,ghcr.io/talmolab/lablink-client-base-image:linux-amd64-test@sha256:1ec2fde6860186b3d45ac83890167258f83512955dbce65f072d4e8c310cb9de,1,apply,succeeded,1788380921.682491,1788380921.685047,1788380971.541328,,20,20
1788391000.9689548,10,1,ghcr.io/talmolab/lablink-client-base-image:linux-amd64-test@sha256:1ec2fde6860186b3d45ac83890167258f83512955dbce65f072d4e8c310cb9de,2,destroy,succeeded,1788381612.379228,1788381612.381237,1788381939.351963,,20,20
1788391000.9689548,10,1,ghcr.io/talmolab/lablink-client-base-image:linux-amd64-test@sha256:1ec2fde6860186b3d45ac83890167258f83512955dbce65f072d4e8c310cb9de,3,apply,succeeded,1788381976.63281,1788381976.63526,1788382026.043455,,20,20
1788391000.9689548,10,1,ghcr.io/talmolab/lablink-client-base-image:linux-amd64-test@sha256:1ec2fde6860186b3d45ac83890167258f83512955dbce65f072d4e8c310cb9de,4,destroy,succeeded,1788382875.148234,1788382875.150169,1788383194.833905,,20,20
1788391000.9689548,10,1,ghcr.io/talmolab/lablink-client-base-image:linux-amd64-test@sha256:1ec2fde6860186b3d45ac83890167258f83512955dbce65f072d4e8c310cb9de,5,apply,succeeded,1788383308.62635,1788383308.629388,1788383361.88001,,35,35
1788391000.9689548,10,1,ghcr.io/talmolab/lablink-client-base-image:linux-amd64-test@sha256:1ec2fde6860186b3d45ac83890167258f83512955dbce65f072d4e8c310cb9de,6,destroy,succeeded,1788384337.446569,1788384337.448163,1788384657.690712,,35,35
1788391000.9689548,10,1,ghcr.io/talmolab/lablink-client-base-image:linux-amd64-test@sha256:1ec2fde6860186b3d45ac83890167258f83512955dbce65f072d4e8c310cb9de,7,apply,succeeded,1788384727.528365,1788384727.530681,1788384808.61864,,95,95
1788391000.9689548,10,1,ghcr.io/talmolab/lablink-client-base-image:linux-amd64-test@sha256:1ec2fde6860186b3d45ac83890167258f83512955dbce65f072d4e8c310cb9de,8,destroy,succeeded,1788385076.969534,1788385076.971902,1788385973.63117,,95,95
1788391000.9689548,10,1,ghcr.io/talmolab/lablink-client-base-image:linux-amd64-test@sha256:1ec2fde6860186b3d45ac83890167258f83512955dbce65f072d4e8c310cb9de,9,apply,succeeded,1788389407.309799,1788389407.313231,1788389454.98231,,20,20
1788391000.9689548,10,1,ghcr.io/talmolab/lablink-client-base-image:linux-amd64-test@sha256:1ec2fde6860186b3d45ac83890167258f83512955dbce65f072d4e8c310cb9de,10,destroy,succeeded,1788390335.82657,1788390335.827949,1788390654.079952,,20,20
1788391000.9689548,10,1,ghcr.io/talmolab/lablink-client-base-image:linux-amd64-test@sha256:1ec2fde6860186b3d45ac83890167258f83512955dbce65f072d4e8c310cb9de,11,apply,succeeded,1788390714.945026,1788390714.946521,1788390768.137505,,35,35
1788391006.06384,10,1,ghcr.io/talmolab/lablink-client-base-image:linux-amd64-test@sha256:1ec2fde6860186b3d45ac83890167258f83512955dbce65f072d4e8c310cb9de,1,apply,succeeded,1788380921.682491,1788380921.685047,1788380971.541328,,20,20
1788391006.06384,10,1,ghcr.io/talmolab/lablink-client-base-image:linux-amd64-test@sha256:1ec2fde6860186b3d45ac83890167258f83512955dbce65f072d4e8c310cb9de,2,destroy,succeeded,1788381612.379228,1788381612.381237,1788381939.351963,,20,20
1788391006.06384,10,1,ghcr.io/talmolab/lablink-client-base-image:linux-amd64-test@sha256:1ec2fde6860186b3d45ac83890167258f83512955dbce65f072d4e8c310cb9de,3,apply,succeeded,1788381976.63281,1788381976.63526,1788382026.043455,,20,20
1788391006.06384,10,1,ghcr.io/talmolab/lablink-client-base-image:linux-amd64-test@sha256:1ec2fde6860186b3d45ac83890167258f83512955dbce65f072d4e8c310cb9de,4,destroy,succeeded,1788382875.148234,1788382875.150169,1788383194.833905,,20,20
1788391006.06384,10,1,ghcr.io/talmolab/lablink-client-base-image:linux-amd64-test@sha256:1ec2fde6860186b3d45ac83890167258f83512955dbce65f072d4e8c310cb9de,5,apply,succeeded,1788383308.62635,1788383308.629388,1788383361.88001,,35,35
1788391006.06384,10,1,ghcr.io/talmolab/lablink-client-base-image:linux-amd64-test@sha256:1ec2fde6860186b3d45ac83890167258f83512955dbce65f072d4e8c310cb9de,6,destroy,succeeded,1788384337.446569,1788384337.448163,1788384657.690712,,35,35
1788391006.06384,10,1,ghcr.io/talmolab/lablink-client-base-image:linux-amd64-test@sha256:1ec2fde6860186b3d45ac83890167258f83512955dbce65f072d4e8c310cb9de,7,apply,succeeded,1788384727.528365,1788384727.530681,1788384808.61864,,95,95
1788391006.06384,10,1,ghcr.io/talmolab/lablink-client-base-image:linux-amd64-test@sha256:1ec2fde6860186b3d45ac83890167258f83512955dbce65f072d4e8c310cb9de,8,destroy,succeeded,1788385076.969534,1788385076.971902,1788385973.63117,,95,95
1788391006.06384,10,1,ghcr.io/talmolab/lablink-client-base-image:linux-amd64-test@sha256:1ec2fde6860186b3d45ac83890167258f83512955dbce65f072d4e8c310cb9de,9,apply,succeeded,1788389407.309799,1788389407.313231,1788389454.98231,,20,20
1788391006.06384,10,1,ghcr.io/talmolab/lablink-client-base-image:linux-amd64-test@sha256:1ec2fde6860186b3d45ac83890167258f83512955dbce65f072d4e8c310cb9de,10,destroy,succeeded,1788390335.82657,1788390335.827949,1788390654.079952,,20,20
1788391006.06384,10,1,ghcr.io/talmolab/lablink-client-base-image:linux-amd64-test@sha256:1ec2fde6860186b3d45ac83890167258f83512955dbce65f072d4e8c310cb9de,11,apply,succeeded,1788390714.945026,1788390714.946521,1788390768.137505,,35,35
1788391011.046164,10,1,ghcr.io/talmolab/lablink-client-base-image:linux-amd64-test@sha256:1ec2fde6860186b3d45ac83890167258f83512955dbce65f072d4e8c310cb9de,1,apply,succeeded,1788380921.682491,1788380921.685047,1788380971.541328,,20,20
1788391011.046164,10,1,ghcr.io/talmolab/lablink-client-base-image:linux-amd64-test@sha256:1ec2fde6860186b3d45ac83890167258f83512955dbce65f072d4e8c310cb9de,2,destroy,succeeded,1788381612.379228,1788381612.381237,1788381939.351963,,20,20
1788391011.046164,10,1,ghcr.io/talmolab/lablink-client-base-image:linux-amd64-test@sha256:1ec2fde6860186b3d45ac83890167258f83512955dbce65f072d4e8c310cb9de,3,apply,succeeded,1788381976.63281,1788381976.63526,1788382026.043455,,20,20
1788391011.046164,10,1,ghcr.io/talmolab/lablink-client-base-image:linux-amd64-test@sha256:1ec2fde6860186b3d45ac83890167258f83512955dbce65f072d4e8c310cb9de,4,destroy,succeeded,1788382875.148234,1788382875.150169,1788383194.833905,,20,20
1788391011.046164,10,1,ghcr.io/talmolab/lablink-client-base-image:linux-amd64-test@sha256:1ec2fde6860186b3d45ac83890167258f83512955dbce65f072d4e8c310cb9de,5,apply,succeeded,1788383308.62635,1788383308.629388,1788383361.88001,,35,35
1788391011.046164,10,1,ghcr.io/talmolab/lablink-client-base-image:linux-amd64-test@sha256:1ec2fde6860186b3d45ac83890167258f83512955dbce65f072d4e8c310cb9de,6,destroy,succeeded,1788384337.446569,1788384337.448163,1788384657.690712,,35,35
1788391011.046164,10,1,ghcr.io/talmolab/lablink-client-base-image:linux-amd64-test@sha256:1ec2fde6860186b3d45ac83890167258f83512955dbce65f072d4e8c310cb9de,7,apply,succeeded,1788384727.528365,1788384727.530681,1788384808.61864,,95,95
1788391011.046164,10,1,ghcr.io/talmolab/lablink-client-base-image:linux-amd64-test@sha256:1ec2fde6860186b3d45ac83890167258f83512955dbce65f072d4e8c310cb9de,8,destroy,succeeded,1788385076.969534,1788385076.971902,1788385973.63117,,95,95
1788391011.046164,10,1,ghcr.io/talmolab/lablink-client-base-image:linux-amd64-test@sha256:1ec2fde6860186b3d45ac83890167258f83512955dbce65f072d4e8c310cb9de,9,apply,succeeded,1788389407.309799,1788389407.313231,1788389454.98231,,20,20
1788391011.046164,10,1,ghcr.io/talmolab/lablink-client-base-image:linux-amd64-test@sha256:1ec2fde6860186b3d45ac83890167258f83512955dbce65f072d4e8c310cb9de,10,destroy,succeeded,1788390335.82657,1788390335.827949,1788390654.079952,,20,20
1788391011.046164,10,1,ghcr.io/talmolab/lablink-client-base-image:linux-amd64-test@sha256:1ec2fde6860186b3d45ac83890167258f83512955dbce65f072d4e8c310cb9de,11,apply,succeeded,1788390714.945026,1788390714.946521,1788390768.137505,,35,35
1788391016.0569348,10,1,ghcr.io/talmolab/lablink-client-base-image:linux-amd64-test@sha256:1ec2fde6860186b3d45ac83890167258f83512955dbce65f072d4e8c310cb9de,1,apply,succeeded,1788380921.682491,1788380921.685047,1788380971.541328,,20,20
1788391016.0569348,10,1,ghcr.io/talmolab/lablink-client-base-image:linux-amd64-test@sha256:1ec2fde6860186b3d45ac83890167258f83512955dbce65f072d4e8c310cb9de,2,destroy,succeeded,1788381612.379228,1788381612.381237,1788381939.351963,,20,20
1788391016.0569348,10,1,ghcr.io/talmolab/lablink-client-base-image:linux-amd64-test@sha256:1ec2fde6860186b3d45ac83890167258f83512955dbce65f072d4e8c310cb9de,3,apply,succeeded,1788381976.63281,1788381976.63526,1788382026.043455,,20,20
1788391016.0569348,10,1,ghcr.io/talmolab/lablink-client-base-image:linux-amd64-test@sha256:1ec2fde6860186b3d45ac83890167258f83512955dbce65f072d4e8c310cb9de,4,destroy,succeeded,1788382875.148234,1788382875.150169,1788383194.833905,,20,20
1788391016.0569348,10,1,ghcr.io/talmolab/lablink-client-base-image:linux-amd64-test@sha256:1ec2fde6860186b3d45ac83890167258f83512955dbce65f072d4e8c310cb9de,5,apply,succeeded,1788383308.62635,1788383308.629388,1788383361.88001,,35,35
1788391016.0569348,10,1,ghcr.io/talmolab/lablink-client-base-image:linux-amd64-test@sha256:1ec2fde6860186b3d45ac83890167258f83512955dbce65f072d4e8c310cb9de,6,destroy,succeeded,1788384337.446569,1788384337.448163,1788384657.690712,,35,35
1788391016.0569348,10,1,ghcr.io/talmolab/lablink-client-base-image:linux-amd64-test@sha256:1ec2fde6860186b3d45ac83890167258f83512955dbce65f072d4e8c310cb9de,7,apply,succeeded,1788384727.528365,1788384727.530681,1788384808.61864,,95,95
1788391016.0569348,10,1,ghcr.io/talmolab/lablink-client-base-image:linux-amd64-test@sha256:1ec2fde6860186b3d45ac83890167258f83512955dbce65f072d4e8c310cb9de,8,destroy,succeeded,1788385076.969534,1788385076.971902,1788385973.63117,,95,95
1788391016.0569348,10,1,ghcr.io/talmolab/lablink-client-base-image:linux-amd64-test@sha256:1ec2fde6860186b3d45ac83890167258f83512955dbce65f072d4e8c310cb9de,9,apply,succeeded,1788389407.309799,1788389407.313231,1788389454.98231,,20,20
1788391016.0569348,10,1,ghcr.io/talmolab/lablink-client-base-image:linux-amd64-test@sha256:1ec2fde6860186b3d45ac83890167258f83512955dbce65f072d4e8c310cb9de,10,destroy,succeeded,1788390335.82657,1788390335.827949,1788390654.079952,,20,20
1788391016.0569348,10,1,ghcr.io/talmolab/lablink-client-base-image:linux-amd64-test@sha256:1ec2fde6860186b3d45ac83890167258f83512955dbce65f072d4e8c310cb9de,11,apply,succeeded,1788390714.945026,1788390714.946521,1788390768.137505,,35,35
1788391021.111945,10,1,ghcr.io/talmolab/lablink-client-base-image:linux-amd64-test@sha256:1ec2fde6860186b3d45ac83890167258f83512955dbce65f072d4e8c310cb9de,1,apply,succeeded,1788380921.682491,1788380921.685047,1788380971.541328,,20,20
1788391021.111945,10,1,ghcr.io/talmolab/lablink-client-base-image:linux-amd64-test@sha256:1ec2fde6860186b3d45ac83890167258f83512955dbce65f072d4e8c310cb9de,2,destroy,succeeded,1788381612.379228,1788381612.381237,1788381939.351963,,20,20
1788391021.111945,10,1,ghcr.io/talmolab/lablink-client-base-image:linux-amd64-test@sha256:1ec2fde6860186b3d45ac83890167258f83512955dbce65f072d4e8c310cb9de,3,apply,succeeded,1788381976.63281,1788381976.63526,1788382026.043455,,20,20
1788391021.111945,10,1,ghcr.io/talmolab/lablink-client-base-image:linux-amd64-test@sha256:1ec2fde6860186b3d45ac83890167258f83512955dbce65f072d4e8c310cb9de,4,destroy,succeeded,1788382875.148234,1788382875.150169,1788383194.833905,,20,20
1788391021.111945,10,1,ghcr.io/talmolab/lablink-client-base-image:linux-amd64-test@sha256:1ec2fde6860186b3d45ac83890167258f83512955dbce65f072d4e8c310cb9de,5,apply,succeeded,1788383308.62635,1788383308.629388,1788383361.88001,,35,35
1788391021.111945,10,1,ghcr.io/talmolab/lablink-client-base-image:linux-amd64-test@sha256:1ec2fde6860186b3d45ac83890167258f83512955dbce65f072d4e8c310cb9de,6,destroy,succeeded,1788384337.446569,1788384337.448163,1788384657.690712,,35,35
1788391021.111945,10,1,ghcr.io/talmolab/lablink-client-base-image:linux-amd64-test@sha256:1ec2fde6860186b3d45ac83890167258f83512955dbce65f072d4e8c310cb9de,7,apply,succeeded,1788384727.528365,1788384727.530681,1788384808.61864,,95,95
1788391021.111945,10,1,ghcr.io/talmolab/lablink-client-base-image:linux-amd64-test@sha256:1ec2fde6860186b3d45ac83890167258f83512955dbce65f072d4e8c310cb9de,8,destroy,succeeded,1788385076.969534,1788385076.971902,1788385973.63117,,95,95
1788391021.111945,10,1,ghcr.io/talmolab/lablink-client-base-image:linux-amd64-test@sha256:1ec2fde6860186b3d45ac83890167258f83512955dbce65f072d4e8c310cb9de,9,apply,succeeded,1788389407.309799,1788389407.313231,1788389454.98231,,20,20
1788391021.111945,10,1,ghcr.io/talmolab/lablink-client-base-image:linux-amd64-test@sha256:1ec2fde6860186b3d45ac83890167258f83512955dbce65f072d4e8c310cb9de,10,destroy,succeeded,1788390335.82657,1788390335.827949,1788390654.079952,,20,20
1788391021.111945,10,1,ghcr.io/talmolab/lablink-client-base-image:linux-amd64-test@sha256:1ec2fde6860186b3d45ac83890167258f83512955dbce65f072d4e8c310cb9de,11,apply,succeeded,1788390714.945026,1788390714.946521,1788390768.137505,,35,35
1788391026.061098,10,1,ghcr.io/talmolab/lablink-client-base-image:linux-amd64-test@sha256:1ec2fde6860186b3d45ac83890167258f83512955dbce65f072d4e8c310cb9de,1,apply,succeeded,1788380921.682491,1788380921.685047,1788380971.541328,,20,20
1788391026.061098,10,1,ghcr.io/talmolab/lablink-client-base-image:linux-amd64-test@sha256:1ec2fde6860186b3d45ac83890167258f83512955dbce65f072d4e8c310cb9de,2,destroy,succeeded,1788381612.379228,1788381612.381237,1788381939.351963,,20,20
1788391026.061098,10,1,ghcr.io/talmolab/lablink-client-base-image:linux-amd64-test@sha256:1ec2fde6860186b3d45ac83890167258f83512955dbce65f072d4e8c310cb9de,3,apply,succeeded,1788381976.63281,1788381976.63526,1788382026.043455,,20,20
1788391026.061098,10,1,ghcr.io/talmolab/lablink-client-base-image:linux-amd64-test@sha256:1ec2fde6860186b3d45ac83890167258f83512955dbce65f072d4e8c310cb9de,4,destroy,succeeded,1788382875.148234,1788382875.150169,1788383194.833905,,20,20
1788391026.061098,10,1,ghcr.io/talmolab/lablink-client-base-image:linux-amd64-test@sha256:1ec2fde6860186b3d45ac83890167258f83512955dbce65f072d4e8c310cb9de,5,apply,succeeded,1788383308.62635,1788383308.629388,1788383361.88001,,35,35
1788391026.061098,10,1,ghcr.io/talmolab/lablink-client-base-image:linux-amd64-test@sha256:1ec2fde6860186b3d45ac83890167258f83512955dbce65f072d4e8c310cb9de,6,destroy,succeeded,1788384337.446569,1788384337.448163,1788384657.690712,,35,35
1788391026.061098,10,1,ghcr.io/talmolab/lablink-client-base-image:linux-amd64-test@sha256:1ec2fde6860186b3d45ac83890167258f83512955dbce65f072d4e8c310cb9de,7,apply,succeeded,1788384727.528365,1788384727.530681,1788384808.61864,,95,95
1788391026.061098,10,1,ghcr.io/talmolab/lablink-client-base-image:linux-amd64-test@sha256:1ec2fde6860186b3d45ac83890167258f83512955dbce65f072d4e8c310cb9de,8,destroy,succeeded,1788385076.969534,1788385076.971902,1788385973.63117,,95,95
1788391026.061098,10,1,ghcr.io/talmolab/lablink-client-base-image:linux-amd64-test@sha256:1ec2fde6860186b3d45ac83890167258f83512955dbce65f072d4e8c310cb9de,9,apply,succeeded,1788389407.309799,1788389407.313231,1788389454.98231,,20,20
1788391026.061098,10,1,ghcr.io/talmolab/lablink-client-base-image:linux-amd64-test@sha256:1ec2fde6860186b3d45ac83890167258f83512955dbce65f072d4e8c310cb9de,10,destroy,succeeded,1788390335.82657,1788390335.827949,1788390654.079952,,20,20
1788391026.061098,10,1,ghcr.io/talmolab/lablink-client-base-image:linux-amd64-test@sha256:1ec2fde6860186b3d45ac83890167258f83512955dbce65f072d4e8c310cb9de,11,apply,succeeded,1788390714.945026,1788390714.946521,1788390768.137505,,35,35
1788391031.072421,10,1,ghcr.io/talmolab/lablink-client-base-image:linux-amd64-test@sha256:1ec2fde6860186b3d45ac83890167258f83512955dbce65f072d4e8c310cb9de,1,apply,succeeded,1788380921.682491,1788380921.685047,1788380971.541328,,20,20
1788391031.072421,10,1,ghcr.io/talmolab/lablink-client-base-image:linux-amd64-test@sha256:1ec2fde6860186b3d45ac83890167258f83512955dbce65f072d4e8c310cb9de,2,destroy,succeeded,1788381612.379228,1788381612.381237,1788381939.351963,,20,20
1788391031.072421,10,1,ghcr.io/talmolab/lablink-client-base-image:linux-amd64-test@sha256:1ec2fde6860186b3d45ac83890167258f83512955dbce65f072d4e8c310cb9de,3,apply,succeeded,1788381976.63281,1788381976.63526,1788382026.043455,,20,20
1788391031.072421,10,1,ghcr.io/talmolab/lablink-client-base-image:linux-amd64-test@sha256:1ec2fde6860186b3d45ac83890167258f83512955dbce65f072d4e8c310cb9de,4,destroy,succeeded,1788382875.148234,1788382875.150169,1788383194.833905,,20,20
1788391031.072421,10,1,ghcr.io/talmolab/lablink-client-base-image:linux-amd64-test@sha256:1ec2fde6860186b3d45ac83890167258f83512955dbce65f072d4e8c310cb9de,5,apply,succeeded,1788383308.62635,1788383308.629388,1788383361.88001,,35,35
1788391031.072421,10,1,ghcr.io/talmolab/lablink-client-base-image:linux-amd64-test@sha256:1ec2fde6860186b3d45ac83890167258f83512955dbce65f072d4e8c310cb9de,6,destroy,succeeded,1788384337.446569,1788384337.448163,1788384657.690712,,35,35
1788391031.072421,10,1,ghcr.io/talmolab/lablink-client-base-image:linux-amd64-test@sha256:1ec2fde6860186b3d45ac83890167258f83512955dbce65f072d4e8c310cb9de,7,apply,succeeded,1788384727.528365,1788384727.530681,1788384808.61864,,95,95
1788391031.072421,10,1,ghcr.io/talmolab/lablink-client-base-image:linux-amd64-test@sha256:1ec2fde6860186b3d45ac83890167258f83512955dbce65f072d4e8c310cb9de,8,destroy,succeeded,1788385076.969534,1788385076.971902,1788385973.63117,,95,95
1788391031.072421,10,1,ghcr.io/talmolab/lablink-client-base-image:linux-amd64-test@sha256:1ec2fde6860186b3d45ac83890167258f83512955dbce65f072d4e8c310cb9de,9,apply,succeeded,1788389407.309799,1788389407.313231,1788389454.98231,,20,20
1788391031.072421,10,1,ghcr.io/talmolab/lablink-client-base-image:linux-amd64-test@sha256:1ec2fde6860186b3d45ac83890167258f83512955dbce65f072d4e8c310cb9de,10,destroy,succeeded,1788390335.82657,1788390335.827949,1788390654.079952,,20,20
1788391031.072421,10,1,ghcr.io/talmolab/lablink-client-base-image:linux-amd64-test@sha256:1ec2fde6860186b3d45ac83890167258f83512955dbce65f072d4e8c310cb9de,11,apply,succeeded,1788390714.945026,1788390714.946521,1788390768.137505,,35,35
1788391036.316803,10,1,ghcr.io/talmolab/lablink-client-base-image:linux-amd64-test@sha256:1ec2fde6860186b3d45ac83890167258f83512955dbce65f072d4e8c310cb9de,1,apply,succeeded,1788380921.682491,1788380921.685047,1788380971.541328,,20,20
1788391036.316803,10,1,ghcr.io/talmolab/lablink-client-base-image:linux-amd64-test@sha256:1ec2fde6860186b3d45ac83890167258f83512955dbce65f072d4e8c310cb9de,2,destroy,succeeded,1788381612.379228,1788381612.381237,1788381939.351963,,20,20
1788391036.316803,10,1,ghcr.io/talmolab/lablink-client-base-image:linux-amd64-test@sha256:1ec2fde6860186b3d45ac83890167258f83512955dbce65f072d4e8c310cb9de,3,apply,succeeded,1788381976.63281,1788381976.63526,1788382026.043455,,20,20
1788391036.316803,10,1,ghcr.io/talmolab/lablink-client-base-image:linux-amd64-test@sha256:1ec2fde6860186b3d45ac83890167258f83512955dbce65f072d4e8c310cb9de,4,destroy,succeeded,1788382875.148234,1788382875.150169,1788383194.833905,,20,20
1788391036.316803,10,1,ghcr.io/talmolab/lablink-client-base-image:linux-amd64-test@sha256:1ec2fde6860186b3d45ac83890167258f83512955dbce65f072d4e8c310cb9de,5,apply,succeeded,1788383308.62635,1788383308.629388,1788383361.88001,,35,35
1788391036.316803,10,1,ghcr.io/talmolab/lablink-client-base-image:linux-amd64-test@sha256:1ec2fde6860186b3d45ac83890167258f83512955dbce65f072d4e8c310cb9de,6,destroy,succeeded,1788384337.446569,1788384337.448163,1788384657.690712,,35,35
1788391036.316803,10,1,ghcr.io/talmolab/lablink-client-base-image:linux-amd64-test@sha256:1ec2fde6860186b3d45ac83890167258f83512955dbce65f072d4e8c310cb9de,7,apply,succeeded,1788384727.528365,1788384727.530681,1788384808.61864,,95,95
1788391036.316803,10,1,ghcr.io/talmolab/lablink-client-base-image:linux-amd64-test@sha256:1ec2fde6860186b3d45ac83890167258f83512955dbce65f072d4e8c310cb9de,8,destroy,succeeded,1788385076.969534,1788385076.971902,1788385973.63117,,95,95
1788391036.316803,10,1,ghcr.io/talmolab/lablink-client-base-image:linux-amd64-test@sha256:1ec2fde6860186b3d45ac83890167258f83512955dbce65f072d4e8c310cb9de,9,apply,succeeded,1788389407.309799,1788389407.313231,1788389454.98231,,20,20
1788391036.316803,10,1,ghcr.io/talmolab/lablink-client-base-image:linux-amd64-test@sha256:1ec2fde6860186b3d45ac83890167258f83512955dbce65f072d4e8c310cb9de,10,destroy,succeeded,1788390335.82657,1788390335.827949,1788390654.079952,,20,20
1788391036.316803,10,1,ghcr.io/talmolab/lablink-client-base-image:linux-amd64-test@sha256:1ec2fde6860186b3d45ac83890167258f83512955dbce65f072d4e8c310cb9de,11,apply,succeeded,1788390714.945026,1788390714.946521,1788390768.137505,,35,35
1788391041.037784,10,1,ghcr.io/talmolab/lablink-client-base-image:linux-amd64-test@sha256:1ec2fde6860186b3d45ac83890167258f83512955dbce65f072d4e8c310cb9de,1,apply,succeeded,1788380921.682491,1788380921.685047,1788380971.541328,,20,20
1788391041.037784,10,1,ghcr.io/talmolab/lablink-client-base-image:linux-amd64-test@sha256:1ec2fde6860186b3d45ac83890167258f83512955dbce65f072d4e8c310cb9de,2,destroy,succeeded,1788381612.379228,1788381612.381237,1788381939.351963,,20,20
1788391041.037784,10,1,ghcr.io/talmolab/lablink-client-base-image:linux-amd64-test@sha256:1ec2fde6860186b3d45ac83890167258f83512955dbce65f072d4e8c310cb9de,3,apply,succeeded,1788381976.63281,1788381976.63526,1788382026.043455,,20,20
1788391041.037784,10,1,ghcr.io/talmolab/lablink-client-base-image:linux-amd64-test@sha256:1ec2fde6860186b3d45ac83890167258f83512955dbce65f072d4e8c310cb9de,4,destroy,succeeded,1788382875.148234,1788382875.150169,1788383194.833905,,20,20
1788391041.037784,10,1,ghcr.io/talmolab/lablink-client-base-image:linux-amd64-test@sha256:1ec2fde6860186b3d45ac83890167258f83512955dbce65f072d4e8c310cb9de,5,apply,succeeded,1788383308.62635,1788383308.629388,1788383361.88001,,35,35
1788391041.037784,10,1,ghcr.io/talmolab/lablink-client-base-image:linux-amd64-test@sha256:1ec2fde6860186b3d45ac83890167258f83512955dbce65f072d4e8c310cb9de,6,destroy,succeeded,1788384337.446569,1788384337.448163,1788384657.690712,,35,35
1788391041.037784,10,1,ghcr.io/talmolab/lablink-client-base-image:linux-amd64-test@sha256:1ec2fde6860186b3d45ac83890167258f83512955dbce65f072d4e8c310cb9de,7,apply,succeeded,1788384727.528365,1788384727.530681,1788384808.61864,,95,95
1788391041.037784,10,1,ghcr.io/talmolab/lablink-client-base-image:linux-amd64-test@sha256:1ec2fde6860186b3d45ac83890167258f83512955dbce65f072d4e8c310cb9de,8,destroy,succeeded,1788385076.969534,1788385076.971902,1788385973.63117,,95,95
1788391041.037784,10,1,ghcr.io/talmolab/lablink-client-base-image:linux-amd64-test@sha256:1ec2fde6860186b3d45ac83890167258f83512955dbce65f072d4e8c310cb9de,9,apply,succeeded,1788389407.309799,1788389407.313231,1788389454.98231,,20,20
1788391041.037784,10,1,ghcr.io/talmolab/lablink-client-base-image:linux-amd64-test@sha256:1ec2fde6860186b3d45ac83890167258f83512955dbce65f072d4e8c310cb9de,10,destroy,succeeded,1788390335.82657,1788390335.827949,1788390654.079952,,20,20
1788391041.037784,10,1,ghcr.io/talmolab/lablink-client-base-image:linux-amd64-test@sha256:1ec2fde6860186b3d45ac83890167258f83512955dbce65f072d4e8c310cb9de,11,apply,succeeded,1788390714.945026,1788390714.946521,1788390768.137505,,35,35
1788391046.0082319,10,1,ghcr.io/talmolab/lablink-client-base-image:linux-amd64-test@sha256:1ec2fde6860186b3d45ac83890167258f83512955dbce65f072d4e8c310cb9de,1,apply,succeeded,1788380921.682491,1788380921.685047,1788380971.541328,,20,20
1788391046.0082319,10,1,ghcr.io/talmolab/lablink-client-base-image:linux-amd64-test@sha256:1ec2fde6860186b3d45ac83890167258f83512955dbce65f072d4e8c310cb9de,2,destroy,succeeded,1788381612.379228,1788381612.381237,1788381939.351963,,20,20
1788391046.0082319,10,1,ghcr.io/talmolab/lablink-client-base-image:linux-amd64-test@sha256:1ec2fde6860186b3d45ac83890167258f83512955dbce65f072d4e8c310cb9de,3,apply,succeeded,1788381976.63281,1788381976.63526,1788382026.043455,,20,20
1788391046.0082319,10,1,ghcr.io/talmolab/lablink-client-base-image:linux-amd64-test@sha256:1ec2fde6860186b3d45ac83890167258f83512955dbce65f072d4e8c310cb9de,4,destroy,succeeded,1788382875.148234,1788382875.150169,1788383194.833905,,20,20
1788391046.0082319,10,1,ghcr.io/talmolab/lablink-client-base-image:linux-amd64-test@sha256:1ec2fde6860186b3d45ac83890167258f83512955dbce65f072d4e8c310cb9de,5,apply,succeeded,1788383308.62635,1788383308.629388,1788383361.88001,,35,35
1788391046.0082319,10,1,ghcr.io/talmolab/lablink-client-base-image:linux-amd64-test@sha256:1ec2fde6860186b3d45ac83890167258f83512955dbce65f072d4e8c310cb9de,6,destroy,succeeded,1788384337.446569,1788384337.448163,1788384657.690712,,35,35
1788391046.0082319,10,1,ghcr.io/talmolab/lablink-client-base-image:linux-amd64-test@sha256:1ec2fde6860186b3d45ac83890167258f83512955dbce65f072d4e8c310cb9de,7,apply,succeeded,1788384727.528365,1788384727.530681,1788384808.61864,,95,95
1788391046.0082319,10,1,ghcr.io/talmolab/lablink-client-base-image:linux-amd64-test@sha256:1ec2fde6860186b3d45ac83890167258f83512955dbce65f072d4e8c310cb9de,8,destroy,succeeded,1788385076.969534,1788385076.971902,1788385973.63117,,95,95
1788391046.0082319,10,1,ghcr.io/talmolab/lablink-client-base-image:linux-amd64-test@sha256:1ec2fde6860186b3d45ac83890167258f83512955dbce65f072d4e8c310cb9de,9,apply,succeeded,1788389407.309799,1788389407.313231,1788389454.98231,,20,20
1788391046.0082319,10,1,ghcr.io/talmolab/lablink-client-base-image:linux-amd64-test@sha256:1ec2fde6860186b3d45ac83890167258f83512955dbce65f072d4e8c310cb9de,10,destroy,succeeded,1788390335.82657,1788390335.827949,1788390654.079952,,20,20
1788391046.0082319,10,1,ghcr.io/talmolab/lablink-client-base-image:linux-amd64-test@sha256:1ec2fde6860186b3d45ac83890167258f83512955dbce65f072d4e8c310cb9de,11,apply,succeeded,1788390714.945026,1788390714.946521,1788390768.137505,,35,35
1788391050.999116,10,1,ghcr.io/talmolab/lablink-client-base-image:linux-amd64-test@sha256:1ec2fde6860186b3d45ac83890167258f83512955dbce65f072d4e8c310cb9de,1,apply,succeeded,1788380921.682491,1788380921.685047,1788380971.541328,,20,20
1788391050.999116,10,1,ghcr.io/talmolab/lablink-client-base-image:linux-amd64-test@sha256:1ec2fde6860186b3d45ac83890167258f83512955dbce65f072d4e8c310cb9de,2,destroy,succeeded,1788381612.379228,1788381612.381237,1788381939.351963,,20,20
1788391050.999116,10,1,ghcr.io/talmolab/lablink-client-base-image:linux-amd64-test@sha256:1ec2fde6860186b3d45ac83890167258f83512955dbce65f072d4e8c310cb9de,3,apply,succeeded,1788381976.63281,1788381976.63526,1788382026.043455,,20,20
1788391050.999116,10,1,ghcr.io/talmolab/lablink-client-base-image:linux-amd64-test@sha256:1ec2fde6860186b3d45ac83890167258f83512955dbce65f072d4e8c310cb9de,4,destroy,succeeded,1788382875.148234,1788382875.150169,1788383194.833905,,20,20
1788391050.999116,10,1,ghcr.io/talmolab/lablink-client-base-image:linux-amd64-test@sha256:1ec2fde6860186b3d45ac83890167258f83512955dbce65f072d4e8c310cb9de,5,apply,succeeded,1788383308.62635,1788383308.629388,1788383361.88001,,35,35
1788391050.999116,10,1,ghcr.io/talmolab/lablink-client-base-image:linux-amd64-test@sha256:1ec2fde6860186b3d45ac83890167258f83512955dbce65f072d4e8c310cb9de,6,destroy,succeeded,1788384337.446569,1788384337.448163,1788384657.690712,,35,35
1788391050.999116,10,1,ghcr.io/talmolab/lablink-client-base-image:linux-amd64-test@sha256:1ec2fde6860186b3d45ac83890167258f83512955dbce65f072d4e8c310cb9de,7,apply,succeeded,1788384727.528365,1788384727.530681,1788384808.61864,,95,95
1788391050.999116,10,1,ghcr.io/talmolab/lablink-client-base-image:linux-amd64-test@sha256:1ec2fde6860186b3d45ac83890167258f83512955dbce65f072d4e8c310cb9de,8,destroy,succeeded,1788385076.969534,1788385076.971902,1788385973.63117,,95,95
1788391050.999116,10,1,ghcr.io/talmolab/lablink-client-base-image:linux-amd64-test@sha256:1ec2fde6860186b3d45ac83890167258f83512955dbce65f072d4e8c310cb9de,9,apply,succeeded,1788389407.309799,1788389407.313231,1788389454.98231,,20,20
1788391050.999116,10,1,ghcr.io/talmolab/lablink-client-base-image:linux-amd64-test@sha256:1ec2fde6860186b3d45ac83890167258f83512955dbce65f072d4e8c310cb9de,10,destroy,succeeded,1788390335.82657,1788390335.827949,1788390654.079952,,20,20
1788391050.999116,10,1,ghcr.io/talmolab/lablink-client-base-image:linux-amd64-test@sha256:1ec2fde6860186b3d45ac83890167258f83512955dbce65f072d4e8c310cb9de,11,apply,succeeded,1788390714.945026,1788390714.946521,1788390768.137505,,35,35
1788391056.0292218,10,1,ghcr.io/talmolab/lablink-client-base-image:linux-amd64-test@sha256:1ec2fde6860186b3d45ac83890167258f83512955dbce65f072d4e8c310cb9de,1,apply,succeeded,1788380921.682491,1788380921.685047,1788380971.541328,,20,20
1788391056.0292218,10,1,ghcr.io/talmolab/lablink-client-base-image:linux-amd64-test@sha256:1ec2fde6860186b3d45ac83890167258f83512955dbce65f072d4e8c310cb9de,2,destroy,succeeded,1788381612.379228,1788381612.381237,1788381939.351963,,20,20
1788391056.0292218,10,1,ghcr.io/talmolab/lablink-client-base-image:linux-amd64-test@sha256:1ec2fde6860186b3d45ac83890167258f83512955dbce65f072d4e8c310cb9de,3,apply,succeeded,1788381976.63281,1788381976.63526,1788382026.043455,,20,20
1788391056.0292218,10,1,ghcr.io/talmolab/lablink-client-base-image:linux-amd64-test@sha256:1ec2fde6860186b3d45ac83890167258f83512955dbce65f072d4e8c310cb9de,4,destroy,succeeded,1788382875.148234,1788382875.150169,1788383194.833905,,20,20
1788391056.0292218,10,1,ghcr.io/talmolab/lablink-client-base-image:linux-amd64-test@sha256:1ec2fde6860186b3d45ac83890167258f83512955dbce65f072d4e8c310cb9de,5,apply,succeeded,1788383308.62635,1788383308.629388,1788383361.88001,,35,35
1788391056.0292218,10,1,ghcr.io/talmolab/lablink-client-base-image:linux-amd64-test@sha256:1ec2fde6860186b3d45ac83890167258f83512955dbce65f072d4e8c310cb9de,6,destroy,succeeded,1788384337.446569,1788384337.448163,1788384657.690712,,35,35
1788391056.0292218,10,1,ghcr.io/talmolab/lablink-client-base-image:linux-amd64-test@sha256:1ec2fde6860186b3d45ac83890167258f83512955dbce65f072d4e8c310cb9de,7,apply,succeeded,1788384727.528365,1788384727.530681,1788384808.61864,,95,95
1788391056.0292218,10,1,ghcr.io/talmolab/lablink-client-base-image:linux-amd64-test@sha256:1ec2fde6860186b3d45ac83890167258f83512955dbce65f072d4e8c310cb9de,8,destroy,succeeded,1788385076.969534,1788385076.971902,1788385973.63117,,95,95
1788391056.0292218,10,1,ghcr.io/talmolab/lablink-client-base-image:linux-amd64-test@sha256:1ec2fde6860186b3d45ac83890167258f83512955dbce65f072d4e8c310cb9de,9,apply,succeeded,1788389407.309799,1788389407.313231,1788389454.98231,,20,20
1788391056.0292218,10,1,ghcr.io/talmolab/lablink-client-base-image:linux-amd64-test@sha256:1ec2fde6860186b3d45ac83890167258f83512955dbce65f072d4e8c310cb9de,10,destroy,succeeded,1788390335.82657,1788390335.827949,1788390654.079952,,20,20
1788391056.0292218,10,1,ghcr.io/talmolab/lablink-client-base-image:linux-amd64-test@sha256:1ec2fde6860186b3d45ac83890167258f83512955dbce65f072d4e8c310cb9de,11,apply,succeeded,1788390714.945026,1788390714.946521,1788390768.137505,,35,35
1788391061.01171,10,1,ghcr.io/talmolab/lablink-client-base-image:linux-amd64-test@sha256:1ec2fde6860186b3d45ac83890167258f83512955dbce65f072d4e8c310cb9de,1,apply,succeeded,1788380921.682491,1788380921.685047,1788380971.541328,,20,20
1788391061.01171,10,1,ghcr.io/talmolab/lablink-client-base-image:linux-amd64-test@sha256:1ec2fde6860186b3d45ac83890167258f83512955dbce65f072d4e8c310cb9de,2,destroy,succeeded,1788381612.379228,1788381612.381237,1788381939.351963,,20,20
1788391061.01171,10,1,ghcr.io/talmolab/lablink-client-base-image:linux-amd64-test@sha256:1ec2fde6860186b3d45ac83890167258f83512955dbce65f072d4e8c310cb9de,3,apply,succeeded,1788381976.63281,1788381976.63526,1788382026.043455,,20,20
1788391061.01171,10,1,ghcr.io/talmolab/lablink-client-base-image:linux-amd64-test@sha256:1ec2fde6860186b3d45ac83890167258f83512955dbce65f072d4e8c310cb9de,4,destroy,succeeded,1788382875.148234,1788382875.150169,1788383194.833905,,20,20
1788391061.01171,10,1,ghcr.io/talmolab/lablink-client-base-image:linux-amd64-test@sha256:1ec2fde6860186b3d45ac83890167258f83512955dbce65f072d4e8c310cb9de,5,apply,succeeded,1788383308.62635,1788383308.629388,1788383361.88001,,35,35
1788391061.01171,10,1,ghcr.io/talmolab/lablink-client-base-image:linux-amd64-test@sha256:1ec2fde6860186b3d45ac83890167258f83512955dbce65f072d4e8c310cb9de,6,destroy,succeeded,1788384337.446569,1788384337.448163,1788384657.690712,,35,35
1788391061.01171,10,1,ghcr.io/talmolab/lablink-client-base-image:linux-amd64-test@sha256:1ec2fde6860186b3d45ac83890167258f83512955dbce65f072d4e8c310cb9de,7,apply,succeeded,1788384727.528365,1788384727.530681,1788384808.61864,,95,95
1788391061.01171,10,1,ghcr.io/talmolab/lablink-client-base-image:linux-amd64-test@sha256:1ec2fde6860186b3d45ac83890167258f83512955dbce65f072d4e8c310cb9de,8,destroy,succeeded,1788385076.969534,1788385076.971902,1788385973.63117,,95,95
1788391061.01171,10,1,ghcr.io/talmolab/lablink-client-base-image:linux-amd64-test@sha256:1ec2fde6860186b3d45ac83890167258f83512955dbce65f072d4e8c310cb9de,9,apply,succeeded,1788389407.309799,1788389407.313231,1788389454.98231,,20,20
1788391061.01171,10,1,ghcr.io/talmolab/lablink-client-base-image:linux-amd64-test@sha256:1ec2fde6860186b3d45ac83890167258f83512955dbce65f072d4e8c310cb9de,10,destroy,succeeded,1788390335.82657,1788390335.827949,1788390654.079952,,20,20
1788391061.01171,10,1,ghcr.io/talmolab/lablink-client-base-image:linux-amd64-test@sha256:1ec2fde6860186b3d45ac83890167258f83512955dbce65f072d4e8c310cb9de,11,apply,succeeded,1788390714.945026,1788390714.946521,1788390768.137505,,35,35
1788391066.032904,10,1,ghcr.io/talmolab/lablink-client-base-image:linux-amd64-test@sha256:1ec2fde6860186b3d45ac83890167258f83512955dbce65f072d4e8c310cb9de,1,apply,succeeded,1788380921.682491,1788380921.685047,1788380971.541328,,20,20
1788391066.032904,10,1,ghcr.io/talmolab/lablink-client-base-image:linux-amd64-test@sha256:1ec2fde6860186b3d45ac83890167258f83512955dbce65f072d4e8c310cb9de,2,destroy,succeeded,1788381612.379228,1788381612.381237,1788381939.351963,,20,20
1788391066.032904,10,1,ghcr.io/talmolab/lablink-client-base-image:linux-amd64-test@sha256:1ec2fde6860186b3d45ac83890167258f83512955dbce65f072d4e8c310cb9de,3,apply,succeeded,1788381976.63281,1788381976.63526,1788382026.043455,,20,20
1788391066.032904,10,1,ghcr.io/talmolab/lablink-client-base-image:linux-amd64-test@sha256:1ec2fde6860186b3d45ac83890167258f83512955dbce65f072d4e8c310cb9de,4,destroy,succeeded,1788382875.148234,1788382875.150169,1788383194.833905,,20,20
1788391066.032904,10,1,ghcr.io/talmolab/lablink-client-base-image:linux-amd64-test@sha256:1ec2fde6860186b3d45ac83890167258f83512955dbce65f072d4e8c310cb9de,5,apply,succeeded,1788383308.62635,1788383308.629388,1788383361.88001,,35,35
1788391066.032904,10,1,ghcr.io/talmolab/lablink-client-base-image:linux-amd64-test@sha256:1ec2fde6860186b3d45ac83890167258f83512955dbce65f072d4e8c310cb9de,6,destroy,succeeded,1788384337.446569,1788384337.448163,1788384657.690712,,35,35
1788391066.032904,10,1,ghcr.io/talmolab/lablink-client-base-image:linux-amd64-test@sha256:1ec2fde6860186b3d45ac83890167258f83512955dbce65f072d4e8c310cb9de,7,apply,succeeded,1788384727.528365,1788384727.530681,1788384808.61864,,95,95
1788391066.032904,10,1,ghcr.io/talmolab/lablink-client-base-image:linux-amd64-test@sha256:1ec2fde6860186b3d45ac83890167258f83512955dbce65f072d4e8c310cb9de,8,destroy,succeeded,1788385076.969534,1788385076.971902,1788385973.63117,,95,95
1788391066.032904,10,1,ghcr.io/talmolab/lablink-client-base-image:linux-amd64-test@sha256:1ec2fde6860186b3d45ac83890167258f83512955dbce65f072d4e8c310cb9de,9,apply,succeeded,1788389407.309799,1788389407.313231,1788389454.98231,,20,20
1788391066.032904,10,1,ghcr.io/talmolab/lablink-client-base-image:linux-amd64-test@sha256:1ec2fde6860186b3d45ac83890167258f83512955dbce65f072d4e8c310cb9de,10,destroy,succeeded,1788390335.82657,1788390335.827949,1788390654.079952,,20,20
1788391066.032904,10,1,ghcr.io/talmolab/lablink-client-base-image:linux-amd64-test@sha256:1ec2fde6860186b3d45ac83890167258f83512955dbce65f072d4e8c310cb9de,11,apply,succeeded,1788390714.945026,1788390714.946521,1788390768.137505,,35,35
1788391071.1107829,10,1,ghcr.io/talmolab/lablink-client-base-image:linux-amd64-test@sha256:1ec2fde6860186b3d45ac83890167258f83512955dbce65f072d4e8c310cb9de,1,apply,succeeded,1788380921.682491,1788380921.685047,1788380971.541328,,20,20
1788391071.1107829,10,1,ghcr.io/talmolab/lablink-client-base-image:linux-amd64-test@sha256:1ec2fde6860186b3d45ac83890167258f83512955dbce65f072d4e8c310cb9de,2,destroy,succeeded,1788381612.379228,1788381612.381237,1788381939.351963,,20,20
1788391071.1107829,10,1,ghcr.io/talmolab/lablink-client-base-image:linux-amd64-test@sha256:1ec2fde6860186b3d45ac83890167258f83512955dbce65f072d4e8c310cb9de,3,apply,succeeded,1788381976.63281,1788381976.63526,1788382026.043455,,20,20
1788391071.1107829,10,1,ghcr.io/talmolab/lablink-client-base-image:linux-amd64-test@sha256:1ec2fde6860186b3d45ac83890167258f83512955dbce65f072d4e8c310cb9de,4,destroy,succeeded,1788382875.148234,1788382875.150169,1788383194.833905,,20,20
1788391071.1107829,10,1,ghcr.io/talmolab/lablink-client-base-image:linux-amd64-test@sha256:1ec2fde6860186b3d45ac83890167258f83512955dbce65f072d4e8c310cb9de,5,apply,succeeded,1788383308.62635,1788383308.629388,1788383361.88001,,35,35
1788391071.1107829,10,1,ghcr.io/talmolab/lablink-client-base-image:linux-amd64-test@sha256:1ec2fde6860186b3d45ac83890167258f83512955dbce65f072d4e8c310cb9de,6,destroy,succeeded,1788384337.446569,1788384337.448163,1788384657.690712,,35,35
1788391071.1107829,10,1,ghcr.io/talmolab/lablink-client-base-image:linux-amd64-test@sha256:1ec2fde6860186b3d45ac83890167258f83512955dbce65f072d4e8c310cb9de,7,apply,succeeded,1788384727.528365,1788384727.530681,1788384808.61864,,95,95
1788391071.1107829,10,1,ghcr.io/talmolab/lablink-client-base-image:linux-amd64-test@sha256:1ec2fde6860186b3d45ac83890167258f83512955dbce65f072d4e8c310cb9de,8,destroy,succeeded,1788385076.969534,1788385076.971902,1788385973.63117,,95,95
1788391071.1107829,10,1,ghcr.io/talmolab/lablink-client-base-image:linux-amd64-test@sha256:1ec2fde6860186b3d45ac83890167258f83512955dbce65f072d4e8c310cb9de,9,apply,succeeded,1788389407.309799,1788389407.313231,1788389454.98231,,20,20
1788391071.1107829,10,1,ghcr.io/talmolab/lablink-client-base-image:linux-amd64-test@sha256:1ec2fde6860186b3d45ac83890167258f83512955dbce65f072d4e8c310cb9de,10,destroy,succeeded,1788390335.82657,1788390335.827949,1788390654.079952,,20,20
1788391071.1107829,10,1,ghcr.io/talmolab/lablink-client-base-image:linux-amd64-test@sha256:1ec2fde6860186b3d45ac83890167258f83512955dbce65f072d4e8c310cb9de,11,apply,succeeded,1788390714.945026,1788390714.946521,1788390768.137505,,35,35
1788391076.165285,10,1,ghcr.io/talmolab/lablink-client-base-image:linux-amd64-test@sha256:1ec2fde6860186b3d45ac83890167258f83512955dbce65f072d4e8c310cb9de,1,apply,succeeded,1788380921.682491,1788380921.685047,1788380971.541328,,20,20
1788391076.165285,10,1,ghcr.io/talmolab/lablink-client-base-image:linux-amd64-test@sha256:1ec2fde6860186b3d45ac83890167258f83512955dbce65f072d4e8c310cb9de,2,destroy,succeeded,1788381612.379228,1788381612.381237,1788381939.351963,,20,20
1788391076.165285,10,1,ghcr.io/talmolab/lablink-client-base-image:linux-amd64-test@sha256:1ec2fde6860186b3d45ac83890167258f83512955dbce65f072d4e8c310cb9de,3,apply,succeeded,1788381976.63281,1788381976.63526,1788382026.043455,,20,20
1788391076.165285,10,1,ghcr.io/talmolab/lablink-client-base-image:linux-amd64-test@sha256:1ec2fde6860186b3d45ac83890167258f83512955dbce65f072d4e8c310cb9de,4,destroy,succeeded,1788382875.148234,1788382875.150169,1788383194.833905,,20,20
1788391076.165285,10,1,ghcr.io/talmolab/lablink-client-base-image:linux-amd64-test@sha256:1ec2fde6860186b3d45ac83890167258f83512955dbce65f072d4e8c310cb9de,5,apply,succeeded,1788383308.62635,1788383308.629388,1788383361.88001,,35,35
1788391076.165285,10,1,ghcr.io/talmolab/lablink-client-base-image:linux-amd64-test@sha256:1ec2fde6860186b3d45ac83890167258f83512955dbce65f072d4e8c310cb9de,6,destroy,succeeded,1788384337.446569,1788384337.448163,1788384657.690712,,35,35
1788391076.165285,10,1,ghcr.io/talmolab/lablink-client-base-image:linux-amd64-test@sha256:1ec2fde6860186b3d45ac83890167258f83512955dbce65f072d4e8c310cb9de,7,apply,succeeded,1788384727.528365,1788384727.530681,1788384808.61864,,95,95
1788391076.165285,10,1,ghcr.io/talmolab/lablink-client-base-image:linux-amd64-test@sha256:1ec2fde6860186b3d45ac83890167258f83512955dbce65f072d4e8c310cb9de,8,destroy,succeeded,1788385076.969534,1788385076.971902,1788385973.63117,,95,95
1788391076.165285,10,1,ghcr.io/talmolab/lablink-client-base-image:linux-amd64-test@sha256:1ec2fde6860186b3d45ac83890167258f83512955dbce65f072d4e8c310cb9de,9,apply,succeeded,1788389407.309799,1788389407.313231,1788389454.98231,,20,20
1788391076.165285,10,1,ghcr.io/talmolab/lablink-client-base-image:linux-amd64-test@sha256:1ec2fde6860186b3d45ac83890167258f83512955dbce65f072d4e8c310cb9de,10,destroy,succeeded,1788390335.82657,1788390335.827949,1788390654.079952,,20,20
1788391076.165285,10,1,ghcr.io/talmolab/lablink-client-base-image:linux-amd64-test@sha256:1ec2fde6860186b3d45ac83890167258f83512955dbce65f072d4e8c310cb9de,11,apply,succeeded,1788390714.945026,1788390714.946521,1788390768.137505,,35,35
1788391081.132651,10,1,ghcr.io/talmolab/lablink-client-base-image:linux-amd64-test@sha256:1ec2fde6860186b3d45ac83890167258f83512955dbce65f072d4e8c310cb9de,1,apply,succeeded,1788380921.682491,1788380921.685047,1788380971.541328,,20,20
1788391081.132651,10,1,ghcr.io/talmolab/lablink-client-base-image:linux-amd64-test@sha256:1ec2fde6860186b3d45ac83890167258f83512955dbce65f072d4e8c310cb9de,2,destroy,succeeded,1788381612.379228,1788381612.381237,1788381939.351963,,20,20
1788391081.132651,10,1,ghcr.io/talmolab/lablink-client-base-image:linux-amd64-test@sha256:1ec2fde6860186b3d45ac83890167258f83512955dbce65f072d4e8c310cb9de,3,apply,succeeded,1788381976.63281,1788381976.63526,1788382026.043455,,20,20
1788391081.132651,10,1,ghcr.io/talmolab/lablink-client-base-image:linux-amd64-test@sha256:1ec2fde6860186b3d45ac83890167258f83512955dbce65f072d4e8c310cb9de,4,destroy,succeeded,1788382875.148234,1788382875.150169,1788383194.833905,,20,20
1788391081.132651,10,1,ghcr.io/talmolab/lablink-client-base-image:linux-amd64-test@sha256:1ec2fde6860186b3d45ac83890167258f83512955dbce65f072d4e8c310cb9de,5,apply,succeeded,1788383308.62635,1788383308.629388,1788383361.88001,,35,35
1788391081.132651,10,1,ghcr.io/talmolab/lablink-client-base-image:linux-amd64-test@sha256:1ec2fde6860186b3d45ac83890167258f83512955dbce65f072d4e8c310cb9de,6,destroy,succeeded,1788384337.446569,1788384337.448163,1788384657.690712,,35,35
1788391081.132651,10,1,ghcr.io/talmolab/lablink-client-base-image:linux-amd64-test@sha256:1ec2fde6860186b3d45ac83890167258f83512955dbce65f072d4e8c310cb9de,7,apply,succeeded,1788384727.528365,1788384727.530681,1788384808.61864,,95,95
1788391081.132651,10,1,ghcr.io/talmolab/lablink-client-base-image:linux-amd64-test@sha256:1ec2fde6860186b3d45ac83890167258f83512955dbce65f072d4e8c310cb9de,8,destroy,succeeded,1788385076.969534,1788385076.971902,1788385973.63117,,95,95
1788391081.132651,10,1,ghcr.io/talmolab/lablink-client-base-image:linux-amd64-test@sha256:1ec2fde6860186b3d45ac83890167258f83512955dbce65f072d4e8c310cb9de,9,apply,succeeded,1788389407.309799,1788389407.313231,1788389454.98231,,20,20
1788391081.132651,10,1,ghcr.io/talmolab/lablink-client-base-image:linux-amd64-test@sha256:1ec2fde6860186b3d45ac83890167258f83512955dbce65f072d4e8c310cb9de,10,destroy,succeeded,1788390335.82657,1788390335.827949,1788390654.079952,,20,20
1788391081.132651,10,1,ghcr.io/talmolab/lablink-client-base-image:linux-amd64-test@sha256:1ec2fde6860186b3d45ac83890167258f83512955dbce65f072d4e8c310cb9de,11,apply,succeeded,1788390714.945026,1788390714.946521,1788390768.137505,,35,35
1788391086.162681,10,1,ghcr.io/talmolab/lablink-client-base-image:linux-amd64-test@sha256:1ec2fde6860186b3d45ac83890167258f83512955dbce65f072d4e8c310cb9de,1,apply,succeeded,1788380921.682491,1788380921.685047,1788380971.541328,,20,20
1788391086.162681,10,1,ghcr.io/talmolab/lablink-client-base-image:linux-amd64-test@sha256:1ec2fde6860186b3d45ac83890167258f83512955dbce65f072d4e8c310cb9de,2,destroy,succeeded,1788381612.379228,1788381612.381237,1788381939.351963,,20,20
1788391086.162681,10,1,ghcr.io/talmolab/lablink-client-base-image:linux-amd64-test@sha256:1ec2fde6860186b3d45ac83890167258f83512955dbce65f072d4e8c310cb9de,3,apply,succeeded,1788381976.63281,1788381976.63526,1788382026.043455,,20,20
1788391086.162681,10,1,ghcr.io/talmolab/lablink-client-base-image:linux-amd64-test@sha256:1ec2fde6860186b3d45ac83890167258f83512955dbce65f072d4e8c310cb9de,4,destroy,succeeded,1788382875.148234,1788382875.150169,1788383194.833905,,20,20
1788391086.162681,10,1,ghcr.io/talmolab/lablink-client-base-image:linux-amd64-test@sha256:1ec2fde6860186b3d45ac83890167258f83512955dbce65f072d4e8c310cb9de,5,apply,succeeded,1788383308.62635,1788383308.629388,1788383361.88001,,35,35
1788391086.162681,10,1,ghcr.io/talmolab/lablink-client-base-image:linux-amd64-test@sha256:1ec2fde6860186b3d45ac83890167258f83512955dbce65f072d4e8c310cb9de,6,destroy,succeeded,1788384337.446569,1788384337.448163,1788384657.690712,,35,35
1788391086.162681,10,1,ghcr.io/talmolab/lablink-client-base-image:linux-amd64-test@sha256:1ec2fde6860186b3d45ac83890167258f83512955dbce65f072d4e8c310cb9de,7,apply,succeeded,1788384727.528365,1788384727.530681,1788384808.61864,,95,95
1788391086.162681,10,1,ghcr.io/talmolab/lablink-client-base-image:linux-amd64-test@sha256:1ec2fde6860186b3d45ac83890167258f83512955dbce65f072d4e8c310cb9de,8,destroy,succeeded,1788385076.969534,1788385076.971902,1788385973.63117,,95,95
1788391086.162681,10,1,ghcr.io/talmolab/lablink-client-base-image:linux-amd64-test@sha256:1ec2fde6860186b3d45ac83890167258f83512955dbce65f072d4e8c310cb9de,9,apply,succeeded,1788389407.309799,1788389407.313231,1788389454.98231,,20,20
1788391086.162681,10,1,ghcr.io/talmolab/lablink-client-base-image:linux-amd64-test@sha256:1ec2fde6860186b3d45ac83890167258f83512955dbce65f072d4e8c310cb9de,10,destroy,succeeded,1788390335.82657,1788390335.827949,1788390654.079952,,20,20
1788391086.162681,10,1,ghcr.io/talmolab/lablink-client-base-image:linux-amd64-test@sha256:1ec2fde6860186b3d45ac83890167258f83512955dbce65f072d4e8c310cb9de,11,apply,succeeded,1788390714.945026,1788390714.946521,1788390768.137505,,35,35
1788391091.068654,10,1,ghcr.io/talmolab/lablink-client-base-image:linux-amd64-test@sha256:1ec2fde6860186b3d45ac83890167258f83512955dbce65f072d4e8c310cb9de,1,apply,succeeded,1788380921.682491,1788380921.685047,1788380971.541328,,20,20
1788391091.068654,10,1,ghcr.io/talmolab/lablink-client-base-image:linux-amd64-test@sha256:1ec2fde6860186b3d45ac83890167258f83512955dbce65f072d4e8c310cb9de,2,destroy,succeeded,1788381612.379228,1788381612.381237,1788381939.351963,,20,20
1788391091.068654,10,1,ghcr.io/talmolab/lablink-client-base-image:linux-amd64-test@sha256:1ec2fde6860186b3d45ac83890167258f83512955dbce65f072d4e8c310cb9de,3,apply,succeeded,1788381976.63281,1788381976.63526,1788382026.043455,,20,20
1788391091.068654,10,1,ghcr.io/talmolab/lablink-client-base-image:linux-amd64-test@sha256:1ec2fde6860186b3d45ac83890167258f83512955dbce65f072d4e8c310cb9de,4,destroy,succeeded,1788382875.148234,1788382875.150169,1788383194.833905,,20,20
1788391091.068654,10,1,ghcr.io/talmolab/lablink-client-base-image:linux-amd64-test@sha256:1ec2fde6860186b3d45ac83890167258f83512955dbce65f072d4e8c310cb9de,5,apply,succeeded,1788383308.62635,1788383308.629388,1788383361.88001,,35,35
1788391091.068654,10,1,ghcr.io/talmolab/lablink-client-base-image:linux-amd64-test@sha256:1ec2fde6860186b3d45ac83890167258f83512955dbce65f072d4e8c310cb9de,6,destroy,succeeded,1788384337.446569,1788384337.448163,1788384657.690712,,35,35
1788391091.068654,10,1,ghcr.io/talmolab/lablink-client-base-image:linux-amd64-test@sha256:1ec2fde6860186b3d45ac83890167258f83512955dbce65f072d4e8c310cb9de,7,apply,succeeded,1788384727.528365,1788384727.530681,1788384808.61864,,95,95
1788391091.068654,10,1,ghcr.io/talmolab/lablink-client-base-image:linux-amd64-test@sha256:1ec2fde6860186b3d45ac83890167258f83512955dbce65f072d4e8c310cb9de,8,destroy,succeeded,1788385076.969534,1788385076.971902,1788385973.63117,,95,95
1788391091.068654,10,1,ghcr.io/talmolab/lablink-client-base-image:linux-amd64-test@sha256:1ec2fde6860186b3d45ac83890167258f83512955dbce65f072d4e8c310cb9de,9,apply,succeeded,1788389407.309799,1788389407.313231,1788389454.98231,,20,20
1788391091.068654,10,1,ghcr.io/talmolab/lablink-client-base-image:linux-amd64-test@sha256:1ec2fde6860186b3d45ac83890167258f83512955dbce65f072d4e8c310cb9de,10,destroy,succeeded,1788390335.82657,1788390335.827949,1788390654.079952,,20,20
1788391091.068654,10,1,ghcr.io/talmolab/lablink-client-base-image:linux-amd64-test@sha256:1ec2fde6860186b3d45ac83890167258f83512955dbce65f072d4e8c310cb9de,11,apply,succeeded,1788390714.945026,1788390714.946521,1788390768.137505,,35,35
1788391096.396289,10,1,ghcr.io/talmolab/lablink-client-base-image:linux-amd64-test@sha256:1ec2fde6860186b3d45ac83890167258f83512955dbce65f072d4e8c310cb9de,1,apply,succeeded,1788380921.682491,1788380921.685047,1788380971.541328,,20,20
1788391096.396289,10,1,ghcr.io/talmolab/lablink-client-base-image:linux-amd64-test@sha256:1ec2fde6860186b3d45ac83890167258f83512955dbce65f072d4e8c310cb9de,2,destroy,succeeded,1788381612.379228,1788381612.381237,1788381939.351963,,20,20
1788391096.396289,10,1,ghcr.io/talmolab/lablink-client-base-image:linux-amd64-test@sha256:1ec2fde6860186b3d45ac83890167258f83512955dbce65f072d4e8c310cb9de,3,apply,succeeded,1788381976.63281,1788381976.63526,1788382026.043455,,20,20
1788391096.396289,10,1,ghcr.io/talmolab/lablink-client-base-image:linux-amd64-test@sha256:1ec2fde6860186b3d45ac83890167258f83512955dbce65f072d4e8c310cb9de,4,destroy,succeeded,1788382875.148234,1788382875.150169,1788383194.833905,,20,20
1788391096.396289,10,1,ghcr.io/talmolab/lablink-client-base-image:linux-amd64-test@sha256:1ec2fde6860186b3d45ac83890167258f83512955dbce65f072d4e8c310cb9de,5,apply,succeeded,1788383308.62635,1788383308.629388,1788383361.88001,,35,35
1788391096.396289,10,1,ghcr.io/talmolab/lablink-client-base-image:linux-amd64-test@sha256:1ec2fde6860186b3d45ac83890167258f83512955dbce65f072d4e8c310cb9de,6,destroy,succeeded,1788384337.446569,1788384337.448163,1788384657.690712,,35,35
1788391096.396289,10,1,ghcr.io/talmolab/lablink-client-base-image:linux-amd64-test@sha256:1ec2fde6860186b3d45ac83890167258f83512955dbce65f072d4e8c310cb9de,7,apply,succeeded,1788384727.528365,1788384727.530681,1788384808.61864,,95,95
1788391096.396289,10,1,ghcr.io/talmolab/lablink-client-base-image:linux-amd64-test@sha256:1ec2fde6860186b3d45ac83890167258f83512955dbce65f072d4e8c310cb9de,8,destroy,succeeded,1788385076.969534,1788385076.971902,1788385973.63117,,95,95
1788391096.396289,10,1,ghcr.io/talmolab/lablink-client-base-image:linux-amd64-test@sha256:1ec2fde6860186b3d45ac83890167258f83512955dbce65f072d4e8c310cb9de,9,apply,succeeded,1788389407.309799,1788389407.313231,1788389454.98231,,20,20
1788391096.396289,10,1,ghcr.io/talmolab/lablink-client-base-image:linux-amd64-test@sha256:1ec2fde6860186b3d45ac83890167258f83512955dbce65f072d4e8c310cb9de,10,destroy,succeeded,1788390335.82657,1788390335.827949,1788390654.079952,,20,20
1788391096.396289,10,1,ghcr.io/talmolab/lablink-client-base-image:linux-amd64-test@sha256:1ec2fde6860186b3d45ac83890167258f83512955dbce65f072d4e8c310cb9de,11,apply,succeeded,1788390714.945026,1788390714.946521,1788390768.137505,,35,35
1788391101.055011,10,1,ghcr.io/talmolab/lablink-client-base-image:linux-amd64-test@sha256:1ec2fde6860186b3d45ac83890167258f83512955dbce65f072d4e8c310cb9de,1,apply,succeeded,1788380921.682491,1788380921.685047,1788380971.541328,,20,20
1788391101.055011,10,1,ghcr.io/talmolab/lablink-client-base-image:linux-amd64-test@sha256:1ec2fde6860186b3d45ac83890167258f83512955dbce65f072d4e8c310cb9de,2,destroy,succeeded,1788381612.379228,1788381612.381237,1788381939.351963,,20,20
1788391101.055011,10,1,ghcr.io/talmolab/lablink-client-base-image:linux-amd64-test@sha256:1ec2fde6860186b3d45ac83890167258f83512955dbce65f072d4e8c310cb9de,3,apply,succeeded,1788381976.63281,1788381976.63526,1788382026.043455,,20,20
1788391101.055011,10,1,ghcr.io/talmolab/lablink-client-base-image:linux-amd64-test@sha256:1ec2fde6860186b3d45ac83890167258f83512955dbce65f072d4e8c310cb9de,4,destroy,succeeded,1788382875.148234,1788382875.150169,1788383194.833905,,20,20
1788391101.055011,10,1,ghcr.io/talmolab/lablink-client-base-image:linux-amd64-test@sha256:1ec2fde6860186b3d45ac83890167258f83512955dbce65f072d4e8c310cb9de,5,apply,succeeded,1788383308.62635,1788383308.629388,1788383361.88001,,35,35
1788391101.055011,10,1,ghcr.io/talmolab/lablink-client-base-image:linux-amd64-test@sha256:1ec2fde6860186b3d45ac83890167258f83512955dbce65f072d4e8c310cb9de,6,destroy,succeeded,1788384337.446569,1788384337.448163,1788384657.690712,,35,35
1788391101.055011,10,1,ghcr.io/talmolab/lablink-client-base-image:linux-amd64-test@sha256:1ec2fde6860186b3d45ac83890167258f83512955dbce65f072d4e8c310cb9de,7,apply,succeeded,1788384727.528365,1788384727.530681,1788384808.61864,,95,95
1788391101.055011,10,1,ghcr.io/talmolab/lablink-client-base-image:linux-amd64-test@sha256:1ec2fde6860186b3d45ac83890167258f83512955dbce65f072d4e8c310cb9de,8,destroy,succeeded,1788385076.969534,1788385076.971902,1788385973.63117,,95,95
1788391101.055011,10,1,ghcr.io/talmolab/lablink-client-base-image:linux-amd64-test@sha256:1ec2fde6860186b3d45ac83890167258f83512955dbce65f072d4e8c310cb9de,9,apply,succeeded,1788389407.309799,1788389407.313231,1788389454.98231,,20,20
1788391101.055011,10,1,ghcr.io/talmolab/lablink-client-base-image:linux-amd64-test@sha256:1ec2fde6860186b3d45ac83890167258f83512955dbce65f072d4e8c310cb9de,10,destroy,succeeded,1788390335.82657,1788390335.827949,1788390654.079952,,20,20
1788391101.055011,10,1,ghcr.io/talmolab/lablink-client-base-image:linux-amd64-test@sha256:1ec2fde6860186b3d45ac83890167258f83512955dbce65f072d4e8c310cb9de,11,apply,succeeded,1788390714.945026,1788390714.946521,1788390768.137505,,35,35
1788391106.04762,10,1,ghcr.io/talmolab/lablink-client-base-image:linux-amd64-test@sha256:1ec2fde6860186b3d45ac83890167258f83512955dbce65f072d4e8c310cb9de,1,apply,succeeded,1788380921.682491,1788380921.685047,1788380971.541328,,20,20
1788391106.04762,10,1,ghcr.io/talmolab/lablink-client-base-image:linux-amd64-test@sha256:1ec2fde6860186b3d45ac83890167258f83512955dbce65f072d4e8c310cb9de,2,destroy,succeeded,1788381612.379228,1788381612.381237,1788381939.351963,,20,20
1788391106.04762,10,1,ghcr.io/talmolab/lablink-client-base-image:linux-amd64-test@sha256:1ec2fde6860186b3d45ac83890167258f83512955dbce65f072d4e8c310cb9de,3,apply,succeeded,1788381976.63281,1788381976.63526,1788382026.043455,,20,20
1788391106.04762,10,1,ghcr.io/talmolab/lablink-client-base-image:linux-amd64-test@sha256:1ec2fde6860186b3d45ac83890167258f83512955dbce65f072d4e8c310cb9de,4,destroy,succeeded,1788382875.148234,1788382875.150169,1788383194.833905,,20,20
1788391106.04762,10,1,ghcr.io/talmolab/lablink-client-base-image:linux-amd64-test@sha256:1ec2fde6860186b3d45ac83890167258f83512955dbce65f072d4e8c310cb9de,5,apply,succeeded,1788383308.62635,1788383308.629388,1788383361.88001,,35,35
1788391106.04762,10,1,ghcr.io/talmolab/lablink-client-base-image:linux-amd64-test@sha256:1ec2fde6860186b3d45ac83890167258f83512955dbce65f072d4e8c310cb9de,6,destroy,succeeded,1788384337.446569,1788384337.448163,1788384657.690712,,35,35
1788391106.04762,10,1,ghcr.io/talmolab/lablink-client-base-image:linux-amd64-test@sha256:1ec2fde6860186b3d45ac83890167258f83512955dbce65f072d4e8c310cb9de,7,apply,succeeded,1788384727.528365,1788384727.530681,1788384808.61864,,95,95
1788391106.04762,10,1,ghcr.io/talmolab/lablink-client-base-image:linux-amd64-test@sha256:1ec2fde6860186b3d45ac83890167258f83512955dbce65f072d4e8c310cb9de,8,destroy,succeeded,1788385076.969534,1788385076.971902,1788385973.63117,,95,95
1788391106.04762,10,1,ghcr.io/talmolab/lablink-client-base-image:linux-amd64-test@sha256:1ec2fde6860186b3d45ac83890167258f83512955dbce65f072d4e8c310cb9de,9,apply,succeeded,1788389407.309799,1788389407.313231,1788389454.98231,,20,20
1788391106.04762,10,1,ghcr.io/talmolab/lablink-client-base-image:linux-amd64-test@sha256:1ec2fde6860186b3d45ac83890167258f83512955dbce65f072d4e8c310cb9de,10,destroy,succeeded,1788390335.82657,1788390335.827949,1788390654.079952,,20,20
1788391106.04762,10,1,ghcr.io/talmolab/lablink-client-base-image:linux-amd64-test@sha256:1ec2fde6860186b3d45ac83890167258f83512955dbce65f072d4e8c310cb9de,11,apply,succeeded,1788390714.945026,1788390714.946521,1788390768.137505,,35,35
1788391111.025558,10,1,ghcr.io/talmolab/lablink-client-base-image:linux-amd64-test@sha256:1ec2fde6860186b3d45ac83890167258f83512955dbce65f072d4e8c310cb9de,1,apply,succeeded,1788380921.682491,1788380921.685047,1788380971.541328,,20,20
1788391111.025558,10,1,ghcr.io/talmolab/lablink-client-base-image:linux-amd64-test@sha256:1ec2fde6860186b3d45ac83890167258f83512955dbce65f072d4e8c310cb9de,2,destroy,succeeded,1788381612.379228,1788381612.381237,1788381939.351963,,20,20
1788391111.025558,10,1,ghcr.io/talmolab/lablink-client-base-image:linux-amd64-test@sha256:1ec2fde6860186b3d45ac83890167258f83512955dbce65f072d4e8c310cb9de,3,apply,succeeded,1788381976.63281,1788381976.63526,1788382026.043455,,20,20
1788391111.025558,10,1,ghcr.io/talmolab/lablink-client-base-image:linux-amd64-test@sha256:1ec2fde6860186b3d45ac83890167258f83512955dbce65f072d4e8c310cb9de,4,destroy,succeeded,1788382875.148234,1788382875.150169,1788383194.833905,,20,20
1788391111.025558,10,1,ghcr.io/talmolab/lablink-client-base-image:linux-amd64-test@sha256:1ec2fde6860186b3d45ac83890167258f83512955dbce65f072d4e8c310cb9de,5,apply,succeeded,1788383308.62635,1788383308.629388,1788383361.88001,,35,35
1788391111.025558,10,1,ghcr.io/talmolab/lablink-client-base-image:linux-amd64-test@sha256:1ec2fde6860186b3d45ac83890167258f83512955dbce65f072d4e8c310cb9de,6,destroy,succeeded,1788384337.446569,1788384337.448163,1788384657.690712,,35,35
1788391111.025558,10,1,ghcr.io/talmolab/lablink-client-base-image:linux-amd64-test@sha256:1ec2fde6860186b3d45ac83890167258f83512955dbce65f072d4e8c310cb9de,7,apply,succeeded,1788384727.528365,1788384727.530681,1788384808.61864,,95,95
1788391111.025558,10,1,ghcr.io/talmolab/lablink-client-base-image:linux-amd64-test@sha256:1ec2fde6860186b3d45ac83890167258f83512955dbce65f072d4e8c310cb9de,8,destroy,succeeded,1788385076.969534,1788385076.971902,1788385973.63117,,95,95
1788391111.025558,10,1,ghcr.io/talmolab/lablink-client-base-image:linux-amd64-test@sha256:1ec2fde6860186b3d45ac83890167258f83512955dbce65f072d4e8c310cb9de,9,apply,succeeded,1788389407.309799,1788389407.313231,1788389454.98231,,20,20
1788391111.025558,10,1,ghcr.io/talmolab/lablink-client-base-image:linux-amd64-test@sha256:1ec2fde6860186b3d45ac83890167258f83512955dbce65f072d4e8c310cb9de,10,destroy,succeeded,1788390335.82657,1788390335.827949,1788390654.079952,,20,20
1788391111.025558,10,1,ghcr.io/talmolab/lablink-client-base-image:linux-amd64-test@sha256:1ec2fde6860186b3d45ac83890167258f83512955dbce65f072d4e8c310cb9de,11,apply,succeeded,1788390714.945026,1788390714.946521,1788390768.137505,,35,35
1788391116.0736651,10,1,ghcr.io/talmolab/lablink-client-base-image:linux-amd64-test@sha256:1ec2fde6860186b3d45ac83890167258f83512955dbce65f072d4e8c310cb9de,1,apply,succeeded,1788380921.682491,1788380921.685047,1788380971.541328,,20,20
1788391116.0736651,10,1,ghcr.io/talmolab/lablink-client-base-image:linux-amd64-test@sha256:1ec2fde6860186b3d45ac83890167258f83512955dbce65f072d4e8c310cb9de,2,destroy,succeeded,1788381612.379228,1788381612.381237,1788381939.351963,,20,20
1788391116.0736651,10,1,ghcr.io/talmolab/lablink-client-base-image:linux-amd64-test@sha256:1ec2fde6860186b3d45ac83890167258f83512955dbce65f072d4e8c310cb9de,3,apply,succeeded,1788381976.63281,1788381976.63526,1788382026.043455,,20,20
1788391116.0736651,10,1,ghcr.io/talmolab/lablink-client-base-image:linux-amd64-test@sha256:1ec2fde6860186b3d45ac83890167258f83512955dbce65f072d4e8c310cb9de,4,destroy,succeeded,1788382875.148234,1788382875.150169,1788383194.833905,,20,20
1788391116.0736651,10,1,ghcr.io/talmolab/lablink-client-base-image:linux-amd64-test@sha256:1ec2fde6860186b3d45ac83890167258f83512955dbce65f072d4e8c310cb9de,5,apply,succeeded,1788383308.62635,1788383308.629388,1788383361.88001,,35,35
1788391116.0736651,10,1,ghcr.io/talmolab/lablink-client-base-image:linux-amd64-test@sha256:1ec2fde6860186b3d45ac83890167258f83512955dbce65f072d4e8c310cb9de,6,destroy,succeeded,1788384337.446569,1788384337.448163,1788384657.690712,,35,35
1788391116.0736651,10,1,ghcr.io/talmolab/lablink-client-base-image:linux-amd64-test@sha256:1ec2fde6860186b3d45ac83890167258f83512955dbce65f072d4e8c310cb9de,7,apply,succeeded,1788384727.528365,1788384727.530681,1788384808.61864,,95,95
1788391116.0736651,10,1,ghcr.io/talmolab/lablink-client-base-image:linux-amd64-test@sha256:1ec2fde6860186b3d45ac83890167258f83512955dbce65f072d4e8c310cb9de,8,destroy,succeeded,1788385076.969534,1788385076.971902,1788385973.63117,,95,95
1788391116.0736651,10,1,ghcr.io/talmolab/lablink-client-base-image:linux-amd64-test@sha256:1ec2fde6860186b3d45ac83890167258f83512955dbce65f072d4e8c310cb9de,9,apply,succeeded,1788389407.309799,1788389407.313231,1788389454.98231,,20,20
1788391116.0736651,10,1,ghcr.io/talmolab/lablink-client-base-image:linux-amd64-test@sha256:1ec2fde6860186b3d45ac83890167258f83512955dbce65f072d4e8c310cb9de,10,destroy,succeeded,1788390335.82657,1788390335.827949,1788390654.079952,,20,20
1788391116.0736651,10,1,ghcr.io/talmolab/lablink-client-base-image:linux-amd64-test@sha256:1ec2fde6860186b3d45ac83890167258f83512955dbce65f072d4e8c310cb9de,11,apply,succeeded,1788390714.945026,1788390714.946521,1788390768.137505,,35,35
1788391121.095385,10,1,ghcr.io/talmolab/lablink-client-base-image:linux-amd64-test@sha256:1ec2fde6860186b3d45ac83890167258f83512955dbce65f072d4e8c310cb9de,1,apply,succeeded,1788380921.682491,1788380921.685047,1788380971.541328,,20,20
1788391121.095385,10,1,ghcr.io/talmolab/lablink-client-base-image:linux-amd64-test@sha256:1ec2fde6860186b3d45ac83890167258f83512955dbce65f072d4e8c310cb9de,2,destroy,succeeded,1788381612.379228,1788381612.381237,1788381939.351963,,20,20
1788391121.095385,10,1,ghcr.io/talmolab/lablink-client-base-image:linux-amd64-test@sha256:1ec2fde6860186b3d45ac83890167258f83512955dbce65f072d4e8c310cb9de,3,apply,succeeded,1788381976.63281,1788381976.63526,1788382026.043455,,20,20
1788391121.095385,10,1,ghcr.io/talmolab/lablink-client-base-image:linux-amd64-test@sha256:1ec2fde6860186b3d45ac83890167258f83512955dbce65f072d4e8c310cb9de,4,destroy,succeeded,1788382875.148234,1788382875.150169,1788383194.833905,,20,20
1788391121.095385,10,1,ghcr.io/talmolab/lablink-client-base-image:linux-amd64-test@sha256:1ec2fde6860186b3d45ac83890167258f83512955dbce65f072d4e8c310cb9de,5,apply,succeeded,1788383308.62635,1788383308.629388,1788383361.88001,,35,35
1788391121.095385,10,1,ghcr.io/talmolab/lablink-client-base-image:linux-amd64-test@sha256:1ec2fde6860186b3d45ac83890167258f83512955dbce65f072d4e8c310cb9de,6,destroy,succeeded,1788384337.446569,1788384337.448163,1788384657.690712,,35,35
1788391121.095385,10,1,ghcr.io/talmolab/lablink-client-base-image:linux-amd64-test@sha256:1ec2fde6860186b3d45ac83890167258f83512955dbce65f072d4e8c310cb9de,7,apply,succeeded,1788384727.528365,1788384727.530681,1788384808.61864,,95,95
1788391121.095385,10,1,ghcr.io/talmolab/lablink-client-base-image:linux-amd64-test@sha256:1ec2fde6860186b3d45ac83890167258f83512955dbce65f072d4e8c310cb9de,8,destroy,succeeded,1788385076.969534,1788385076.971902,1788385973.63117,,95,95
1788391121.095385,10,1,ghcr.io/talmolab/lablink-client-base-image:linux-amd64-test@sha256:1ec2fde6860186b3d45ac83890167258f83512955dbce65f072d4e8c310cb9de,9,apply,succeeded,1788389407.309799,1788389407.313231,1788389454.98231,,20,20
1788391121.095385,10,1,ghcr.io/talmolab/lablink-client-base-image:linux-amd64-test@sha256:1ec2fde6860186b3d45ac83890167258f83512955dbce65f072d4e8c310cb9de,10,destroy,succeeded,1788390335.82657,1788390335.827949,1788390654.079952,,20,20
1788391121.095385,10,1,ghcr.io/talmolab/lablink-client-base-image:linux-amd64-test@sha256:1ec2fde6860186b3d45ac83890167258f83512955dbce65f072d4e8c310cb9de,11,apply,succeeded,1788390714.945026,1788390714.946521,1788390768.137505,,35,35
1788391126.193461,10,1,ghcr.io/talmolab/lablink-client-base-image:linux-amd64-test@sha256:1ec2fde6860186b3d45ac83890167258f83512955dbce65f072d4e8c310cb9de,1,apply,succeeded,1788380921.682491,1788380921.685047,1788380971.541328,,20,20
1788391126.193461,10,1,ghcr.io/talmolab/lablink-client-base-image:linux-amd64-test@sha256:1ec2fde6860186b3d45ac83890167258f83512955dbce65f072d4e8c310cb9de,2,destroy,succeeded,1788381612.379228,1788381612.381237,1788381939.351963,,20,20
1788391126.193461,10,1,ghcr.io/talmolab/lablink-client-base-image:linux-amd64-test@sha256:1ec2fde6860186b3d45ac83890167258f83512955dbce65f072d4e8c310cb9de,3,apply,succeeded,1788381976.63281,1788381976.63526,1788382026.043455,,20,20
1788391126.193461,10,1,ghcr.io/talmolab/lablink-client-base-image:linux-amd64-test@sha256:1ec2fde6860186b3d45ac83890167258f83512955dbce65f072d4e8c310cb9de,4,destroy,succeeded,1788382875.148234,1788382875.150169,1788383194.833905,,20,20
1788391126.193461,10,1,ghcr.io/talmolab/lablink-client-base-image:linux-amd64-test@sha256:1ec2fde6860186b3d45ac83890167258f83512955dbce65f072d4e8c310cb9de,5,apply,succeeded,1788383308.62635,1788383308.629388,1788383361.88001,,35,35
1788391126.193461,10,1,ghcr.io/talmolab/lablink-client-base-image:linux-amd64-test@sha256:1ec2fde6860186b3d45ac83890167258f83512955dbce65f072d4e8c310cb9de,6,destroy,succeeded,1788384337.446569,1788384337.448163,1788384657.690712,,35,35
1788391126.193461,10,1,ghcr.io/talmolab/lablink-client-base-image:linux-amd64-test@sha256:1ec2fde6860186b3d45ac83890167258f83512955dbce65f072d4e8c310cb9de,7,apply,succeeded,1788384727.528365,1788384727.530681,1788384808.61864,,95,95
1788391126.193461,10,1,ghcr.io/talmolab/lablink-client-base-image:linux-amd64-test@sha256:1ec2fde6860186b3d45ac83890167258f83512955dbce65f072d4e8c310cb9de,8,destroy,succeeded,1788385076.969534,1788385076.971902,1788385973.63117,,95,95
1788391126.193461,10,1,ghcr.io/talmolab/lablink-client-base-image:linux-amd64-test@sha256:1ec2fde6860186b3d45ac83890167258f83512955dbce65f072d4e8c310cb9de,9,apply,succeeded,1788389407.309799,1788389407.313231,1788389454.98231,,20,20
1788391126.193461,10,1,ghcr.io/talmolab/lablink-client-base-image:linux-amd64-test@sha256:1ec2fde6860186b3d45ac83890167258f83512955dbce65f072d4e8c310cb9de,10,destroy,succeeded,1788390335.82657,1788390335.827949,1788390654.079952,,20,20
1788391126.193461,10,1,ghcr.io/talmolab/lablink-client-base-image:linux-amd64-test@sha256:1ec2fde6860186b3d45ac83890167258f83512955dbce65f072d4e8c310cb9de,11,apply,succeeded,1788390714.945026,1788390714.946521,1788390768.137505,,35,35
1788391131.2164469,10,1,ghcr.io/talmolab/lablink-client-base-image:linux-amd64-test@sha256:1ec2fde6860186b3d45ac83890167258f83512955dbce65f072d4e8c310cb9de,1,apply,succeeded,1788380921.682491,1788380921.685047,1788380971.541328,,20,20
1788391131.2164469,10,1,ghcr.io/talmolab/lablink-client-base-image:linux-amd64-test@sha256:1ec2fde6860186b3d45ac83890167258f83512955dbce65f072d4e8c310cb9de,2,destroy,succeeded,1788381612.379228,1788381612.381237,1788381939.351963,,20,20
1788391131.2164469,10,1,ghcr.io/talmolab/lablink-client-base-image:linux-amd64-test@sha256:1ec2fde6860186b3d45ac83890167258f83512955dbce65f072d4e8c310cb9de,3,apply,succeeded,1788381976.63281,1788381976.63526,1788382026.043455,,20,20
1788391131.2164469,10,1,ghcr.io/talmolab/lablink-client-base-image:linux-amd64-test@sha256:1ec2fde6860186b3d45ac83890167258f83512955dbce65f072d4e8c310cb9de,4,destroy,succeeded,1788382875.148234,1788382875.150169,1788383194.833905,,20,20
1788391131.2164469,10,1,ghcr.io/talmolab/lablink-client-base-image:linux-amd64-test@sha256:1ec2fde6860186b3d45ac83890167258f83512955dbce65f072d4e8c310cb9de,5,apply,succeeded,1788383308.62635,1788383308.629388,1788383361.88001,,35,35
1788391131.2164469,10,1,ghcr.io/talmolab/lablink-client-base-image:linux-amd64-test@sha256:1ec2fde6860186b3d45ac83890167258f83512955dbce65f072d4e8c310cb9de,6,destroy,succeeded,1788384337.446569,1788384337.448163,1788384657.690712,,35,35
1788391131.2164469,10,1,ghcr.io/talmolab/lablink-client-base-image:linux-amd64-test@sha256:1ec2fde6860186b3d45ac83890167258f83512955dbce65f072d4e8c310cb9de,7,apply,succeeded,1788384727.528365,1788384727.530681,1788384808.61864,,95,95
1788391131.2164469,10,1,ghcr.io/talmolab/lablink-client-base-image:linux-amd64-test@sha256:1ec2fde6860186b3d45ac83890167258f83512955dbce65f072d4e8c310cb9de,8,destroy,succeeded,1788385076.969534,1788385076.971902,1788385973.63117,,95,95
1788391131.2164469,10,1,ghcr.io/talmolab/lablink-client-base-image:linux-amd64-test@sha256:1ec2fde6860186b3d45ac83890167258f83512955dbce65f072d4e8c310cb9de,9,apply,succeeded,1788389407.309799,1788389407.313231,1788389454.98231,,20,20
1788391131.2164469,10,1,ghcr.io/talmolab/lablink-client-base-image:linux-amd64-test@sha256:1ec2fde6860186b3d45ac83890167258f83512955dbce65f072d4e8c310cb9de,10,destroy,succeeded,1788390335.82657,1788390335.827949,1788390654.079952,,20,20
1788391131.2164469,10,1,ghcr.io/talmolab/lablink-client-base-image:linux-amd64-test@sha256:1ec2fde6860186b3d45ac83890167258f83512955dbce65f072d4e8c310cb9de,11,apply,succeeded,1788390714.945026,1788390714.946521,1788390768.137505,,35,35
1788391136.1595352,10,1,ghcr.io/talmolab/lablink-client-base-image:linux-amd64-test@sha256:1ec2fde6860186b3d45ac83890167258f83512955dbce65f072d4e8c310cb9de,1,apply,succeeded,1788380921.682491,1788380921.685047,1788380971.541328,,20,20
1788391136.1595352,10,1,ghcr.io/talmolab/lablink-client-base-image:linux-amd64-test@sha256:1ec2fde6860186b3d45ac83890167258f83512955dbce65f072d4e8c310cb9de,2,destroy,succeeded,1788381612.379228,1788381612.381237,1788381939.351963,,20,20
1788391136.1595352,10,1,ghcr.io/talmolab/lablink-client-base-image:linux-amd64-test@sha256:1ec2fde6860186b3d45ac83890167258f83512955dbce65f072d4e8c310cb9de,3,apply,succeeded,1788381976.63281,1788381976.63526,1788382026.043455,,20,20
1788391136.1595352,10,1,ghcr.io/talmolab/lablink-client-base-image:linux-amd64-test@sha256:1ec2fde6860186b3d45ac83890167258f83512955dbce65f072d4e8c310cb9de,4,destroy,succeeded,1788382875.148234,1788382875.150169,1788383194.833905,,20,20
1788391136.1595352,10,1,ghcr.io/talmolab/lablink-client-base-image:linux-amd64-test@sha256:1ec2fde6860186b3d45ac83890167258f83512955dbce65f072d4e8c310cb9de,5,apply,succeeded,1788383308.62635,1788383308.629388,1788383361.88001,,35,35
1788391136.1595352,10,1,ghcr.io/talmolab/lablink-client-base-image:linux-amd64-test@sha256:1ec2fde6860186b3d45ac83890167258f83512955dbce65f072d4e8c310cb9de,6,destroy,succeeded,1788384337.446569,1788384337.448163,1788384657.690712,,35,35
1788391136.1595352,10,1,ghcr.io/talmolab/lablink-client-base-image:linux-amd64-test@sha256:1ec2fde6860186b3d45ac83890167258f83512955dbce65f072d4e8c310cb9de,7,apply,succeeded,1788384727.528365,1788384727.530681,1788384808.61864,,95,95
1788391136.1595352,10,1,ghcr.io/talmolab/lablink-client-base-image:linux-amd64-test@sha256:1ec2fde6860186b3d45ac83890167258f83512955dbce65f072d4e8c310cb9de,8,destroy,succeeded,1788385076.969534,1788385076.971902,1788385973.63117,,95,95
1788391136.1595352,10,1,ghcr.io/talmolab/lablink-client-base-image:linux-amd64-test@sha256:1ec2fde6860186b3d45ac83890167258f83512955dbce65f072d4e8c310cb9de,9,apply,succeeded,1788389407.309799,1788389407.313231,1788389454.98231,,20,20
1788391136.1595352,10,1,ghcr.io/talmolab/lablink-client-base-image:linux-amd64-test@sha256:1ec2fde6860186b3d45ac83890167258f83512955dbce65f072d4e8c310cb9de,10,destroy,succeeded,1788390335.82657,1788390335.827949,1788390654.079952,,20,20
1788391136.1595352,10,1,ghcr.io/talmolab/lablink-client-base-image:linux-amd64-test@sha256:1ec2fde6860186b3d45ac83890167258f83512955dbce65f072d4e8c310cb9de,11,apply,succeeded,1788390714.945026,1788390714.946521,1788390768.137505,,35,35
1788391141.2140899,10,1,ghcr.io/talmolab/lablink-client-base-image:linux-amd64-test@sha256:1ec2fde6860186b3d45ac83890167258f83512955dbce65f072d4e8c310cb9de,1,apply,succeeded,1788380921.682491,1788380921.685047,1788380971.541328,,20,20
1788391141.2140899,10,1,ghcr.io/talmolab/lablink-client-base-image:linux-amd64-test@sha256:1ec2fde6860186b3d45ac83890167258f83512955dbce65f072d4e8c310cb9de,2,destroy,succeeded,1788381612.379228,1788381612.381237,1788381939.351963,,20,20
1788391141.2140899,10,1,ghcr.io/talmolab/lablink-client-base-image:linux-amd64-test@sha256:1ec2fde6860186b3d45ac83890167258f83512955dbce65f072d4e8c310cb9de,3,apply,succeeded,1788381976.63281,1788381976.63526,1788382026.043455,,20,20
1788391141.2140899,10,1,ghcr.io/talmolab/lablink-client-base-image:linux-amd64-test@sha256:1ec2fde6860186b3d45ac83890167258f83512955dbce65f072d4e8c310cb9de,4,destroy,succeeded,1788382875.148234,1788382875.150169,1788383194.833905,,20,20
1788391141.2140899,10,1,ghcr.io/talmolab/lablink-client-base-image:linux-amd64-test@sha256:1ec2fde6860186b3d45ac83890167258f83512955dbce65f072d4e8c310cb9de,5,apply,succeeded,1788383308.62635,1788383308.629388,1788383361.88001,,35,35
1788391141.2140899,10,1,ghcr.io/talmolab/lablink-client-base-image:linux-amd64-test@sha256:1ec2fde6860186b3d45ac83890167258f83512955dbce65f072d4e8c310cb9de,6,destroy,succeeded,1788384337.446569,1788384337.448163,1788384657.690712,,35,35
1788391141.2140899,10,1,ghcr.io/talmolab/lablink-client-base-image:linux-amd64-test@sha256:1ec2fde6860186b3d45ac83890167258f83512955dbce65f072d4e8c310cb9de,7,apply,succeeded,1788384727.528365,1788384727.530681,1788384808.61864,,95,95
1788391141.2140899,10,1,ghcr.io/talmolab/lablink-client-base-image:linux-amd64-test@sha256:1ec2fde6860186b3d45ac83890167258f83512955dbce65f072d4e8c310cb9de,8,destroy,succeeded,1788385076.969534,1788385076.971902,1788385973.63117,,95,95
1788391141.2140899,10,1,ghcr.io/talmolab/lablink-client-base-image:linux-amd64-test@sha256:1ec2fde6860186b3d45ac83890167258f83512955dbce65f072d4e8c310cb9de,9,apply,succeeded,1788389407.309799,1788389407.313231,1788389454.98231,,20,20
1788391141.2140899,10,1,ghcr.io/talmolab/lablink-client-base-image:linux-amd64-test@sha256:1ec2fde6860186b3d45ac83890167258f83512955dbce65f072d4e8c310cb9de,10,destroy,succeeded,1788390335.82657,1788390335.827949,1788390654.079952,,20,20
1788391141.2140899,10,1,ghcr.io/talmolab/lablink-client-base-image:linux-amd64-test@sha256:1ec2fde6860186b3d45ac83890167258f83512955dbce65f072d4e8c310cb9de,11,apply,succeeded,1788390714.945026,1788390714.946521,1788390768.137505,,35,35
1788391146.149348,10,1,ghcr.io/talmolab/lablink-client-base-image:linux-amd64-test@sha256:1ec2fde6860186b3d45ac83890167258f83512955dbce65f072d4e8c310cb9de,1,apply,succeeded,1788380921.682491,1788380921.685047,1788380971.541328,,20,20
1788391146.149348,10,1,ghcr.io/talmolab/lablink-client-base-image:linux-amd64-test@sha256:1ec2fde6860186b3d45ac83890167258f83512955dbce65f072d4e8c310cb9de,2,destroy,succeeded,1788381612.379228,1788381612.381237,1788381939.351963,,20,20
1788391146.149348,10,1,ghcr.io/talmolab/lablink-client-base-image:linux-amd64-test@sha256:1ec2fde6860186b3d45ac83890167258f83512955dbce65f072d4e8c310cb9de,3,apply,succeeded,1788381976.63281,1788381976.63526,1788382026.043455,,20,20
1788391146.149348,10,1,ghcr.io/talmolab/lablink-client-base-image:linux-amd64-test@sha256:1ec2fde6860186b3d45ac83890167258f83512955dbce65f072d4e8c310cb9de,4,destroy,succeeded,1788382875.148234,1788382875.150169,1788383194.833905,,20,20
1788391146.149348,10,1,ghcr.io/talmolab/lablink-client-base-image:linux-amd64-test@sha256:1ec2fde6860186b3d45ac83890167258f83512955dbce65f072d4e8c310cb9de,5,apply,succeeded,1788383308.62635,1788383308.629388,1788383361.88001,,35,35
1788391146.149348,10,1,ghcr.io/talmolab/lablink-client-base-image:linux-amd64-test@sha256:1ec2fde6860186b3d45ac83890167258f83512955dbce65f072d4e8c310cb9de,6,destroy,succeeded,1788384337.446569,1788384337.448163,1788384657.690712,,35,35
1788391146.149348,10,1,ghcr.io/talmolab/lablink-client-base-image:linux-amd64-test@sha256:1ec2fde6860186b3d45ac83890167258f83512955dbce65f072d4e8c310cb9de,7,apply,succeeded,1788384727.528365,1788384727.530681,1788384808.61864,,95,95
1788391146.149348,10,1,ghcr.io/talmolab/lablink-client-base-image:linux-amd64-test@sha256:1ec2fde6860186b3d45ac83890167258f83512955dbce65f072d4e8c310cb9de,8,destroy,succeeded,1788385076.969534,1788385076.971902,1788385973.63117,,95,95
1788391146.149348,10,1,ghcr.io/talmolab/lablink-client-base-image:linux-amd64-test@sha256:1ec2fde6860186b3d45ac83890167258f83512955dbce65f072d4e8c310cb9de,9,apply,succeeded,1788389407.309799,1788389407.313231,1788389454.98231,,20,20
1788391146.149348,10,1,ghcr.io/talmolab/lablink-client-base-image:linux-amd64-test@sha256:1ec2fde6860186b3d45ac83890167258f83512955dbce65f072d4e8c310cb9de,10,destroy,succeeded,1788390335.82657,1788390335.827949,1788390654.079952,,20,20
1788391146.149348,10,1,ghcr.io/talmolab/lablink-client-base-image:linux-amd64-test@sha256:1ec2fde6860186b3d45ac83890167258f83512955dbce65f072d4e8c310cb9de,11,apply,succeeded,1788390714.945026,1788390714.946521,1788390768.137505,,35,35
1788391151.136896,10,1,ghcr.io/talmolab/lablink-client-base-image:linux-amd64-test@sha256:1ec2fde6860186b3d45ac83890167258f83512955dbce65f072d4e8c310cb9de,1,apply,succeeded,1788380921.682491,1788380921.685047,1788380971.541328,,20,20
1788391151.136896,10,1,ghcr.io/talmolab/lablink-client-base-image:linux-amd64-test@sha256:1ec2fde6860186b3d45ac83890167258f83512955dbce65f072d4e8c310cb9de,2,destroy,succeeded,1788381612.379228,1788381612.381237,1788381939.351963,,20,20
1788391151.136896,10,1,ghcr.io/talmolab/lablink-client-base-image:linux-amd64-test@sha256:1ec2fde6860186b3d45ac83890167258f83512955dbce65f072d4e8c310cb9de,3,apply,succeeded,1788381976.63281,1788381976.63526,1788382026.043455,,20,20
1788391151.136896,10,1,ghcr.io/talmolab/lablink-client-base-image:linux-amd64-test@sha256:1ec2fde6860186b3d45ac83890167258f83512955dbce65f072d4e8c310cb9de,4,destroy,succeeded,1788382875.148234,1788382875.150169,1788383194.833905,,20,20
1788391151.136896,10,1,ghcr.io/talmolab/lablink-client-base-image:linux-amd64-test@sha256:1ec2fde6860186b3d45ac83890167258f83512955dbce65f072d4e8c310cb9de,5,apply,succeeded,1788383308.62635,1788383308.629388,1788383361.88001,,35,35
1788391151.136896,10,1,ghcr.io/talmolab/lablink-client-base-image:linux-amd64-test@sha256:1ec2fde6860186b3d45ac83890167258f83512955dbce65f072d4e8c310cb9de,6,destroy,succeeded,1788384337.446569,1788384337.448163,1788384657.690712,,35,35
1788391151.136896,10,1,ghcr.io/talmolab/lablink-client-base-image:linux-amd64-test@sha256:1ec2fde6860186b3d45ac83890167258f83512955dbce65f072d4e8c310cb9de,7,apply,succeeded,1788384727.528365,1788384727.530681,1788384808.61864,,95,95
1788391151.136896,10,1,ghcr.io/talmolab/lablink-client-base-image:linux-amd64-test@sha256:1ec2fde6860186b3d45ac83890167258f83512955dbce65f072d4e8c310cb9de,8,destroy,succeeded,1788385076.969534,1788385076.971902,1788385973.63117,,95,95
1788391151.136896,10,1,ghcr.io/talmolab/lablink-client-base-image:linux-amd64-test@sha256:1ec2fde6860186b3d45ac83890167258f83512955dbce65f072d4e8c310cb9de,9,apply,succeeded,1788389407.309799,1788389407.313231,1788389454.98231,,20,20
1788391151.136896,10,1,ghcr.io/talmolab/lablink-client-base-image:linux-amd64-test@sha256:1ec2fde6860186b3d45ac83890167258f83512955dbce65f072d4e8c310cb9de,10,destroy,succeeded,1788390335.82657,1788390335.827949,1788390654.079952,,20,20
1788391151.136896,10,1,ghcr.io/talmolab/lablink-client-base-image:linux-amd64-test@sha256:1ec2fde6860186b3d45ac83890167258f83512955dbce65f072d4e8c310cb9de,11,apply,succeeded,1788390714.945026,1788390714.946521,1788390768.137505,,35,35
1788391156.113149,10,1,ghcr.io/talmolab/lablink-client-base-image:linux-amd64-test@sha256:1ec2fde6860186b3d45ac83890167258f83512955dbce65f072d4e8c310cb9de,1,apply,succeeded,1788380921.682491,1788380921.685047,1788380971.541328,,20,20
1788391156.113149,10,1,ghcr.io/talmolab/lablink-client-base-image:linux-amd64-test@sha256:1ec2fde6860186b3d45ac83890167258f83512955dbce65f072d4e8c310cb9de,2,destroy,succeeded,1788381612.379228,1788381612.381237,1788381939.351963,,20,20
1788391156.113149,10,1,ghcr.io/talmolab/lablink-client-base-image:linux-amd64-test@sha256:1ec2fde6860186b3d45ac83890167258f83512955dbce65f072d4e8c310cb9de,3,apply,succeeded,1788381976.63281,1788381976.63526,1788382026.043455,,20,20
1788391156.113149,10,1,ghcr.io/talmolab/lablink-client-base-image:linux-amd64-test@sha256:1ec2fde6860186b3d45ac83890167258f83512955dbce65f072d4e8c310cb9de,4,destroy,succeeded,1788382875.148234,1788382875.150169,1788383194.833905,,20,20
1788391156.113149,10,1,ghcr.io/talmolab/lablink-client-base-image:linux-amd64-test@sha256:1ec2fde6860186b3d45ac83890167258f83512955dbce65f072d4e8c310cb9de,5,apply,succeeded,1788383308.62635,1788383308.629388,1788383361.88001,,35,35
1788391156.113149,10,1,ghcr.io/talmolab/lablink-client-base-image:linux-amd64-test@sha256:1ec2fde6860186b3d45ac83890167258f83512955dbce65f072d4e8c310cb9de,6,destroy,succeeded,1788384337.446569,1788384337.448163,1788384657.690712,,35,35
1788391156.113149,10,1,ghcr.io/talmolab/lablink-client-base-image:linux-amd64-test@sha256:1ec2fde6860186b3d45ac83890167258f83512955dbce65f072d4e8c310cb9de,7,apply,succeeded,1788384727.528365,1788384727.530681,1788384808.61864,,95,95
1788391156.113149,10,1,ghcr.io/talmolab/lablink-client-base-image:linux-amd64-test@sha256:1ec2fde6860186b3d45ac83890167258f83512955dbce65f072d4e8c310cb9de,8,destroy,succeeded,1788385076.969534,1788385076.971902,1788385973.63117,,95,95
1788391156.113149,10,1,ghcr.io/talmolab/lablink-client-base-image:linux-amd64-test@sha256:1ec2fde6860186b3d45ac83890167258f83512955dbce65f072d4e8c310cb9de,9,apply,succeeded,1788389407.309799,1788389407.313231,1788389454.98231,,20,20
1788391156.113149,10,1,ghcr.io/talmolab/lablink-client-base-image:linux-amd64-test@sha256:1ec2fde6860186b3d45ac83890167258f83512955dbce65f072d4e8c310cb9de,10,destroy,succeeded,1788390335.82657,1788390335.827949,1788390654.079952,,20,20
1788391156.113149,10,1,ghcr.io/talmolab/lablink-client-base-image:linux-amd64-test@sha256:1ec2fde6860186b3d45ac83890167258f83512955dbce65f072d4e8c310cb9de,11,apply,succeeded,1788390714.945026,1788390714.946521,1788390768.137505,,35,35
1788391161.3445141,10,1,ghcr.io/talmolab/lablink-client-base-image:linux-amd64-test@sha256:1ec2fde6860186b3d45ac83890167258f83512955dbce65f072d4e8c310cb9de,1,apply,succeeded,1788380921.682491,1788380921.685047,1788380971.541328,,20,20
1788391161.3445141,10,1,ghcr.io/talmolab/lablink-client-base-image:linux-amd64-test@sha256:1ec2fde6860186b3d45ac83890167258f83512955dbce65f072d4e8c310cb9de,2,destroy,succeeded,1788381612.379228,1788381612.381237,1788381939.351963,,20,20
1788391161.3445141,10,1,ghcr.io/talmolab/lablink-client-base-image:linux-amd64-test@sha256:1ec2fde6860186b3d45ac83890167258f83512955dbce65f072d4e8c310cb9de,3,apply,succeeded,1788381976.63281,1788381976.63526,1788382026.043455,,20,20
1788391161.3445141,10,1,ghcr.io/talmolab/lablink-client-base-image:linux-amd64-test@sha256:1ec2fde6860186b3d45ac83890167258f83512955dbce65f072d4e8c310cb9de,4,destroy,succeeded,1788382875.148234,1788382875.150169,1788383194.833905,,20,20
1788391161.3445141,10,1,ghcr.io/talmolab/lablink-client-base-image:linux-amd64-test@sha256:1ec2fde6860186b3d45ac83890167258f83512955dbce65f072d4e8c310cb9de,5,apply,succeeded,1788383308.62635,1788383308.629388,1788383361.88001,,35,35
1788391161.3445141,10,1,ghcr.io/talmolab/lablink-client-base-image:linux-amd64-test@sha256:1ec2fde6860186b3d45ac83890167258f83512955dbce65f072d4e8c310cb9de,6,destroy,succeeded,1788384337.446569,1788384337.448163,1788384657.690712,,35,35
1788391161.3445141,10,1,ghcr.io/talmolab/lablink-client-base-image:linux-amd64-test@sha256:1ec2fde6860186b3d45ac83890167258f83512955dbce65f072d4e8c310cb9de,7,apply,succeeded,1788384727.528365,1788384727.530681,1788384808.61864,,95,95
1788391161.3445141,10,1,ghcr.io/talmolab/lablink-client-base-image:linux-amd64-test@sha256:1ec2fde6860186b3d45ac83890167258f83512955dbce65f072d4e8c310cb9de,8,destroy,succeeded,1788385076.969534,1788385076.971902,1788385973.63117,,95,95
1788391161.3445141,10,1,ghcr.io/talmolab/lablink-client-base-image:linux-amd64-test@sha256:1ec2fde6860186b3d45ac83890167258f83512955dbce65f072d4e8c310cb9de,9,apply,succeeded,1788389407.309799,1788389407.313231,1788389454.98231,,20,20
1788391161.3445141,10,1,ghcr.io/talmolab/lablink-client-base-image:linux-amd64-test@sha256:1ec2fde6860186b3d45ac83890167258f83512955dbce65f072d4e8c310cb9de,10,destroy,succeeded,1788390335.82657,1788390335.827949,1788390654.079952,,20,20
1788391161.3445141,10,1,ghcr.io/talmolab/lablink-client-base-image:linux-amd64-test@sha256:1ec2fde6860186b3d45ac83890167258f83512955dbce65f072d4e8c310cb9de,11,apply,succeeded,1788390714.945026,1788390714.946521,1788390768.137505,,35,35
1788391166.0643232,10,1,ghcr.io/talmolab/lablink-client-base-image:linux-amd64-test@sha256:1ec2fde6860186b3d45ac83890167258f83512955dbce65f072d4e8c310cb9de,1,apply,succeeded,1788380921.682491,1788380921.685047,1788380971.541328,,20,20
1788391166.0643232,10,1,ghcr.io/talmolab/lablink-client-base-image:linux-amd64-test@sha256:1ec2fde6860186b3d45ac83890167258f83512955dbce65f072d4e8c310cb9de,2,destroy,succeeded,1788381612.379228,1788381612.381237,1788381939.351963,,20,20
1788391166.0643232,10,1,ghcr.io/talmolab/lablink-client-base-image:linux-amd64-test@sha256:1ec2fde6860186b3d45ac83890167258f83512955dbce65f072d4e8c310cb9de,3,apply,succeeded,1788381976.63281,1788381976.63526,1788382026.043455,,20,20
1788391166.0643232,10,1,ghcr.io/talmolab/lablink-client-base-image:linux-amd64-test@sha256:1ec2fde6860186b3d45ac83890167258f83512955dbce65f072d4e8c310cb9de,4,destroy,succeeded,1788382875.148234,1788382875.150169,1788383194.833905,,20,20
1788391166.0643232,10,1,ghcr.io/talmolab/lablink-client-base-image:linux-amd64-test@sha256:1ec2fde6860186b3d45ac83890167258f83512955dbce65f072d4e8c310cb9de,5,apply,succeeded,1788383308.62635,1788383308.629388,1788383361.88001,,35,35
1788391166.0643232,10,1,ghcr.io/talmolab/lablink-client-base-image:linux-amd64-test@sha256:1ec2fde6860186b3d45ac83890167258f83512955dbce65f072d4e8c310cb9de,6,destroy,succeeded,1788384337.446569,1788384337.448163,1788384657.690712,,35,35
1788391166.0643232,10,1,ghcr.io/talmolab/lablink-client-base-image:linux-amd64-test@sha256:1ec2fde6860186b3d45ac83890167258f83512955dbce65f072d4e8c310cb9de,7,apply,succeeded,1788384727.528365,1788384727.530681,1788384808.61864,,95,95
1788391166.0643232,10,1,ghcr.io/talmolab/lablink-client-base-image:linux-amd64-test@sha256:1ec2fde6860186b3d45ac83890167258f83512955dbce65f072d4e8c310cb9de,8,destroy,succeeded,1788385076.969534,1788385076.971902,1788385973.63117,,95,95
1788391166.0643232,10,1,ghcr.io/talmolab/lablink-client-base-image:linux-amd64-test@sha256:1ec2fde6860186b3d45ac83890167258f83512955dbce65f072d4e8c310cb9de,9,apply,succeeded,1788389407.309799,1788389407.313231,1788389454.98231,,20,20
1788391166.0643232,10,1,ghcr.io/talmolab/lablink-client-base-image:linux-amd64-test@sha256:1ec2fde6860186b3d45ac83890167258f83512955dbce65f072d4e8c310cb9de,10,destroy,succeeded,1788390335.82657,1788390335.827949,1788390654.079952,,20,20
1788391166.0643232,10,1,ghcr.io/talmolab/lablink-client-base-image:linux-amd64-test@sha256:1ec2fde6860186b3d45ac83890167258f83512955dbce65f072d4e8c310cb9de,11,apply,succeeded,1788390714.945026,1788390714.946521,1788390768.137505,,35,35
1788391171.088911,10,1,ghcr.io/talmolab/lablink-client-base-image:linux-amd64-test@sha256:1ec2fde6860186b3d45ac83890167258f83512955dbce65f072d4e8c310cb9de,1,apply,succeeded,1788380921.682491,1788380921.685047,1788380971.541328,,20,20
1788391171.088911,10,1,ghcr.io/talmolab/lablink-client-base-image:linux-amd64-test@sha256:1ec2fde6860186b3d45ac83890167258f83512955dbce65f072d4e8c310cb9de,2,destroy,succeeded,1788381612.379228,1788381612.381237,1788381939.351963,,20,20
1788391171.088911,10,1,ghcr.io/talmolab/lablink-client-base-image:linux-amd64-test@sha256:1ec2fde6860186b3d45ac83890167258f83512955dbce65f072d4e8c310cb9de,3,apply,succeeded,1788381976.63281,1788381976.63526,1788382026.043455,,20,20
1788391171.088911,10,1,ghcr.io/talmolab/lablink-client-base-image:linux-amd64-test@sha256:1ec2fde6860186b3d45ac83890167258f83512955dbce65f072d4e8c310cb9de,4,destroy,succeeded,1788382875.148234,1788382875.150169,1788383194.833905,,20,20
1788391171.088911,10,1,ghcr.io/talmolab/lablink-client-base-image:linux-amd64-test@sha256:1ec2fde6860186b3d45ac83890167258f83512955dbce65f072d4e8c310cb9de,5,apply,succeeded,1788383308.62635,1788383308.629388,1788383361.88001,,35,35
1788391171.088911,10,1,ghcr.io/talmolab/lablink-client-base-image:linux-amd64-test@sha256:1ec2fde6860186b3d45ac83890167258f83512955dbce65f072d4e8c310cb9de,6,destroy,succeeded,1788384337.446569,1788384337.448163,1788384657.690712,,35,35
1788391171.088911,10,1,ghcr.io/talmolab/lablink-client-base-image:linux-amd64-test@sha256:1ec2fde6860186b3d45ac83890167258f83512955dbce65f072d4e8c310cb9de,7,apply,succeeded,1788384727.528365,1788384727.530681,1788384808.61864,,95,95
1788391171.088911,10,1,ghcr.io/talmolab/lablink-client-base-image:linux-amd64-test@sha256:1ec2fde6860186b3d45ac83890167258f83512955dbce65f072d4e8c310cb9de,8,destroy,succeeded,1788385076.969534,1788385076.971902,1788385973.63117,,95,95
1788391171.088911,10,1,ghcr.io/talmolab/lablink-client-base-image:linux-amd64-test@sha256:1ec2fde6860186b3d45ac83890167258f83512955dbce65f072d4e8c310cb9de,9,apply,succeeded,1788389407.309799,1788389407.313231,1788389454.98231,,20,20
1788391171.088911,10,1,ghcr.io/talmolab/lablink-client-base-image:linux-amd64-test@sha256:1ec2fde6860186b3d45ac83890167258f83512955dbce65f072d4e8c310cb9de,10,destroy,succeeded,1788390335.82657,1788390335.827949,1788390654.079952,,20,20
1788391171.088911,10,1,ghcr.io/talmolab/lablink-client-base-image:linux-amd64-test@sha256:1ec2fde6860186b3d45ac83890167258f83512955dbce65f072d4e8c310cb9de,11,apply,succeeded,1788390714.945026,1788390714.946521,1788390768.137505,,35,35
1788391176.127597,10,1,ghcr.io/talmolab/lablink-client-base-image:linux-amd64-test@sha256:1ec2fde6860186b3d45ac83890167258f83512955dbce65f072d4e8c310cb9de,1,apply,succeeded,1788380921.682491,1788380921.685047,1788380971.541328,,20,20
1788391176.127597,10,1,ghcr.io/talmolab/lablink-client-base-image:linux-amd64-test@sha256:1ec2fde6860186b3d45ac83890167258f83512955dbce65f072d4e8c310cb9de,2,destroy,succeeded,1788381612.379228,1788381612.381237,1788381939.351963,,20,20
1788391176.127597,10,1,ghcr.io/talmolab/lablink-client-base-image:linux-amd64-test@sha256:1ec2fde6860186b3d45ac83890167258f83512955dbce65f072d4e8c310cb9de,3,apply,succeeded,1788381976.63281,1788381976.63526,1788382026.043455,,20,20
1788391176.127597,10,1,ghcr.io/talmolab/lablink-client-base-image:linux-amd64-test@sha256:1ec2fde6860186b3d45ac83890167258f83512955dbce65f072d4e8c310cb9de,4,destroy,succeeded,1788382875.148234,1788382875.150169,1788383194.833905,,20,20
1788391176.127597,10,1,ghcr.io/talmolab/lablink-client-base-image:linux-amd64-test@sha256:1ec2fde6860186b3d45ac83890167258f83512955dbce65f072d4e8c310cb9de,5,apply,succeeded,1788383308.62635,1788383308.629388,1788383361.88001,,35,35
1788391176.127597,10,1,ghcr.io/talmolab/lablink-client-base-image:linux-amd64-test@sha256:1ec2fde6860186b3d45ac83890167258f83512955dbce65f072d4e8c310cb9de,6,destroy,succeeded,1788384337.446569,1788384337.448163,1788384657.690712,,35,35
1788391176.127597,10,1,ghcr.io/talmolab/lablink-client-base-image:linux-amd64-test@sha256:1ec2fde6860186b3d45ac83890167258f83512955dbce65f072d4e8c310cb9de,7,apply,succeeded,1788384727.528365,1788384727.530681,1788384808.61864,,95,95
1788391176.127597,10,1,ghcr.io/talmolab/lablink-client-base-image:linux-amd64-test@sha256:1ec2fde6860186b3d45ac83890167258f83512955dbce65f072d4e8c310cb9de,8,destroy,succeeded,1788385076.969534,1788385076.971902,1788385973.63117,,95,95
1788391176.127597,10,1,ghcr.io/talmolab/lablink-client-base-image:linux-amd64-test@sha256:1ec2fde6860186b3d45ac83890167258f83512955dbce65f072d4e8c310cb9de,9,apply,succeeded,1788389407.309799,1788389407.313231,1788389454.98231,,20,20
1788391176.127597,10,1,ghcr.io/talmolab/lablink-client-base-image:linux-amd64-test@sha256:1ec2fde6860186b3d45ac83890167258f83512955dbce65f072d4e8c310cb9de,10,destroy,succeeded,1788390335.82657,1788390335.827949,1788390654.079952,,20,20
1788391176.127597,10,1,ghcr.io/talmolab/lablink-client-base-image:linux-amd64-test@sha256:1ec2fde6860186b3d45ac83890167258f83512955dbce65f072d4e8c310cb9de,11,apply,succeeded,1788390714.945026,1788390714.946521,1788390768.137505,,35,35
1788391181.1021361,10,1,ghcr.io/talmolab/lablink-client-base-image:linux-amd64-test@sha256:1ec2fde6860186b3d45ac83890167258f83512955dbce65f072d4e8c310cb9de,1,apply,succeeded,1788380921.682491,1788380921.685047,1788380971.541328,,20,20
1788391181.1021361,10,1,ghcr.io/talmolab/lablink-client-base-image:linux-amd64-test@sha256:1ec2fde6860186b3d45ac83890167258f83512955dbce65f072d4e8c310cb9de,2,destroy,succeeded,1788381612.379228,1788381612.381237,1788381939.351963,,20,20
1788391181.1021361,10,1,ghcr.io/talmolab/lablink-client-base-image:linux-amd64-test@sha256:1ec2fde6860186b3d45ac83890167258f83512955dbce65f072d4e8c310cb9de,3,apply,succeeded,1788381976.63281,1788381976.63526,1788382026.043455,,20,20
1788391181.1021361,10,1,ghcr.io/talmolab/lablink-client-base-image:linux-amd64-test@sha256:1ec2fde6860186b3d45ac83890167258f83512955dbce65f072d4e8c310cb9de,4,destroy,succeeded,1788382875.148234,1788382875.150169,1788383194.833905,,20,20
1788391181.1021361,10,1,ghcr.io/talmolab/lablink-client-base-image:linux-amd64-test@sha256:1ec2fde6860186b3d45ac83890167258f83512955dbce65f072d4e8c310cb9de,5,apply,succeeded,1788383308.62635,1788383308.629388,1788383361.88001,,35,35
1788391181.1021361,10,1,ghcr.io/talmolab/lablink-client-base-image:linux-amd64-test@sha256:1ec2fde6860186b3d45ac83890167258f83512955dbce65f072d4e8c310cb9de,6,destroy,succeeded,1788384337.446569,1788384337.448163,1788384657.690712,,35,35
1788391181.1021361,10,1,ghcr.io/talmolab/lablink-client-base-image:linux-amd64-test@sha256:1ec2fde6860186b3d45ac83890167258f83512955dbce65f072d4e8c310cb9de,7,apply,succeeded,1788384727.528365,1788384727.530681,1788384808.61864,,95,95
1788391181.1021361,10,1,ghcr.io/talmolab/lablink-client-base-image:linux-amd64-test@sha256:1ec2fde6860186b3d45ac83890167258f83512955dbce65f072d4e8c310cb9de,8,destroy,succeeded,1788385076.969534,1788385076.971902,1788385973.63117,,95,95
1788391181.1021361,10,1,ghcr.io/talmolab/lablink-client-base-image:linux-amd64-test@sha256:1ec2fde6860186b3d45ac83890167258f83512955dbce65f072d4e8c310cb9de,9,apply,succeeded,1788389407.309799,1788389407.313231,1788389454.98231,,20,20
1788391181.1021361,10,1,ghcr.io/talmolab/lablink-client-base-image:linux-amd64-test@sha256:1ec2fde6860186b3d45ac83890167258f83512955dbce65f072d4e8c310cb9de,10,destroy,succeeded,1788390335.82657,1788390335.827949,1788390654.079952,,20,20
1788391181.1021361,10,1,ghcr.io/talmolab/lablink-client-base-image:linux-amd64-test@sha256:1ec2fde6860186b3d45ac83890167258f83512955dbce65f072d4e8c310cb9de,11,apply,succeeded,1788390714.945026,1788390714.946521,1788390768.137505,,35,35
1788391186.2649941,10,1,ghcr.io/talmolab/lablink-client-base-image:linux-amd64-test@sha256:1ec2fde6860186b3d45ac83890167258f83512955dbce65f072d4e8c310cb9de,1,apply,succeeded,1788380921.682491,1788380921.685047,1788380971.541328,,20,20
1788391186.2649941,10,1,ghcr.io/talmolab/lablink-client-base-image:linux-amd64-test@sha256:1ec2fde6860186b3d45ac83890167258f83512955dbce65f072d4e8c310cb9de,2,destroy,succeeded,1788381612.379228,1788381612.381237,1788381939.351963,,20,20
1788391186.2649941,10,1,ghcr.io/talmolab/lablink-client-base-image:linux-amd64-test@sha256:1ec2fde6860186b3d45ac83890167258f83512955dbce65f072d4e8c310cb9de,3,apply,succeeded,1788381976.63281,1788381976.63526,1788382026.043455,,20,20
1788391186.2649941,10,1,ghcr.io/talmolab/lablink-client-base-image:linux-amd64-test@sha256:1ec2fde6860186b3d45ac83890167258f83512955dbce65f072d4e8c310cb9de,4,destroy,succeeded,1788382875.148234,1788382875.150169,1788383194.833905,,20,20
1788391186.2649941,10,1,ghcr.io/talmolab/lablink-client-base-image:linux-amd64-test@sha256:1ec2fde6860186b3d45ac83890167258f83512955dbce65f072d4e8c310cb9de,5,apply,succeeded,1788383308.62635,1788383308.629388,1788383361.88001,,35,35
1788391186.2649941,10,1,ghcr.io/talmolab/lablink-client-base-image:linux-amd64-test@sha256:1ec2fde6860186b3d45ac83890167258f83512955dbce65f072d4e8c310cb9de,6,destroy,succeeded,1788384337.446569,1788384337.448163,1788384657.690712,,35,35
1788391186.2649941,10,1,ghcr.io/talmolab/lablink-client-base-image:linux-amd64-test@sha256:1ec2fde6860186b3d45ac83890167258f83512955dbce65f072d4e8c310cb9de,7,apply,succeeded,1788384727.528365,1788384727.530681,1788384808.61864,,95,95
1788391186.2649941,10,1,ghcr.io/talmolab/lablink-client-base-image:linux-amd64-test@sha256:1ec2fde6860186b3d45ac83890167258f83512955dbce65f072d4e8c310cb9de,8,destroy,succeeded,1788385076.969534,1788385076.971902,1788385973.63117,,95,95
1788391186.2649941,10,1,ghcr.io/talmolab/lablink-client-base-image:linux-amd64-test@sha256:1ec2fde6860186b3d45ac83890167258f83512955dbce65f072d4e8c310cb9de,9,apply,succeeded,1788389407.309799,1788389407.313231,1788389454.98231,,20,20
1788391186.2649941,10,1,ghcr.io/talmolab/lablink-client-base-image:linux-amd64-test@sha256:1ec2fde6860186b3d45ac83890167258f83512955dbce65f072d4e8c310cb9de,10,destroy,succeeded,1788390335.82657,1788390335.827949,1788390654.079952,,20,20
1788391186.2649941,10,1,ghcr.io/talmolab/lablink-client-base-image:linux-amd64-test@sha256:1ec2fde6860186b3d45ac83890167258f83512955dbce65f072d4e8c310cb9de,11,apply,succeeded,1788390714.945026,1788390714.946521,1788390768.137505,,35,35
1788391191.2018409,10,1,ghcr.io/talmolab/lablink-client-base-image:linux-amd64-test@sha256:1ec2fde6860186b3d45ac83890167258f83512955dbce65f072d4e8c310cb9de,1,apply,succeeded,1788380921.682491,1788380921.685047,1788380971.541328,,20,20
1788391191.2018409,10,1,ghcr.io/talmolab/lablink-client-base-image:linux-amd64-test@sha256:1ec2fde6860186b3d45ac83890167258f83512955dbce65f072d4e8c310cb9de,2,destroy,succeeded,1788381612.379228,1788381612.381237,1788381939.351963,,20,20
1788391191.2018409,10,1,ghcr.io/talmolab/lablink-client-base-image:linux-amd64-test@sha256:1ec2fde6860186b3d45ac83890167258f83512955dbce65f072d4e8c310cb9de,3,apply,succeeded,1788381976.63281,1788381976.63526,1788382026.043455,,20,20
1788391191.2018409,10,1,ghcr.io/talmolab/lablink-client-base-image:linux-amd64-test@sha256:1ec2fde6860186b3d45ac83890167258f83512955dbce65f072d4e8c310cb9de,4,destroy,succeeded,1788382875.148234,1788382875.150169,1788383194.833905,,20,20
1788391191.2018409,10,1,ghcr.io/talmolab/lablink-client-base-image:linux-amd64-test@sha256:1ec2fde6860186b3d45ac83890167258f83512955dbce65f072d4e8c310cb9de,5,apply,succeeded,1788383308.62635,1788383308.629388,1788383361.88001,,35,35
1788391191.2018409,10,1,ghcr.io/talmolab/lablink-client-base-image:linux-amd64-test@sha256:1ec2fde6860186b3d45ac83890167258f83512955dbce65f072d4e8c310cb9de,6,destroy,succeeded,1788384337.446569,1788384337.448163,1788384657.690712,,35,35
1788391191.2018409,10,1,ghcr.io/talmolab/lablink-client-base-image:linux-amd64-test@sha256:1ec2fde6860186b3d45ac83890167258f83512955dbce65f072d4e8c310cb9de,7,apply,succeeded,1788384727.528365,1788384727.530681,1788384808.61864,,95,95
1788391191.2018409,10,1,ghcr.io/talmolab/lablink-client-base-image:linux-amd64-test@sha256:1ec2fde6860186b3d45ac83890167258f83512955dbce65f072d4e8c310cb9de,8,destroy,succeeded,1788385076.969534,1788385076.971902,1788385973.63117,,95,95
1788391191.2018409,10,1,ghcr.io/talmolab/lablink-client-base-image:linux-amd64-test@sha256:1ec2fde6860186b3d45ac83890167258f83512955dbce65f072d4e8c310cb9de,9,apply,succeeded,1788389407.309799,1788389407.313231,1788389454.98231,,20,20
1788391191.2018409,10,1,ghcr.io/talmolab/lablink-client-base-image:linux-amd64-test@sha256:1ec2fde6860186b3d45ac83890167258f83512955dbce65f072d4e8c310cb9de,10,destroy,succeeded,1788390335.82657,1788390335.827949,1788390654.079952,,20,20
1788391191.2018409,10,1,ghcr.io/talmolab/lablink-client-base-image:linux-amd64-test@sha256:1ec2fde6860186b3d45ac83890167258f83512955dbce65f072d4e8c310cb9de,11,apply,succeeded,1788390714.945026,1788390714.946521,1788390768.137505,,35,35
1788391196.226212,10,1,ghcr.io/talmolab/lablink-client-base-image:linux-amd64-test@sha256:1ec2fde6860186b3d45ac83890167258f83512955dbce65f072d4e8c310cb9de,1,apply,succeeded,1788380921.682491,1788380921.685047,1788380971.541328,,20,20
1788391196.226212,10,1,ghcr.io/talmolab/lablink-client-base-image:linux-amd64-test@sha256:1ec2fde6860186b3d45ac83890167258f83512955dbce65f072d4e8c310cb9de,2,destroy,succeeded,1788381612.379228,1788381612.381237,1788381939.351963,,20,20
1788391196.226212,10,1,ghcr.io/talmolab/lablink-client-base-image:linux-amd64-test@sha256:1ec2fde6860186b3d45ac83890167258f83512955dbce65f072d4e8c310cb9de,3,apply,succeeded,1788381976.63281,1788381976.63526,1788382026.043455,,20,20
1788391196.226212,10,1,ghcr.io/talmolab/lablink-client-base-image:linux-amd64-test@sha256:1ec2fde6860186b3d45ac83890167258f83512955dbce65f072d4e8c310cb9de,4,destroy,succeeded,1788382875.148234,1788382875.150169,1788383194.833905,,20,20
1788391196.226212,10,1,ghcr.io/talmolab/lablink-client-base-image:linux-amd64-test@sha256:1ec2fde6860186b3d45ac83890167258f83512955dbce65f072d4e8c310cb9de,5,apply,succeeded,1788383308.62635,1788383308.629388,1788383361.88001,,35,35
1788391196.226212,10,1,ghcr.io/talmolab/lablink-client-base-image:linux-amd64-test@sha256:1ec2fde6860186b3d45ac83890167258f83512955dbce65f072d4e8c310cb9de,6,destroy,succeeded,1788384337.446569,1788384337.448163,1788384657.690712,,35,35
1788391196.226212,10,1,ghcr.io/talmolab/lablink-client-base-image:linux-amd64-test@sha256:1ec2fde6860186b3d45ac83890167258f83512955dbce65f072d4e8c310cb9de,7,apply,succeeded,1788384727.528365,1788384727.530681,1788384808.61864,,95,95
1788391196.226212,10,1,ghcr.io/talmolab/lablink-client-base-image:linux-amd64-test@sha256:1ec2fde6860186b3d45ac83890167258f83512955dbce65f072d4e8c310cb9de,8,destroy,succeeded,1788385076.969534,1788385076.971902,1788385973.63117,,95,95
1788391196.226212,10,1,ghcr.io/talmolab/lablink-client-base-image:linux-amd64-test@sha256:1ec2fde6860186b3d45ac83890167258f83512955dbce65f072d4e8c310cb9de,9,apply,succeeded,1788389407.309799,1788389407.313231,1788389454.98231,,20,20
1788391196.226212,10,1,ghcr.io/talmolab/lablink-client-base-image:linux-amd64-test@sha256:1ec2fde6860186b3d45ac83890167258f83512955dbce65f072d4e8c310cb9de,10,destroy,succeeded,1788390335.82657,1788390335.827949,1788390654.079952,,20,20
1788391196.226212,10,1,ghcr.io/talmolab/lablink-client-base-image:linux-amd64-test@sha256:1ec2fde6860186b3d45ac83890167258f83512955dbce65f072d4e8c310cb9de,11,apply,succeeded,1788390714.945026,1788390714.946521,1788390768.137505,,35,35
1788391201.191102,10,1,ghcr.io/talmolab/lablink-client-base-image:linux-amd64-test@sha256:1ec2fde6860186b3d45ac83890167258f83512955dbce65f072d4e8c310cb9de,1,apply,succeeded,1788380921.682491,1788380921.685047,1788380971.541328,,20,20
1788391201.191102,10,1,ghcr.io/talmolab/lablink-client-base-image:linux-amd64-test@sha256:1ec2fde6860186b3d45ac83890167258f83512955dbce65f072d4e8c310cb9de,2,destroy,succeeded,1788381612.379228,1788381612.381237,1788381939.351963,,20,20
1788391201.191102,10,1,ghcr.io/talmolab/lablink-client-base-image:linux-amd64-test@sha256:1ec2fde6860186b3d45ac83890167258f83512955dbce65f072d4e8c310cb9de,3,apply,succeeded,1788381976.63281,1788381976.63526,1788382026.043455,,20,20
1788391201.191102,10,1,ghcr.io/talmolab/lablink-client-base-image:linux-amd64-test@sha256:1ec2fde6860186b3d45ac83890167258f83512955dbce65f072d4e8c310cb9de,4,destroy,succeeded,1788382875.148234,1788382875.150169,1788383194.833905,,20,20
1788391201.191102,10,1,ghcr.io/talmolab/lablink-client-base-image:linux-amd64-test@sha256:1ec2fde6860186b3d45ac83890167258f83512955dbce65f072d4e8c310cb9de,5,apply,succeeded,1788383308.62635,1788383308.629388,1788383361.88001,,35,35
1788391201.191102,10,1,ghcr.io/talmolab/lablink-client-base-image:linux-amd64-test@sha256:1ec2fde6860186b3d45ac83890167258f83512955dbce65f072d4e8c310cb9de,6,destroy,succeeded,1788384337.446569,1788384337.448163,1788384657.690712,,35,35
1788391201.191102,10,1,ghcr.io/talmolab/lablink-client-base-image:linux-amd64-test@sha256:1ec2fde6860186b3d45ac83890167258f83512955dbce65f072d4e8c310cb9de,7,apply,succeeded,1788384727.528365,1788384727.530681,1788384808.61864,,95,95
1788391201.191102,10,1,ghcr.io/talmolab/lablink-client-base-image:linux-amd64-test@sha256:1ec2fde6860186b3d45ac83890167258f83512955dbce65f072d4e8c310cb9de,8,destroy,succeeded,1788385076.969534,1788385076.971902,1788385973.63117,,95,95
1788391201.191102,10,1,ghcr.io/talmolab/lablink-client-base-image:linux-amd64-test@sha256:1ec2fde6860186b3d45ac83890167258f83512955dbce65f072d4e8c310cb9de,9,apply,succeeded,1788389407.309799,1788389407.313231,1788389454.98231,,20,20
1788391201.191102,10,1,ghcr.io/talmolab/lablink-client-base-image:linux-amd64-test@sha256:1ec2fde6860186b3d45ac83890167258f83512955dbce65f072d4e8c310cb9de,10,destroy,succeeded,1788390335.82657,1788390335.827949,1788390654.079952,,20,20
1788391201.191102,10,1,ghcr.io/talmolab/lablink-client-base-image:linux-amd64-test@sha256:1ec2fde6860186b3d45ac83890167258f83512955dbce65f072d4e8c310cb9de,11,apply,succeeded,1788390714.945026,1788390714.946521,1788390768.137505,,35,35
1788391206.203444,10,1,ghcr.io/talmolab/lablink-client-base-image:linux-amd64-test@sha256:1ec2fde6860186b3d45ac83890167258f83512955dbce65f072d4e8c310cb9de,1,apply,succeeded,1788380921.682491,1788380921.685047,1788380971.541328,,20,20
1788391206.203444,10,1,ghcr.io/talmolab/lablink-client-base-image:linux-amd64-test@sha256:1ec2fde6860186b3d45ac83890167258f83512955dbce65f072d4e8c310cb9de,2,destroy,succeeded,1788381612.379228,1788381612.381237,1788381939.351963,,20,20
1788391206.203444,10,1,ghcr.io/talmolab/lablink-client-base-image:linux-amd64-test@sha256:1ec2fde6860186b3d45ac83890167258f83512955dbce65f072d4e8c310cb9de,3,apply,succeeded,1788381976.63281,1788381976.63526,1788382026.043455,,20,20
1788391206.203444,10,1,ghcr.io/talmolab/lablink-client-base-image:linux-amd64-test@sha256:1ec2fde6860186b3d45ac83890167258f83512955dbce65f072d4e8c310cb9de,4,destroy,succeeded,1788382875.148234,1788382875.150169,1788383194.833905,,20,20
1788391206.203444,10,1,ghcr.io/talmolab/lablink-client-base-image:linux-amd64-test@sha256:1ec2fde6860186b3d45ac83890167258f83512955dbce65f072d4e8c310cb9de,5,apply,succeeded,1788383308.62635,1788383308.629388,1788383361.88001,,35,35
1788391206.203444,10,1,ghcr.io/talmolab/lablink-client-base-image:linux-amd64-test@sha256:1ec2fde6860186b3d45ac83890167258f83512955dbce65f072d4e8c310cb9de,6,destroy,succeeded,1788384337.446569,1788384337.448163,1788384657.690712,,35,35
1788391206.203444,10,1,ghcr.io/talmolab/lablink-client-base-image:linux-amd64-test@sha256:1ec2fde6860186b3d45ac83890167258f83512955dbce65f072d4e8c310cb9de,7,apply,succeeded,1788384727.528365,1788384727.530681,1788384808.61864,,95,95
1788391206.203444,10,1,ghcr.io/talmolab/lablink-client-base-image:linux-amd64-test@sha256:1ec2fde6860186b3d45ac83890167258f83512955dbce65f072d4e8c310cb9de,8,destroy,succeeded,1788385076.969534,1788385076.971902,1788385973.63117,,95,95
1788391206.203444,10,1,ghcr.io/talmolab/lablink-client-base-image:linux-amd64-test@sha256:1ec2fde6860186b3d45ac83890167258f83512955dbce65f072d4e8c310cb9de,9,apply,succeeded,1788389407.309799,1788389407.313231,1788389454.98231,,20,20
1788391206.203444,10,1,ghcr.io/talmolab/lablink-client-base-image:linux-amd64-test@sha256:1ec2fde6860186b3d45ac83890167258f83512955dbce65f072d4e8c310cb9de,10,destroy,succeeded,1788390335.82657,1788390335.827949,1788390654.079952,,20,20
1788391206.203444,10,1,ghcr.io/talmolab/lablink-client-base-image:linux-amd64-test@sha256:1ec2fde6860186b3d45ac83890167258f83512955dbce65f072d4e8c310cb9de,11,apply,succeeded,1788390714.945026,1788390714.946521,1788390768.137505,,35,35
1788391211.169121,10,1,ghcr.io/talmolab/lablink-client-base-image:linux-amd64-test@sha256:1ec2fde6860186b3d45ac83890167258f83512955dbce65f072d4e8c310cb9de,1,apply,succeeded,1788380921.682491,1788380921.685047,1788380971.541328,,20,20
1788391211.169121,10,1,ghcr.io/talmolab/lablink-client-base-image:linux-amd64-test@sha256:1ec2fde6860186b3d45ac83890167258f83512955dbce65f072d4e8c310cb9de,2,destroy,succeeded,1788381612.379228,1788381612.381237,1788381939.351963,,20,20
1788391211.169121,10,1,ghcr.io/talmolab/lablink-client-base-image:linux-amd64-test@sha256:1ec2fde6860186b3d45ac83890167258f83512955dbce65f072d4e8c310cb9de,3,apply,succeeded,1788381976.63281,1788381976.63526,1788382026.043455,,20,20
1788391211.169121,10,1,ghcr.io/talmolab/lablink-client-base-image:linux-amd64-test@sha256:1ec2fde6860186b3d45ac83890167258f83512955dbce65f072d4e8c310cb9de,4,destroy,succeeded,1788382875.148234,1788382875.150169,1788383194.833905,,20,20
1788391211.169121,10,1,ghcr.io/talmolab/lablink-client-base-image:linux-amd64-test@sha256:1ec2fde6860186b3d45ac83890167258f83512955dbce65f072d4e8c310cb9de,5,apply,succeeded,1788383308.62635,1788383308.629388,1788383361.88001,,35,35
1788391211.169121,10,1,ghcr.io/talmolab/lablink-client-base-image:linux-amd64-test@sha256:1ec2fde6860186b3d45ac83890167258f83512955dbce65f072d4e8c310cb9de,6,destroy,succeeded,1788384337.446569,1788384337.448163,1788384657.690712,,35,35
1788391211.169121,10,1,ghcr.io/talmolab/lablink-client-base-image:linux-amd64-test@sha256:1ec2fde6860186b3d45ac83890167258f83512955dbce65f072d4e8c310cb9de,7,apply,succeeded,1788384727.528365,1788384727.530681,1788384808.61864,,95,95
1788391211.169121,10,1,ghcr.io/talmolab/lablink-client-base-image:linux-amd64-test@sha256:1ec2fde6860186b3d45ac83890167258f83512955dbce65f072d4e8c310cb9de,8,destroy,succeeded,1788385076.969534,1788385076.971902,1788385973.63117,,95,95
1788391211.169121,10,1,ghcr.io/talmolab/lablink-client-base-image:linux-amd64-test@sha256:1ec2fde6860186b3d45ac83890167258f83512955dbce65f072d4e8c310cb9de,9,apply,succeeded,1788389407.309799,1788389407.313231,1788389454.98231,,20,20
1788391211.169121,10,1,ghcr.io/talmolab/lablink-client-base-image:linux-amd64-test@sha256:1ec2fde6860186b3d45ac83890167258f83512955dbce65f072d4e8c310cb9de,10,destroy,succeeded,1788390335.82657,1788390335.827949,1788390654.079952,,20,20
1788391211.169121,10,1,ghcr.io/talmolab/lablink-client-base-image:linux-amd64-test@sha256:1ec2fde6860186b3d45ac83890167258f83512955dbce65f072d4e8c310cb9de,11,apply,succeeded,1788390714.945026,1788390714.946521,1788390768.137505,,35,35
1788391216.152512,10,1,ghcr.io/talmolab/lablink-client-base-image:linux-amd64-test@sha256:1ec2fde6860186b3d45ac83890167258f83512955dbce65f072d4e8c310cb9de,1,apply,succeeded,1788380921.682491,1788380921.685047,1788380971.541328,,20,20
1788391216.152512,10,1,ghcr.io/talmolab/lablink-client-base-image:linux-amd64-test@sha256:1ec2fde6860186b3d45ac83890167258f83512955dbce65f072d4e8c310cb9de,2,destroy,succeeded,1788381612.379228,1788381612.381237,1788381939.351963,,20,20
1788391216.152512,10,1,ghcr.io/talmolab/lablink-client-base-image:linux-amd64-test@sha256:1ec2fde6860186b3d45ac83890167258f83512955dbce65f072d4e8c310cb9de,3,apply,succeeded,1788381976.63281,1788381976.63526,1788382026.043455,,20,20
1788391216.152512,10,1,ghcr.io/talmolab/lablink-client-base-image:linux-amd64-test@sha256:1ec2fde6860186b3d45ac83890167258f83512955dbce65f072d4e8c310cb9de,4,destroy,succeeded,1788382875.148234,1788382875.150169,1788383194.833905,,20,20
1788391216.152512,10,1,ghcr.io/talmolab/lablink-client-base-image:linux-amd64-test@sha256:1ec2fde6860186b3d45ac83890167258f83512955dbce65f072d4e8c310cb9de,5,apply,succeeded,1788383308.62635,1788383308.629388,1788383361.88001,,35,35
1788391216.152512,10,1,ghcr.io/talmolab/lablink-client-base-image:linux-amd64-test@sha256:1ec2fde6860186b3d45ac83890167258f83512955dbce65f072d4e8c310cb9de,6,destroy,succeeded,1788384337.446569,1788384337.448163,1788384657.690712,,35,35
1788391216.152512,10,1,ghcr.io/talmolab/lablink-client-base-image:linux-amd64-test@sha256:1ec2fde6860186b3d45ac83890167258f83512955dbce65f072d4e8c310cb9de,7,apply,succeeded,1788384727.528365,1788384727.530681,1788384808.61864,,95,95
1788391216.152512,10,1,ghcr.io/talmolab/lablink-client-base-image:linux-amd64-test@sha256:1ec2fde6860186b3d45ac83890167258f83512955dbce65f072d4e8c310cb9de,8,destroy,succeeded,1788385076.969534,1788385076.971902,1788385973.63117,,95,95
1788391216.152512,10,1,ghcr.io/talmolab/lablink-client-base-image:linux-amd64-test@sha256:1ec2fde6860186b3d45ac83890167258f83512955dbce65f072d4e8c310cb9de,9,apply,succeeded,1788389407.309799,1788389407.313231,1788389454.98231,,20,20
1788391216.152512,10,1,ghcr.io/talmolab/lablink-client-base-image:linux-amd64-test@sha256:1ec2fde6860186b3d45ac83890167258f83512955dbce65f072d4e8c310cb9de,10,destroy,succeeded,1788390335.82657,1788390335.827949,1788390654.079952,,20,20
1788391216.152512,10,1,ghcr.io/talmolab/lablink-client-base-image:linux-amd64-test@sha256:1ec2fde6860186b3d45ac83890167258f83512955dbce65f072d4e8c310cb9de,11,apply,succeeded,1788390714.945026,1788390714.946521,1788390768.137505,,35,35
1788391221.389639,10,1,ghcr.io/talmolab/lablink-client-base-image:linux-amd64-test@sha256:1ec2fde6860186b3d45ac83890167258f83512955dbce65f072d4e8c310cb9de,1,apply,succeeded,1788380921.682491,1788380921.685047,1788380971.541328,,20,20
1788391221.389639,10,1,ghcr.io/talmolab/lablink-client-base-image:linux-amd64-test@sha256:1ec2fde6860186b3d45ac83890167258f83512955dbce65f072d4e8c310cb9de,2,destroy,succeeded,1788381612.379228,1788381612.381237,1788381939.351963,,20,20
1788391221.389639,10,1,ghcr.io/talmolab/lablink-client-base-image:linux-amd64-test@sha256:1ec2fde6860186b3d45ac83890167258f83512955dbce65f072d4e8c310cb9de,3,apply,succeeded,1788381976.63281,1788381976.63526,1788382026.043455,,20,20
1788391221.389639,10,1,ghcr.io/talmolab/lablink-client-base-image:linux-amd64-test@sha256:1ec2fde6860186b3d45ac83890167258f83512955dbce65f072d4e8c310cb9de,4,destroy,succeeded,1788382875.148234,1788382875.150169,1788383194.833905,,20,20
1788391221.389639,10,1,ghcr.io/talmolab/lablink-client-base-image:linux-amd64-test@sha256:1ec2fde6860186b3d45ac83890167258f83512955dbce65f072d4e8c310cb9de,5,apply,succeeded,1788383308.62635,1788383308.629388,1788383361.88001,,35,35
1788391221.389639,10,1,ghcr.io/talmolab/lablink-client-base-image:linux-amd64-test@sha256:1ec2fde6860186b3d45ac83890167258f83512955dbce65f072d4e8c310cb9de,6,destroy,succeeded,1788384337.446569,1788384337.448163,1788384657.690712,,35,35
1788391221.389639,10,1,ghcr.io/talmolab/lablink-client-base-image:linux-amd64-test@sha256:1ec2fde6860186b3d45ac83890167258f83512955dbce65f072d4e8c310cb9de,7,apply,succeeded,1788384727.528365,1788384727.530681,1788384808.61864,,95,95
1788391221.389639,10,1,ghcr.io/talmolab/lablink-client-base-image:linux-amd64-test@sha256:1ec2fde6860186b3d45ac83890167258f83512955dbce65f072d4e8c310cb9de,8,destroy,succeeded,1788385076.969534,1788385076.971902,1788385973.63117,,95,95
1788391221.389639,10,1,ghcr.io/talmolab/lablink-client-base-image:linux-amd64-test@sha256:1ec2fde6860186b3d45ac83890167258f83512955dbce65f072d4e8c310cb9de,9,apply,succeeded,1788389407.309799,1788389407.313231,1788389454.98231,,20,20
1788391221.389639,10,1,ghcr.io/talmolab/lablink-client-base-image:linux-amd64-test@sha256:1ec2fde6860186b3d45ac83890167258f83512955dbce65f072d4e8c310cb9de,10,destroy,succeeded,1788390335.82657,1788390335.827949,1788390654.079952,,20,20
1788391221.389639,10,1,ghcr.io/talmolab/lablink-client-base-image:linux-amd64-test@sha256:1ec2fde6860186b3d45ac83890167258f83512955dbce65f072d4e8c310cb9de,11,apply,succeeded,1788390714.945026,1788390714.946521,1788390768.137505,,35,35
1788391226.1203892,10,1,ghcr.io/talmolab/lablink-client-base-image:linux-amd64-test@sha256:1ec2fde6860186b3d45ac83890167258f83512955dbce65f072d4e8c310cb9de,1,apply,succeeded,1788380921.682491,1788380921.685047,1788380971.541328,,20,20
1788391226.1203892,10,1,ghcr.io/talmolab/lablink-client-base-image:linux-amd64-test@sha256:1ec2fde6860186b3d45ac83890167258f83512955dbce65f072d4e8c310cb9de,2,destroy,succeeded,1788381612.379228,1788381612.381237,1788381939.351963,,20,20
1788391226.1203892,10,1,ghcr.io/talmolab/lablink-client-base-image:linux-amd64-test@sha256:1ec2fde6860186b3d45ac83890167258f83512955dbce65f072d4e8c310cb9de,3,apply,succeeded,1788381976.63281,1788381976.63526,1788382026.043455,,20,20
1788391226.1203892,10,1,ghcr.io/talmolab/lablink-client-base-image:linux-amd64-test@sha256:1ec2fde6860186b3d45ac83890167258f83512955dbce65f072d4e8c310cb9de,4,destroy,succeeded,1788382875.148234,1788382875.150169,1788383194.833905,,20,20
1788391226.1203892,10,1,ghcr.io/talmolab/lablink-client-base-image:linux-amd64-test@sha256:1ec2fde6860186b3d45ac83890167258f83512955dbce65f072d4e8c310cb9de,5,apply,succeeded,1788383308.62635,1788383308.629388,1788383361.88001,,35,35
1788391226.1203892,10,1,ghcr.io/talmolab/lablink-client-base-image:linux-amd64-test@sha256:1ec2fde6860186b3d45ac83890167258f83512955dbce65f072d4e8c310cb9de,6,destroy,succeeded,1788384337.446569,1788384337.448163,1788384657.690712,,35,35
1788391226.1203892,10,1,ghcr.io/talmolab/lablink-client-base-image:linux-amd64-test@sha256:1ec2fde6860186b3d45ac83890167258f83512955dbce65f072d4e8c310cb9de,7,apply,succeeded,1788384727.528365,1788384727.530681,1788384808.61864,,95,95
1788391226.1203892,10,1,ghcr.io/talmolab/lablink-client-base-image:linux-amd64-test@sha256:1ec2fde6860186b3d45ac83890167258f83512955dbce65f072d4e8c310cb9de,8,destroy,succeeded,1788385076.969534,1788385076.971902,1788385973.63117,,95,95
1788391226.1203892,10,1,ghcr.io/talmolab/lablink-client-base-image:linux-amd64-test@sha256:1ec2fde6860186b3d45ac83890167258f83512955dbce65f072d4e8c310cb9de,9,apply,succeeded,1788389407.309799,1788389407.313231,1788389454.98231,,20,20
1788391226.1203892,10,1,ghcr.io/talmolab/lablink-client-base-image:linux-amd64-test@sha256:1ec2fde6860186b3d45ac83890167258f83512955dbce65f072d4e8c310cb9de,10,destroy,succeeded,1788390335.82657,1788390335.827949,1788390654.079952,,20,20
1788391226.1203892,10,1,ghcr.io/talmolab/lablink-client-base-image:linux-amd64-test@sha256:1ec2fde6860186b3d45ac83890167258f83512955dbce65f072d4e8c310cb9de,11,apply,succeeded,1788390714.945026,1788390714.946521,1788390768.137505,,35,35
1788391231.130901,10,1,ghcr.io/talmolab/lablink-client-base-image:linux-amd64-test@sha256:1ec2fde6860186b3d45ac83890167258f83512955dbce65f072d4e8c310cb9de,1,apply,succeeded,1788380921.682491,1788380921.685047,1788380971.541328,,20,20
1788391231.130901,10,1,ghcr.io/talmolab/lablink-client-base-image:linux-amd64-test@sha256:1ec2fde6860186b3d45ac83890167258f83512955dbce65f072d4e8c310cb9de,2,destroy,succeeded,1788381612.379228,1788381612.381237,1788381939.351963,,20,20
1788391231.130901,10,1,ghcr.io/talmolab/lablink-client-base-image:linux-amd64-test@sha256:1ec2fde6860186b3d45ac83890167258f83512955dbce65f072d4e8c310cb9de,3,apply,succeeded,1788381976.63281,1788381976.63526,1788382026.043455,,20,20
1788391231.130901,10,1,ghcr.io/talmolab/lablink-client-base-image:linux-amd64-test@sha256:1ec2fde6860186b3d45ac83890167258f83512955dbce65f072d4e8c310cb9de,4,destroy,succeeded,1788382875.148234,1788382875.150169,1788383194.833905,,20,20
1788391231.130901,10,1,ghcr.io/talmolab/lablink-client-base-image:linux-amd64-test@sha256:1ec2fde6860186b3d45ac83890167258f83512955dbce65f072d4e8c310cb9de,5,apply,succeeded,1788383308.62635,1788383308.629388,1788383361.88001,,35,35
1788391231.130901,10,1,ghcr.io/talmolab/lablink-client-base-image:linux-amd64-test@sha256:1ec2fde6860186b3d45ac83890167258f83512955dbce65f072d4e8c310cb9de,6,destroy,succeeded,1788384337.446569,1788384337.448163,1788384657.690712,,35,35
1788391231.130901,10,1,ghcr.io/talmolab/lablink-client-base-image:linux-amd64-test@sha256:1ec2fde6860186b3d45ac83890167258f83512955dbce65f072d4e8c310cb9de,7,apply,succeeded,1788384727.528365,1788384727.530681,1788384808.61864,,95,95
1788391231.130901,10,1,ghcr.io/talmolab/lablink-client-base-image:linux-amd64-test@sha256:1ec2fde6860186b3d45ac83890167258f83512955dbce65f072d4e8c310cb9de,8,destroy,succeeded,1788385076.969534,1788385076.971902,1788385973.63117,,95,95
1788391231.130901,10,1,ghcr.io/talmolab/lablink-client-base-image:linux-amd64-test@sha256:1ec2fde6860186b3d45ac83890167258f83512955dbce65f072d4e8c310cb9de,9,apply,succeeded,1788389407.309799,1788389407.313231,1788389454.98231,,20,20
1788391231.130901,10,1,ghcr.io/talmolab/lablink-client-base-image:linux-amd64-test@sha256:1ec2fde6860186b3d45ac83890167258f83512955dbce65f072d4e8c310cb9de,10,destroy,succeeded,1788390335.82657,1788390335.827949,1788390654.079952,,20,20
1788391231.130901,10,1,ghcr.io/talmolab/lablink-client-base-image:linux-amd64-test@sha256:1ec2fde6860186b3d45ac83890167258f83512955dbce65f072d4e8c310cb9de,11,apply,succeeded,1788390714.945026,1788390714.946521,1788390768.137505,,35,35
1788391236.16117,10,1,ghcr.io/talmolab/lablink-client-base-image:linux-amd64-test@sha256:1ec2fde6860186b3d45ac83890167258f83512955dbce65f072d4e8c310cb9de,1,apply,succeeded,1788380921.682491,1788380921.685047,1788380971.541328,,20,20
1788391236.16117,10,1,ghcr.io/talmolab/lablink-client-base-image:linux-amd64-test@sha256:1ec2fde6860186b3d45ac83890167258f83512955dbce65f072d4e8c310cb9de,2,destroy,succeeded,1788381612.379228,1788381612.381237,1788381939.351963,,20,20
1788391236.16117,10,1,ghcr.io/talmolab/lablink-client-base-image:linux-amd64-test@sha256:1ec2fde6860186b3d45ac83890167258f83512955dbce65f072d4e8c310cb9de,3,apply,succeeded,1788381976.63281,1788381976.63526,1788382026.043455,,20,20
1788391236.16117,10,1,ghcr.io/talmolab/lablink-client-base-image:linux-amd64-test@sha256:1ec2fde6860186b3d45ac83890167258f83512955dbce65f072d4e8c310cb9de,4,destroy,succeeded,1788382875.148234,1788382875.150169,1788383194.833905,,20,20
1788391236.16117,10,1,ghcr.io/talmolab/lablink-client-base-image:linux-amd64-test@sha256:1ec2fde6860186b3d45ac83890167258f83512955dbce65f072d4e8c310cb9de,5,apply,succeeded,1788383308.62635,1788383308.629388,1788383361.88001,,35,35
1788391236.16117,10,1,ghcr.io/talmolab/lablink-client-base-image:linux-amd64-test@sha256:1ec2fde6860186b3d45ac83890167258f83512955dbce65f072d4e8c310cb9de,6,destroy,succeeded,1788384337.446569,1788384337.448163,1788384657.690712,,35,35
1788391236.16117,10,1,ghcr.io/talmolab/lablink-client-base-image:linux-amd64-test@sha256:1ec2fde6860186b3d45ac83890167258f83512955dbce65f072d4e8c310cb9de,7,apply,succeeded,1788384727.528365,1788384727.530681,1788384808.61864,,95,95
1788391236.16117,10,1,ghcr.io/talmolab/lablink-client-base-image:linux-amd64-test@sha256:1ec2fde6860186b3d45ac83890167258f83512955dbce65f072d4e8c310cb9de,8,destroy,succeeded,1788385076.969534,1788385076.971902,1788385973.63117,,95,95
1788391236.16117,10,1,ghcr.io/talmolab/lablink-client-base-image:linux-amd64-test@sha256:1ec2fde6860186b3d45ac83890167258f83512955dbce65f072d4e8c310cb9de,9,apply,succeeded,1788389407.309799,1788389407.313231,1788389454.98231,,20,20
1788391236.16117,10,1,ghcr.io/talmolab/lablink-client-base-image:linux-amd64-test@sha256:1ec2fde6860186b3d45ac83890167258f83512955dbce65f072d4e8c310cb9de,10,destroy,succeeded,1788390335.82657,1788390335.827949,1788390654.079952,,20,20
1788391236.16117,10,1,ghcr.io/talmolab/lablink-client-base-image:linux-amd64-test@sha256:1ec2fde6860186b3d45ac83890167258f83512955dbce65f072d4e8c310cb9de,11,apply,succeeded,1788390714.945026,1788390714.946521,1788390768.137505,,35,35
1788391241.146896,10,1,ghcr.io/talmolab/lablink-client-base-image:linux-amd64-test@sha256:1ec2fde6860186b3d45ac83890167258f83512955dbce65f072d4e8c310cb9de,1,apply,succeeded,1788380921.682491,1788380921.685047,1788380971.541328,,20,20
1788391241.146896,10,1,ghcr.io/talmolab/lablink-client-base-image:linux-amd64-test@sha256:1ec2fde6860186b3d45ac83890167258f83512955dbce65f072d4e8c310cb9de,2,destroy,succeeded,1788381612.379228,1788381612.381237,1788381939.351963,,20,20
1788391241.146896,10,1,ghcr.io/talmolab/lablink-client-base-image:linux-amd64-test@sha256:1ec2fde6860186b3d45ac83890167258f83512955dbce65f072d4e8c310cb9de,3,apply,succeeded,1788381976.63281,1788381976.63526,1788382026.043455,,20,20
1788391241.146896,10,1,ghcr.io/talmolab/lablink-client-base-image:linux-amd64-test@sha256:1ec2fde6860186b3d45ac83890167258f83512955dbce65f072d4e8c310cb9de,4,destroy,succeeded,1788382875.148234,1788382875.150169,1788383194.833905,,20,20
1788391241.146896,10,1,ghcr.io/talmolab/lablink-client-base-image:linux-amd64-test@sha256:1ec2fde6860186b3d45ac83890167258f83512955dbce65f072d4e8c310cb9de,5,apply,succeeded,1788383308.62635,1788383308.629388,1788383361.88001,,35,35
1788391241.146896,10,1,ghcr.io/talmolab/lablink-client-base-image:linux-amd64-test@sha256:1ec2fde6860186b3d45ac83890167258f83512955dbce65f072d4e8c310cb9de,6,destroy,succeeded,1788384337.446569,1788384337.448163,1788384657.690712,,35,35
1788391241.146896,10,1,ghcr.io/talmolab/lablink-client-base-image:linux-amd64-test@sha256:1ec2fde6860186b3d45ac83890167258f83512955dbce65f072d4e8c310cb9de,7,apply,succeeded,1788384727.528365,1788384727.530681,1788384808.61864,,95,95
1788391241.146896,10,1,ghcr.io/talmolab/lablink-client-base-image:linux-amd64-test@sha256:1ec2fde6860186b3d45ac83890167258f83512955dbce65f072d4e8c310cb9de,8,destroy,succeeded,1788385076.969534,1788385076.971902,1788385973.63117,,95,95
1788391241.146896,10,1,ghcr.io/talmolab/lablink-client-base-image:linux-amd64-test@sha256:1ec2fde6860186b3d45ac83890167258f83512955dbce65f072d4e8c310cb9de,9,apply,succeeded,1788389407.309799,1788389407.313231,1788389454.98231,,20,20
1788391241.146896,10,1,ghcr.io/talmolab/lablink-client-base-image:linux-amd64-test@sha256:1ec2fde6860186b3d45ac83890167258f83512955dbce65f072d4e8c310cb9de,10,destroy,succeeded,1788390335.82657,1788390335.827949,1788390654.079952,,20,20
1788391241.146896,10,1,ghcr.io/talmolab/lablink-client-base-image:linux-amd64-test@sha256:1ec2fde6860186b3d45ac83890167258f83512955dbce65f072d4e8c310cb9de,11,apply,succeeded,1788390714.945026,1788390714.946521,1788390768.137505,,35,35
1788391246.229419,10,1,ghcr.io/talmolab/lablink-client-base-image:linux-amd64-test@sha256:1ec2fde6860186b3d45ac83890167258f83512955dbce65f072d4e8c310cb9de,1,apply,succeeded,1788380921.682491,1788380921.685047,1788380971.541328,,20,20
1788391246.229419,10,1,ghcr.io/talmolab/lablink-client-base-image:linux-amd64-test@sha256:1ec2fde6860186b3d45ac83890167258f83512955dbce65f072d4e8c310cb9de,2,destroy,succeeded,1788381612.379228,1788381612.381237,1788381939.351963,,20,20
1788391246.229419,10,1,ghcr.io/talmolab/lablink-client-base-image:linux-amd64-test@sha256:1ec2fde6860186b3d45ac83890167258f83512955dbce65f072d4e8c310cb9de,3,apply,succeeded,1788381976.63281,1788381976.63526,1788382026.043455,,20,20
1788391246.229419,10,1,ghcr.io/talmolab/lablink-client-base-image:linux-amd64-test@sha256:1ec2fde6860186b3d45ac83890167258f83512955dbce65f072d4e8c310cb9de,4,destroy,succeeded,1788382875.148234,1788382875.150169,1788383194.833905,,20,20
1788391246.229419,10,1,ghcr.io/talmolab/lablink-client-base-image:linux-amd64-test@sha256:1ec2fde6860186b3d45ac83890167258f83512955dbce65f072d4e8c310cb9de,5,apply,succeeded,1788383308.62635,1788383308.629388,1788383361.88001,,35,35
1788391246.229419,10,1,ghcr.io/talmolab/lablink-client-base-image:linux-amd64-test@sha256:1ec2fde6860186b3d45ac83890167258f83512955dbce65f072d4e8c310cb9de,6,destroy,succeeded,1788384337.446569,1788384337.448163,1788384657.690712,,35,35
1788391246.229419,10,1,ghcr.io/talmolab/lablink-client-base-image:linux-amd64-test@sha256:1ec2fde6860186b3d45ac83890167258f83512955dbce65f072d4e8c310cb9de,7,apply,succeeded,1788384727.528365,1788384727.530681,1788384808.61864,,95,95
1788391246.229419,10,1,ghcr.io/talmolab/lablink-client-base-image:linux-amd64-test@sha256:1ec2fde6860186b3d45ac83890167258f83512955dbce65f072d4e8c310cb9de,8,destroy,succeeded,1788385076.969534,1788385076.971902,1788385973.63117,,95,95
1788391246.229419,10,1,ghcr.io/talmolab/lablink-client-base-image:linux-amd64-test@sha256:1ec2fde6860186b3d45ac83890167258f83512955dbce65f072d4e8c310cb9de,9,apply,succeeded,1788389407.309799,1788389407.313231,1788389454.98231,,20,20
1788391246.229419,10,1,ghcr.io/talmolab/lablink-client-base-image:linux-amd64-test@sha256:1ec2fde6860186b3d45ac83890167258f83512955dbce65f072d4e8c310cb9de,10,destroy,succeeded,1788390335.82657,1788390335.827949,1788390654.079952,,20,20
1788391246.229419,10,1,ghcr.io/talmolab/lablink-client-base-image:linux-amd64-test@sha256:1ec2fde6860186b3d45ac83890167258f83512955dbce65f072d4e8c310cb9de,11,apply,succeeded,1788390714.945026,1788390714.946521,1788390768.137505,,35,35
1788391251.276737,10,1,ghcr.io/talmolab/lablink-client-base-image:linux-amd64-test@sha256:1ec2fde6860186b3d45ac83890167258f83512955dbce65f072d4e8c310cb9de,1,apply,succeeded,1788380921.682491,1788380921.685047,1788380971.541328,,20,20
1788391251.276737,10,1,ghcr.io/talmolab/lablink-client-base-image:linux-amd64-test@sha256:1ec2fde6860186b3d45ac83890167258f83512955dbce65f072d4e8c310cb9de,2,destroy,succeeded,1788381612.379228,1788381612.381237,1788381939.351963,,20,20
1788391251.276737,10,1,ghcr.io/talmolab/lablink-client-base-image:linux-amd64-test@sha256:1ec2fde6860186b3d45ac83890167258f83512955dbce65f072d4e8c310cb9de,3,apply,succeeded,1788381976.63281,1788381976.63526,1788382026.043455,,20,20
1788391251.276737,10,1,ghcr.io/talmolab/lablink-client-base-image:linux-amd64-test@sha256:1ec2fde6860186b3d45ac83890167258f83512955dbce65f072d4e8c310cb9de,4,destroy,succeeded,1788382875.148234,1788382875.150169,1788383194.833905,,20,20
1788391251.276737,10,1,ghcr.io/talmolab/lablink-client-base-image:linux-amd64-test@sha256:1ec2fde6860186b3d45ac83890167258f83512955dbce65f072d4e8c310cb9de,5,apply,succeeded,1788383308.62635,1788383308.629388,1788383361.88001,,35,35
1788391251.276737,10,1,ghcr.io/talmolab/lablink-client-base-image:linux-amd64-test@sha256:1ec2fde6860186b3d45ac83890167258f83512955dbce65f072d4e8c310cb9de,6,destroy,succeeded,1788384337.446569,1788384337.448163,1788384657.690712,,35,35
1788391251.276737,10,1,ghcr.io/talmolab/lablink-client-base-image:linux-amd64-test@sha256:1ec2fde6860186b3d45ac83890167258f83512955dbce65f072d4e8c310cb9de,7,apply,succeeded,1788384727.528365,1788384727.530681,1788384808.61864,,95,95
1788391251.276737,10,1,ghcr.io/talmolab/lablink-client-base-image:linux-amd64-test@sha256:1ec2fde6860186b3d45ac83890167258f83512955dbce65f072d4e8c310cb9de,8,destroy,succeeded,1788385076.969534,1788385076.971902,1788385973.63117,,95,95
1788391251.276737,10,1,ghcr.io/talmolab/lablink-client-base-image:linux-amd64-test@sha256:1ec2fde6860186b3d45ac83890167258f83512955dbce65f072d4e8c310cb9de,9,apply,succeeded,1788389407.309799,1788389407.313231,1788389454.98231,,20,20
1788391251.276737,10,1,ghcr.io/talmolab/lablink-client-base-image:linux-amd64-test@sha256:1ec2fde6860186b3d45ac83890167258f83512955dbce65f072d4e8c310cb9de,10,destroy,succeeded,1788390335.82657,1788390335.827949,1788390654.079952,,20,20
1788391251.276737,10,1,ghcr.io/talmolab/lablink-client-base-image:linux-amd64-test@sha256:1ec2fde6860186b3d45ac83890167258f83512955dbce65f072d4e8c310cb9de,11,apply,succeeded,1788390714.945026,1788390714.946521,1788390768.137505,,35,35
1788391256.2108421,10,1,ghcr.io/talmolab/lablink-client-base-image:linux-amd64-test@sha256:1ec2fde6860186b3d45ac83890167258f83512955dbce65f072d4e8c310cb9de,1,apply,succeeded,1788380921.682491,1788380921.685047,1788380971.541328,,20,20
1788391256.2108421,10,1,ghcr.io/talmolab/lablink-client-base-image:linux-amd64-test@sha256:1ec2fde6860186b3d45ac83890167258f83512955dbce65f072d4e8c310cb9de,2,destroy,succeeded,1788381612.379228,1788381612.381237,1788381939.351963,,20,20
1788391256.2108421,10,1,ghcr.io/talmolab/lablink-client-base-image:linux-amd64-test@sha256:1ec2fde6860186b3d45ac83890167258f83512955dbce65f072d4e8c310cb9de,3,apply,succeeded,1788381976.63281,1788381976.63526,1788382026.043455,,20,20
1788391256.2108421,10,1,ghcr.io/talmolab/lablink-client-base-image:linux-amd64-test@sha256:1ec2fde6860186b3d45ac83890167258f83512955dbce65f072d4e8c310cb9de,4,destroy,succeeded,1788382875.148234,1788382875.150169,1788383194.833905,,20,20
1788391256.2108421,10,1,ghcr.io/talmolab/lablink-client-base-image:linux-amd64-test@sha256:1ec2fde6860186b3d45ac83890167258f83512955dbce65f072d4e8c310cb9de,5,apply,succeeded,1788383308.62635,1788383308.629388,1788383361.88001,,35,35
1788391256.2108421,10,1,ghcr.io/talmolab/lablink-client-base-image:linux-amd64-test@sha256:1ec2fde6860186b3d45ac83890167258f83512955dbce65f072d4e8c310cb9de,6,destroy,succeeded,1788384337.446569,1788384337.448163,1788384657.690712,,35,35
1788391256.2108421,10,1,ghcr.io/talmolab/lablink-client-base-image:linux-amd64-test@sha256:1ec2fde6860186b3d45ac83890167258f83512955dbce65f072d4e8c310cb9de,7,apply,succeeded,1788384727.528365,1788384727.530681,1788384808.61864,,95,95
1788391256.2108421,10,1,ghcr.io/talmolab/lablink-client-base-image:linux-amd64-test@sha256:1ec2fde6860186b3d45ac83890167258f83512955dbce65f072d4e8c310cb9de,8,destroy,succeeded,1788385076.969534,1788385076.971902,1788385973.63117,,95,95
1788391256.2108421,10,1,ghcr.io/talmolab/lablink-client-base-image:linux-amd64-test@sha256:1ec2fde6860186b3d45ac83890167258f83512955dbce65f072d4e8c310cb9de,9,apply,succeeded,1788389407.309799,1788389407.313231,1788389454.98231,,20,20
1788391256.2108421,10,1,ghcr.io/talmolab/lablink-client-base-image:linux-amd64-test@sha256:1ec2fde6860186b3d45ac83890167258f83512955dbce65f072d4e8c310cb9de,10,destroy,succeeded,1788390335.82657,1788390335.827949,1788390654.079952,,20,20
1788391256.2108421,10,1,ghcr.io/talmolab/lablink-client-base-image:linux-amd64-test@sha256:1ec2fde6860186b3d45ac83890167258f83512955dbce65f072d4e8c310cb9de,11,apply,succeeded,1788390714.945026,1788390714.946521,1788390768.137505,,35,35
1788391261.2398999,10,1,ghcr.io/talmolab/lablink-client-base-image:linux-amd64-test@sha256:1ec2fde6860186b3d45ac83890167258f83512955dbce65f072d4e8c310cb9de,1,apply,succeeded,1788380921.682491,1788380921.685047,1788380971.541328,,20,20
1788391261.2398999,10,1,ghcr.io/talmolab/lablink-client-base-image:linux-amd64-test@sha256:1ec2fde6860186b3d45ac83890167258f83512955dbce65f072d4e8c310cb9de,2,destroy,succeeded,1788381612.379228,1788381612.381237,1788381939.351963,,20,20
1788391261.2398999,10,1,ghcr.io/talmolab/lablink-client-base-image:linux-amd64-test@sha256:1ec2fde6860186b3d45ac83890167258f83512955dbce65f072d4e8c310cb9de,3,apply,succeeded,1788381976.63281,1788381976.63526,1788382026.043455,,20,20
1788391261.2398999,10,1,ghcr.io/talmolab/lablink-client-base-image:linux-amd64-test@sha256:1ec2fde6860186b3d45ac83890167258f83512955dbce65f072d4e8c310cb9de,4,destroy,succeeded,1788382875.148234,1788382875.150169,1788383194.833905,,20,20
1788391261.2398999,10,1,ghcr.io/talmolab/lablink-client-base-image:linux-amd64-test@sha256:1ec2fde6860186b3d45ac83890167258f83512955dbce65f072d4e8c310cb9de,5,apply,succeeded,1788383308.62635,1788383308.629388,1788383361.88001,,35,35
1788391261.2398999,10,1,ghcr.io/talmolab/lablink-client-base-image:linux-amd64-test@sha256:1ec2fde6860186b3d45ac83890167258f83512955dbce65f072d4e8c310cb9de,6,destroy,succeeded,1788384337.446569,1788384337.448163,1788384657.690712,,35,35
1788391261.2398999,10,1,ghcr.io/talmolab/lablink-client-base-image:linux-amd64-test@sha256:1ec2fde6860186b3d45ac83890167258f83512955dbce65f072d4e8c310cb9de,7,apply,succeeded,1788384727.528365,1788384727.530681,1788384808.61864,,95,95
1788391261.2398999,10,1,ghcr.io/talmolab/lablink-client-base-image:linux-amd64-test@sha256:1ec2fde6860186b3d45ac83890167258f83512955dbce65f072d4e8c310cb9de,8,destroy,succeeded,1788385076.969534,1788385076.971902,1788385973.63117,,95,95
1788391261.2398999,10,1,ghcr.io/talmolab/lablink-client-base-image:linux-amd64-test@sha256:1ec2fde6860186b3d45ac83890167258f83512955dbce65f072d4e8c310cb9de,9,apply,succeeded,1788389407.309799,1788389407.313231,1788389454.98231,,20,20
1788391261.2398999,10,1,ghcr.io/talmolab/lablink-client-base-image:linux-amd64-test@sha256:1ec2fde6860186b3d45ac83890167258f83512955dbce65f072d4e8c310cb9de,10,destroy,succeeded,1788390335.82657,1788390335.827949,1788390654.079952,,20,20
1788391261.2398999,10,1,ghcr.io/talmolab/lablink-client-base-image:linux-amd64-test@sha256:1ec2fde6860186b3d45ac83890167258f83512955dbce65f072d4e8c310cb9de,11,apply,succeeded,1788390714.945026,1788390714.946521,1788390768.137505,,35,35
1788391266.332681,10,1,ghcr.io/talmolab/lablink-client-base-image:linux-amd64-test@sha256:1ec2fde6860186b3d45ac83890167258f83512955dbce65f072d4e8c310cb9de,1,apply,succeeded,1788380921.682491,1788380921.685047,1788380971.541328,,20,20
1788391266.332681,10,1,ghcr.io/talmolab/lablink-client-base-image:linux-amd64-test@sha256:1ec2fde6860186b3d45ac83890167258f83512955dbce65f072d4e8c310cb9de,2,destroy,succeeded,1788381612.379228,1788381612.381237,1788381939.351963,,20,20
1788391266.332681,10,1,ghcr.io/talmolab/lablink-client-base-image:linux-amd64-test@sha256:1ec2fde6860186b3d45ac83890167258f83512955dbce65f072d4e8c310cb9de,3,apply,succeeded,1788381976.63281,1788381976.63526,1788382026.043455,,20,20
1788391266.332681,10,1,ghcr.io/talmolab/lablink-client-base-image:linux-amd64-test@sha256:1ec2fde6860186b3d45ac83890167258f83512955dbce65f072d4e8c310cb9de,4,destroy,succeeded,1788382875.148234,1788382875.150169,1788383194.833905,,20,20
1788391266.332681,10,1,ghcr.io/talmolab/lablink-client-base-image:linux-amd64-test@sha256:1ec2fde6860186b3d45ac83890167258f83512955dbce65f072d4e8c310cb9de,5,apply,succeeded,1788383308.62635,1788383308.629388,1788383361.88001,,35,35
1788391266.332681,10,1,ghcr.io/talmolab/lablink-client-base-image:linux-amd64-test@sha256:1ec2fde6860186b3d45ac83890167258f83512955dbce65f072d4e8c310cb9de,6,destroy,succeeded,1788384337.446569,1788384337.448163,1788384657.690712,,35,35
1788391266.332681,10,1,ghcr.io/talmolab/lablink-client-base-image:linux-amd64-test@sha256:1ec2fde6860186b3d45ac83890167258f83512955dbce65f072d4e8c310cb9de,7,apply,succeeded,1788384727.528365,1788384727.530681,1788384808.61864,,95,95
1788391266.332681,10,1,ghcr.io/talmolab/lablink-client-base-image:linux-amd64-test@sha256:1ec2fde6860186b3d45ac83890167258f83512955dbce65f072d4e8c310cb9de,8,destroy,succeeded,1788385076.969534,1788385076.971902,1788385973.63117,,95,95
1788391266.332681,10,1,ghcr.io/talmolab/lablink-client-base-image:linux-amd64-test@sha256:1ec2fde6860186b3d45ac83890167258f83512955dbce65f072d4e8c310cb9de,9,apply,succeeded,1788389407.309799,1788389407.313231,1788389454.98231,,20,20
1788391266.332681,10,1,ghcr.io/talmolab/lablink-client-base-image:linux-amd64-test@sha256:1ec2fde6860186b3d45ac83890167258f83512955dbce65f072d4e8c310cb9de,10,destroy,succeeded,1788390335.82657,1788390335.827949,1788390654.079952,,20,20
1788391266.332681,10,1,ghcr.io/talmolab/lablink-client-base-image:linux-amd64-test@sha256:1ec2fde6860186b3d45ac83890167258f83512955dbce65f072d4e8c310cb9de,11,apply,succeeded,1788390714.945026,1788390714.946521,1788390768.137505,,35,35
1788391271.099426,10,1,ghcr.io/talmolab/lablink-client-base-image:linux-amd64-test@sha256:1ec2fde6860186b3d45ac83890167258f83512955dbce65f072d4e8c310cb9de,1,apply,succeeded,1788380921.682491,1788380921.685047,1788380971.541328,,20,20
1788391271.099426,10,1,ghcr.io/talmolab/lablink-client-base-image:linux-amd64-test@sha256:1ec2fde6860186b3d45ac83890167258f83512955dbce65f072d4e8c310cb9de,2,destroy,succeeded,1788381612.379228,1788381612.381237,1788381939.351963,,20,20
1788391271.099426,10,1,ghcr.io/talmolab/lablink-client-base-image:linux-amd64-test@sha256:1ec2fde6860186b3d45ac83890167258f83512955dbce65f072d4e8c310cb9de,3,apply,succeeded,1788381976.63281,1788381976.63526,1788382026.043455,,20,20
1788391271.099426,10,1,ghcr.io/talmolab/lablink-client-base-image:linux-amd64-test@sha256:1ec2fde6860186b3d45ac83890167258f83512955dbce65f072d4e8c310cb9de,4,destroy,succeeded,1788382875.148234,1788382875.150169,1788383194.833905,,20,20
1788391271.099426,10,1,ghcr.io/talmolab/lablink-client-base-image:linux-amd64-test@sha256:1ec2fde6860186b3d45ac83890167258f83512955dbce65f072d4e8c310cb9de,5,apply,succeeded,1788383308.62635,1788383308.629388,1788383361.88001,,35,35
1788391271.099426,10,1,ghcr.io/talmolab/lablink-client-base-image:linux-amd64-test@sha256:1ec2fde6860186b3d45ac83890167258f83512955dbce65f072d4e8c310cb9de,6,destroy,succeeded,1788384337.446569,1788384337.448163,1788384657.690712,,35,35
1788391271.099426,10,1,ghcr.io/talmolab/lablink-client-base-image:linux-amd64-test@sha256:1ec2fde6860186b3d45ac83890167258f83512955dbce65f072d4e8c310cb9de,7,apply,succeeded,1788384727.528365,1788384727.530681,1788384808.61864,,95,95
1788391271.099426,10,1,ghcr.io/talmolab/lablink-client-base-image:linux-amd64-test@sha256:1ec2fde6860186b3d45ac83890167258f83512955dbce65f072d4e8c310cb9de,8,destroy,succeeded,1788385076.969534,1788385076.971902,1788385973.63117,,95,95
1788391271.099426,10,1,ghcr.io/talmolab/lablink-client-base-image:linux-amd64-test@sha256:1ec2fde6860186b3d45ac83890167258f83512955dbce65f072d4e8c310cb9de,9,apply,succeeded,1788389407.309799,1788389407.313231,1788389454.98231,,20,20
1788391271.099426,10,1,ghcr.io/talmolab/lablink-client-base-image:linux-amd64-test@sha256:1ec2fde6860186b3d45ac83890167258f83512955dbce65f072d4e8c310cb9de,10,destroy,succeeded,1788390335.82657,1788390335.827949,1788390654.079952,,20,20
1788391271.099426,10,1,ghcr.io/talmolab/lablink-client-base-image:linux-amd64-test@sha256:1ec2fde6860186b3d45ac83890167258f83512955dbce65f072d4e8c310cb9de,11,apply,succeeded,1788390714.945026,1788390714.946521,1788390768.137505,,35,35
1788391276.167356,10,1,ghcr.io/talmolab/lablink-client-base-image:linux-amd64-test@sha256:1ec2fde6860186b3d45ac83890167258f83512955dbce65f072d4e8c310cb9de,1,apply,succeeded,1788380921.682491,1788380921.685047,1788380971.541328,,20,20
1788391276.167356,10,1,ghcr.io/talmolab/lablink-client-base-image:linux-amd64-test@sha256:1ec2fde6860186b3d45ac83890167258f83512955dbce65f072d4e8c310cb9de,2,destroy,succeeded,1788381612.379228,1788381612.381237,1788381939.351963,,20,20
1788391276.167356,10,1,ghcr.io/talmolab/lablink-client-base-image:linux-amd64-test@sha256:1ec2fde6860186b3d45ac83890167258f83512955dbce65f072d4e8c310cb9de,3,apply,succeeded,1788381976.63281,1788381976.63526,1788382026.043455,,20,20
1788391276.167356,10,1,ghcr.io/talmolab/lablink-client-base-image:linux-amd64-test@sha256:1ec2fde6860186b3d45ac83890167258f83512955dbce65f072d4e8c310cb9de,4,destroy,succeeded,1788382875.148234,1788382875.150169,1788383194.833905,,20,20
1788391276.167356,10,1,ghcr.io/talmolab/lablink-client-base-image:linux-amd64-test@sha256:1ec2fde6860186b3d45ac83890167258f83512955dbce65f072d4e8c310cb9de,5,apply,succeeded,1788383308.62635,1788383308.629388,1788383361.88001,,35,35
1788391276.167356,10,1,ghcr.io/talmolab/lablink-client-base-image:linux-amd64-test@sha256:1ec2fde6860186b3d45ac83890167258f83512955dbce65f072d4e8c310cb9de,6,destroy,succeeded,1788384337.446569,1788384337.448163,1788384657.690712,,35,35
1788391276.167356,10,1,ghcr.io/talmolab/lablink-client-base-image:linux-amd64-test@sha256:1ec2fde6860186b3d45ac83890167258f83512955dbce65f072d4e8c310cb9de,7,apply,succeeded,1788384727.528365,1788384727.530681,1788384808.61864,,95,95
1788391276.167356,10,1,ghcr.io/talmolab/lablink-client-base-image:linux-amd64-test@sha256:1ec2fde6860186b3d45ac83890167258f83512955dbce65f072d4e8c310cb9de,8,destroy,succeeded,1788385076.969534,1788385076.971902,1788385973.63117,,95,95
1788391276.167356,10,1,ghcr.io/talmolab/lablink-client-base-image:linux-amd64-test@sha256:1ec2fde6860186b3d45ac83890167258f83512955dbce65f072d4e8c310cb9de,9,apply,succeeded,1788389407.309799,1788389407.313231,1788389454.98231,,20,20
1788391276.167356,10,1,ghcr.io/talmolab/lablink-client-base-image:linux-amd64-test@sha256:1ec2fde6860186b3d45ac83890167258f83512955dbce65f072d4e8c310cb9de,10,destroy,succeeded,1788390335.82657,1788390335.827949,1788390654.079952,,20,20
1788391276.167356,10,1,ghcr.io/talmolab/lablink-client-base-image:linux-amd64-test@sha256:1ec2fde6860186b3d45ac83890167258f83512955dbce65f072d4e8c310cb9de,11,apply,succeeded,1788390714.945026,1788390714.946521,1788390768.137505,,35,35
1788391281.164625,10,1,ghcr.io/talmolab/lablink-client-base-image:linux-amd64-test@sha256:1ec2fde6860186b3d45ac83890167258f83512955dbce65f072d4e8c310cb9de,1,apply,succeeded,1788380921.682491,1788380921.685047,1788380971.541328,,20,20
1788391281.164625,10,1,ghcr.io/talmolab/lablink-client-base-image:linux-amd64-test@sha256:1ec2fde6860186b3d45ac83890167258f83512955dbce65f072d4e8c310cb9de,2,destroy,succeeded,1788381612.379228,1788381612.381237,1788381939.351963,,20,20
1788391281.164625,10,1,ghcr.io/talmolab/lablink-client-base-image:linux-amd64-test@sha256:1ec2fde6860186b3d45ac83890167258f83512955dbce65f072d4e8c310cb9de,3,apply,succeeded,1788381976.63281,1788381976.63526,1788382026.043455,,20,20
1788391281.164625,10,1,ghcr.io/talmolab/lablink-client-base-image:linux-amd64-test@sha256:1ec2fde6860186b3d45ac83890167258f83512955dbce65f072d4e8c310cb9de,4,destroy,succeeded,1788382875.148234,1788382875.150169,1788383194.833905,,20,20
1788391281.164625,10,1,ghcr.io/talmolab/lablink-client-base-image:linux-amd64-test@sha256:1ec2fde6860186b3d45ac83890167258f83512955dbce65f072d4e8c310cb9de,5,apply,succeeded,1788383308.62635,1788383308.629388,1788383361.88001,,35,35
1788391281.164625,10,1,ghcr.io/talmolab/lablink-client-base-image:linux-amd64-test@sha256:1ec2fde6860186b3d45ac83890167258f83512955dbce65f072d4e8c310cb9de,6,destroy,succeeded,1788384337.446569,1788384337.448163,1788384657.690712,,35,35
1788391281.164625,10,1,ghcr.io/talmolab/lablink-client-base-image:linux-amd64-test@sha256:1ec2fde6860186b3d45ac83890167258f83512955dbce65f072d4e8c310cb9de,7,apply,succeeded,1788384727.528365,1788384727.530681,1788384808.61864,,95,95
1788391281.164625,10,1,ghcr.io/talmolab/lablink-client-base-image:linux-amd64-test@sha256:1ec2fde6860186b3d45ac83890167258f83512955dbce65f072d4e8c310cb9de,8,destroy,succeeded,1788385076.969534,1788385076.971902,1788385973.63117,,95,95
1788391281.164625,10,1,ghcr.io/talmolab/lablink-client-base-image:linux-amd64-test@sha256:1ec2fde6860186b3d45ac83890167258f83512955dbce65f072d4e8c310cb9de,9,apply,succeeded,1788389407.309799,1788389407.313231,1788389454.98231,,20,20
1788391281.164625,10,1,ghcr.io/talmolab/lablink-client-base-image:linux-amd64-test@sha256:1ec2fde6860186b3d45ac83890167258f83512955dbce65f072d4e8c310cb9de,10,destroy,succeeded,1788390335.82657,1788390335.827949,1788390654.079952,,20,20
1788391281.164625,10,1,ghcr.io/talmolab/lablink-client-base-image:linux-amd64-test@sha256:1ec2fde6860186b3d45ac83890167258f83512955dbce65f072d4e8c310cb9de,11,apply,succeeded,1788390714.945026,1788390714.946521,1788390768.137505,,35,35
1788391286.624489,10,1,ghcr.io/talmolab/lablink-client-base-image:linux-amd64-test@sha256:1ec2fde6860186b3d45ac83890167258f83512955dbce65f072d4e8c310cb9de,1,apply,succeeded,1788380921.682491,1788380921.685047,1788380971.541328,,20,20
1788391286.624489,10,1,ghcr.io/talmolab/lablink-client-base-image:linux-amd64-test@sha256:1ec2fde6860186b3d45ac83890167258f83512955dbce65f072d4e8c310cb9de,2,destroy,succeeded,1788381612.379228,1788381612.381237,1788381939.351963,,20,20
1788391286.624489,10,1,ghcr.io/talmolab/lablink-client-base-image:linux-amd64-test@sha256:1ec2fde6860186b3d45ac83890167258f83512955dbce65f072d4e8c310cb9de,3,apply,succeeded,1788381976.63281,1788381976.63526,1788382026.043455,,20,20
1788391286.624489,10,1,ghcr.io/talmolab/lablink-client-base-image:linux-amd64-test@sha256:1ec2fde6860186b3d45ac83890167258f83512955dbce65f072d4e8c310cb9de,4,destroy,succeeded,1788382875.148234,1788382875.150169,1788383194.833905,,20,20
1788391286.624489,10,1,ghcr.io/talmolab/lablink-client-base-image:linux-amd64-test@sha256:1ec2fde6860186b3d45ac83890167258f83512955dbce65f072d4e8c310cb9de,5,apply,succeeded,1788383308.62635,1788383308.629388,1788383361.88001,,35,35
1788391286.624489,10,1,ghcr.io/talmolab/lablink-client-base-image:linux-amd64-test@sha256:1ec2fde6860186b3d45ac83890167258f83512955dbce65f072d4e8c310cb9de,6,destroy,succeeded,1788384337.446569,1788384337.448163,1788384657.690712,,35,35
1788391286.624489,10,1,ghcr.io/talmolab/lablink-client-base-image:linux-amd64-test@sha256:1ec2fde6860186b3d45ac83890167258f83512955dbce65f072d4e8c310cb9de,7,apply,succeeded,1788384727.528365,1788384727.530681,1788384808.61864,,95,95
1788391286.624489,10,1,ghcr.io/talmolab/lablink-client-base-image:linux-amd64-test@sha256:1ec2fde6860186b3d45ac83890167258f83512955dbce65f072d4e8c310cb9de,8,destroy,succeeded,1788385076.969534,1788385076.971902,1788385973.63117,,95,95
1788391286.624489,10,1,ghcr.io/talmolab/lablink-client-base-image:linux-amd64-test@sha256:1ec2fde6860186b3d45ac83890167258f83512955dbce65f072d4e8c310cb9de,9,apply,succeeded,1788389407.309799,1788389407.313231,1788389454.98231,,20,20
1788391286.624489,10,1,ghcr.io/talmolab/lablink-client-base-image:linux-amd64-test@sha256:1ec2fde6860186b3d45ac83890167258f83512955dbce65f072d4e8c310cb9de,10,destroy,succeeded,1788390335.82657,1788390335.827949,1788390654.079952,,20,20
1788391286.624489,10,1,ghcr.io/talmolab/lablink-client-base-image:linux-amd64-test@sha256:1ec2fde6860186b3d45ac83890167258f83512955dbce65f072d4e8c310cb9de,11,apply,succeeded,1788390714.945026,1788390714.946521,1788390768.137505,,35,35
1788391291.313483,10,1,ghcr.io/talmolab/lablink-client-base-image:linux-amd64-test@sha256:1ec2fde6860186b3d45ac83890167258f83512955dbce65f072d4e8c310cb9de,1,apply,succeeded,1788380921.682491,1788380921.685047,1788380971.541328,,20,20
1788391291.313483,10,1,ghcr.io/talmolab/lablink-client-base-image:linux-amd64-test@sha256:1ec2fde6860186b3d45ac83890167258f83512955dbce65f072d4e8c310cb9de,2,destroy,succeeded,1788381612.379228,1788381612.381237,1788381939.351963,,20,20
1788391291.313483,10,1,ghcr.io/talmolab/lablink-client-base-image:linux-amd64-test@sha256:1ec2fde6860186b3d45ac83890167258f83512955dbce65f072d4e8c310cb9de,3,apply,succeeded,1788381976.63281,1788381976.63526,1788382026.043455,,20,20
1788391291.313483,10,1,ghcr.io/talmolab/lablink-client-base-image:linux-amd64-test@sha256:1ec2fde6860186b3d45ac83890167258f83512955dbce65f072d4e8c310cb9de,4,destroy,succeeded,1788382875.148234,1788382875.150169,1788383194.833905,,20,20
1788391291.313483,10,1,ghcr.io/talmolab/lablink-client-base-image:linux-amd64-test@sha256:1ec2fde6860186b3d45ac83890167258f83512955dbce65f072d4e8c310cb9de,5,apply,succeeded,1788383308.62635,1788383308.629388,1788383361.88001,,35,35
1788391291.313483,10,1,ghcr.io/talmolab/lablink-client-base-image:linux-amd64-test@sha256:1ec2fde6860186b3d45ac83890167258f83512955dbce65f072d4e8c310cb9de,6,destroy,succeeded,1788384337.446569,1788384337.448163,1788384657.690712,,35,35
1788391291.313483,10,1,ghcr.io/talmolab/lablink-client-base-image:linux-amd64-test@sha256:1ec2fde6860186b3d45ac83890167258f83512955dbce65f072d4e8c310cb9de,7,apply,succeeded,1788384727.528365,1788384727.530681,1788384808.61864,,95,95
1788391291.313483,10,1,ghcr.io/talmolab/lablink-client-base-image:linux-amd64-test@sha256:1ec2fde6860186b3d45ac83890167258f83512955dbce65f072d4e8c310cb9de,8,destroy,succeeded,1788385076.969534,1788385076.971902,1788385973.63117,,95,95
1788391291.313483,10,1,ghcr.io/talmolab/lablink-client-base-image:linux-amd64-test@sha256:1ec2fde6860186b3d45ac83890167258f83512955dbce65f072d4e8c310cb9de,9,apply,succeeded,1788389407.309799,1788389407.313231,1788389454.98231,,20,20
1788391291.313483,10,1,ghcr.io/talmolab/lablink-client-base-image:linux-amd64-test@sha256:1ec2fde6860186b3d45ac83890167258f83512955dbce65f072d4e8c310cb9de,10,destroy,succeeded,1788390335.82657,1788390335.827949,1788390654.079952,,20,20
1788391291.313483,10,1,ghcr.io/talmolab/lablink-client-base-image:linux-amd64-test@sha256:1ec2fde6860186b3d45ac83890167258f83512955dbce65f072d4e8c310cb9de,11,apply,succeeded,1788390714.945026,1788390714.946521,1788390768.137505,,35,35
1788391296.192501,10,1,ghcr.io/talmolab/lablink-client-base-image:linux-amd64-test@sha256:1ec2fde6860186b3d45ac83890167258f83512955dbce65f072d4e8c310cb9de,1,apply,succeeded,1788380921.682491,1788380921.685047,1788380971.541328,,20,20
1788391296.192501,10,1,ghcr.io/talmolab/lablink-client-base-image:linux-amd64-test@sha256:1ec2fde6860186b3d45ac83890167258f83512955dbce65f072d4e8c310cb9de,2,destroy,succeeded,1788381612.379228,1788381612.381237,1788381939.351963,,20,20
1788391296.192501,10,1,ghcr.io/talmolab/lablink-client-base-image:linux-amd64-test@sha256:1ec2fde6860186b3d45ac83890167258f83512955dbce65f072d4e8c310cb9de,3,apply,succeeded,1788381976.63281,1788381976.63526,1788382026.043455,,20,20
1788391296.192501,10,1,ghcr.io/talmolab/lablink-client-base-image:linux-amd64-test@sha256:1ec2fde6860186b3d45ac83890167258f83512955dbce65f072d4e8c310cb9de,4,destroy,succeeded,1788382875.148234,1788382875.150169,1788383194.833905,,20,20
1788391296.192501,10,1,ghcr.io/talmolab/lablink-client-base-image:linux-amd64-test@sha256:1ec2fde6860186b3d45ac83890167258f83512955dbce65f072d4e8c310cb9de,5,apply,succeeded,1788383308.62635,1788383308.629388,1788383361.88001,,35,35
1788391296.192501,10,1,ghcr.io/talmolab/lablink-client-base-image:linux-amd64-test@sha256:1ec2fde6860186b3d45ac83890167258f83512955dbce65f072d4e8c310cb9de,6,destroy,succeeded,1788384337.446569,1788384337.448163,1788384657.690712,,35,35
1788391296.192501,10,1,ghcr.io/talmolab/lablink-client-base-image:linux-amd64-test@sha256:1ec2fde6860186b3d45ac83890167258f83512955dbce65f072d4e8c310cb9de,7,apply,succeeded,1788384727.528365,1788384727.530681,1788384808.61864,,95,95
1788391296.192501,10,1,ghcr.io/talmolab/lablink-client-base-image:linux-amd64-test@sha256:1ec2fde6860186b3d45ac83890167258f83512955dbce65f072d4e8c310cb9de,8,destroy,succeeded,1788385076.969534,1788385076.971902,1788385973.63117,,95,95
1788391296.192501,10,1,ghcr.io/talmolab/lablink-client-base-image:linux-amd64-test@sha256:1ec2fde6860186b3d45ac83890167258f83512955dbce65f072d4e8c310cb9de,9,apply,succeeded,1788389407.309799,1788389407.313231,1788389454.98231,,20,20
1788391296.192501,10,1,ghcr.io/talmolab/lablink-client-base-image:linux-amd64-test@sha256:1ec2fde6860186b3d45ac83890167258f83512955dbce65f072d4e8c310cb9de,10,destroy,succeeded,1788390335.82657,1788390335.827949,1788390654.079952,,20,20
1788391296.192501,10,1,ghcr.io/talmolab/lablink-client-base-image:linux-amd64-test@sha256:1ec2fde6860186b3d45ac83890167258f83512955dbce65f072d4e8c310cb9de,11,apply,succeeded,1788390714.945026,1788390714.946521,1788390768.137505,,35,35
1788391301.17227,10,1,ghcr.io/talmolab/lablink-client-base-image:linux-amd64-test@sha256:1ec2fde6860186b3d45ac83890167258f83512955dbce65f072d4e8c310cb9de,1,apply,succeeded,1788380921.682491,1788380921.685047,1788380971.541328,,20,20
1788391301.17227,10,1,ghcr.io/talmolab/lablink-client-base-image:linux-amd64-test@sha256:1ec2fde6860186b3d45ac83890167258f83512955dbce65f072d4e8c310cb9de,2,destroy,succeeded,1788381612.379228,1788381612.381237,1788381939.351963,,20,20
1788391301.17227,10,1,ghcr.io/talmolab/lablink-client-base-image:linux-amd64-test@sha256:1ec2fde6860186b3d45ac83890167258f83512955dbce65f072d4e8c310cb9de,3,apply,succeeded,1788381976.63281,1788381976.63526,1788382026.043455,,20,20
1788391301.17227,10,1,ghcr.io/talmolab/lablink-client-base-image:linux-amd64-test@sha256:1ec2fde6860186b3d45ac83890167258f83512955dbce65f072d4e8c310cb9de,4,destroy,succeeded,1788382875.148234,1788382875.150169,1788383194.833905,,20,20
1788391301.17227,10,1,ghcr.io/talmolab/lablink-client-base-image:linux-amd64-test@sha256:1ec2fde6860186b3d45ac83890167258f83512955dbce65f072d4e8c310cb9de,5,apply,succeeded,1788383308.62635,1788383308.629388,1788383361.88001,,35,35
1788391301.17227,10,1,ghcr.io/talmolab/lablink-client-base-image:linux-amd64-test@sha256:1ec2fde6860186b3d45ac83890167258f83512955dbce65f072d4e8c310cb9de,6,destroy,succeeded,1788384337.446569,1788384337.448163,1788384657.690712,,35,35
1788391301.17227,10,1,ghcr.io/talmolab/lablink-client-base-image:linux-amd64-test@sha256:1ec2fde6860186b3d45ac83890167258f83512955dbce65f072d4e8c310cb9de,7,apply,succeeded,1788384727.528365,1788384727.530681,1788384808.61864,,95,95
1788391301.17227,10,1,ghcr.io/talmolab/lablink-client-base-image:linux-amd64-test@sha256:1ec2fde6860186b3d45ac83890167258f83512955dbce65f072d4e8c310cb9de,8,destroy,succeeded,1788385076.969534,1788385076.971902,1788385973.63117,,95,95
1788391301.17227,10,1,ghcr.io/talmolab/lablink-client-base-image:linux-amd64-test@sha256:1ec2fde6860186b3d45ac83890167258f83512955dbce65f072d4e8c310cb9de,9,apply,succeeded,1788389407.309799,1788389407.313231,1788389454.98231,,20,20
1788391301.17227,10,1,ghcr.io/talmolab/lablink-client-base-image:linux-amd64-test@sha256:1ec2fde6860186b3d45ac83890167258f83512955dbce65f072d4e8c310cb9de,10,destroy,succeeded,1788390335.82657,1788390335.827949,1788390654.079952,,20,20
1788391301.17227,10,1,ghcr.io/talmolab/lablink-client-base-image:linux-amd64-test@sha256:1ec2fde6860186b3d45ac83890167258f83512955dbce65f072d4e8c310cb9de,11,apply,succeeded,1788390714.945026,1788390714.946521,1788390768.137505,,35,35
1788391306.329906,10,1,ghcr.io/talmolab/lablink-client-base-image:linux-amd64-test@sha256:1ec2fde6860186b3d45ac83890167258f83512955dbce65f072d4e8c310cb9de,1,apply,succeeded,1788380921.682491,1788380921.685047,1788380971.541328,,20,20
1788391306.329906,10,1,ghcr.io/talmolab/lablink-client-base-image:linux-amd64-test@sha256:1ec2fde6860186b3d45ac83890167258f83512955dbce65f072d4e8c310cb9de,2,destroy,succeeded,1788381612.379228,1788381612.381237,1788381939.351963,,20,20
1788391306.329906,10,1,ghcr.io/talmolab/lablink-client-base-image:linux-amd64-test@sha256:1ec2fde6860186b3d45ac83890167258f83512955dbce65f072d4e8c310cb9de,3,apply,succeeded,1788381976.63281,1788381976.63526,1788382026.043455,,20,20
1788391306.329906,10,1,ghcr.io/talmolab/lablink-client-base-image:linux-amd64-test@sha256:1ec2fde6860186b3d45ac83890167258f83512955dbce65f072d4e8c310cb9de,4,destroy,succeeded,1788382875.148234,1788382875.150169,1788383194.833905,,20,20
1788391306.329906,10,1,ghcr.io/talmolab/lablink-client-base-image:linux-amd64-test@sha256:1ec2fde6860186b3d45ac83890167258f83512955dbce65f072d4e8c310cb9de,5,apply,succeeded,1788383308.62635,1788383308.629388,1788383361.88001,,35,35
1788391306.329906,10,1,ghcr.io/talmolab/lablink-client-base-image:linux-amd64-test@sha256:1ec2fde6860186b3d45ac83890167258f83512955dbce65f072d4e8c310cb9de,6,destroy,succeeded,1788384337.446569,1788384337.448163,1788384657.690712,,35,35
1788391306.329906,10,1,ghcr.io/talmolab/lablink-client-base-image:linux-amd64-test@sha256:1ec2fde6860186b3d45ac83890167258f83512955dbce65f072d4e8c310cb9de,7,apply,succeeded,1788384727.528365,1788384727.530681,1788384808.61864,,95,95
1788391306.329906,10,1,ghcr.io/talmolab/lablink-client-base-image:linux-amd64-test@sha256:1ec2fde6860186b3d45ac83890167258f83512955dbce65f072d4e8c310cb9de,8,destroy,succeeded,1788385076.969534,1788385076.971902,1788385973.63117,,95,95
1788391306.329906,10,1,ghcr.io/talmolab/lablink-client-base-image:linux-amd64-test@sha256:1ec2fde6860186b3d45ac83890167258f83512955dbce65f072d4e8c310cb9de,9,apply,succeeded,1788389407.309799,1788389407.313231,1788389454.98231,,20,20
1788391306.329906,10,1,ghcr.io/talmolab/lablink-client-base-image:linux-amd64-test@sha256:1ec2fde6860186b3d45ac83890167258f83512955dbce65f072d4e8c310cb9de,10,destroy,succeeded,1788390335.82657,1788390335.827949,1788390654.079952,,20,20
1788391306.329906,10,1,ghcr.io/talmolab/lablink-client-base-image:linux-amd64-test@sha256:1ec2fde6860186b3d45ac83890167258f83512955dbce65f072d4e8c310cb9de,11,apply,succeeded,1788390714.945026,1788390714.946521,1788390768.137505,,35,35
1788391311.2656262,10,1,ghcr.io/talmolab/lablink-client-base-image:linux-amd64-test@sha256:1ec2fde6860186b3d45ac83890167258f83512955dbce65f072d4e8c310cb9de,1,apply,succeeded,1788380921.682491,1788380921.685047,1788380971.541328,,20,20
1788391311.2656262,10,1,ghcr.io/talmolab/lablink-client-base-image:linux-amd64-test@sha256:1ec2fde6860186b3d45ac83890167258f83512955dbce65f072d4e8c310cb9de,2,destroy,succeeded,1788381612.379228,1788381612.381237,1788381939.351963,,20,20
1788391311.2656262,10,1,ghcr.io/talmolab/lablink-client-base-image:linux-amd64-test@sha256:1ec2fde6860186b3d45ac83890167258f83512955dbce65f072d4e8c310cb9de,3,apply,succeeded,1788381976.63281,1788381976.63526,1788382026.043455,,20,20
1788391311.2656262,10,1,ghcr.io/talmolab/lablink-client-base-image:linux-amd64-test@sha256:1ec2fde6860186b3d45ac83890167258f83512955dbce65f072d4e8c310cb9de,4,destroy,succeeded,1788382875.148234,1788382875.150169,1788383194.833905,,20,20
1788391311.2656262,10,1,ghcr.io/talmolab/lablink-client-base-image:linux-amd64-test@sha256:1ec2fde6860186b3d45ac83890167258f83512955dbce65f072d4e8c310cb9de,5,apply,succeeded,1788383308.62635,1788383308.629388,1788383361.88001,,35,35
1788391311.2656262,10,1,ghcr.io/talmolab/lablink-client-base-image:linux-amd64-test@sha256:1ec2fde6860186b3d45ac83890167258f83512955dbce65f072d4e8c310cb9de,6,destroy,succeeded,1788384337.446569,1788384337.448163,1788384657.690712,,35,35
1788391311.2656262,10,1,ghcr.io/talmolab/lablink-client-base-image:linux-amd64-test@sha256:1ec2fde6860186b3d45ac83890167258f83512955dbce65f072d4e8c310cb9de,7,apply,succeeded,1788384727.528365,1788384727.530681,1788384808.61864,,95,95
1788391311.2656262,10,1,ghcr.io/talmolab/lablink-client-base-image:linux-amd64-test@sha256:1ec2fde6860186b3d45ac83890167258f83512955dbce65f072d4e8c310cb9de,8,destroy,succeeded,1788385076.969534,1788385076.971902,1788385973.63117,,95,95
1788391311.2656262,10,1,ghcr.io/talmolab/lablink-client-base-image:linux-amd64-test@sha256:1ec2fde6860186b3d45ac83890167258f83512955dbce65f072d4e8c310cb9de,9,apply,succeeded,1788389407.309799,1788389407.313231,1788389454.98231,,20,20
1788391311.2656262,10,1,ghcr.io/talmolab/lablink-client-base-image:linux-amd64-test@sha256:1ec2fde6860186b3d45ac83890167258f83512955dbce65f072d4e8c310cb9de,10,destroy,succeeded,1788390335.82657,1788390335.827949,1788390654.079952,,20,20
1788391311.2656262,10,1,ghcr.io/talmolab/lablink-client-base-image:linux-amd64-test@sha256:1ec2fde6860186b3d45ac83890167258f83512955dbce65f072d4e8c310cb9de,11,apply,succeeded,1788390714.945026,1788390714.946521,1788390768.137505,,35,35
1788391316.19326,10,1,ghcr.io/talmolab/lablink-client-base-image:linux-amd64-test@sha256:1ec2fde6860186b3d45ac83890167258f83512955dbce65f072d4e8c310cb9de,1,apply,succeeded,1788380921.682491,1788380921.685047,1788380971.541328,,20,20
1788391316.19326,10,1,ghcr.io/talmolab/lablink-client-base-image:linux-amd64-test@sha256:1ec2fde6860186b3d45ac83890167258f83512955dbce65f072d4e8c310cb9de,2,destroy,succeeded,1788381612.379228,1788381612.381237,1788381939.351963,,20,20
1788391316.19326,10,1,ghcr.io/talmolab/lablink-client-base-image:linux-amd64-test@sha256:1ec2fde6860186b3d45ac83890167258f83512955dbce65f072d4e8c310cb9de,3,apply,succeeded,1788381976.63281,1788381976.63526,1788382026.043455,,20,20
1788391316.19326,10,1,ghcr.io/talmolab/lablink-client-base-image:linux-amd64-test@sha256:1ec2fde6860186b3d45ac83890167258f83512955dbce65f072d4e8c310cb9de,4,destroy,succeeded,1788382875.148234,1788382875.150169,1788383194.833905,,20,20
1788391316.19326,10,1,ghcr.io/talmolab/lablink-client-base-image:linux-amd64-test@sha256:1ec2fde6860186b3d45ac83890167258f83512955dbce65f072d4e8c310cb9de,5,apply,succeeded,1788383308.62635,1788383308.629388,1788383361.88001,,35,35
1788391316.19326,10,1,ghcr.io/talmolab/lablink-client-base-image:linux-amd64-test@sha256:1ec2fde6860186b3d45ac83890167258f83512955dbce65f072d4e8c310cb9de,6,destroy,succeeded,1788384337.446569,1788384337.448163,1788384657.690712,,35,35
1788391316.19326,10,1,ghcr.io/talmolab/lablink-client-base-image:linux-amd64-test@sha256:1ec2fde6860186b3d45ac83890167258f83512955dbce65f072d4e8c310cb9de,7,apply,succeeded,1788384727.528365,1788384727.530681,1788384808.61864,,95,95
1788391316.19326,10,1,ghcr.io/talmolab/lablink-client-base-image:linux-amd64-test@sha256:1ec2fde6860186b3d45ac83890167258f83512955dbce65f072d4e8c310cb9de,8,destroy,succeeded,1788385076.969534,1788385076.971902,1788385973.63117,,95,95
1788391316.19326,10,1,ghcr.io/talmolab/lablink-client-base-image:linux-amd64-test@sha256:1ec2fde6860186b3d45ac83890167258f83512955dbce65f072d4e8c310cb9de,9,apply,succeeded,1788389407.309799,1788389407.313231,1788389454.98231,,20,20
1788391316.19326,10,1,ghcr.io/talmolab/lablink-client-base-image:linux-amd64-test@sha256:1ec2fde6860186b3d45ac83890167258f83512955dbce65f072d4e8c310cb9de,10,destroy,succeeded,1788390335.82657,1788390335.827949,1788390654.079952,,20,20
1788391316.19326,10,1,ghcr.io/talmolab/lablink-client-base-image:linux-amd64-test@sha256:1ec2fde6860186b3d45ac83890167258f83512955dbce65f072d4e8c310cb9de,11,apply,succeeded,1788390714.945026,1788390714.946521,1788390768.137505,,35,35
1788391321.24705,10,1,ghcr.io/talmolab/lablink-client-base-image:linux-amd64-test@sha256:1ec2fde6860186b3d45ac83890167258f83512955dbce65f072d4e8c310cb9de,1,apply,succeeded,1788380921.682491,1788380921.685047,1788380971.541328,,20,20
1788391321.24705,10,1,ghcr.io/talmolab/lablink-client-base-image:linux-amd64-test@sha256:1ec2fde6860186b3d45ac83890167258f83512955dbce65f072d4e8c310cb9de,2,destroy,succeeded,1788381612.379228,1788381612.381237,1788381939.351963,,20,20
1788391321.24705,10,1,ghcr.io/talmolab/lablink-client-base-image:linux-amd64-test@sha256:1ec2fde6860186b3d45ac83890167258f83512955dbce65f072d4e8c310cb9de,3,apply,succeeded,1788381976.63281,1788381976.63526,1788382026.043455,,20,20
1788391321.24705,10,1,ghcr.io/talmolab/lablink-client-base-image:linux-amd64-test@sha256:1ec2fde6860186b3d45ac83890167258f83512955dbce65f072d4e8c310cb9de,4,destroy,succeeded,1788382875.148234,1788382875.150169,1788383194.833905,,20,20
1788391321.24705,10,1,ghcr.io/talmolab/lablink-client-base-image:linux-amd64-test@sha256:1ec2fde6860186b3d45ac83890167258f83512955dbce65f072d4e8c310cb9de,5,apply,succeeded,1788383308.62635,1788383308.629388,1788383361.88001,,35,35
1788391321.24705,10,1,ghcr.io/talmolab/lablink-client-base-image:linux-amd64-test@sha256:1ec2fde6860186b3d45ac83890167258f83512955dbce65f072d4e8c310cb9de,6,destroy,succeeded,1788384337.446569,1788384337.448163,1788384657.690712,,35,35
1788391321.24705,10,1,ghcr.io/talmolab/lablink-client-base-image:linux-amd64-test@sha256:1ec2fde6860186b3d45ac83890167258f83512955dbce65f072d4e8c310cb9de,7,apply,succeeded,1788384727.528365,1788384727.530681,1788384808.61864,,95,95
1788391321.24705,10,1,ghcr.io/talmolab/lablink-client-base-image:linux-amd64-test@sha256:1ec2fde6860186b3d45ac83890167258f83512955dbce65f072d4e8c310cb9de,8,destroy,succeeded,1788385076.969534,1788385076.971902,1788385973.63117,,95,95
1788391321.24705,10,1,ghcr.io/talmolab/lablink-client-base-image:linux-amd64-test@sha256:1ec2fde6860186b3d45ac83890167258f83512955dbce65f072d4e8c310cb9de,9,apply,succeeded,1788389407.309799,1788389407.313231,1788389454.98231,,20,20
1788391321.24705,10,1,ghcr.io/talmolab/lablink-client-base-image:linux-amd64-test@sha256:1ec2fde6860186b3d45ac83890167258f83512955dbce65f072d4e8c310cb9de,10,destroy,succeeded,1788390335.82657,1788390335.827949,1788390654.079952,,20,20
1788391321.24705,10,1,ghcr.io/talmolab/lablink-client-base-image:linux-amd64-test@sha256:1ec2fde6860186b3d45ac83890167258f83512955dbce65f072d4e8c310cb9de,11,apply,succeeded,1788390714.945026,1788390714.946521,1788390768.137505,,35,35
1788391326.2531688,10,1,ghcr.io/talmolab/lablink-client-base-image:linux-amd64-test@sha256:1ec2fde6860186b3d45ac83890167258f83512955dbce65f072d4e8c310cb9de,1,apply,succeeded,1788380921.682491,1788380921.685047,1788380971.541328,,20,20
1788391326.2531688,10,1,ghcr.io/talmolab/lablink-client-base-image:linux-amd64-test@sha256:1ec2fde6860186b3d45ac83890167258f83512955dbce65f072d4e8c310cb9de,2,destroy,succeeded,1788381612.379228,1788381612.381237,1788381939.351963,,20,20
1788391326.2531688,10,1,ghcr.io/talmolab/lablink-client-base-image:linux-amd64-test@sha256:1ec2fde6860186b3d45ac83890167258f83512955dbce65f072d4e8c310cb9de,3,apply,succeeded,1788381976.63281,1788381976.63526,1788382026.043455,,20,20
1788391326.2531688,10,1,ghcr.io/talmolab/lablink-client-base-image:linux-amd64-test@sha256:1ec2fde6860186b3d45ac83890167258f83512955dbce65f072d4e8c310cb9de,4,destroy,succeeded,1788382875.148234,1788382875.150169,1788383194.833905,,20,20
1788391326.2531688,10,1,ghcr.io/talmolab/lablink-client-base-image:linux-amd64-test@sha256:1ec2fde6860186b3d45ac83890167258f83512955dbce65f072d4e8c310cb9de,5,apply,succeeded,1788383308.62635,1788383308.629388,1788383361.88001,,35,35
1788391326.2531688,10,1,ghcr.io/talmolab/lablink-client-base-image:linux-amd64-test@sha256:1ec2fde6860186b3d45ac83890167258f83512955dbce65f072d4e8c310cb9de,6,destroy,succeeded,1788384337.446569,1788384337.448163,1788384657.690712,,35,35
1788391326.2531688,10,1,ghcr.io/talmolab/lablink-client-base-image:linux-amd64-test@sha256:1ec2fde6860186b3d45ac83890167258f83512955dbce65f072d4e8c310cb9de,7,apply,succeeded,1788384727.528365,1788384727.530681,1788384808.61864,,95,95
1788391326.2531688,10,1,ghcr.io/talmolab/lablink-client-base-image:linux-amd64-test@sha256:1ec2fde6860186b3d45ac83890167258f83512955dbce65f072d4e8c310cb9de,8,destroy,succeeded,1788385076.969534,1788385076.971902,1788385973.63117,,95,95
1788391326.2531688,10,1,ghcr.io/talmolab/lablink-client-base-image:linux-amd64-test@sha256:1ec2fde6860186b3d45ac83890167258f83512955dbce65f072d4e8c310cb9de,9,apply,succeeded,1788389407.309799,1788389407.313231,1788389454.98231,,20,20
1788391326.2531688,10,1,ghcr.io/talmolab/lablink-client-base-image:linux-amd64-test@sha256:1ec2fde6860186b3d45ac83890167258f83512955dbce65f072d4e8c310cb9de,10,destroy,succeeded,1788390335.82657,1788390335.827949,1788390654.079952,,20,20
1788391326.2531688,10,1,ghcr.io/talmolab/lablink-client-base-image:linux-amd64-test@sha256:1ec2fde6860186b3d45ac83890167258f83512955dbce65f072d4e8c310cb9de,11,apply,succeeded,1788390714.945026,1788390714.946521,1788390768.137505,,35,35
1788391331.224774,10,1,ghcr.io/talmolab/lablink-client-base-image:linux-amd64-test@sha256:1ec2fde6860186b3d45ac83890167258f83512955dbce65f072d4e8c310cb9de,1,apply,succeeded,1788380921.682491,1788380921.685047,1788380971.541328,,20,20
1788391331.224774,10,1,ghcr.io/talmolab/lablink-client-base-image:linux-amd64-test@sha256:1ec2fde6860186b3d45ac83890167258f83512955dbce65f072d4e8c310cb9de,2,destroy,succeeded,1788381612.379228,1788381612.381237,1788381939.351963,,20,20
1788391331.224774,10,1,ghcr.io/talmolab/lablink-client-base-image:linux-amd64-test@sha256:1ec2fde6860186b3d45ac83890167258f83512955dbce65f072d4e8c310cb9de,3,apply,succeeded,1788381976.63281,1788381976.63526,1788382026.043455,,20,20
1788391331.224774,10,1,ghcr.io/talmolab/lablink-client-base-image:linux-amd64-test@sha256:1ec2fde6860186b3d45ac83890167258f83512955dbce65f072d4e8c310cb9de,4,destroy,succeeded,1788382875.148234,1788382875.150169,1788383194.833905,,20,20
1788391331.224774,10,1,ghcr.io/talmolab/lablink-client-base-image:linux-amd64-test@sha256:1ec2fde6860186b3d45ac83890167258f83512955dbce65f072d4e8c310cb9de,5,apply,succeeded,1788383308.62635,1788383308.629388,1788383361.88001,,35,35
1788391331.224774,10,1,ghcr.io/talmolab/lablink-client-base-image:linux-amd64-test@sha256:1ec2fde6860186b3d45ac83890167258f83512955dbce65f072d4e8c310cb9de,6,destroy,succeeded,1788384337.446569,1788384337.448163,1788384657.690712,,35,35
1788391331.224774,10,1,ghcr.io/talmolab/lablink-client-base-image:linux-amd64-test@sha256:1ec2fde6860186b3d45ac83890167258f83512955dbce65f072d4e8c310cb9de,7,apply,succeeded,1788384727.528365,1788384727.530681,1788384808.61864,,95,95
1788391331.224774,10,1,ghcr.io/talmolab/lablink-client-base-image:linux-amd64-test@sha256:1ec2fde6860186b3d45ac83890167258f83512955dbce65f072d4e8c310cb9de,8,destroy,succeeded,1788385076.969534,1788385076.971902,1788385973.63117,,95,95
1788391331.224774,10,1,ghcr.io/talmolab/lablink-client-base-image:linux-amd64-test@sha256:1ec2fde6860186b3d45ac83890167258f83512955dbce65f072d4e8c310cb9de,9,apply,succeeded,1788389407.309799,1788389407.313231,1788389454.98231,,20,20
1788391331.224774,10,1,ghcr.io/talmolab/lablink-client-base-image:linux-amd64-test@sha256:1ec2fde6860186b3d45ac83890167258f83512955dbce65f072d4e8c310cb9de,10,destroy,succeeded,1788390335.82657,1788390335.827949,1788390654.079952,,20,20
1788391331.224774,10,1,ghcr.io/talmolab/lablink-client-base-image:linux-amd64-test@sha256:1ec2fde6860186b3d45ac83890167258f83512955dbce65f072d4e8c310cb9de,11,apply,succeeded,1788390714.945026,1788390714.946521,1788390768.137505,,35,35
1788391336.212951,10,1,ghcr.io/talmolab/lablink-client-base-image:linux-amd64-test@sha256:1ec2fde6860186b3d45ac83890167258f83512955dbce65f072d4e8c310cb9de,1,apply,succeeded,1788380921.682491,1788380921.685047,1788380971.541328,,20,20
1788391336.212951,10,1,ghcr.io/talmolab/lablink-client-base-image:linux-amd64-test@sha256:1ec2fde6860186b3d45ac83890167258f83512955dbce65f072d4e8c310cb9de,2,destroy,succeeded,1788381612.379228,1788381612.381237,1788381939.351963,,20,20
1788391336.212951,10,1,ghcr.io/talmolab/lablink-client-base-image:linux-amd64-test@sha256:1ec2fde6860186b3d45ac83890167258f83512955dbce65f072d4e8c310cb9de,3,apply,succeeded,1788381976.63281,1788381976.63526,1788382026.043455,,20,20
1788391336.212951,10,1,ghcr.io/talmolab/lablink-client-base-image:linux-amd64-test@sha256:1ec2fde6860186b3d45ac83890167258f83512955dbce65f072d4e8c310cb9de,4,destroy,succeeded,1788382875.148234,1788382875.150169,1788383194.833905,,20,20
1788391336.212951,10,1,ghcr.io/talmolab/lablink-client-base-image:linux-amd64-test@sha256:1ec2fde6860186b3d45ac83890167258f83512955dbce65f072d4e8c310cb9de,5,apply,succeeded,1788383308.62635,1788383308.629388,1788383361.88001,,35,35
1788391336.212951,10,1,ghcr.io/talmolab/lablink-client-base-image:linux-amd64-test@sha256:1ec2fde6860186b3d45ac83890167258f83512955dbce65f072d4e8c310cb9de,6,destroy,succeeded,1788384337.446569,1788384337.448163,1788384657.690712,,35,35
1788391336.212951,10,1,ghcr.io/talmolab/lablink-client-base-image:linux-amd64-test@sha256:1ec2fde6860186b3d45ac83890167258f83512955dbce65f072d4e8c310cb9de,7,apply,succeeded,1788384727.528365,1788384727.530681,1788384808.61864,,95,95
1788391336.212951,10,1,ghcr.io/talmolab/lablink-client-base-image:linux-amd64-test@sha256:1ec2fde6860186b3d45ac83890167258f83512955dbce65f072d4e8c310cb9de,8,destroy,succeeded,1788385076.969534,1788385076.971902,1788385973.63117,,95,95
1788391336.212951,10,1,ghcr.io/talmolab/lablink-client-base-image:linux-amd64-test@sha256:1ec2fde6860186b3d45ac83890167258f83512955dbce65f072d4e8c310cb9de,9,apply,succeeded,1788389407.309799,1788389407.313231,1788389454.98231,,20,20
1788391336.212951,10,1,ghcr.io/talmolab/lablink-client-base-image:linux-amd64-test@sha256:1ec2fde6860186b3d45ac83890167258f83512955dbce65f072d4e8c310cb9de,10,destroy,succeeded,1788390335.82657,1788390335.827949,1788390654.079952,,20,20
1788391336.212951,10,1,ghcr.io/talmolab/lablink-client-base-image:linux-amd64-test@sha256:1ec2fde6860186b3d45ac83890167258f83512955dbce65f072d4e8c310cb9de,11,apply,succeeded,1788390714.945026,1788390714.946521,1788390768.137505,,35,35
1788391341.180974,10,1,ghcr.io/talmolab/lablink-client-base-image:linux-amd64-test@sha256:1ec2fde6860186b3d45ac83890167258f83512955dbce65f072d4e8c310cb9de,1,apply,succeeded,1788380921.682491,1788380921.685047,1788380971.541328,,20,20
1788391341.180974,10,1,ghcr.io/talmolab/lablink-client-base-image:linux-amd64-test@sha256:1ec2fde6860186b3d45ac83890167258f83512955dbce65f072d4e8c310cb9de,2,destroy,succeeded,1788381612.379228,1788381612.381237,1788381939.351963,,20,20
1788391341.180974,10,1,ghcr.io/talmolab/lablink-client-base-image:linux-amd64-test@sha256:1ec2fde6860186b3d45ac83890167258f83512955dbce65f072d4e8c310cb9de,3,apply,succeeded,1788381976.63281,1788381976.63526,1788382026.043455,,20,20
1788391341.180974,10,1,ghcr.io/talmolab/lablink-client-base-image:linux-amd64-test@sha256:1ec2fde6860186b3d45ac83890167258f83512955dbce65f072d4e8c310cb9de,4,destroy,succeeded,1788382875.148234,1788382875.150169,1788383194.833905,,20,20
1788391341.180974,10,1,ghcr.io/talmolab/lablink-client-base-image:linux-amd64-test@sha256:1ec2fde6860186b3d45ac83890167258f83512955dbce65f072d4e8c310cb9de,5,apply,succeeded,1788383308.62635,1788383308.629388,1788383361.88001,,35,35
1788391341.180974,10,1,ghcr.io/talmolab/lablink-client-base-image:linux-amd64-test@sha256:1ec2fde6860186b3d45ac83890167258f83512955dbce65f072d4e8c310cb9de,6,destroy,succeeded,1788384337.446569,1788384337.448163,1788384657.690712,,35,35
1788391341.180974,10,1,ghcr.io/talmolab/lablink-client-base-image:linux-amd64-test@sha256:1ec2fde6860186b3d45ac83890167258f83512955dbce65f072d4e8c310cb9de,7,apply,succeeded,1788384727.528365,1788384727.530681,1788384808.61864,,95,95
1788391341.180974,10,1,ghcr.io/talmolab/lablink-client-base-image:linux-amd64-test@sha256:1ec2fde6860186b3d45ac83890167258f83512955dbce65f072d4e8c310cb9de,8,destroy,succeeded,1788385076.969534,1788385076.971902,1788385973.63117,,95,95
1788391341.180974,10,1,ghcr.io/talmolab/lablink-client-base-image:linux-amd64-test@sha256:1ec2fde6860186b3d45ac83890167258f83512955dbce65f072d4e8c310cb9de,9,apply,succeeded,1788389407.309799,1788389407.313231,1788389454.98231,,20,20
1788391341.180974,10,1,ghcr.io/talmolab/lablink-client-base-image:linux-amd64-test@sha256:1ec2fde6860186b3d45ac83890167258f83512955dbce65f072d4e8c310cb9de,10,destroy,succeeded,1788390335.82657,1788390335.827949,1788390654.079952,,20,20
1788391341.180974,10,1,ghcr.io/talmolab/lablink-client-base-image:linux-amd64-test@sha256:1ec2fde6860186b3d45ac83890167258f83512955dbce65f072d4e8c310cb9de,11,apply,succeeded,1788390714.945026,1788390714.946521,1788390768.137505,,35,35
1788391346.559646,10,1,ghcr.io/talmolab/lablink-client-base-image:linux-amd64-test@sha256:1ec2fde6860186b3d45ac83890167258f83512955dbce65f072d4e8c310cb9de,1,apply,succeeded,1788380921.682491,1788380921.685047,1788380971.541328,,20,20
1788391346.559646,10,1,ghcr.io/talmolab/lablink-client-base-image:linux-amd64-test@sha256:1ec2fde6860186b3d45ac83890167258f83512955dbce65f072d4e8c310cb9de,2,destroy,succeeded,1788381612.379228,1788381612.381237,1788381939.351963,,20,20
1788391346.559646,10,1,ghcr.io/talmolab/lablink-client-base-image:linux-amd64-test@sha256:1ec2fde6860186b3d45ac83890167258f83512955dbce65f072d4e8c310cb9de,3,apply,succeeded,1788381976.63281,1788381976.63526,1788382026.043455,,20,20
1788391346.559646,10,1,ghcr.io/talmolab/lablink-client-base-image:linux-amd64-test@sha256:1ec2fde6860186b3d45ac83890167258f83512955dbce65f072d4e8c310cb9de,4,destroy,succeeded,1788382875.148234,1788382875.150169,1788383194.833905,,20,20
1788391346.559646,10,1,ghcr.io/talmolab/lablink-client-base-image:linux-amd64-test@sha256:1ec2fde6860186b3d45ac83890167258f83512955dbce65f072d4e8c310cb9de,5,apply,succeeded,1788383308.62635,1788383308.629388,1788383361.88001,,35,35
1788391346.559646,10,1,ghcr.io/talmolab/lablink-client-base-image:linux-amd64-test@sha256:1ec2fde6860186b3d45ac83890167258f83512955dbce65f072d4e8c310cb9de,6,destroy,succeeded,1788384337.446569,1788384337.448163,1788384657.690712,,35,35
1788391346.559646,10,1,ghcr.io/talmolab/lablink-client-base-image:linux-amd64-test@sha256:1ec2fde6860186b3d45ac83890167258f83512955dbce65f072d4e8c310cb9de,7,apply,succeeded,1788384727.528365,1788384727.530681,1788384808.61864,,95,95
1788391346.559646,10,1,ghcr.io/talmolab/lablink-client-base-image:linux-amd64-test@sha256:1ec2fde6860186b3d45ac83890167258f83512955dbce65f072d4e8c310cb9de,8,destroy,succeeded,1788385076.969534,1788385076.971902,1788385973.63117,,95,95
1788391346.559646,10,1,ghcr.io/talmolab/lablink-client-base-image:linux-amd64-test@sha256:1ec2fde6860186b3d45ac83890167258f83512955dbce65f072d4e8c310cb9de,9,apply,succeeded,1788389407.309799,1788389407.313231,1788389454.98231,,20,20
1788391346.559646,10,1,ghcr.io/talmolab/lablink-client-base-image:linux-amd64-test@sha256:1ec2fde6860186b3d45ac83890167258f83512955dbce65f072d4e8c310cb9de,10,destroy,succeeded,1788390335.82657,1788390335.827949,1788390654.079952,,20,20
1788391346.559646,10,1,ghcr.io/talmolab/lablink-client-base-image:linux-amd64-test@sha256:1ec2fde6860186b3d45ac83890167258f83512955dbce65f072d4e8c310cb9de,11,apply,succeeded,1788390714.945026,1788390714.946521,1788390768.137505,,35,35
1788391351.203246,10,1,ghcr.io/talmolab/lablink-client-base-image:linux-amd64-test@sha256:1ec2fde6860186b3d45ac83890167258f83512955dbce65f072d4e8c310cb9de,1,apply,succeeded,1788380921.682491,1788380921.685047,1788380971.541328,,20,20
1788391351.203246,10,1,ghcr.io/talmolab/lablink-client-base-image:linux-amd64-test@sha256:1ec2fde6860186b3d45ac83890167258f83512955dbce65f072d4e8c310cb9de,2,destroy,succeeded,1788381612.379228,1788381612.381237,1788381939.351963,,20,20
1788391351.203246,10,1,ghcr.io/talmolab/lablink-client-base-image:linux-amd64-test@sha256:1ec2fde6860186b3d45ac83890167258f83512955dbce65f072d4e8c310cb9de,3,apply,succeeded,1788381976.63281,1788381976.63526,1788382026.043455,,20,20
1788391351.203246,10,1,ghcr.io/talmolab/lablink-client-base-image:linux-amd64-test@sha256:1ec2fde6860186b3d45ac83890167258f83512955dbce65f072d4e8c310cb9de,4,destroy,succeeded,1788382875.148234,1788382875.150169,1788383194.833905,,20,20
1788391351.203246,10,1,ghcr.io/talmolab/lablink-client-base-image:linux-amd64-test@sha256:1ec2fde6860186b3d45ac83890167258f83512955dbce65f072d4e8c310cb9de,5,apply,succeeded,1788383308.62635,1788383308.629388,1788383361.88001,,35,35
1788391351.203246,10,1,ghcr.io/talmolab/lablink-client-base-image:linux-amd64-test@sha256:1ec2fde6860186b3d45ac83890167258f83512955dbce65f072d4e8c310cb9de,6,destroy,succeeded,1788384337.446569,1788384337.448163,1788384657.690712,,35,35
1788391351.203246,10,1,ghcr.io/talmolab/lablink-client-base-image:linux-amd64-test@sha256:1ec2fde6860186b3d45ac83890167258f83512955dbce65f072d4e8c310cb9de,7,apply,succeeded,1788384727.528365,1788384727.530681,1788384808.61864,,95,95
1788391351.203246,10,1,ghcr.io/talmolab/lablink-client-base-image:linux-amd64-test@sha256:1ec2fde6860186b3d45ac83890167258f83512955dbce65f072d4e8c310cb9de,8,destroy,succeeded,1788385076.969534,1788385076.971902,1788385973.63117,,95,95
1788391351.203246,10,1,ghcr.io/talmolab/lablink-client-base-image:linux-amd64-test@sha256:1ec2fde6860186b3d45ac83890167258f83512955dbce65f072d4e8c310cb9de,9,apply,succeeded,1788389407.309799,1788389407.313231,1788389454.98231,,20,20
1788391351.203246,10,1,ghcr.io/talmolab/lablink-client-base-image:linux-amd64-test@sha256:1ec2fde6860186b3d45ac83890167258f83512955dbce65f072d4e8c310cb9de,10,destroy,succeeded,1788390335.82657,1788390335.827949,1788390654.079952,,20,20
1788391351.203246,10,1,ghcr.io/talmolab/lablink-client-base-image:linux-amd64-test@sha256:1ec2fde6860186b3d45ac83890167258f83512955dbce65f072d4e8c310cb9de,11,apply,succeeded,1788390714.945026,1788390714.946521,1788390768.137505,,35,35
1788391356.220684,10,1,ghcr.io/talmolab/lablink-client-base-image:linux-amd64-test@sha256:1ec2fde6860186b3d45ac83890167258f83512955dbce65f072d4e8c310cb9de,1,apply,succeeded,1788380921.682491,1788380921.685047,1788380971.541328,,20,20
1788391356.220684,10,1,ghcr.io/talmolab/lablink-client-base-image:linux-amd64-test@sha256:1ec2fde6860186b3d45ac83890167258f83512955dbce65f072d4e8c310cb9de,2,destroy,succeeded,1788381612.379228,1788381612.381237,1788381939.351963,,20,20
1788391356.220684,10,1,ghcr.io/talmolab/lablink-client-base-image:linux-amd64-test@sha256:1ec2fde6860186b3d45ac83890167258f83512955dbce65f072d4e8c310cb9de,3,apply,succeeded,1788381976.63281,1788381976.63526,1788382026.043455,,20,20
1788391356.220684,10,1,ghcr.io/talmolab/lablink-client-base-image:linux-amd64-test@sha256:1ec2fde6860186b3d45ac83890167258f83512955dbce65f072d4e8c310cb9de,4,destroy,succeeded,1788382875.148234,1788382875.150169,1788383194.833905,,20,20
1788391356.220684,10,1,ghcr.io/talmolab/lablink-client-base-image:linux-amd64-test@sha256:1ec2fde6860186b3d45ac83890167258f83512955dbce65f072d4e8c310cb9de,5,apply,succeeded,1788383308.62635,1788383308.629388,1788383361.88001,,35,35
1788391356.220684,10,1,ghcr.io/talmolab/lablink-client-base-image:linux-amd64-test@sha256:1ec2fde6860186b3d45ac83890167258f83512955dbce65f072d4e8c310cb9de,6,destroy,succeeded,1788384337.446569,1788384337.448163,1788384657.690712,,35,35
1788391356.220684,10,1,ghcr.io/talmolab/lablink-client-base-image:linux-amd64-test@sha256:1ec2fde6860186b3d45ac83890167258f83512955dbce65f072d4e8c310cb9de,7,apply,succeeded,1788384727.528365,1788384727.530681,1788384808.61864,,95,95
1788391356.220684,10,1,ghcr.io/talmolab/lablink-client-base-image:linux-amd64-test@sha256:1ec2fde6860186b3d45ac83890167258f83512955dbce65f072d4e8c310cb9de,8,destroy,succeeded,1788385076.969534,1788385076.971902,1788385973.63117,,95,95
1788391356.220684,10,1,ghcr.io/talmolab/lablink-client-base-image:linux-amd64-test@sha256:1ec2fde6860186b3d45ac83890167258f83512955dbce65f072d4e8c310cb9de,9,apply,succeeded,1788389407.309799,1788389407.313231,1788389454.98231,,20,20
1788391356.220684,10,1,ghcr.io/talmolab/lablink-client-base-image:linux-amd64-test@sha256:1ec2fde6860186b3d45ac83890167258f83512955dbce65f072d4e8c310cb9de,10,destroy,succeeded,1788390335.82657,1788390335.827949,1788390654.079952,,20,20
1788391356.220684,10,1,ghcr.io/talmolab/lablink-client-base-image:linux-amd64-test@sha256:1ec2fde6860186b3d45ac83890167258f83512955dbce65f072d4e8c310cb9de,11,apply,succeeded,1788390714.945026,1788390714.946521,1788390768.137505,,35,35
1788391361.279518,10,1,ghcr.io/talmolab/lablink-client-base-image:linux-amd64-test@sha256:1ec2fde6860186b3d45ac83890167258f83512955dbce65f072d4e8c310cb9de,1,apply,succeeded,1788380921.682491,1788380921.685047,1788380971.541328,,20,20
1788391361.279518,10,1,ghcr.io/talmolab/lablink-client-base-image:linux-amd64-test@sha256:1ec2fde6860186b3d45ac83890167258f83512955dbce65f072d4e8c310cb9de,2,destroy,succeeded,1788381612.379228,1788381612.381237,1788381939.351963,,20,20
1788391361.279518,10,1,ghcr.io/talmolab/lablink-client-base-image:linux-amd64-test@sha256:1ec2fde6860186b3d45ac83890167258f83512955dbce65f072d4e8c310cb9de,3,apply,succeeded,1788381976.63281,1788381976.63526,1788382026.043455,,20,20
1788391361.279518,10,1,ghcr.io/talmolab/lablink-client-base-image:linux-amd64-test@sha256:1ec2fde6860186b3d45ac83890167258f83512955dbce65f072d4e8c310cb9de,4,destroy,succeeded,1788382875.148234,1788382875.150169,1788383194.833905,,20,20
1788391361.279518,10,1,ghcr.io/talmolab/lablink-client-base-image:linux-amd64-test@sha256:1ec2fde6860186b3d45ac83890167258f83512955dbce65f072d4e8c310cb9de,5,apply,succeeded,1788383308.62635,1788383308.629388,1788383361.88001,,35,35
1788391361.279518,10,1,ghcr.io/talmolab/lablink-client-base-image:linux-amd64-test@sha256:1ec2fde6860186b3d45ac83890167258f83512955dbce65f072d4e8c310cb9de,6,destroy,succeeded,1788384337.446569,1788384337.448163,1788384657.690712,,35,35
1788391361.279518,10,1,ghcr.io/talmolab/lablink-client-base-image:linux-amd64-test@sha256:1ec2fde6860186b3d45ac83890167258f83512955dbce65f072d4e8c310cb9de,7,apply,succeeded,1788384727.528365,1788384727.530681,1788384808.61864,,95,95
1788391361.279518,10,1,ghcr.io/talmolab/lablink-client-base-image:linux-amd64-test@sha256:1ec2fde6860186b3d45ac83890167258f83512955dbce65f072d4e8c310cb9de,8,destroy,succeeded,1788385076.969534,1788385076.971902,1788385973.63117,,95,95
1788391361.279518,10,1,ghcr.io/talmolab/lablink-client-base-image:linux-amd64-test@sha256:1ec2fde6860186b3d45ac83890167258f83512955dbce65f072d4e8c310cb9de,9,apply,succeeded,1788389407.309799,1788389407.313231,1788389454.98231,,20,20
1788391361.279518,10,1,ghcr.io/talmolab/lablink-client-base-image:linux-amd64-test@sha256:1ec2fde6860186b3d45ac83890167258f83512955dbce65f072d4e8c310cb9de,10,destroy,succeeded,1788390335.82657,1788390335.827949,1788390654.079952,,20,20
1788391361.279518,10,1,ghcr.io/talmolab/lablink-client-base-image:linux-amd64-test@sha256:1ec2fde6860186b3d45ac83890167258f83512955dbce65f072d4e8c310cb9de,11,apply,succeeded,1788390714.945026,1788390714.946521,1788390768.137505,,35,35
1788391366.3234031,10,1,ghcr.io/talmolab/lablink-client-base-image:linux-amd64-test@sha256:1ec2fde6860186b3d45ac83890167258f83512955dbce65f072d4e8c310cb9de,1,apply,succeeded,1788380921.682491,1788380921.685047,1788380971.541328,,20,20
1788391366.3234031,10,1,ghcr.io/talmolab/lablink-client-base-image:linux-amd64-test@sha256:1ec2fde6860186b3d45ac83890167258f83512955dbce65f072d4e8c310cb9de,2,destroy,succeeded,1788381612.379228,1788381612.381237,1788381939.351963,,20,20
1788391366.3234031,10,1,ghcr.io/talmolab/lablink-client-base-image:linux-amd64-test@sha256:1ec2fde6860186b3d45ac83890167258f83512955dbce65f072d4e8c310cb9de,3,apply,succeeded,1788381976.63281,1788381976.63526,1788382026.043455,,20,20
1788391366.3234031,10,1,ghcr.io/talmolab/lablink-client-base-image:linux-amd64-test@sha256:1ec2fde6860186b3d45ac83890167258f83512955dbce65f072d4e8c310cb9de,4,destroy,succeeded,1788382875.148234,1788382875.150169,1788383194.833905,,20,20
1788391366.3234031,10,1,ghcr.io/talmolab/lablink-client-base-image:linux-amd64-test@sha256:1ec2fde6860186b3d45ac83890167258f83512955dbce65f072d4e8c310cb9de,5,apply,succeeded,1788383308.62635,1788383308.629388,1788383361.88001,,35,35
1788391366.3234031,10,1,ghcr.io/talmolab/lablink-client-base-image:linux-amd64-test@sha256:1ec2fde6860186b3d45ac83890167258f83512955dbce65f072d4e8c310cb9de,6,destroy,succeeded,1788384337.446569,1788384337.448163,1788384657.690712,,35,35
1788391366.3234031,10,1,ghcr.io/talmolab/lablink-client-base-image:linux-amd64-test@sha256:1ec2fde6860186b3d45ac83890167258f83512955dbce65f072d4e8c310cb9de,7,apply,succeeded,1788384727.528365,1788384727.530681,1788384808.61864,,95,95
1788391366.3234031,10,1,ghcr.io/talmolab/lablink-client-base-image:linux-amd64-test@sha256:1ec2fde6860186b3d45ac83890167258f83512955dbce65f072d4e8c310cb9de,8,destroy,succeeded,1788385076.969534,1788385076.971902,1788385973.63117,,95,95
1788391366.3234031,10,1,ghcr.io/talmolab/lablink-client-base-image:linux-amd64-test@sha256:1ec2fde6860186b3d45ac83890167258f83512955dbce65f072d4e8c310cb9de,9,apply,succeeded,1788389407.309799,1788389407.313231,1788389454.98231,,20,20
1788391366.3234031,10,1,ghcr.io/talmolab/lablink-client-base-image:linux-amd64-test@sha256:1ec2fde6860186b3d45ac83890167258f83512955dbce65f072d4e8c310cb9de,10,destroy,succeeded,1788390335.82657,1788390335.827949,1788390654.079952,,20,20
1788391366.3234031,10,1,ghcr.io/talmolab/lablink-client-base-image:linux-amd64-test@sha256:1ec2fde6860186b3d45ac83890167258f83512955dbce65f072d4e8c310cb9de,11,apply,succeeded,1788390714.945026,1788390714.946521,1788390768.137505,,35,35
1788391371.3399308,10,1,ghcr.io/talmolab/lablink-client-base-image:linux-amd64-test@sha256:1ec2fde6860186b3d45ac83890167258f83512955dbce65f072d4e8c310cb9de,1,apply,succeeded,1788380921.682491,1788380921.685047,1788380971.541328,,20,20
1788391371.3399308,10,1,ghcr.io/talmolab/lablink-client-base-image:linux-amd64-test@sha256:1ec2fde6860186b3d45ac83890167258f83512955dbce65f072d4e8c310cb9de,2,destroy,succeeded,1788381612.379228,1788381612.381237,1788381939.351963,,20,20
1788391371.3399308,10,1,ghcr.io/talmolab/lablink-client-base-image:linux-amd64-test@sha256:1ec2fde6860186b3d45ac83890167258f83512955dbce65f072d4e8c310cb9de,3,apply,succeeded,1788381976.63281,1788381976.63526,1788382026.043455,,20,20
1788391371.3399308,10,1,ghcr.io/talmolab/lablink-client-base-image:linux-amd64-test@sha256:1ec2fde6860186b3d45ac83890167258f83512955dbce65f072d4e8c310cb9de,4,destroy,succeeded,1788382875.148234,1788382875.150169,1788383194.833905,,20,20
1788391371.3399308,10,1,ghcr.io/talmolab/lablink-client-base-image:linux-amd64-test@sha256:1ec2fde6860186b3d45ac83890167258f83512955dbce65f072d4e8c310cb9de,5,apply,succeeded,1788383308.62635,1788383308.629388,1788383361.88001,,35,35
1788391371.3399308,10,1,ghcr.io/talmolab/lablink-client-base-image:linux-amd64-test@sha256:1ec2fde6860186b3d45ac83890167258f83512955dbce65f072d4e8c310cb9de,6,destroy,succeeded,1788384337.446569,1788384337.448163,1788384657.690712,,35,35
1788391371.3399308,10,1,ghcr.io/talmolab/lablink-client-base-image:linux-amd64-test@sha256:1ec2fde6860186b3d45ac83890167258f83512955dbce65f072d4e8c310cb9de,7,apply,succeeded,1788384727.528365,1788384727.530681,1788384808.61864,,95,95
1788391371.3399308,10,1,ghcr.io/talmolab/lablink-client-base-image:linux-amd64-test@sha256:1ec2fde6860186b3d45ac83890167258f83512955dbce65f072d4e8c310cb9de,8,destroy,succeeded,1788385076.969534,1788385076.971902,1788385973.63117,,95,95
1788391371.3399308,10,1,ghcr.io/talmolab/lablink-client-base-image:linux-amd64-test@sha256:1ec2fde6860186b3d45ac83890167258f83512955dbce65f072d4e8c310cb9de,9,apply,succeeded,1788389407.309799,1788389407.313231,1788389454.98231,,20,20
1788391371.3399308,10,1,ghcr.io/talmolab/lablink-client-base-image:linux-amd64-test@sha256:1ec2fde6860186b3d45ac83890167258f83512955dbce65f072d4e8c310cb9de,10,destroy,succeeded,1788390335.82657,1788390335.827949,1788390654.079952,,20,20
1788391371.3399308,10,1,ghcr.io/talmolab/lablink-client-base-image:linux-amd64-test@sha256:1ec2fde6860186b3d45ac83890167258f83512955dbce65f072d4e8c310cb9de,11,apply,succeeded,1788390714.945026,1788390714.946521,1788390768.137505,,35,35
1788391376.289014,10,1,ghcr.io/talmolab/lablink-client-base-image:linux-amd64-test@sha256:1ec2fde6860186b3d45ac83890167258f83512955dbce65f072d4e8c310cb9de,1,apply,succeeded,1788380921.682491,1788380921.685047,1788380971.541328,,20,20
1788391376.289014,10,1,ghcr.io/talmolab/lablink-client-base-image:linux-amd64-test@sha256:1ec2fde6860186b3d45ac83890167258f83512955dbce65f072d4e8c310cb9de,2,destroy,succeeded,1788381612.379228,1788381612.381237,1788381939.351963,,20,20
1788391376.289014,10,1,ghcr.io/talmolab/lablink-client-base-image:linux-amd64-test@sha256:1ec2fde6860186b3d45ac83890167258f83512955dbce65f072d4e8c310cb9de,3,apply,succeeded,1788381976.63281,1788381976.63526,1788382026.043455,,20,20
1788391376.289014,10,1,ghcr.io/talmolab/lablink-client-base-image:linux-amd64-test@sha256:1ec2fde6860186b3d45ac83890167258f83512955dbce65f072d4e8c310cb9de,4,destroy,succeeded,1788382875.148234,1788382875.150169,1788383194.833905,,20,20
1788391376.289014,10,1,ghcr.io/talmolab/lablink-client-base-image:linux-amd64-test@sha256:1ec2fde6860186b3d45ac83890167258f83512955dbce65f072d4e8c310cb9de,5,apply,succeeded,1788383308.62635,1788383308.629388,1788383361.88001,,35,35
1788391376.289014,10,1,ghcr.io/talmolab/lablink-client-base-image:linux-amd64-test@sha256:1ec2fde6860186b3d45ac83890167258f83512955dbce65f072d4e8c310cb9de,6,destroy,succeeded,1788384337.446569,1788384337.448163,1788384657.690712,,35,35
1788391376.289014,10,1,ghcr.io/talmolab/lablink-client-base-image:linux-amd64-test@sha256:1ec2fde6860186b3d45ac83890167258f83512955dbce65f072d4e8c310cb9de,7,apply,succeeded,1788384727.528365,1788384727.530681,1788384808.61864,,95,95
1788391376.289014,10,1,ghcr.io/talmolab/lablink-client-base-image:linux-amd64-test@sha256:1ec2fde6860186b3d45ac83890167258f83512955dbce65f072d4e8c310cb9de,8,destroy,succeeded,1788385076.969534,1788385076.971902,1788385973.63117,,95,95
1788391376.289014,10,1,ghcr.io/talmolab/lablink-client-base-image:linux-amd64-test@sha256:1ec2fde6860186b3d45ac83890167258f83512955dbce65f072d4e8c310cb9de,9,apply,succeeded,1788389407.309799,1788389407.313231,1788389454.98231,,20,20
1788391376.289014,10,1,ghcr.io/talmolab/lablink-client-base-image:linux-amd64-test@sha256:1ec2fde6860186b3d45ac83890167258f83512955dbce65f072d4e8c310cb9de,10,destroy,succeeded,1788390335.82657,1788390335.827949,1788390654.079952,,20,20
1788391376.289014,10,1,ghcr.io/talmolab/lablink-client-base-image:linux-amd64-test@sha256:1ec2fde6860186b3d45ac83890167258f83512955dbce65f072d4e8c310cb9de,11,apply,succeeded,1788390714.945026,1788390714.946521,1788390768.137505,,35,35
1788391381.428916,10,1,ghcr.io/talmolab/lablink-client-base-image:linux-amd64-test@sha256:1ec2fde6860186b3d45ac83890167258f83512955dbce65f072d4e8c310cb9de,1,apply,succeeded,1788380921.682491,1788380921.685047,1788380971.541328,,20,20
1788391381.428916,10,1,ghcr.io/talmolab/lablink-client-base-image:linux-amd64-test@sha256:1ec2fde6860186b3d45ac83890167258f83512955dbce65f072d4e8c310cb9de,2,destroy,succeeded,1788381612.379228,1788381612.381237,1788381939.351963,,20,20
1788391381.428916,10,1,ghcr.io/talmolab/lablink-client-base-image:linux-amd64-test@sha256:1ec2fde6860186b3d45ac83890167258f83512955dbce65f072d4e8c310cb9de,3,apply,succeeded,1788381976.63281,1788381976.63526,1788382026.043455,,20,20
1788391381.428916,10,1,ghcr.io/talmolab/lablink-client-base-image:linux-amd64-test@sha256:1ec2fde6860186b3d45ac83890167258f83512955dbce65f072d4e8c310cb9de,4,destroy,succeeded,1788382875.148234,1788382875.150169,1788383194.833905,,20,20
1788391381.428916,10,1,ghcr.io/talmolab/lablink-client-base-image:linux-amd64-test@sha256:1ec2fde6860186b3d45ac83890167258f83512955dbce65f072d4e8c310cb9de,5,apply,succeeded,1788383308.62635,1788383308.629388,1788383361.88001,,35,35
1788391381.428916,10,1,ghcr.io/talmolab/lablink-client-base-image:linux-amd64-test@sha256:1ec2fde6860186b3d45ac83890167258f83512955dbce65f072d4e8c310cb9de,6,destroy,succeeded,1788384337.446569,1788384337.448163,1788384657.690712,,35,35
1788391381.428916,10,1,ghcr.io/talmolab/lablink-client-base-image:linux-amd64-test@sha256:1ec2fde6860186b3d45ac83890167258f83512955dbce65f072d4e8c310cb9de,7,apply,succeeded,1788384727.528365,1788384727.530681,1788384808.61864,,95,95
1788391381.428916,10,1,ghcr.io/talmolab/lablink-client-base-image:linux-amd64-test@sha256:1ec2fde6860186b3d45ac83890167258f83512955dbce65f072d4e8c310cb9de,8,destroy,succeeded,1788385076.969534,1788385076.971902,1788385973.63117,,95,95
1788391381.428916,10,1,ghcr.io/talmolab/lablink-client-base-image:linux-amd64-test@sha256:1ec2fde6860186b3d45ac83890167258f83512955dbce65f072d4e8c310cb9de,9,apply,succeeded,1788389407.309799,1788389407.313231,1788389454.98231,,20,20
1788391381.428916,10,1,ghcr.io/talmolab/lablink-client-base-image:linux-amd64-test@sha256:1ec2fde6860186b3d45ac83890167258f83512955dbce65f072d4e8c310cb9de,10,destroy,succeeded,1788390335.82657,1788390335.827949,1788390654.079952,,20,20
1788391381.428916,10,1,ghcr.io/talmolab/lablink-client-base-image:linux-amd64-test@sha256:1ec2fde6860186b3d45ac83890167258f83512955dbce65f072d4e8c310cb9de,11,apply,succeeded,1788390714.945026,1788390714.946521,1788390768.137505,,35,35
1788391386.289857,10,1,ghcr.io/talmolab/lablink-client-base-image:linux-amd64-test@sha256:1ec2fde6860186b3d45ac83890167258f83512955dbce65f072d4e8c310cb9de,1,apply,succeeded,1788380921.682491,1788380921.685047,1788380971.541328,,20,20
1788391386.289857,10,1,ghcr.io/talmolab/lablink-client-base-image:linux-amd64-test@sha256:1ec2fde6860186b3d45ac83890167258f83512955dbce65f072d4e8c310cb9de,2,destroy,succeeded,1788381612.379228,1788381612.381237,1788381939.351963,,20,20
1788391386.289857,10,1,ghcr.io/talmolab/lablink-client-base-image:linux-amd64-test@sha256:1ec2fde6860186b3d45ac83890167258f83512955dbce65f072d4e8c310cb9de,3,apply,succeeded,1788381976.63281,1788381976.63526,1788382026.043455,,20,20
1788391386.289857,10,1,ghcr.io/talmolab/lablink-client-base-image:linux-amd64-test@sha256:1ec2fde6860186b3d45ac83890167258f83512955dbce65f072d4e8c310cb9de,4,destroy,succeeded,1788382875.148234,1788382875.150169,1788383194.833905,,20,20
1788391386.289857,10,1,ghcr.io/talmolab/lablink-client-base-image:linux-amd64-test@sha256:1ec2fde6860186b3d45ac83890167258f83512955dbce65f072d4e8c310cb9de,5,apply,succeeded,1788383308.62635,1788383308.629388,1788383361.88001,,35,35
1788391386.289857,10,1,ghcr.io/talmolab/lablink-client-base-image:linux-amd64-test@sha256:1ec2fde6860186b3d45ac83890167258f83512955dbce65f072d4e8c310cb9de,6,destroy,succeeded,1788384337.446569,1788384337.448163,1788384657.690712,,35,35
1788391386.289857,10,1,ghcr.io/talmolab/lablink-client-base-image:linux-amd64-test@sha256:1ec2fde6860186b3d45ac83890167258f83512955dbce65f072d4e8c310cb9de,7,apply,succeeded,1788384727.528365,1788384727.530681,1788384808.61864,,95,95
1788391386.289857,10,1,ghcr.io/talmolab/lablink-client-base-image:linux-amd64-test@sha256:1ec2fde6860186b3d45ac83890167258f83512955dbce65f072d4e8c310cb9de,8,destroy,succeeded,1788385076.969534,1788385076.971902,1788385973.63117,,95,95
1788391386.289857,10,1,ghcr.io/talmolab/lablink-client-base-image:linux-amd64-test@sha256:1ec2fde6860186b3d45ac83890167258f83512955dbce65f072d4e8c310cb9de,9,apply,succeeded,1788389407.309799,1788389407.313231,1788389454.98231,,20,20
1788391386.289857,10,1,ghcr.io/talmolab/lablink-client-base-image:linux-amd64-test@sha256:1ec2fde6860186b3d45ac83890167258f83512955dbce65f072d4e8c310cb9de,10,destroy,succeeded,1788390335.82657,1788390335.827949,1788390654.079952,,20,20
1788391386.289857,10,1,ghcr.io/talmolab/lablink-client-base-image:linux-amd64-test@sha256:1ec2fde6860186b3d45ac83890167258f83512955dbce65f072d4e8c310cb9de,11,apply,succeeded,1788390714.945026,1788390714.946521,1788390768.137505,,35,35
1788391391.262368,10,1,ghcr.io/talmolab/lablink-client-base-image:linux-amd64-test@sha256:1ec2fde6860186b3d45ac83890167258f83512955dbce65f072d4e8c310cb9de,1,apply,succeeded,1788380921.682491,1788380921.685047,1788380971.541328,,20,20
1788391391.262368,10,1,ghcr.io/talmolab/lablink-client-base-image:linux-amd64-test@sha256:1ec2fde6860186b3d45ac83890167258f83512955dbce65f072d4e8c310cb9de,2,destroy,succeeded,1788381612.379228,1788381612.381237,1788381939.351963,,20,20
1788391391.262368,10,1,ghcr.io/talmolab/lablink-client-base-image:linux-amd64-test@sha256:1ec2fde6860186b3d45ac83890167258f83512955dbce65f072d4e8c310cb9de,3,apply,succeeded,1788381976.63281,1788381976.63526,1788382026.043455,,20,20
1788391391.262368,10,1,ghcr.io/talmolab/lablink-client-base-image:linux-amd64-test@sha256:1ec2fde6860186b3d45ac83890167258f83512955dbce65f072d4e8c310cb9de,4,destroy,succeeded,1788382875.148234,1788382875.150169,1788383194.833905,,20,20
1788391391.262368,10,1,ghcr.io/talmolab/lablink-client-base-image:linux-amd64-test@sha256:1ec2fde6860186b3d45ac83890167258f83512955dbce65f072d4e8c310cb9de,5,apply,succeeded,1788383308.62635,1788383308.629388,1788383361.88001,,35,35
1788391391.262368,10,1,ghcr.io/talmolab/lablink-client-base-image:linux-amd64-test@sha256:1ec2fde6860186b3d45ac83890167258f83512955dbce65f072d4e8c310cb9de,6,destroy,succeeded,1788384337.446569,1788384337.448163,1788384657.690712,,35,35
1788391391.262368,10,1,ghcr.io/talmolab/lablink-client-base-image:linux-amd64-test@sha256:1ec2fde6860186b3d45ac83890167258f83512955dbce65f072d4e8c310cb9de,7,apply,succeeded,1788384727.528365,1788384727.530681,1788384808.61864,,95,95
1788391391.262368,10,1,ghcr.io/talmolab/lablink-client-base-image:linux-amd64-test@sha256:1ec2fde6860186b3d45ac83890167258f83512955dbce65f072d4e8c310cb9de,8,destroy,succeeded,1788385076.969534,1788385076.971902,1788385973.63117,,95,95
1788391391.262368,10,1,ghcr.io/talmolab/lablink-client-base-image:linux-amd64-test@sha256:1ec2fde6860186b3d45ac83890167258f83512955dbce65f072d4e8c310cb9de,9,apply,succeeded,1788389407.309799,1788389407.313231,1788389454.98231,,20,20
1788391391.262368,10,1,ghcr.io/talmolab/lablink-client-base-image:linux-amd64-test@sha256:1ec2fde6860186b3d45ac83890167258f83512955dbce65f072d4e8c310cb9de,10,destroy,succeeded,1788390335.82657,1788390335.827949,1788390654.079952,,20,20
1788391391.262368,10,1,ghcr.io/talmolab/lablink-client-base-image:linux-amd64-test@sha256:1ec2fde6860186b3d45ac83890167258f83512955dbce65f072d4e8c310cb9de,11,apply,succeeded,1788390714.945026,1788390714.946521,1788390768.137505,,35,35
1788391396.235565,10,1,ghcr.io/talmolab/lablink-client-base-image:linux-amd64-test@sha256:1ec2fde6860186b3d45ac83890167258f83512955dbce65f072d4e8c310cb9de,1,apply,succeeded,1788380921.682491,1788380921.685047,1788380971.541328,,20,20
1788391396.235565,10,1,ghcr.io/talmolab/lablink-client-base-image:linux-amd64-test@sha256:1ec2fde6860186b3d45ac83890167258f83512955dbce65f072d4e8c310cb9de,2,destroy,succeeded,1788381612.379228,1788381612.381237,1788381939.351963,,20,20
1788391396.235565,10,1,ghcr.io/talmolab/lablink-client-base-image:linux-amd64-test@sha256:1ec2fde6860186b3d45ac83890167258f83512955dbce65f072d4e8c310cb9de,3,apply,succeeded,1788381976.63281,1788381976.63526,1788382026.043455,,20,20
1788391396.235565,10,1,ghcr.io/talmolab/lablink-client-base-image:linux-amd64-test@sha256:1ec2fde6860186b3d45ac83890167258f83512955dbce65f072d4e8c310cb9de,4,destroy,succeeded,1788382875.148234,1788382875.150169,1788383194.833905,,20,20
1788391396.235565,10,1,ghcr.io/talmolab/lablink-client-base-image:linux-amd64-test@sha256:1ec2fde6860186b3d45ac83890167258f83512955dbce65f072d4e8c310cb9de,5,apply,succeeded,1788383308.62635,1788383308.629388,1788383361.88001,,35,35
1788391396.235565,10,1,ghcr.io/talmolab/lablink-client-base-image:linux-amd64-test@sha256:1ec2fde6860186b3d45ac83890167258f83512955dbce65f072d4e8c310cb9de,6,destroy,succeeded,1788384337.446569,1788384337.448163,1788384657.690712,,35,35
1788391396.235565,10,1,ghcr.io/talmolab/lablink-client-base-image:linux-amd64-test@sha256:1ec2fde6860186b3d45ac83890167258f83512955dbce65f072d4e8c310cb9de,7,apply,succeeded,1788384727.528365,1788384727.530681,1788384808.61864,,95,95
1788391396.235565,10,1,ghcr.io/talmolab/lablink-client-base-image:linux-amd64-test@sha256:1ec2fde6860186b3d45ac83890167258f83512955dbce65f072d4e8c310cb9de,8,destroy,succeeded,1788385076.969534,1788385076.971902,1788385973.63117,,95,95
1788391396.235565,10,1,ghcr.io/talmolab/lablink-client-base-image:linux-amd64-test@sha256:1ec2fde6860186b3d45ac83890167258f83512955dbce65f072d4e8c310cb9de,9,apply,succeeded,1788389407.309799,1788389407.313231,1788389454.98231,,20,20
1788391396.235565,10,1,ghcr.io/talmolab/lablink-client-base-image:linux-amd64-test@sha256:1ec2fde6860186b3d45ac83890167258f83512955dbce65f072d4e8c310cb9de,10,destroy,succeeded,1788390335.82657,1788390335.827949,1788390654.079952,,20,20
1788391396.235565,10,1,ghcr.io/talmolab/lablink-client-base-image:linux-amd64-test@sha256:1ec2fde6860186b3d45ac83890167258f83512955dbce65f072d4e8c310cb9de,11,apply,succeeded,1788390714.945026,1788390714.946521,1788390768.137505,,35,35
1788391401.274282,10,1,ghcr.io/talmolab/lablink-client-base-image:linux-amd64-test@sha256:1ec2fde6860186b3d45ac83890167258f83512955dbce65f072d4e8c310cb9de,1,apply,succeeded,1788380921.682491,1788380921.685047,1788380971.541328,,20,20
1788391401.274282,10,1,ghcr.io/talmolab/lablink-client-base-image:linux-amd64-test@sha256:1ec2fde6860186b3d45ac83890167258f83512955dbce65f072d4e8c310cb9de,2,destroy,succeeded,1788381612.379228,1788381612.381237,1788381939.351963,,20,20
1788391401.274282,10,1,ghcr.io/talmolab/lablink-client-base-image:linux-amd64-test@sha256:1ec2fde6860186b3d45ac83890167258f83512955dbce65f072d4e8c310cb9de,3,apply,succeeded,1788381976.63281,1788381976.63526,1788382026.043455,,20,20
1788391401.274282,10,1,ghcr.io/talmolab/lablink-client-base-image:linux-amd64-test@sha256:1ec2fde6860186b3d45ac83890167258f83512955dbce65f072d4e8c310cb9de,4,destroy,succeeded,1788382875.148234,1788382875.150169,1788383194.833905,,20,20
1788391401.274282,10,1,ghcr.io/talmolab/lablink-client-base-image:linux-amd64-test@sha256:1ec2fde6860186b3d45ac83890167258f83512955dbce65f072d4e8c310cb9de,5,apply,succeeded,1788383308.62635,1788383308.629388,1788383361.88001,,35,35
1788391401.274282,10,1,ghcr.io/talmolab/lablink-client-base-image:linux-amd64-test@sha256:1ec2fde6860186b3d45ac83890167258f83512955dbce65f072d4e8c310cb9de,6,destroy,succeeded,1788384337.446569,1788384337.448163,1788384657.690712,,35,35
1788391401.274282,10,1,ghcr.io/talmolab/lablink-client-base-image:linux-amd64-test@sha256:1ec2fde6860186b3d45ac83890167258f83512955dbce65f072d4e8c310cb9de,7,apply,succeeded,1788384727.528365,1788384727.530681,1788384808.61864,,95,95
1788391401.274282,10,1,ghcr.io/talmolab/lablink-client-base-image:linux-amd64-test@sha256:1ec2fde6860186b3d45ac83890167258f83512955dbce65f072d4e8c310cb9de,8,destroy,succeeded,1788385076.969534,1788385076.971902,1788385973.63117,,95,95
1788391401.274282,10,1,ghcr.io/talmolab/lablink-client-base-image:linux-amd64-test@sha256:1ec2fde6860186b3d45ac83890167258f83512955dbce65f072d4e8c310cb9de,9,apply,succeeded,1788389407.309799,1788389407.313231,1788389454.98231,,20,20
1788391401.274282,10,1,ghcr.io/talmolab/lablink-client-base-image:linux-amd64-test@sha256:1ec2fde6860186b3d45ac83890167258f83512955dbce65f072d4e8c310cb9de,10,destroy,succeeded,1788390335.82657,1788390335.827949,1788390654.079952,,20,20
1788391401.274282,10,1,ghcr.io/talmolab/lablink-client-base-image:linux-amd64-test@sha256:1ec2fde6860186b3d45ac83890167258f83512955dbce65f072d4e8c310cb9de,11,apply,succeeded,1788390714.945026,1788390714.946521,1788390768.137505,,35,35
1788391406.257836,10,1,ghcr.io/talmolab/lablink-client-base-image:linux-amd64-test@sha256:1ec2fde6860186b3d45ac83890167258f83512955dbce65f072d4e8c310cb9de,1,apply,succeeded,1788380921.682491,1788380921.685047,1788380971.541328,,20,20
1788391406.257836,10,1,ghcr.io/talmolab/lablink-client-base-image:linux-amd64-test@sha256:1ec2fde6860186b3d45ac83890167258f83512955dbce65f072d4e8c310cb9de,2,destroy,succeeded,1788381612.379228,1788381612.381237,1788381939.351963,,20,20
1788391406.257836,10,1,ghcr.io/talmolab/lablink-client-base-image:linux-amd64-test@sha256:1ec2fde6860186b3d45ac83890167258f83512955dbce65f072d4e8c310cb9de,3,apply,succeeded,1788381976.63281,1788381976.63526,1788382026.043455,,20,20
1788391406.257836,10,1,ghcr.io/talmolab/lablink-client-base-image:linux-amd64-test@sha256:1ec2fde6860186b3d45ac83890167258f83512955dbce65f072d4e8c310cb9de,4,destroy,succeeded,1788382875.148234,1788382875.150169,1788383194.833905,,20,20
1788391406.257836,10,1,ghcr.io/talmolab/lablink-client-base-image:linux-amd64-test@sha256:1ec2fde6860186b3d45ac83890167258f83512955dbce65f072d4e8c310cb9de,5,apply,succeeded,1788383308.62635,1788383308.629388,1788383361.88001,,35,35
1788391406.257836,10,1,ghcr.io/talmolab/lablink-client-base-image:linux-amd64-test@sha256:1ec2fde6860186b3d45ac83890167258f83512955dbce65f072d4e8c310cb9de,6,destroy,succeeded,1788384337.446569,1788384337.448163,1788384657.690712,,35,35
1788391406.257836,10,1,ghcr.io/talmolab/lablink-client-base-image:linux-amd64-test@sha256:1ec2fde6860186b3d45ac83890167258f83512955dbce65f072d4e8c310cb9de,7,apply,succeeded,1788384727.528365,1788384727.530681,1788384808.61864,,95,95
1788391406.257836,10,1,ghcr.io/talmolab/lablink-client-base-image:linux-amd64-test@sha256:1ec2fde6860186b3d45ac83890167258f83512955dbce65f072d4e8c310cb9de,8,destroy,succeeded,1788385076.969534,1788385076.971902,1788385973.63117,,95,95
1788391406.257836,10,1,ghcr.io/talmolab/lablink-client-base-image:linux-amd64-test@sha256:1ec2fde6860186b3d45ac83890167258f83512955dbce65f072d4e8c310cb9de,9,apply,succeeded,1788389407.309799,1788389407.313231,1788389454.98231,,20,20
1788391406.257836,10,1,ghcr.io/talmolab/lablink-client-base-image:linux-amd64-test@sha256:1ec2fde6860186b3d45ac83890167258f83512955dbce65f072d4e8c310cb9de,10,destroy,succeeded,1788390335.82657,1788390335.827949,1788390654.079952,,20,20
1788391406.257836,10,1,ghcr.io/talmolab/lablink-client-base-image:linux-amd64-test@sha256:1ec2fde6860186b3d45ac83890167258f83512955dbce65f072d4e8c310cb9de,11,apply,succeeded,1788390714.945026,1788390714.946521,1788390768.137505,,35,35
1788391411.709362,10,1,ghcr.io/talmolab/lablink-client-base-image:linux-amd64-test@sha256:1ec2fde6860186b3d45ac83890167258f83512955dbce65f072d4e8c310cb9de,1,apply,succeeded,1788380921.682491,1788380921.685047,1788380971.541328,,20,20
1788391411.709362,10,1,ghcr.io/talmolab/lablink-client-base-image:linux-amd64-test@sha256:1ec2fde6860186b3d45ac83890167258f83512955dbce65f072d4e8c310cb9de,2,destroy,succeeded,1788381612.379228,1788381612.381237,1788381939.351963,,20,20
1788391411.709362,10,1,ghcr.io/talmolab/lablink-client-base-image:linux-amd64-test@sha256:1ec2fde6860186b3d45ac83890167258f83512955dbce65f072d4e8c310cb9de,3,apply,succeeded,1788381976.63281,1788381976.63526,1788382026.043455,,20,20
1788391411.709362,10,1,ghcr.io/talmolab/lablink-client-base-image:linux-amd64-test@sha256:1ec2fde6860186b3d45ac83890167258f83512955dbce65f072d4e8c310cb9de,4,destroy,succeeded,1788382875.148234,1788382875.150169,1788383194.833905,,20,20
1788391411.709362,10,1,ghcr.io/talmolab/lablink-client-base-image:linux-amd64-test@sha256:1ec2fde6860186b3d45ac83890167258f83512955dbce65f072d4e8c310cb9de,5,apply,succeeded,1788383308.62635,1788383308.629388,1788383361.88001,,35,35
1788391411.709362,10,1,ghcr.io/talmolab/lablink-client-base-image:linux-amd64-test@sha256:1ec2fde6860186b3d45ac83890167258f83512955dbce65f072d4e8c310cb9de,6,destroy,succeeded,1788384337.446569,1788384337.448163,1788384657.690712,,35,35
1788391411.709362,10,1,ghcr.io/talmolab/lablink-client-base-image:linux-amd64-test@sha256:1ec2fde6860186b3d45ac83890167258f83512955dbce65f072d4e8c310cb9de,7,apply,succeeded,1788384727.528365,1788384727.530681,1788384808.61864,,95,95
1788391411.709362,10,1,ghcr.io/talmolab/lablink-client-base-image:linux-amd64-test@sha256:1ec2fde6860186b3d45ac83890167258f83512955dbce65f072d4e8c310cb9de,8,destroy,succeeded,1788385076.969534,1788385076.971902,1788385973.63117,,95,95
1788391411.709362,10,1,ghcr.io/talmolab/lablink-client-base-image:linux-amd64-test@sha256:1ec2fde6860186b3d45ac83890167258f83512955dbce65f072d4e8c310cb9de,9,apply,succeeded,1788389407.309799,1788389407.313231,1788389454.98231,,20,20
1788391411.709362,10,1,ghcr.io/talmolab/lablink-client-base-image:linux-amd64-test@sha256:1ec2fde6860186b3d45ac83890167258f83512955dbce65f072d4e8c310cb9de,10,destroy,succeeded,1788390335.82657,1788390335.827949,1788390654.079952,,20,20
1788391411.709362,10,1,ghcr.io/talmolab/lablink-client-base-image:linux-amd64-test@sha256:1ec2fde6860186b3d45ac83890167258f83512955dbce65f072d4e8c310cb9de,11,apply,succeeded,1788390714.945026,1788390714.946521,1788390768.137505,,35,35
1788391416.312302,10,1,ghcr.io/talmolab/lablink-client-base-image:linux-amd64-test@sha256:1ec2fde6860186b3d45ac83890167258f83512955dbce65f072d4e8c310cb9de,1,apply,succeeded,1788380921.682491,1788380921.685047,1788380971.541328,,20,20
1788391416.312302,10,1,ghcr.io/talmolab/lablink-client-base-image:linux-amd64-test@sha256:1ec2fde6860186b3d45ac83890167258f83512955dbce65f072d4e8c310cb9de,2,destroy,succeeded,1788381612.379228,1788381612.381237,1788381939.351963,,20,20
1788391416.312302,10,1,ghcr.io/talmolab/lablink-client-base-image:linux-amd64-test@sha256:1ec2fde6860186b3d45ac83890167258f83512955dbce65f072d4e8c310cb9de,3,apply,succeeded,1788381976.63281,1788381976.63526,1788382026.043455,,20,20
1788391416.312302,10,1,ghcr.io/talmolab/lablink-client-base-image:linux-amd64-test@sha256:1ec2fde6860186b3d45ac83890167258f83512955dbce65f072d4e8c310cb9de,4,destroy,succeeded,1788382875.148234,1788382875.150169,1788383194.833905,,20,20
1788391416.312302,10,1,ghcr.io/talmolab/lablink-client-base-image:linux-amd64-test@sha256:1ec2fde6860186b3d45ac83890167258f83512955dbce65f072d4e8c310cb9de,5,apply,succeeded,1788383308.62635,1788383308.629388,1788383361.88001,,35,35
1788391416.312302,10,1,ghcr.io/talmolab/lablink-client-base-image:linux-amd64-test@sha256:1ec2fde6860186b3d45ac83890167258f83512955dbce65f072d4e8c310cb9de,6,destroy,succeeded,1788384337.446569,1788384337.448163,1788384657.690712,,35,35
1788391416.312302,10,1,ghcr.io/talmolab/lablink-client-base-image:linux-amd64-test@sha256:1ec2fde6860186b3d45ac83890167258f83512955dbce65f072d4e8c310cb9de,7,apply,succeeded,1788384727.528365,1788384727.530681,1788384808.61864,,95,95
1788391416.312302,10,1,ghcr.io/talmolab/lablink-client-base-image:linux-amd64-test@sha256:1ec2fde6860186b3d45ac83890167258f83512955dbce65f072d4e8c310cb9de,8,destroy,succeeded,1788385076.969534,1788385076.971902,1788385973.63117,,95,95
1788391416.312302,10,1,ghcr.io/talmolab/lablink-client-base-image:linux-amd64-test@sha256:1ec2fde6860186b3d45ac83890167258f83512955dbce65f072d4e8c310cb9de,9,apply,succeeded,1788389407.309799,1788389407.313231,1788389454.98231,,20,20
1788391416.312302,10,1,ghcr.io/talmolab/lablink-client-base-image:linux-amd64-test@sha256:1ec2fde6860186b3d45ac83890167258f83512955dbce65f072d4e8c310cb9de,10,destroy,succeeded,1788390335.82657,1788390335.827949,1788390654.079952,,20,20
1788391416.312302,10,1,ghcr.io/talmolab/lablink-client-base-image:linux-amd64-test@sha256:1ec2fde6860186b3d45ac83890167258f83512955dbce65f072d4e8c310cb9de,11,apply,succeeded,1788390714.945026,1788390714.946521,1788390768.137505,,35,35
1788391421.341517,10,1,ghcr.io/talmolab/lablink-client-base-image:linux-amd64-test@sha256:1ec2fde6860186b3d45ac83890167258f83512955dbce65f072d4e8c310cb9de,1,apply,succeeded,1788380921.682491,1788380921.685047,1788380971.541328,,20,20
1788391421.341517,10,1,ghcr.io/talmolab/lablink-client-base-image:linux-amd64-test@sha256:1ec2fde6860186b3d45ac83890167258f83512955dbce65f072d4e8c310cb9de,2,destroy,succeeded,1788381612.379228,1788381612.381237,1788381939.351963,,20,20
1788391421.341517,10,1,ghcr.io/talmolab/lablink-client-base-image:linux-amd64-test@sha256:1ec2fde6860186b3d45ac83890167258f83512955dbce65f072d4e8c310cb9de,3,apply,succeeded,1788381976.63281,1788381976.63526,1788382026.043455,,20,20
1788391421.341517,10,1,ghcr.io/talmolab/lablink-client-base-image:linux-amd64-test@sha256:1ec2fde6860186b3d45ac83890167258f83512955dbce65f072d4e8c310cb9de,4,destroy,succeeded,1788382875.148234,1788382875.150169,1788383194.833905,,20,20
1788391421.341517,10,1,ghcr.io/talmolab/lablink-client-base-image:linux-amd64-test@sha256:1ec2fde6860186b3d45ac83890167258f83512955dbce65f072d4e8c310cb9de,5,apply,succeeded,1788383308.62635,1788383308.629388,1788383361.88001,,35,35
1788391421.341517,10,1,ghcr.io/talmolab/lablink-client-base-image:linux-amd64-test@sha256:1ec2fde6860186b3d45ac83890167258f83512955dbce65f072d4e8c310cb9de,6,destroy,succeeded,1788384337.446569,1788384337.448163,1788384657.690712,,35,35
1788391421.341517,10,1,ghcr.io/talmolab/lablink-client-base-image:linux-amd64-test@sha256:1ec2fde6860186b3d45ac83890167258f83512955dbce65f072d4e8c310cb9de,7,apply,succeeded,1788384727.528365,1788384727.530681,1788384808.61864,,95,95
1788391421.341517,10,1,ghcr.io/talmolab/lablink-client-base-image:linux-amd64-test@sha256:1ec2fde6860186b3d45ac83890167258f83512955dbce65f072d4e8c310cb9de,8,destroy,succeeded,1788385076.969534,1788385076.971902,1788385973.63117,,95,95
1788391421.341517,10,1,ghcr.io/talmolab/lablink-client-base-image:linux-amd64-test@sha256:1ec2fde6860186b3d45ac83890167258f83512955dbce65f072d4e8c310cb9de,9,apply,succeeded,1788389407.309799,1788389407.313231,1788389454.98231,,20,20
1788391421.341517,10,1,ghcr.io/talmolab/lablink-client-base-image:linux-amd64-test@sha256:1ec2fde6860186b3d45ac83890167258f83512955dbce65f072d4e8c310cb9de,10,destroy,succeeded,1788390335.82657,1788390335.827949,1788390654.079952,,20,20
1788391421.341517,10,1,ghcr.io/talmolab/lablink-client-base-image:linux-amd64-test@sha256:1ec2fde6860186b3d45ac83890167258f83512955dbce65f072d4e8c310cb9de,11,apply,succeeded,1788390714.945026,1788390714.946521,1788390768.137505,,35,35
1788391426.280232,10,1,ghcr.io/talmolab/lablink-client-base-image:linux-amd64-test@sha256:1ec2fde6860186b3d45ac83890167258f83512955dbce65f072d4e8c310cb9de,1,apply,succeeded,1788380921.682491,1788380921.685047,1788380971.541328,,20,20
1788391426.280232,10,1,ghcr.io/talmolab/lablink-client-base-image:linux-amd64-test@sha256:1ec2fde6860186b3d45ac83890167258f83512955dbce65f072d4e8c310cb9de,2,destroy,succeeded,1788381612.379228,1788381612.381237,1788381939.351963,,20,20
1788391426.280232,10,1,ghcr.io/talmolab/lablink-client-base-image:linux-amd64-test@sha256:1ec2fde6860186b3d45ac83890167258f83512955dbce65f072d4e8c310cb9de,3,apply,succeeded,1788381976.63281,1788381976.63526,1788382026.043455,,20,20
1788391426.280232,10,1,ghcr.io/talmolab/lablink-client-base-image:linux-amd64-test@sha256:1ec2fde6860186b3d45ac83890167258f83512955dbce65f072d4e8c310cb9de,4,destroy,succeeded,1788382875.148234,1788382875.150169,1788383194.833905,,20,20
1788391426.280232,10,1,ghcr.io/talmolab/lablink-client-base-image:linux-amd64-test@sha256:1ec2fde6860186b3d45ac83890167258f83512955dbce65f072d4e8c310cb9de,5,apply,succeeded,1788383308.62635,1788383308.629388,1788383361.88001,,35,35
1788391426.280232,10,1,ghcr.io/talmolab/lablink-client-base-image:linux-amd64-test@sha256:1ec2fde6860186b3d45ac83890167258f83512955dbce65f072d4e8c310cb9de,6,destroy,succeeded,1788384337.446569,1788384337.448163,1788384657.690712,,35,35
1788391426.280232,10,1,ghcr.io/talmolab/lablink-client-base-image:linux-amd64-test@sha256:1ec2fde6860186b3d45ac83890167258f83512955dbce65f072d4e8c310cb9de,7,apply,succeeded,1788384727.528365,1788384727.530681,1788384808.61864,,95,95
1788391426.280232,10,1,ghcr.io/talmolab/lablink-client-base-image:linux-amd64-test@sha256:1ec2fde6860186b3d45ac83890167258f83512955dbce65f072d4e8c310cb9de,8,destroy,succeeded,1788385076.969534,1788385076.971902,1788385973.63117,,95,95
1788391426.280232,10,1,ghcr.io/talmolab/lablink-client-base-image:linux-amd64-test@sha256:1ec2fde6860186b3d45ac83890167258f83512955dbce65f072d4e8c310cb9de,9,apply,succeeded,1788389407.309799,1788389407.313231,1788389454.98231,,20,20
1788391426.280232,10,1,ghcr.io/talmolab/lablink-client-base-image:linux-amd64-test@sha256:1ec2fde6860186b3d45ac83890167258f83512955dbce65f072d4e8c310cb9de,10,destroy,succeeded,1788390335.82657,1788390335.827949,1788390654.079952,,20,20
1788391426.280232,10,1,ghcr.io/talmolab/lablink-client-base-image:linux-amd64-test@sha256:1ec2fde6860186b3d45ac83890167258f83512955dbce65f072d4e8c310cb9de,11,apply,succeeded,1788390714.945026,1788390714.946521,1788390768.137505,,35,35
1788391431.339984,10,1,ghcr.io/talmolab/lablink-client-base-image:linux-amd64-test@sha256:1ec2fde6860186b3d45ac83890167258f83512955dbce65f072d4e8c310cb9de,1,apply,succeeded,1788380921.682491,1788380921.685047,1788380971.541328,,20,20
1788391431.339984,10,1,ghcr.io/talmolab/lablink-client-base-image:linux-amd64-test@sha256:1ec2fde6860186b3d45ac83890167258f83512955dbce65f072d4e8c310cb9de,2,destroy,succeeded,1788381612.379228,1788381612.381237,1788381939.351963,,20,20
1788391431.339984,10,1,ghcr.io/talmolab/lablink-client-base-image:linux-amd64-test@sha256:1ec2fde6860186b3d45ac83890167258f83512955dbce65f072d4e8c310cb9de,3,apply,succeeded,1788381976.63281,1788381976.63526,1788382026.043455,,20,20
1788391431.339984,10,1,ghcr.io/talmolab/lablink-client-base-image:linux-amd64-test@sha256:1ec2fde6860186b3d45ac83890167258f83512955dbce65f072d4e8c310cb9de,4,destroy,succeeded,1788382875.148234,1788382875.150169,1788383194.833905,,20,20
1788391431.339984,10,1,ghcr.io/talmolab/lablink-client-base-image:linux-amd64-test@sha256:1ec2fde6860186b3d45ac83890167258f83512955dbce65f072d4e8c310cb9de,5,apply,succeeded,1788383308.62635,1788383308.629388,1788383361.88001,,35,35
1788391431.339984,10,1,ghcr.io/talmolab/lablink-client-base-image:linux-amd64-test@sha256:1ec2fde6860186b3d45ac83890167258f83512955dbce65f072d4e8c310cb9de,6,destroy,succeeded,1788384337.446569,1788384337.448163,1788384657.690712,,35,35
1788391431.339984,10,1,ghcr.io/talmolab/lablink-client-base-image:linux-amd64-test@sha256:1ec2fde6860186b3d45ac83890167258f83512955dbce65f072d4e8c310cb9de,7,apply,succeeded,1788384727.528365,1788384727.530681,1788384808.61864,,95,95
1788391431.339984,10,1,ghcr.io/talmolab/lablink-client-base-image:linux-amd64-test@sha256:1ec2fde6860186b3d45ac83890167258f83512955dbce65f072d4e8c310cb9de,8,destroy,succeeded,1788385076.969534,1788385076.971902,1788385973.63117,,95,95
1788391431.339984,10,1,ghcr.io/talmolab/lablink-client-base-image:linux-amd64-test@sha256:1ec2fde6860186b3d45ac83890167258f83512955dbce65f072d4e8c310cb9de,9,apply,succeeded,1788389407.309799,1788389407.313231,1788389454.98231,,20,20
1788391431.339984,10,1,ghcr.io/talmolab/lablink-client-base-image:linux-amd64-test@sha256:1ec2fde6860186b3d45ac83890167258f83512955dbce65f072d4e8c310cb9de,10,destroy,succeeded,1788390335.82657,1788390335.827949,1788390654.079952,,20,20
1788391431.339984,10,1,ghcr.io/talmolab/lablink-client-base-image:linux-amd64-test@sha256:1ec2fde6860186b3d45ac83890167258f83512955dbce65f072d4e8c310cb9de,11,apply,succeeded,1788390714.945026,1788390714.946521,1788390768.137505,,35,35
1788391436.3518689,10,1,ghcr.io/talmolab/lablink-client-base-image:linux-amd64-test@sha256:1ec2fde6860186b3d45ac83890167258f83512955dbce65f072d4e8c310cb9de,1,apply,succeeded,1788380921.682491,1788380921.685047,1788380971.541328,,20,20
1788391436.3518689,10,1,ghcr.io/talmolab/lablink-client-base-image:linux-amd64-test@sha256:1ec2fde6860186b3d45ac83890167258f83512955dbce65f072d4e8c310cb9de,2,destroy,succeeded,1788381612.379228,1788381612.381237,1788381939.351963,,20,20
1788391436.3518689,10,1,ghcr.io/talmolab/lablink-client-base-image:linux-amd64-test@sha256:1ec2fde6860186b3d45ac83890167258f83512955dbce65f072d4e8c310cb9de,3,apply,succeeded,1788381976.63281,1788381976.63526,1788382026.043455,,20,20
1788391436.3518689,10,1,ghcr.io/talmolab/lablink-client-base-image:linux-amd64-test@sha256:1ec2fde6860186b3d45ac83890167258f83512955dbce65f072d4e8c310cb9de,4,destroy,succeeded,1788382875.148234,1788382875.150169,1788383194.833905,,20,20
1788391436.3518689,10,1,ghcr.io/talmolab/lablink-client-base-image:linux-amd64-test@sha256:1ec2fde6860186b3d45ac83890167258f83512955dbce65f072d4e8c310cb9de,5,apply,succeeded,1788383308.62635,1788383308.629388,1788383361.88001,,35,35
1788391436.3518689,10,1,ghcr.io/talmolab/lablink-client-base-image:linux-amd64-test@sha256:1ec2fde6860186b3d45ac83890167258f83512955dbce65f072d4e8c310cb9de,6,destroy,succeeded,1788384337.446569,1788384337.448163,1788384657.690712,,35,35
1788391436.3518689,10,1,ghcr.io/talmolab/lablink-client-base-image:linux-amd64-test@sha256:1ec2fde6860186b3d45ac83890167258f83512955dbce65f072d4e8c310cb9de,7,apply,succeeded,1788384727.528365,1788384727.530681,1788384808.61864,,95,95
1788391436.3518689,10,1,ghcr.io/talmolab/lablink-client-base-image:linux-amd64-test@sha256:1ec2fde6860186b3d45ac83890167258f83512955dbce65f072d4e8c310cb9de,8,destroy,succeeded,1788385076.969534,1788385076.971902,1788385973.63117,,95,95
1788391436.3518689,10,1,ghcr.io/talmolab/lablink-client-base-image:linux-amd64-test@sha256:1ec2fde6860186b3d45ac83890167258f83512955dbce65f072d4e8c310cb9de,9,apply,succeeded,1788389407.309799,1788389407.313231,1788389454.98231,,20,20
1788391436.3518689,10,1,ghcr.io/talmolab/lablink-client-base-image:linux-amd64-test@sha256:1ec2fde6860186b3d45ac83890167258f83512955dbce65f072d4e8c310cb9de,10,destroy,succeeded,1788390335.82657,1788390335.827949,1788390654.079952,,20,20
1788391436.3518689,10,1,ghcr.io/talmolab/lablink-client-base-image:linux-amd64-test@sha256:1ec2fde6860186b3d45ac83890167258f83512955dbce65f072d4e8c310cb9de,11,apply,succeeded,1788390714.945026,1788390714.946521,1788390768.137505,,35,35
1788391441.688,10,1,ghcr.io/talmolab/lablink-client-base-image:linux-amd64-test@sha256:1ec2fde6860186b3d45ac83890167258f83512955dbce65f072d4e8c310cb9de,1,apply,succeeded,1788380921.682491,1788380921.685047,1788380971.541328,,20,20
1788391441.688,10,1,ghcr.io/talmolab/lablink-client-base-image:linux-amd64-test@sha256:1ec2fde6860186b3d45ac83890167258f83512955dbce65f072d4e8c310cb9de,2,destroy,succeeded,1788381612.379228,1788381612.381237,1788381939.351963,,20,20
1788391441.688,10,1,ghcr.io/talmolab/lablink-client-base-image:linux-amd64-test@sha256:1ec2fde6860186b3d45ac83890167258f83512955dbce65f072d4e8c310cb9de,3,apply,succeeded,1788381976.63281,1788381976.63526,1788382026.043455,,20,20
1788391441.688,10,1,ghcr.io/talmolab/lablink-client-base-image:linux-amd64-test@sha256:1ec2fde6860186b3d45ac83890167258f83512955dbce65f072d4e8c310cb9de,4,destroy,succeeded,1788382875.148234,1788382875.150169,1788383194.833905,,20,20
1788391441.688,10,1,ghcr.io/talmolab/lablink-client-base-image:linux-amd64-test@sha256:1ec2fde6860186b3d45ac83890167258f83512955dbce65f072d4e8c310cb9de,5,apply,succeeded,1788383308.62635,1788383308.629388,1788383361.88001,,35,35
1788391441.688,10,1,ghcr.io/talmolab/lablink-client-base-image:linux-amd64-test@sha256:1ec2fde6860186b3d45ac83890167258f83512955dbce65f072d4e8c310cb9de,6,destroy,succeeded,1788384337.446569,1788384337.448163,1788384657.690712,,35,35
1788391441.688,10,1,ghcr.io/talmolab/lablink-client-base-image:linux-amd64-test@sha256:1ec2fde6860186b3d45ac83890167258f83512955dbce65f072d4e8c310cb9de,7,apply,succeeded,1788384727.528365,1788384727.530681,1788384808.61864,,95,95
1788391441.688,10,1,ghcr.io/talmolab/lablink-client-base-image:linux-amd64-test@sha256:1ec2fde6860186b3d45ac83890167258f83512955dbce65f072d4e8c310cb9de,8,destroy,succeeded,1788385076.969534,1788385076.971902,1788385973.63117,,95,95
1788391441.688,10,1,ghcr.io/talmolab/lablink-client-base-image:linux-amd64-test@sha256:1ec2fde6860186b3d45ac83890167258f83512955dbce65f072d4e8c310cb9de,9,apply,succeeded,1788389407.309799,1788389407.313231,1788389454.98231,,20,20
1788391441.688,10,1,ghcr.io/talmolab/lablink-client-base-image:linux-amd64-test@sha256:1ec2fde6860186b3d45ac83890167258f83512955dbce65f072d4e8c310cb9de,10,destroy,succeeded,1788390335.82657,1788390335.827949,1788390654.079952,,20,20
1788391441.688,10,1,ghcr.io/talmolab/lablink-client-base-image:linux-amd64-test@sha256:1ec2fde6860186b3d45ac83890167258f83512955dbce65f072d4e8c310cb9de,11,apply,succeeded,1788390714.945026,1788390714.946521,1788390768.137505,,35,35
1788391446.4465768,10,1,ghcr.io/talmolab/lablink-client-base-image:linux-amd64-test@sha256:1ec2fde6860186b3d45ac83890167258f83512955dbce65f072d4e8c310cb9de,1,apply,succeeded,1788380921.682491,1788380921.685047,1788380971.541328,,20,20
1788391446.4465768,10,1,ghcr.io/talmolab/lablink-client-base-image:linux-amd64-test@sha256:1ec2fde6860186b3d45ac83890167258f83512955dbce65f072d4e8c310cb9de,2,destroy,succeeded,1788381612.379228,1788381612.381237,1788381939.351963,,20,20
1788391446.4465768,10,1,ghcr.io/talmolab/lablink-client-base-image:linux-amd64-test@sha256:1ec2fde6860186b3d45ac83890167258f83512955dbce65f072d4e8c310cb9de,3,apply,succeeded,1788381976.63281,1788381976.63526,1788382026.043455,,20,20
1788391446.4465768,10,1,ghcr.io/talmolab/lablink-client-base-image:linux-amd64-test@sha256:1ec2fde6860186b3d45ac83890167258f83512955dbce65f072d4e8c310cb9de,4,destroy,succeeded,1788382875.148234,1788382875.150169,1788383194.833905,,20,20
1788391446.4465768,10,1,ghcr.io/talmolab/lablink-client-base-image:linux-amd64-test@sha256:1ec2fde6860186b3d45ac83890167258f83512955dbce65f072d4e8c310cb9de,5,apply,succeeded,1788383308.62635,1788383308.629388,1788383361.88001,,35,35
1788391446.4465768,10,1,ghcr.io/talmolab/lablink-client-base-image:linux-amd64-test@sha256:1ec2fde6860186b3d45ac83890167258f83512955dbce65f072d4e8c310cb9de,6,destroy,succeeded,1788384337.446569,1788384337.448163,1788384657.690712,,35,35
1788391446.4465768,10,1,ghcr.io/talmolab/lablink-client-base-image:linux-amd64-test@sha256:1ec2fde6860186b3d45ac83890167258f83512955dbce65f072d4e8c310cb9de,7,apply,succeeded,1788384727.528365,1788384727.530681,1788384808.61864,,95,95
1788391446.4465768,10,1,ghcr.io/talmolab/lablink-client-base-image:linux-amd64-test@sha256:1ec2fde6860186b3d45ac83890167258f83512955dbce65f072d4e8c310cb9de,8,destroy,succeeded,1788385076.969534,1788385076.971902,1788385973.63117,,95,95
1788391446.4465768,10,1,ghcr.io/talmolab/lablink-client-base-image:linux-amd64-test@sha256:1ec2fde6860186b3d45ac83890167258f83512955dbce65f072d4e8c310cb9de,9,apply,succeeded,1788389407.309799,1788389407.313231,1788389454.98231,,20,20
1788391446.4465768,10,1,ghcr.io/talmolab/lablink-client-base-image:linux-amd64-test@sha256:1ec2fde6860186b3d45ac83890167258f83512955dbce65f072d4e8c310cb9de,10,destroy,succeeded,1788390335.82657,1788390335.827949,1788390654.079952,,20,20
1788391446.4465768,10,1,ghcr.io/talmolab/lablink-client-base-image:linux-amd64-test@sha256:1ec2fde6860186b3d45ac83890167258f83512955dbce65f072d4e8c310cb9de,11,apply,succeeded,1788390714.945026,1788390714.946521,1788390768.137505,,35,35
1788391451.287752,10,1,ghcr.io/talmolab/lablink-client-base-image:linux-amd64-test@sha256:1ec2fde6860186b3d45ac83890167258f83512955dbce65f072d4e8c310cb9de,1,apply,succeeded,1788380921.682491,1788380921.685047,1788380971.541328,,20,20
1788391451.287752,10,1,ghcr.io/talmolab/lablink-client-base-image:linux-amd64-test@sha256:1ec2fde6860186b3d45ac83890167258f83512955dbce65f072d4e8c310cb9de,2,destroy,succeeded,1788381612.379228,1788381612.381237,1788381939.351963,,20,20
1788391451.287752,10,1,ghcr.io/talmolab/lablink-client-base-image:linux-amd64-test@sha256:1ec2fde6860186b3d45ac83890167258f83512955dbce65f072d4e8c310cb9de,3,apply,succeeded,1788381976.63281,1788381976.63526,1788382026.043455,,20,20
1788391451.287752,10,1,ghcr.io/talmolab/lablink-client-base-image:linux-amd64-test@sha256:1ec2fde6860186b3d45ac83890167258f83512955dbce65f072d4e8c310cb9de,4,destroy,succeeded,1788382875.148234,1788382875.150169,1788383194.833905,,20,20
1788391451.287752,10,1,ghcr.io/talmolab/lablink-client-base-image:linux-amd64-test@sha256:1ec2fde6860186b3d45ac83890167258f83512955dbce65f072d4e8c310cb9de,5,apply,succeeded,1788383308.62635,1788383308.629388,1788383361.88001,,35,35
1788391451.287752,10,1,ghcr.io/talmolab/lablink-client-base-image:linux-amd64-test@sha256:1ec2fde6860186b3d45ac83890167258f83512955dbce65f072d4e8c310cb9de,6,destroy,succeeded,1788384337.446569,1788384337.448163,1788384657.690712,,35,35
1788391451.287752,10,1,ghcr.io/talmolab/lablink-client-base-image:linux-amd64-test@sha256:1ec2fde6860186b3d45ac83890167258f83512955dbce65f072d4e8c310cb9de,7,apply,succeeded,1788384727.528365,1788384727.530681,1788384808.61864,,95,95
1788391451.287752,10,1,ghcr.io/talmolab/lablink-client-base-image:linux-amd64-test@sha256:1ec2fde6860186b3d45ac83890167258f83512955dbce65f072d4e8c310cb9de,8,destroy,succeeded,1788385076.969534,1788385076.971902,1788385973.63117,,95,95
1788391451.287752,10,1,ghcr.io/talmolab/lablink-client-base-image:linux-amd64-test@sha256:1ec2fde6860186b3d45ac83890167258f83512955dbce65f072d4e8c310cb9de,9,apply,succeeded,1788389407.309799,1788389407.313231,1788389454.98231,,20,20
1788391451.287752,10,1,ghcr.io/talmolab/lablink-client-base-image:linux-amd64-test@sha256:1ec2fde6860186b3d45ac83890167258f83512955dbce65f072d4e8c310cb9de,10,destroy,succeeded,1788390335.82657,1788390335.827949,1788390654.079952,,20,20
1788391451.287752,10,1,ghcr.io/talmolab/lablink-client-base-image:linux-amd64-test@sha256:1ec2fde6860186b3d45ac83890167258f83512955dbce65f072d4e8c310cb9de,11,apply,succeeded,1788390714.945026,1788390714.946521,1788390768.137505,,35,35
1788391456.323606,10,1,ghcr.io/talmolab/lablink-client-base-image:linux-amd64-test@sha256:1ec2fde6860186b3d45ac83890167258f83512955dbce65f072d4e8c310cb9de,1,apply,succeeded,1788380921.682491,1788380921.685047,1788380971.541328,,20,20
1788391456.323606,10,1,ghcr.io/talmolab/lablink-client-base-image:linux-amd64-test@sha256:1ec2fde6860186b3d45ac83890167258f83512955dbce65f072d4e8c310cb9de,2,destroy,succeeded,1788381612.379228,1788381612.381237,1788381939.351963,,20,20
1788391456.323606,10,1,ghcr.io/talmolab/lablink-client-base-image:linux-amd64-test@sha256:1ec2fde6860186b3d45ac83890167258f83512955dbce65f072d4e8c310cb9de,3,apply,succeeded,1788381976.63281,1788381976.63526,1788382026.043455,,20,20
1788391456.323606,10,1,ghcr.io/talmolab/lablink-client-base-image:linux-amd64-test@sha256:1ec2fde6860186b3d45ac83890167258f83512955dbce65f072d4e8c310cb9de,4,destroy,succeeded,1788382875.148234,1788382875.150169,1788383194.833905,,20,20
1788391456.323606,10,1,ghcr.io/talmolab/lablink-client-base-image:linux-amd64-test@sha256:1ec2fde6860186b3d45ac83890167258f83512955dbce65f072d4e8c310cb9de,5,apply,succeeded,1788383308.62635,1788383308.629388,1788383361.88001,,35,35
1788391456.323606,10,1,ghcr.io/talmolab/lablink-client-base-image:linux-amd64-test@sha256:1ec2fde6860186b3d45ac83890167258f83512955dbce65f072d4e8c310cb9de,6,destroy,succeeded,1788384337.446569,1788384337.448163,1788384657.690712,,35,35
1788391456.323606,10,1,ghcr.io/talmolab/lablink-client-base-image:linux-amd64-test@sha256:1ec2fde6860186b3d45ac83890167258f83512955dbce65f072d4e8c310cb9de,7,apply,succeeded,1788384727.528365,1788384727.530681,1788384808.61864,,95,95
1788391456.323606,10,1,ghcr.io/talmolab/lablink-client-base-image:linux-amd64-test@sha256:1ec2fde6860186b3d45ac83890167258f83512955dbce65f072d4e8c310cb9de,8,destroy,succeeded,1788385076.969534,1788385076.971902,1788385973.63117,,95,95
1788391456.323606,10,1,ghcr.io/talmolab/lablink-client-base-image:linux-amd64-test@sha256:1ec2fde6860186b3d45ac83890167258f83512955dbce65f072d4e8c310cb9de,9,apply,succeeded,1788389407.309799,1788389407.313231,1788389454.98231,,20,20
1788391456.323606,10,1,ghcr.io/talmolab/lablink-client-base-image:linux-amd64-test@sha256:1ec2fde6860186b3d45ac83890167258f83512955dbce65f072d4e8c310cb9de,10,destroy,succeeded,1788390335.82657,1788390335.827949,1788390654.079952,,20,20
1788391456.323606,10,1,ghcr.io/talmolab/lablink-client-base-image:linux-amd64-test@sha256:1ec2fde6860186b3d45ac83890167258f83512955dbce65f072d4e8c310cb9de,11,apply,succeeded,1788390714.945026,1788390714.946521,1788390768.137505,,35,35
1788391461.309727,10,1,ghcr.io/talmolab/lablink-client-base-image:linux-amd64-test@sha256:1ec2fde6860186b3d45ac83890167258f83512955dbce65f072d4e8c310cb9de,1,apply,succeeded,1788380921.682491,1788380921.685047,1788380971.541328,,20,20
1788391461.309727,10,1,ghcr.io/talmolab/lablink-client-base-image:linux-amd64-test@sha256:1ec2fde6860186b3d45ac83890167258f83512955dbce65f072d4e8c310cb9de,2,destroy,succeeded,1788381612.379228,1788381612.381237,1788381939.351963,,20,20
1788391461.309727,10,1,ghcr.io/talmolab/lablink-client-base-image:linux-amd64-test@sha256:1ec2fde6860186b3d45ac83890167258f83512955dbce65f072d4e8c310cb9de,3,apply,succeeded,1788381976.63281,1788381976.63526,1788382026.043455,,20,20
1788391461.309727,10,1,ghcr.io/talmolab/lablink-client-base-image:linux-amd64-test@sha256:1ec2fde6860186b3d45ac83890167258f83512955dbce65f072d4e8c310cb9de,4,destroy,succeeded,1788382875.148234,1788382875.150169,1788383194.833905,,20,20
1788391461.309727,10,1,ghcr.io/talmolab/lablink-client-base-image:linux-amd64-test@sha256:1ec2fde6860186b3d45ac83890167258f83512955dbce65f072d4e8c310cb9de,5,apply,succeeded,1788383308.62635,1788383308.629388,1788383361.88001,,35,35
1788391461.309727,10,1,ghcr.io/talmolab/lablink-client-base-image:linux-amd64-test@sha256:1ec2fde6860186b3d45ac83890167258f83512955dbce65f072d4e8c310cb9de,6,destroy,succeeded,1788384337.446569,1788384337.448163,1788384657.690712,,35,35
1788391461.309727,10,1,ghcr.io/talmolab/lablink-client-base-image:linux-amd64-test@sha256:1ec2fde6860186b3d45ac83890167258f83512955dbce65f072d4e8c310cb9de,7,apply,succeeded,1788384727.528365,1788384727.530681,1788384808.61864,,95,95
1788391461.309727,10,1,ghcr.io/talmolab/lablink-client-base-image:linux-amd64-test@sha256:1ec2fde6860186b3d45ac83890167258f83512955dbce65f072d4e8c310cb9de,8,destroy,succeeded,1788385076.969534,1788385076.971902,1788385973.63117,,95,95
1788391461.309727,10,1,ghcr.io/talmolab/lablink-client-base-image:linux-amd64-test@sha256:1ec2fde6860186b3d45ac83890167258f83512955dbce65f072d4e8c310cb9de,9,apply,succeeded,1788389407.309799,1788389407.313231,1788389454.98231,,20,20
1788391461.309727,10,1,ghcr.io/talmolab/lablink-client-base-image:linux-amd64-test@sha256:1ec2fde6860186b3d45ac83890167258f83512955dbce65f072d4e8c310cb9de,10,destroy,succeeded,1788390335.82657,1788390335.827949,1788390654.079952,,20,20
1788391461.309727,10,1,ghcr.io/talmolab/lablink-client-base-image:linux-amd64-test@sha256:1ec2fde6860186b3d45ac83890167258f83512955dbce65f072d4e8c310cb9de,11,apply,succeeded,1788390714.945026,1788390714.946521,1788390768.137505,,35,35
1788391466.3253918,10,1,ghcr.io/talmolab/lablink-client-base-image:linux-amd64-test@sha256:1ec2fde6860186b3d45ac83890167258f83512955dbce65f072d4e8c310cb9de,1,apply,succeeded,1788380921.682491,1788380921.685047,1788380971.541328,,20,20
1788391466.3253918,10,1,ghcr.io/talmolab/lablink-client-base-image:linux-amd64-test@sha256:1ec2fde6860186b3d45ac83890167258f83512955dbce65f072d4e8c310cb9de,2,destroy,succeeded,1788381612.379228,1788381612.381237,1788381939.351963,,20,20
1788391466.3253918,10,1,ghcr.io/talmolab/lablink-client-base-image:linux-amd64-test@sha256:1ec2fde6860186b3d45ac83890167258f83512955dbce65f072d4e8c310cb9de,3,apply,succeeded,1788381976.63281,1788381976.63526,1788382026.043455,,20,20
1788391466.3253918,10,1,ghcr.io/talmolab/lablink-client-base-image:linux-amd64-test@sha256:1ec2fde6860186b3d45ac83890167258f83512955dbce65f072d4e8c310cb9de,4,destroy,succeeded,1788382875.148234,1788382875.150169,1788383194.833905,,20,20
1788391466.3253918,10,1,ghcr.io/talmolab/lablink-client-base-image:linux-amd64-test@sha256:1ec2fde6860186b3d45ac83890167258f83512955dbce65f072d4e8c310cb9de,5,apply,succeeded,1788383308.62635,1788383308.629388,1788383361.88001,,35,35
1788391466.3253918,10,1,ghcr.io/talmolab/lablink-client-base-image:linux-amd64-test@sha256:1ec2fde6860186b3d45ac83890167258f83512955dbce65f072d4e8c310cb9de,6,destroy,succeeded,1788384337.446569,1788384337.448163,1788384657.690712,,35,35
1788391466.3253918,10,1,ghcr.io/talmolab/lablink-client-base-image:linux-amd64-test@sha256:1ec2fde6860186b3d45ac83890167258f83512955dbce65f072d4e8c310cb9de,7,apply,succeeded,1788384727.528365,1788384727.530681,1788384808.61864,,95,95
1788391466.3253918,10,1,ghcr.io/talmolab/lablink-client-base-image:linux-amd64-test@sha256:1ec2fde6860186b3d45ac83890167258f83512955dbce65f072d4e8c310cb9de,8,destroy,succeeded,1788385076.969534,1788385076.971902,1788385973.63117,,95,95
1788391466.3253918,10,1,ghcr.io/talmolab/lablink-client-base-image:linux-amd64-test@sha256:1ec2fde6860186b3d45ac83890167258f83512955dbce65f072d4e8c310cb9de,9,apply,succeeded,1788389407.309799,1788389407.313231,1788389454.98231,,20,20
1788391466.3253918,10,1,ghcr.io/talmolab/lablink-client-base-image:linux-amd64-test@sha256:1ec2fde6860186b3d45ac83890167258f83512955dbce65f072d4e8c310cb9de,10,destroy,succeeded,1788390335.82657,1788390335.827949,1788390654.079952,,20,20
1788391466.3253918,10,1,ghcr.io/talmolab/lablink-client-base-image:linux-amd64-test@sha256:1ec2fde6860186b3d45ac83890167258f83512955dbce65f072d4e8c310cb9de,11,apply,succeeded,1788390714.945026,1788390714.946521,1788390768.137505,,35,35
1788391471.709471,10,1,ghcr.io/talmolab/lablink-client-base-image:linux-amd64-test@sha256:1ec2fde6860186b3d45ac83890167258f83512955dbce65f072d4e8c310cb9de,1,apply,succeeded,1788380921.682491,1788380921.685047,1788380971.541328,,20,20
1788391471.709471,10,1,ghcr.io/talmolab/lablink-client-base-image:linux-amd64-test@sha256:1ec2fde6860186b3d45ac83890167258f83512955dbce65f072d4e8c310cb9de,2,destroy,succeeded,1788381612.379228,1788381612.381237,1788381939.351963,,20,20
1788391471.709471,10,1,ghcr.io/talmolab/lablink-client-base-image:linux-amd64-test@sha256:1ec2fde6860186b3d45ac83890167258f83512955dbce65f072d4e8c310cb9de,3,apply,succeeded,1788381976.63281,1788381976.63526,1788382026.043455,,20,20
1788391471.709471,10,1,ghcr.io/talmolab/lablink-client-base-image:linux-amd64-test@sha256:1ec2fde6860186b3d45ac83890167258f83512955dbce65f072d4e8c310cb9de,4,destroy,succeeded,1788382875.148234,1788382875.150169,1788383194.833905,,20,20
1788391471.709471,10,1,ghcr.io/talmolab/lablink-client-base-image:linux-amd64-test@sha256:1ec2fde6860186b3d45ac83890167258f83512955dbce65f072d4e8c310cb9de,5,apply,succeeded,1788383308.62635,1788383308.629388,1788383361.88001,,35,35
1788391471.709471,10,1,ghcr.io/talmolab/lablink-client-base-image:linux-amd64-test@sha256:1ec2fde6860186b3d45ac83890167258f83512955dbce65f072d4e8c310cb9de,6,destroy,succeeded,1788384337.446569,1788384337.448163,1788384657.690712,,35,35
1788391471.709471,10,1,ghcr.io/talmolab/lablink-client-base-image:linux-amd64-test@sha256:1ec2fde6860186b3d45ac83890167258f83512955dbce65f072d4e8c310cb9de,7,apply,succeeded,1788384727.528365,1788384727.530681,1788384808.61864,,95,95
1788391471.709471,10,1,ghcr.io/talmolab/lablink-client-base-image:linux-amd64-test@sha256:1ec2fde6860186b3d45ac83890167258f83512955dbce65f072d4e8c310cb9de,8,destroy,succeeded,1788385076.969534,1788385076.971902,1788385973.63117,,95,95
1788391471.709471,10,1,ghcr.io/talmolab/lablink-client-base-image:linux-amd64-test@sha256:1ec2fde6860186b3d45ac83890167258f83512955dbce65f072d4e8c310cb9de,9,apply,succeeded,1788389407.309799,1788389407.313231,1788389454.98231,,20,20
1788391471.709471,10,1,ghcr.io/talmolab/lablink-client-base-image:linux-amd64-test@sha256:1ec2fde6860186b3d45ac83890167258f83512955dbce65f072d4e8c310cb9de,10,destroy,succeeded,1788390335.82657,1788390335.827949,1788390654.079952,,20,20
1788391471.709471,10,1,ghcr.io/talmolab/lablink-client-base-image:linux-amd64-test@sha256:1ec2fde6860186b3d45ac83890167258f83512955dbce65f072d4e8c310cb9de,11,apply,succeeded,1788390714.945026,1788390714.946521,1788390768.137505,,35,35
1788391476.390595,10,1,ghcr.io/talmolab/lablink-client-base-image:linux-amd64-test@sha256:1ec2fde6860186b3d45ac83890167258f83512955dbce65f072d4e8c310cb9de,1,apply,succeeded,1788380921.682491,1788380921.685047,1788380971.541328,,20,20
1788391476.390595,10,1,ghcr.io/talmolab/lablink-client-base-image:linux-amd64-test@sha256:1ec2fde6860186b3d45ac83890167258f83512955dbce65f072d4e8c310cb9de,2,destroy,succeeded,1788381612.379228,1788381612.381237,1788381939.351963,,20,20
1788391476.390595,10,1,ghcr.io/talmolab/lablink-client-base-image:linux-amd64-test@sha256:1ec2fde6860186b3d45ac83890167258f83512955dbce65f072d4e8c310cb9de,3,apply,succeeded,1788381976.63281,1788381976.63526,1788382026.043455,,20,20
1788391476.390595,10,1,ghcr.io/talmolab/lablink-client-base-image:linux-amd64-test@sha256:1ec2fde6860186b3d45ac83890167258f83512955dbce65f072d4e8c310cb9de,4,destroy,succeeded,1788382875.148234,1788382875.150169,1788383194.833905,,20,20
1788391476.390595,10,1,ghcr.io/talmolab/lablink-client-base-image:linux-amd64-test@sha256:1ec2fde6860186b3d45ac83890167258f83512955dbce65f072d4e8c310cb9de,5,apply,succeeded,1788383308.62635,1788383308.629388,1788383361.88001,,35,35
1788391476.390595,10,1,ghcr.io/talmolab/lablink-client-base-image:linux-amd64-test@sha256:1ec2fde6860186b3d45ac83890167258f83512955dbce65f072d4e8c310cb9de,6,destroy,succeeded,1788384337.446569,1788384337.448163,1788384657.690712,,35,35
1788391476.390595,10,1,ghcr.io/talmolab/lablink-client-base-image:linux-amd64-test@sha256:1ec2fde6860186b3d45ac83890167258f83512955dbce65f072d4e8c310cb9de,7,apply,succeeded,1788384727.528365,1788384727.530681,1788384808.61864,,95,95
1788391476.390595,10,1,ghcr.io/talmolab/lablink-client-base-image:linux-amd64-test@sha256:1ec2fde6860186b3d45ac83890167258f83512955dbce65f072d4e8c310cb9de,8,destroy,succeeded,1788385076.969534,1788385076.971902,1788385973.63117,,95,95
1788391476.390595,10,1,ghcr.io/talmolab/lablink-client-base-image:linux-amd64-test@sha256:1ec2fde6860186b3d45ac83890167258f83512955dbce65f072d4e8c310cb9de,9,apply,succeeded,1788389407.309799,1788389407.313231,1788389454.98231,,20,20
1788391476.390595,10,1,ghcr.io/talmolab/lablink-client-base-image:linux-amd64-test@sha256:1ec2fde6860186b3d45ac83890167258f83512955dbce65f072d4e8c310cb9de,10,destroy,succeeded,1788390335.82657,1788390335.827949,1788390654.079952,,20,20
1788391476.390595,10,1,ghcr.io/talmolab/lablink-client-base-image:linux-amd64-test@sha256:1ec2fde6860186b3d45ac83890167258f83512955dbce65f072d4e8c310cb9de,11,apply,succeeded,1788390714.945026,1788390714.946521,1788390768.137505,,35,35
1788391481.443646,10,1,ghcr.io/talmolab/lablink-client-base-image:linux-amd64-test@sha256:1ec2fde6860186b3d45ac83890167258f83512955dbce65f072d4e8c310cb9de,1,apply,succeeded,1788380921.682491,1788380921.685047,1788380971.541328,,20,20
1788391481.443646,10,1,ghcr.io/talmolab/lablink-client-base-image:linux-amd64-test@sha256:1ec2fde6860186b3d45ac83890167258f83512955dbce65f072d4e8c310cb9de,2,destroy,succeeded,1788381612.379228,1788381612.381237,1788381939.351963,,20,20
1788391481.443646,10,1,ghcr.io/talmolab/lablink-client-base-image:linux-amd64-test@sha256:1ec2fde6860186b3d45ac83890167258f83512955dbce65f072d4e8c310cb9de,3,apply,succeeded,1788381976.63281,1788381976.63526,1788382026.043455,,20,20
1788391481.443646,10,1,ghcr.io/talmolab/lablink-client-base-image:linux-amd64-test@sha256:1ec2fde6860186b3d45ac83890167258f83512955dbce65f072d4e8c310cb9de,4,destroy,succeeded,1788382875.148234,1788382875.150169,1788383194.833905,,20,20
1788391481.443646,10,1,ghcr.io/talmolab/lablink-client-base-image:linux-amd64-test@sha256:1ec2fde6860186b3d45ac83890167258f83512955dbce65f072d4e8c310cb9de,5,apply,succeeded,1788383308.62635,1788383308.629388,1788383361.88001,,35,35
1788391481.443646,10,1,ghcr.io/talmolab/lablink-client-base-image:linux-amd64-test@sha256:1ec2fde6860186b3d45ac83890167258f83512955dbce65f072d4e8c310cb9de,6,destroy,succeeded,1788384337.446569,1788384337.448163,1788384657.690712,,35,35
1788391481.443646,10,1,ghcr.io/talmolab/lablink-client-base-image:linux-amd64-test@sha256:1ec2fde6860186b3d45ac83890167258f83512955dbce65f072d4e8c310cb9de,7,apply,succeeded,1788384727.528365,1788384727.530681,1788384808.61864,,95,95
1788391481.443646,10,1,ghcr.io/talmolab/lablink-client-base-image:linux-amd64-test@sha256:1ec2fde6860186b3d45ac83890167258f83512955dbce65f072d4e8c310cb9de,8,destroy,succeeded,1788385076.969534,1788385076.971902,1788385973.63117,,95,95
1788391481.443646,10,1,ghcr.io/talmolab/lablink-client-base-image:linux-amd64-test@sha256:1ec2fde6860186b3d45ac83890167258f83512955dbce65f072d4e8c310cb9de,9,apply,succeeded,1788389407.309799,1788389407.313231,1788389454.98231,,20,20
1788391481.443646,10,1,ghcr.io/talmolab/lablink-client-base-image:linux-amd64-test@sha256:1ec2fde6860186b3d45ac83890167258f83512955dbce65f072d4e8c310cb9de,10,destroy,succeeded,1788390335.82657,1788390335.827949,1788390654.079952,,20,20
1788391481.443646,10,1,ghcr.io/talmolab/lablink-client-base-image:linux-amd64-test@sha256:1ec2fde6860186b3d45ac83890167258f83512955dbce65f072d4e8c310cb9de,11,apply,succeeded,1788390714.945026,1788390714.946521,1788390768.137505,,35,35
1788391486.387299,10,1,ghcr.io/talmolab/lablink-client-base-image:linux-amd64-test@sha256:1ec2fde6860186b3d45ac83890167258f83512955dbce65f072d4e8c310cb9de,1,apply,succeeded,1788380921.682491,1788380921.685047,1788380971.541328,,20,20
1788391486.387299,10,1,ghcr.io/talmolab/lablink-client-base-image:linux-amd64-test@sha256:1ec2fde6860186b3d45ac83890167258f83512955dbce65f072d4e8c310cb9de,2,destroy,succeeded,1788381612.379228,1788381612.381237,1788381939.351963,,20,20
1788391486.387299,10,1,ghcr.io/talmolab/lablink-client-base-image:linux-amd64-test@sha256:1ec2fde6860186b3d45ac83890167258f83512955dbce65f072d4e8c310cb9de,3,apply,succeeded,1788381976.63281,1788381976.63526,1788382026.043455,,20,20
1788391486.387299,10,1,ghcr.io/talmolab/lablink-client-base-image:linux-amd64-test@sha256:1ec2fde6860186b3d45ac83890167258f83512955dbce65f072d4e8c310cb9de,4,destroy,succeeded,1788382875.148234,1788382875.150169,1788383194.833905,,20,20
1788391486.387299,10,1,ghcr.io/talmolab/lablink-client-base-image:linux-amd64-test@sha256:1ec2fde6860186b3d45ac83890167258f83512955dbce65f072d4e8c310cb9de,5,apply,succeeded,1788383308.62635,1788383308.629388,1788383361.88001,,35,35
1788391486.387299,10,1,ghcr.io/talmolab/lablink-client-base-image:linux-amd64-test@sha256:1ec2fde6860186b3d45ac83890167258f83512955dbce65f072d4e8c310cb9de,6,destroy,succeeded,1788384337.446569,1788384337.448163,1788384657.690712,,35,35
1788391486.387299,10,1,ghcr.io/talmolab/lablink-client-base-image:linux-amd64-test@sha256:1ec2fde6860186b3d45ac83890167258f83512955dbce65f072d4e8c310cb9de,7,apply,succeeded,1788384727.528365,1788384727.530681,1788384808.61864,,95,95
1788391486.387299,10,1,ghcr.io/talmolab/lablink-client-base-image:linux-amd64-test@sha256:1ec2fde6860186b3d45ac83890167258f83512955dbce65f072d4e8c310cb9de,8,destroy,succeeded,1788385076.969534,1788385076.971902,1788385973.63117,,95,95
1788391486.387299,10,1,ghcr.io/talmolab/lablink-client-base-image:linux-amd64-test@sha256:1ec2fde6860186b3d45ac83890167258f83512955dbce65f072d4e8c310cb9de,9,apply,succeeded,1788389407.309799,1788389407.313231,1788389454.98231,,20,20
1788391486.387299,10,1,ghcr.io/talmolab/lablink-client-base-image:linux-amd64-test@sha256:1ec2fde6860186b3d45ac83890167258f83512955dbce65f072d4e8c310cb9de,10,destroy,succeeded,1788390335.82657,1788390335.827949,1788390654.079952,,20,20
1788391486.387299,10,1,ghcr.io/talmolab/lablink-client-base-image:linux-amd64-test@sha256:1ec2fde6860186b3d45ac83890167258f83512955dbce65f072d4e8c310cb9de,11,apply,succeeded,1788390714.945026,1788390714.946521,1788390768.137505,,35,35
1788391491.4051929,10,1,ghcr.io/talmolab/lablink-client-base-image:linux-amd64-test@sha256:1ec2fde6860186b3d45ac83890167258f83512955dbce65f072d4e8c310cb9de,1,apply,succeeded,1788380921.682491,1788380921.685047,1788380971.541328,,20,20
1788391491.4051929,10,1,ghcr.io/talmolab/lablink-client-base-image:linux-amd64-test@sha256:1ec2fde6860186b3d45ac83890167258f83512955dbce65f072d4e8c310cb9de,2,destroy,succeeded,1788381612.379228,1788381612.381237,1788381939.351963,,20,20
1788391491.4051929,10,1,ghcr.io/talmolab/lablink-client-base-image:linux-amd64-test@sha256:1ec2fde6860186b3d45ac83890167258f83512955dbce65f072d4e8c310cb9de,3,apply,succeeded,1788381976.63281,1788381976.63526,1788382026.043455,,20,20
1788391491.4051929,10,1,ghcr.io/talmolab/lablink-client-base-image:linux-amd64-test@sha256:1ec2fde6860186b3d45ac83890167258f83512955dbce65f072d4e8c310cb9de,4,destroy,succeeded,1788382875.148234,1788382875.150169,1788383194.833905,,20,20
1788391491.4051929,10,1,ghcr.io/talmolab/lablink-client-base-image:linux-amd64-test@sha256:1ec2fde6860186b3d45ac83890167258f83512955dbce65f072d4e8c310cb9de,5,apply,succeeded,1788383308.62635,1788383308.629388,1788383361.88001,,35,35
1788391491.4051929,10,1,ghcr.io/talmolab/lablink-client-base-image:linux-amd64-test@sha256:1ec2fde6860186b3d45ac83890167258f83512955dbce65f072d4e8c310cb9de,6,destroy,succeeded,1788384337.446569,1788384337.448163,1788384657.690712,,35,35
1788391491.4051929,10,1,ghcr.io/talmolab/lablink-client-base-image:linux-amd64-test@sha256:1ec2fde6860186b3d45ac83890167258f83512955dbce65f072d4e8c310cb9de,7,apply,succeeded,1788384727.528365,1788384727.530681,1788384808.61864,,95,95
1788391491.4051929,10,1,ghcr.io/talmolab/lablink-client-base-image:linux-amd64-test@sha256:1ec2fde6860186b3d45ac83890167258f83512955dbce65f072d4e8c310cb9de,8,destroy,succeeded,1788385076.969534,1788385076.971902,1788385973.63117,,95,95
1788391491.4051929,10,1,ghcr.io/talmolab/lablink-client-base-image:linux-amd64-test@sha256:1ec2fde6860186b3d45ac83890167258f83512955dbce65f072d4e8c310cb9de,9,apply,succeeded,1788389407.309799,1788389407.313231,1788389454.98231,,20,20
1788391491.4051929,10,1,ghcr.io/talmolab/lablink-client-base-image:linux-amd64-test@sha256:1ec2fde6860186b3d45ac83890167258f83512955dbce65f072d4e8c310cb9de,10,destroy,succeeded,1788390335.82657,1788390335.827949,1788390654.079952,,20,20
1788391491.4051929,10,1,ghcr.io/talmolab/lablink-client-base-image:linux-amd64-test@sha256:1ec2fde6860186b3d45ac83890167258f83512955dbce65f072d4e8c310cb9de,11,apply,succeeded,1788390714.945026,1788390714.946521,1788390768.137505,,35,35
1788391496.368712,10,1,ghcr.io/talmolab/lablink-client-base-image:linux-amd64-test@sha256:1ec2fde6860186b3d45ac83890167258f83512955dbce65f072d4e8c310cb9de,1,apply,succeeded,1788380921.682491,1788380921.685047,1788380971.541328,,20,20
1788391496.368712,10,1,ghcr.io/talmolab/lablink-client-base-image:linux-amd64-test@sha256:1ec2fde6860186b3d45ac83890167258f83512955dbce65f072d4e8c310cb9de,2,destroy,succeeded,1788381612.379228,1788381612.381237,1788381939.351963,,20,20
1788391496.368712,10,1,ghcr.io/talmolab/lablink-client-base-image:linux-amd64-test@sha256:1ec2fde6860186b3d45ac83890167258f83512955dbce65f072d4e8c310cb9de,3,apply,succeeded,1788381976.63281,1788381976.63526,1788382026.043455,,20,20
1788391496.368712,10,1,ghcr.io/talmolab/lablink-client-base-image:linux-amd64-test@sha256:1ec2fde6860186b3d45ac83890167258f83512955dbce65f072d4e8c310cb9de,4,destroy,succeeded,1788382875.148234,1788382875.150169,1788383194.833905,,20,20
1788391496.368712,10,1,ghcr.io/talmolab/lablink-client-base-image:linux-amd64-test@sha256:1ec2fde6860186b3d45ac83890167258f83512955dbce65f072d4e8c310cb9de,5,apply,succeeded,1788383308.62635,1788383308.629388,1788383361.88001,,35,35
1788391496.368712,10,1,ghcr.io/talmolab/lablink-client-base-image:linux-amd64-test@sha256:1ec2fde6860186b3d45ac83890167258f83512955dbce65f072d4e8c310cb9de,6,destroy,succeeded,1788384337.446569,1788384337.448163,1788384657.690712,,35,35
1788391496.368712,10,1,ghcr.io/talmolab/lablink-client-base-image:linux-amd64-test@sha256:1ec2fde6860186b3d45ac83890167258f83512955dbce65f072d4e8c310cb9de,7,apply,succeeded,1788384727.528365,1788384727.530681,1788384808.61864,,95,95
1788391496.368712,10,1,ghcr.io/talmolab/lablink-client-base-image:linux-amd64-test@sha256:1ec2fde6860186b3d45ac83890167258f83512955dbce65f072d4e8c310cb9de,8,destroy,succeeded,1788385076.969534,1788385076.971902,1788385973.63117,,95,95
1788391496.368712,10,1,ghcr.io/talmolab/lablink-client-base-image:linux-amd64-test@sha256:1ec2fde6860186b3d45ac83890167258f83512955dbce65f072d4e8c310cb9de,9,apply,succeeded,1788389407.309799,1788389407.313231,1788389454.98231,,20,20
1788391496.368712,10,1,ghcr.io/talmolab/lablink-client-base-image:linux-amd64-test@sha256:1ec2fde6860186b3d45ac83890167258f83512955dbce65f072d4e8c310cb9de,10,destroy,succeeded,1788390335.82657,1788390335.827949,1788390654.079952,,20,20
1788391496.368712,10,1,ghcr.io/talmolab/lablink-client-base-image:linux-amd64-test@sha256:1ec2fde6860186b3d45ac83890167258f83512955dbce65f072d4e8c310cb9de,11,apply,succeeded,1788390714.945026,1788390714.946521,1788390768.137505,,35,35
1788391501.366233,10,1,ghcr.io/talmolab/lablink-client-base-image:linux-amd64-test@sha256:1ec2fde6860186b3d45ac83890167258f83512955dbce65f072d4e8c310cb9de,1,apply,succeeded,1788380921.682491,1788380921.685047,1788380971.541328,,20,20
1788391501.366233,10,1,ghcr.io/talmolab/lablink-client-base-image:linux-amd64-test@sha256:1ec2fde6860186b3d45ac83890167258f83512955dbce65f072d4e8c310cb9de,2,destroy,succeeded,1788381612.379228,1788381612.381237,1788381939.351963,,20,20
1788391501.366233,10,1,ghcr.io/talmolab/lablink-client-base-image:linux-amd64-test@sha256:1ec2fde6860186b3d45ac83890167258f83512955dbce65f072d4e8c310cb9de,3,apply,succeeded,1788381976.63281,1788381976.63526,1788382026.043455,,20,20
1788391501.366233,10,1,ghcr.io/talmolab/lablink-client-base-image:linux-amd64-test@sha256:1ec2fde6860186b3d45ac83890167258f83512955dbce65f072d4e8c310cb9de,4,destroy,succeeded,1788382875.148234,1788382875.150169,1788383194.833905,,20,20
1788391501.366233,10,1,ghcr.io/talmolab/lablink-client-base-image:linux-amd64-test@sha256:1ec2fde6860186b3d45ac83890167258f83512955dbce65f072d4e8c310cb9de,5,apply,succeeded,1788383308.62635,1788383308.629388,1788383361.88001,,35,35
1788391501.366233,10,1,ghcr.io/talmolab/lablink-client-base-image:linux-amd64-test@sha256:1ec2fde6860186b3d45ac83890167258f83512955dbce65f072d4e8c310cb9de,6,destroy,succeeded,1788384337.446569,1788384337.448163,1788384657.690712,,35,35
1788391501.366233,10,1,ghcr.io/talmolab/lablink-client-base-image:linux-amd64-test@sha256:1ec2fde6860186b3d45ac83890167258f83512955dbce65f072d4e8c310cb9de,7,apply,succeeded,1788384727.528365,1788384727.530681,1788384808.61864,,95,95
1788391501.366233,10,1,ghcr.io/talmolab/lablink-client-base-image:linux-amd64-test@sha256:1ec2fde6860186b3d45ac83890167258f83512955dbce65f072d4e8c310cb9de,8,destroy,succeeded,1788385076.969534,1788385076.971902,1788385973.63117,,95,95
1788391501.366233,10,1,ghcr.io/talmolab/lablink-client-base-image:linux-amd64-test@sha256:1ec2fde6860186b3d45ac83890167258f83512955dbce65f072d4e8c310cb9de,9,apply,succeeded,1788389407.309799,1788389407.313231,1788389454.98231,,20,20
1788391501.366233,10,1,ghcr.io/talmolab/lablink-client-base-image:linux-amd64-test@sha256:1ec2fde6860186b3d45ac83890167258f83512955dbce65f072d4e8c310cb9de,10,destroy,succeeded,1788390335.82657,1788390335.827949,1788390654.079952,,20,20
1788391501.366233,10,1,ghcr.io/talmolab/lablink-client-base-image:linux-amd64-test@sha256:1ec2fde6860186b3d45ac83890167258f83512955dbce65f072d4e8c310cb9de,11,apply,succeeded,1788390714.945026,1788390714.946521,1788390768.137505,,35,35
1788391506.4426858,10,1,ghcr.io/talmolab/lablink-client-base-image:linux-amd64-test@sha256:1ec2fde6860186b3d45ac83890167258f83512955dbce65f072d4e8c310cb9de,1,apply,succeeded,1788380921.682491,1788380921.685047,1788380971.541328,,20,20
1788391506.4426858,10,1,ghcr.io/talmolab/lablink-client-base-image:linux-amd64-test@sha256:1ec2fde6860186b3d45ac83890167258f83512955dbce65f072d4e8c310cb9de,2,destroy,succeeded,1788381612.379228,1788381612.381237,1788381939.351963,,20,20
1788391506.4426858,10,1,ghcr.io/talmolab/lablink-client-base-image:linux-amd64-test@sha256:1ec2fde6860186b3d45ac83890167258f83512955dbce65f072d4e8c310cb9de,3,apply,succeeded,1788381976.63281,1788381976.63526,1788382026.043455,,20,20
1788391506.4426858,10,1,ghcr.io/talmolab/lablink-client-base-image:linux-amd64-test@sha256:1ec2fde6860186b3d45ac83890167258f83512955dbce65f072d4e8c310cb9de,4,destroy,succeeded,1788382875.148234,1788382875.150169,1788383194.833905,,20,20
1788391506.4426858,10,1,ghcr.io/talmolab/lablink-client-base-image:linux-amd64-test@sha256:1ec2fde6860186b3d45ac83890167258f83512955dbce65f072d4e8c310cb9de,5,apply,succeeded,1788383308.62635,1788383308.629388,1788383361.88001,,35,35
1788391506.4426858,10,1,ghcr.io/talmolab/lablink-client-base-image:linux-amd64-test@sha256:1ec2fde6860186b3d45ac83890167258f83512955dbce65f072d4e8c310cb9de,6,destroy,succeeded,1788384337.446569,1788384337.448163,1788384657.690712,,35,35
1788391506.4426858,10,1,ghcr.io/talmolab/lablink-client-base-image:linux-amd64-test@sha256:1ec2fde6860186b3d45ac83890167258f83512955dbce65f072d4e8c310cb9de,7,apply,succeeded,1788384727.528365,1788384727.530681,1788384808.61864,,95,95
1788391506.4426858,10,1,ghcr.io/talmolab/lablink-client-base-image:linux-amd64-test@sha256:1ec2fde6860186b3d45ac83890167258f83512955dbce65f072d4e8c310cb9de,8,destroy,succeeded,1788385076.969534,1788385076.971902,1788385973.63117,,95,95
1788391506.4426858,10,1,ghcr.io/talmolab/lablink-client-base-image:linux-amd64-test@sha256:1ec2fde6860186b3d45ac83890167258f83512955dbce65f072d4e8c310cb9de,9,apply,succeeded,1788389407.309799,1788389407.313231,1788389454.98231,,20,20
1788391506.4426858,10,1,ghcr.io/talmolab/lablink-client-base-image:linux-amd64-test@sha256:1ec2fde6860186b3d45ac83890167258f83512955dbce65f072d4e8c310cb9de,10,destroy,succeeded,1788390335.82657,1788390335.827949,1788390654.079952,,20,20
1788391506.4426858,10,1,ghcr.io/talmolab/lablink-client-base-image:linux-amd64-test@sha256:1ec2fde6860186b3d45ac83890167258f83512955dbce65f072d4e8c310cb9de,11,apply,succeeded,1788390714.945026,1788390714.946521,1788390768.137505,,35,35
1788391511.424244,10,1,ghcr.io/talmolab/lablink-client-base-image:linux-amd64-test@sha256:1ec2fde6860186b3d45ac83890167258f83512955dbce65f072d4e8c310cb9de,1,apply,succeeded,1788380921.682491,1788380921.685047,1788380971.541328,,20,20
1788391511.424244,10,1,ghcr.io/talmolab/lablink-client-base-image:linux-amd64-test@sha256:1ec2fde6860186b3d45ac83890167258f83512955dbce65f072d4e8c310cb9de,2,destroy,succeeded,1788381612.379228,1788381612.381237,1788381939.351963,,20,20
1788391511.424244,10,1,ghcr.io/talmolab/lablink-client-base-image:linux-amd64-test@sha256:1ec2fde6860186b3d45ac83890167258f83512955dbce65f072d4e8c310cb9de,3,apply,succeeded,1788381976.63281,1788381976.63526,1788382026.043455,,20,20
1788391511.424244,10,1,ghcr.io/talmolab/lablink-client-base-image:linux-amd64-test@sha256:1ec2fde6860186b3d45ac83890167258f83512955dbce65f072d4e8c310cb9de,4,destroy,succeeded,1788382875.148234,1788382875.150169,1788383194.833905,,20,20
1788391511.424244,10,1,ghcr.io/talmolab/lablink-client-base-image:linux-amd64-test@sha256:1ec2fde6860186b3d45ac83890167258f83512955dbce65f072d4e8c310cb9de,5,apply,succeeded,1788383308.62635,1788383308.629388,1788383361.88001,,35,35
1788391511.424244,10,1,ghcr.io/talmolab/lablink-client-base-image:linux-amd64-test@sha256:1ec2fde6860186b3d45ac83890167258f83512955dbce65f072d4e8c310cb9de,6,destroy,succeeded,1788384337.446569,1788384337.448163,1788384657.690712,,35,35
1788391511.424244,10,1,ghcr.io/talmolab/lablink-client-base-image:linux-amd64-test@sha256:1ec2fde6860186b3d45ac83890167258f83512955dbce65f072d4e8c310cb9de,7,apply,succeeded,1788384727.528365,1788384727.530681,1788384808.61864,,95,95
1788391511.424244,10,1,ghcr.io/talmolab/lablink-client-base-image:linux-amd64-test@sha256:1ec2fde6860186b3d45ac83890167258f83512955dbce65f072d4e8c310cb9de,8,destroy,succeeded,1788385076.969534,1788385076.971902,1788385973.63117,,95,95
1788391511.424244,10,1,ghcr.io/talmolab/lablink-client-base-image:linux-amd64-test@sha256:1ec2fde6860186b3d45ac83890167258f83512955dbce65f072d4e8c310cb9de,9,apply,succeeded,1788389407.309799,1788389407.313231,1788389454.98231,,20,20
1788391511.424244,10,1,ghcr.io/talmolab/lablink-client-base-image:linux-amd64-test@sha256:1ec2fde6860186b3d45ac83890167258f83512955dbce65f072d4e8c310cb9de,10,destroy,succeeded,1788390335.82657,1788390335.827949,1788390654.079952,,20,20
1788391511.424244,10,1,ghcr.io/talmolab/lablink-client-base-image:linux-amd64-test@sha256:1ec2fde6860186b3d45ac83890167258f83512955dbce65f072d4e8c310cb9de,11,apply,succeeded,1788390714.945026,1788390714.946521,1788390768.137505,,35,35
1788391516.4482791,10,1,ghcr.io/talmolab/lablink-client-base-image:linux-amd64-test@sha256:1ec2fde6860186b3d45ac83890167258f83512955dbce65f072d4e8c310cb9de,1,apply,succeeded,1788380921.682491,1788380921.685047,1788380971.541328,,20,20
1788391516.4482791,10,1,ghcr.io/talmolab/lablink-client-base-image:linux-amd64-test@sha256:1ec2fde6860186b3d45ac83890167258f83512955dbce65f072d4e8c310cb9de,2,destroy,succeeded,1788381612.379228,1788381612.381237,1788381939.351963,,20,20
1788391516.4482791,10,1,ghcr.io/talmolab/lablink-client-base-image:linux-amd64-test@sha256:1ec2fde6860186b3d45ac83890167258f83512955dbce65f072d4e8c310cb9de,3,apply,succeeded,1788381976.63281,1788381976.63526,1788382026.043455,,20,20
1788391516.4482791,10,1,ghcr.io/talmolab/lablink-client-base-image:linux-amd64-test@sha256:1ec2fde6860186b3d45ac83890167258f83512955dbce65f072d4e8c310cb9de,4,destroy,succeeded,1788382875.148234,1788382875.150169,1788383194.833905,,20,20
1788391516.4482791,10,1,ghcr.io/talmolab/lablink-client-base-image:linux-amd64-test@sha256:1ec2fde6860186b3d45ac83890167258f83512955dbce65f072d4e8c310cb9de,5,apply,succeeded,1788383308.62635,1788383308.629388,1788383361.88001,,35,35
1788391516.4482791,10,1,ghcr.io/talmolab/lablink-client-base-image:linux-amd64-test@sha256:1ec2fde6860186b3d45ac83890167258f83512955dbce65f072d4e8c310cb9de,6,destroy,succeeded,1788384337.446569,1788384337.448163,1788384657.690712,,35,35
1788391516.4482791,10,1,ghcr.io/talmolab/lablink-client-base-image:linux-amd64-test@sha256:1ec2fde6860186b3d45ac83890167258f83512955dbce65f072d4e8c310cb9de,7,apply,succeeded,1788384727.528365,1788384727.530681,1788384808.61864,,95,95
1788391516.4482791,10,1,ghcr.io/talmolab/lablink-client-base-image:linux-amd64-test@sha256:1ec2fde6860186b3d45ac83890167258f83512955dbce65f072d4e8c310cb9de,8,destroy,succeeded,1788385076.969534,1788385076.971902,1788385973.63117,,95,95
1788391516.4482791,10,1,ghcr.io/talmolab/lablink-client-base-image:linux-amd64-test@sha256:1ec2fde6860186b3d45ac83890167258f83512955dbce65f072d4e8c310cb9de,9,apply,succeeded,1788389407.309799,1788389407.313231,1788389454.98231,,20,20
1788391516.4482791,10,1,ghcr.io/talmolab/lablink-client-base-image:linux-amd64-test@sha256:1ec2fde6860186b3d45ac83890167258f83512955dbce65f072d4e8c310cb9de,10,destroy,succeeded,1788390335.82657,1788390335.827949,1788390654.079952,,20,20
1788391516.4482791,10,1,ghcr.io/talmolab/lablink-client-base-image:linux-amd64-test@sha256:1ec2fde6860186b3d45ac83890167258f83512955dbce65f072d4e8c310cb9de,11,apply,succeeded,1788390714.945026,1788390714.946521,1788390768.137505,,35,35
1788391521.3607738,10,1,ghcr.io/talmolab/lablink-client-base-image:linux-amd64-test@sha256:1ec2fde6860186b3d45ac83890167258f83512955dbce65f072d4e8c310cb9de,1,apply,succeeded,1788380921.682491,1788380921.685047,1788380971.541328,,20,20
1788391521.3607738,10,1,ghcr.io/talmolab/lablink-client-base-image:linux-amd64-test@sha256:1ec2fde6860186b3d45ac83890167258f83512955dbce65f072d4e8c310cb9de,2,destroy,succeeded,1788381612.379228,1788381612.381237,1788381939.351963,,20,20
1788391521.3607738,10,1,ghcr.io/talmolab/lablink-client-base-image:linux-amd64-test@sha256:1ec2fde6860186b3d45ac83890167258f83512955dbce65f072d4e8c310cb9de,3,apply,succeeded,1788381976.63281,1788381976.63526,1788382026.043455,,20,20
1788391521.3607738,10,1,ghcr.io/talmolab/lablink-client-base-image:linux-amd64-test@sha256:1ec2fde6860186b3d45ac83890167258f83512955dbce65f072d4e8c310cb9de,4,destroy,succeeded,1788382875.148234,1788382875.150169,1788383194.833905,,20,20
1788391521.3607738,10,1,ghcr.io/talmolab/lablink-client-base-image:linux-amd64-test@sha256:1ec2fde6860186b3d45ac83890167258f83512955dbce65f072d4e8c310cb9de,5,apply,succeeded,1788383308.62635,1788383308.629388,1788383361.88001,,35,35
1788391521.3607738,10,1,ghcr.io/talmolab/lablink-client-base-image:linux-amd64-test@sha256:1ec2fde6860186b3d45ac83890167258f83512955dbce65f072d4e8c310cb9de,6,destroy,succeeded,1788384337.446569,1788384337.448163,1788384657.690712,,35,35
1788391521.3607738,10,1,ghcr.io/talmolab/lablink-client-base-image:linux-amd64-test@sha256:1ec2fde6860186b3d45ac83890167258f83512955dbce65f072d4e8c310cb9de,7,apply,succeeded,1788384727.528365,1788384727.530681,1788384808.61864,,95,95
1788391521.3607738,10,1,ghcr.io/talmolab/lablink-client-base-image:linux-amd64-test@sha256:1ec2fde6860186b3d45ac83890167258f83512955dbce65f072d4e8c310cb9de,8,destroy,succeeded,1788385076.969534,1788385076.971902,1788385973.63117,,95,95
1788391521.3607738,10,1,ghcr.io/talmolab/lablink-client-base-image:linux-amd64-test@sha256:1ec2fde6860186b3d45ac83890167258f83512955dbce65f072d4e8c310cb9de,9,apply,succeeded,1788389407.309799,1788389407.313231,1788389454.98231,,20,20
1788391521.3607738,10,1,ghcr.io/talmolab/lablink-client-base-image:linux-amd64-test@sha256:1ec2fde6860186b3d45ac83890167258f83512955dbce65f072d4e8c310cb9de,10,destroy,succeeded,1788390335.82657,1788390335.827949,1788390654.079952,,20,20
1788391521.3607738,10,1,ghcr.io/talmolab/lablink-client-base-image:linux-amd64-test@sha256:1ec2fde6860186b3d45ac83890167258f83512955dbce65f072d4e8c310cb9de,11,apply,succeeded,1788390714.945026,1788390714.946521,1788390768.137505,,35,35
1788391526.36312,10,1,ghcr.io/talmolab/lablink-client-base-image:linux-amd64-test@sha256:1ec2fde6860186b3d45ac83890167258f83512955dbce65f072d4e8c310cb9de,1,apply,succeeded,1788380921.682491,1788380921.685047,1788380971.541328,,20,20
1788391526.36312,10,1,ghcr.io/talmolab/lablink-client-base-image:linux-amd64-test@sha256:1ec2fde6860186b3d45ac83890167258f83512955dbce65f072d4e8c310cb9de,2,destroy,succeeded,1788381612.379228,1788381612.381237,1788381939.351963,,20,20
1788391526.36312,10,1,ghcr.io/talmolab/lablink-client-base-image:linux-amd64-test@sha256:1ec2fde6860186b3d45ac83890167258f83512955dbce65f072d4e8c310cb9de,3,apply,succeeded,1788381976.63281,1788381976.63526,1788382026.043455,,20,20
1788391526.36312,10,1,ghcr.io/talmolab/lablink-client-base-image:linux-amd64-test@sha256:1ec2fde6860186b3d45ac83890167258f83512955dbce65f072d4e8c310cb9de,4,destroy,succeeded,1788382875.148234,1788382875.150169,1788383194.833905,,20,20
1788391526.36312,10,1,ghcr.io/talmolab/lablink-client-base-image:linux-amd64-test@sha256:1ec2fde6860186b3d45ac83890167258f83512955dbce65f072d4e8c310cb9de,5,apply,succeeded,1788383308.62635,1788383308.629388,1788383361.88001,,35,35
1788391526.36312,10,1,ghcr.io/talmolab/lablink-client-base-image:linux-amd64-test@sha256:1ec2fde6860186b3d45ac83890167258f83512955dbce65f072d4e8c310cb9de,6,destroy,succeeded,1788384337.446569,1788384337.448163,1788384657.690712,,35,35
1788391526.36312,10,1,ghcr.io/talmolab/lablink-client-base-image:linux-amd64-test@sha256:1ec2fde6860186b3d45ac83890167258f83512955dbce65f072d4e8c310cb9de,7,apply,succeeded,1788384727.528365,1788384727.530681,1788384808.61864,,95,95
1788391526.36312,10,1,ghcr.io/talmolab/lablink-client-base-image:linux-amd64-test@sha256:1ec2fde6860186b3d45ac83890167258f83512955dbce65f072d4e8c310cb9de,8,destroy,succeeded,1788385076.969534,1788385076.971902,1788385973.63117,,95,95
1788391526.36312,10,1,ghcr.io/talmolab/lablink-client-base-image:linux-amd64-test@sha256:1ec2fde6860186b3d45ac83890167258f83512955dbce65f072d4e8c310cb9de,9,apply,succeeded,1788389407.309799,1788389407.313231,1788389454.98231,,20,20
1788391526.36312,10,1,ghcr.io/talmolab/lablink-client-base-image:linux-amd64-test@sha256:1ec2fde6860186b3d45ac83890167258f83512955dbce65f072d4e8c310cb9de,10,destroy,succeeded,1788390335.82657,1788390335.827949,1788390654.079952,,20,20
1788391526.36312,10,1,ghcr.io/talmolab/lablink-client-base-image:linux-amd64-test@sha256:1ec2fde6860186b3d45ac83890167258f83512955dbce65f072d4e8c310cb9de,11,apply,succeeded,1788390714.945026,1788390714.946521,1788390768.137505,,35,35
1788391531.4426198,10,1,ghcr.io/talmolab/lablink-client-base-image:linux-amd64-test@sha256:1ec2fde6860186b3d45ac83890167258f83512955dbce65f072d4e8c310cb9de,1,apply,succeeded,1788380921.682491,1788380921.685047,1788380971.541328,,20,20
1788391531.4426198,10,1,ghcr.io/talmolab/lablink-client-base-image:linux-amd64-test@sha256:1ec2fde6860186b3d45ac83890167258f83512955dbce65f072d4e8c310cb9de,2,destroy,succeeded,1788381612.379228,1788381612.381237,1788381939.351963,,20,20
1788391531.4426198,10,1,ghcr.io/talmolab/lablink-client-base-image:linux-amd64-test@sha256:1ec2fde6860186b3d45ac83890167258f83512955dbce65f072d4e8c310cb9de,3,apply,succeeded,1788381976.63281,1788381976.63526,1788382026.043455,,20,20
1788391531.4426198,10,1,ghcr.io/talmolab/lablink-client-base-image:linux-amd64-test@sha256:1ec2fde6860186b3d45ac83890167258f83512955dbce65f072d4e8c310cb9de,4,destroy,succeeded,1788382875.148234,1788382875.150169,1788383194.833905,,20,20
1788391531.4426198,10,1,ghcr.io/talmolab/lablink-client-base-image:linux-amd64-test@sha256:1ec2fde6860186b3d45ac83890167258f83512955dbce65f072d4e8c310cb9de,5,apply,succeeded,1788383308.62635,1788383308.629388,1788383361.88001,,35,35
1788391531.4426198,10,1,ghcr.io/talmolab/lablink-client-base-image:linux-amd64-test@sha256:1ec2fde6860186b3d45ac83890167258f83512955dbce65f072d4e8c310cb9de,6,destroy,succeeded,1788384337.446569,1788384337.448163,1788384657.690712,,35,35
1788391531.4426198,10,1,ghcr.io/talmolab/lablink-client-base-image:linux-amd64-test@sha256:1ec2fde6860186b3d45ac83890167258f83512955dbce65f072d4e8c310cb9de,7,apply,succeeded,1788384727.528365,1788384727.530681,1788384808.61864,,95,95
1788391531.4426198,10,1,ghcr.io/talmolab/lablink-client-base-image:linux-amd64-test@sha256:1ec2fde6860186b3d45ac83890167258f83512955dbce65f072d4e8c310cb9de,8,destroy,succeeded,1788385076.969534,1788385076.971902,1788385973.63117,,95,95
1788391531.4426198,10,1,ghcr.io/talmolab/lablink-client-base-image:linux-amd64-test@sha256:1ec2fde6860186b3d45ac83890167258f83512955dbce65f072d4e8c310cb9de,9,apply,succeeded,1788389407.309799,1788389407.313231,1788389454.98231,,20,20
1788391531.4426198,10,1,ghcr.io/talmolab/lablink-client-base-image:linux-amd64-test@sha256:1ec2fde6860186b3d45ac83890167258f83512955dbce65f072d4e8c310cb9de,10,destroy,succeeded,1788390335.82657,1788390335.827949,1788390654.079952,,20,20
1788391531.4426198,10,1,ghcr.io/talmolab/lablink-client-base-image:linux-amd64-test@sha256:1ec2fde6860186b3d45ac83890167258f83512955dbce65f072d4e8c310cb9de,11,apply,succeeded,1788390714.945026,1788390714.946521,1788390768.137505,,35,35
1788391536.74911,10,1,ghcr.io/talmolab/lablink-client-base-image:linux-amd64-test@sha256:1ec2fde6860186b3d45ac83890167258f83512955dbce65f072d4e8c310cb9de,1,apply,succeeded,1788380921.682491,1788380921.685047,1788380971.541328,,20,20
1788391536.74911,10,1,ghcr.io/talmolab/lablink-client-base-image:linux-amd64-test@sha256:1ec2fde6860186b3d45ac83890167258f83512955dbce65f072d4e8c310cb9de,2,destroy,succeeded,1788381612.379228,1788381612.381237,1788381939.351963,,20,20
1788391536.74911,10,1,ghcr.io/talmolab/lablink-client-base-image:linux-amd64-test@sha256:1ec2fde6860186b3d45ac83890167258f83512955dbce65f072d4e8c310cb9de,3,apply,succeeded,1788381976.63281,1788381976.63526,1788382026.043455,,20,20
1788391536.74911,10,1,ghcr.io/talmolab/lablink-client-base-image:linux-amd64-test@sha256:1ec2fde6860186b3d45ac83890167258f83512955dbce65f072d4e8c310cb9de,4,destroy,succeeded,1788382875.148234,1788382875.150169,1788383194.833905,,20,20
1788391536.74911,10,1,ghcr.io/talmolab/lablink-client-base-image:linux-amd64-test@sha256:1ec2fde6860186b3d45ac83890167258f83512955dbce65f072d4e8c310cb9de,5,apply,succeeded,1788383308.62635,1788383308.629388,1788383361.88001,,35,35
1788391536.74911,10,1,ghcr.io/talmolab/lablink-client-base-image:linux-amd64-test@sha256:1ec2fde6860186b3d45ac83890167258f83512955dbce65f072d4e8c310cb9de,6,destroy,succeeded,1788384337.446569,1788384337.448163,1788384657.690712,,35,35
1788391536.74911,10,1,ghcr.io/talmolab/lablink-client-base-image:linux-amd64-test@sha256:1ec2fde6860186b3d45ac83890167258f83512955dbce65f072d4e8c310cb9de,7,apply,succeeded,1788384727.528365,1788384727.530681,1788384808.61864,,95,95
1788391536.74911,10,1,ghcr.io/talmolab/lablink-client-base-image:linux-amd64-test@sha256:1ec2fde6860186b3d45ac83890167258f83512955dbce65f072d4e8c310cb9de,8,destroy,succeeded,1788385076.969534,1788385076.971902,1788385973.63117,,95,95
1788391536.74911,10,1,ghcr.io/talmolab/lablink-client-base-image:linux-amd64-test@sha256:1ec2fde6860186b3d45ac83890167258f83512955dbce65f072d4e8c310cb9de,9,apply,succeeded,1788389407.309799,1788389407.313231,1788389454.98231,,20,20
1788391536.74911,10,1,ghcr.io/talmolab/lablink-client-base-image:linux-amd64-test@sha256:1ec2fde6860186b3d45ac83890167258f83512955dbce65f072d4e8c310cb9de,10,destroy,succeeded,1788390335.82657,1788390335.827949,1788390654.079952,,20,20
1788391536.74911,10,1,ghcr.io/talmolab/lablink-client-base-image:linux-amd64-test@sha256:1ec2fde6860186b3d45ac83890167258f83512955dbce65f072d4e8c310cb9de,11,apply,succeeded,1788390714.945026,1788390714.946521,1788390768.137505,,35,35
1788391541.439112,10,1,ghcr.io/talmolab/lablink-client-base-image:linux-amd64-test@sha256:1ec2fde6860186b3d45ac83890167258f83512955dbce65f072d4e8c310cb9de,1,apply,succeeded,1788380921.682491,1788380921.685047,1788380971.541328,,20,20
1788391541.439112,10,1,ghcr.io/talmolab/lablink-client-base-image:linux-amd64-test@sha256:1ec2fde6860186b3d45ac83890167258f83512955dbce65f072d4e8c310cb9de,2,destroy,succeeded,1788381612.379228,1788381612.381237,1788381939.351963,,20,20
1788391541.439112,10,1,ghcr.io/talmolab/lablink-client-base-image:linux-amd64-test@sha256:1ec2fde6860186b3d45ac83890167258f83512955dbce65f072d4e8c310cb9de,3,apply,succeeded,1788381976.63281,1788381976.63526,1788382026.043455,,20,20
1788391541.439112,10,1,ghcr.io/talmolab/lablink-client-base-image:linux-amd64-test@sha256:1ec2fde6860186b3d45ac83890167258f83512955dbce65f072d4e8c310cb9de,4,destroy,succeeded,1788382875.148234,1788382875.150169,1788383194.833905,,20,20
1788391541.439112,10,1,ghcr.io/talmolab/lablink-client-base-image:linux-amd64-test@sha256:1ec2fde6860186b3d45ac83890167258f83512955dbce65f072d4e8c310cb9de,5,apply,succeeded,1788383308.62635,1788383308.629388,1788383361.88001,,35,35
1788391541.439112,10,1,ghcr.io/talmolab/lablink-client-base-image:linux-amd64-test@sha256:1ec2fde6860186b3d45ac83890167258f83512955dbce65f072d4e8c310cb9de,6,destroy,succeeded,1788384337.446569,1788384337.448163,1788384657.690712,,35,35
1788391541.439112,10,1,ghcr.io/talmolab/lablink-client-base-image:linux-amd64-test@sha256:1ec2fde6860186b3d45ac83890167258f83512955dbce65f072d4e8c310cb9de,7,apply,succeeded,1788384727.528365,1788384727.530681,1788384808.61864,,95,95
1788391541.439112,10,1,ghcr.io/talmolab/lablink-client-base-image:linux-amd64-test@sha256:1ec2fde6860186b3d45ac83890167258f83512955dbce65f072d4e8c310cb9de,8,destroy,succeeded,1788385076.969534,1788385076.971902,1788385973.63117,,95,95
1788391541.439112,10,1,ghcr.io/talmolab/lablink-client-base-image:linux-amd64-test@sha256:1ec2fde6860186b3d45ac83890167258f83512955dbce65f072d4e8c310cb9de,9,apply,succeeded,1788389407.309799,1788389407.313231,1788389454.98231,,20,20
1788391541.439112,10,1,ghcr.io/talmolab/lablink-client-base-image:linux-amd64-test@sha256:1ec2fde6860186b3d45ac83890167258f83512955dbce65f072d4e8c310cb9de,10,destroy,succeeded,1788390335.82657,1788390335.827949,1788390654.079952,,20,20
1788391541.439112,10,1,ghcr.io/talmolab/lablink-client-base-image:linux-amd64-test@sha256:1ec2fde6860186b3d45ac83890167258f83512955dbce65f072d4e8c310cb9de,11,apply,succeeded,1788390714.945026,1788390714.946521,1788390768.137505,,35,35
1788391546.4646442,10,1,ghcr.io/talmolab/lablink-client-base-image:linux-amd64-test@sha256:1ec2fde6860186b3d45ac83890167258f83512955dbce65f072d4e8c310cb9de,1,apply,succeeded,1788380921.682491,1788380921.685047,1788380971.541328,,20,20
1788391546.4646442,10,1,ghcr.io/talmolab/lablink-client-base-image:linux-amd64-test@sha256:1ec2fde6860186b3d45ac83890167258f83512955dbce65f072d4e8c310cb9de,2,destroy,succeeded,1788381612.379228,1788381612.381237,1788381939.351963,,20,20
1788391546.4646442,10,1,ghcr.io/talmolab/lablink-client-base-image:linux-amd64-test@sha256:1ec2fde6860186b3d45ac83890167258f83512955dbce65f072d4e8c310cb9de,3,apply,succeeded,1788381976.63281,1788381976.63526,1788382026.043455,,20,20
1788391546.4646442,10,1,ghcr.io/talmolab/lablink-client-base-image:linux-amd64-test@sha256:1ec2fde6860186b3d45ac83890167258f83512955dbce65f072d4e8c310cb9de,4,destroy,succeeded,1788382875.148234,1788382875.150169,1788383194.833905,,20,20
1788391546.4646442,10,1,ghcr.io/talmolab/lablink-client-base-image:linux-amd64-test@sha256:1ec2fde6860186b3d45ac83890167258f83512955dbce65f072d4e8c310cb9de,5,apply,succeeded,1788383308.62635,1788383308.629388,1788383361.88001,,35,35
1788391546.4646442,10,1,ghcr.io/talmolab/lablink-client-base-image:linux-amd64-test@sha256:1ec2fde6860186b3d45ac83890167258f83512955dbce65f072d4e8c310cb9de,6,destroy,succeeded,1788384337.446569,1788384337.448163,1788384657.690712,,35,35
1788391546.4646442,10,1,ghcr.io/talmolab/lablink-client-base-image:linux-amd64-test@sha256:1ec2fde6860186b3d45ac83890167258f83512955dbce65f072d4e8c310cb9de,7,apply,succeeded,1788384727.528365,1788384727.530681,1788384808.61864,,95,95
1788391546.4646442,10,1,ghcr.io/talmolab/lablink-client-base-image:linux-amd64-test@sha256:1ec2fde6860186b3d45ac83890167258f83512955dbce65f072d4e8c310cb9de,8,destroy,succeeded,1788385076.969534,1788385076.971902,1788385973.63117,,95,95
1788391546.4646442,10,1,ghcr.io/talmolab/lablink-client-base-image:linux-amd64-test@sha256:1ec2fde6860186b3d45ac83890167258f83512955dbce65f072d4e8c310cb9de,9,apply,succeeded,1788389407.309799,1788389407.313231,1788389454.98231,,20,20
1788391546.4646442,10,1,ghcr.io/talmolab/lablink-client-base-image:linux-amd64-test@sha256:1ec2fde6860186b3d45ac83890167258f83512955dbce65f072d4e8c310cb9de,10,destroy,succeeded,1788390335.82657,1788390335.827949,1788390654.079952,,20,20
1788391546.4646442,10,1,ghcr.io/talmolab/lablink-client-base-image:linux-amd64-test@sha256:1ec2fde6860186b3d45ac83890167258f83512955dbce65f072d4e8c310cb9de,11,apply,succeeded,1788390714.945026,1788390714.946521,1788390768.137505,,35,35
1788391551.414885,10,1,ghcr.io/talmolab/lablink-client-base-image:linux-amd64-test@sha256:1ec2fde6860186b3d45ac83890167258f83512955dbce65f072d4e8c310cb9de,1,apply,succeeded,1788380921.682491,1788380921.685047,1788380971.541328,,20,20
1788391551.414885,10,1,ghcr.io/talmolab/lablink-client-base-image:linux-amd64-test@sha256:1ec2fde6860186b3d45ac83890167258f83512955dbce65f072d4e8c310cb9de,2,destroy,succeeded,1788381612.379228,1788381612.381237,1788381939.351963,,20,20
1788391551.414885,10,1,ghcr.io/talmolab/lablink-client-base-image:linux-amd64-test@sha256:1ec2fde6860186b3d45ac83890167258f83512955dbce65f072d4e8c310cb9de,3,apply,succeeded,1788381976.63281,1788381976.63526,1788382026.043455,,20,20
1788391551.414885,10,1,ghcr.io/talmolab/lablink-client-base-image:linux-amd64-test@sha256:1ec2fde6860186b3d45ac83890167258f83512955dbce65f072d4e8c310cb9de,4,destroy,succeeded,1788382875.148234,1788382875.150169,1788383194.833905,,20,20
1788391551.414885,10,1,ghcr.io/talmolab/lablink-client-base-image:linux-amd64-test@sha256:1ec2fde6860186b3d45ac83890167258f83512955dbce65f072d4e8c310cb9de,5,apply,succeeded,1788383308.62635,1788383308.629388,1788383361.88001,,35,35
1788391551.414885,10,1,ghcr.io/talmolab/lablink-client-base-image:linux-amd64-test@sha256:1ec2fde6860186b3d45ac83890167258f83512955dbce65f072d4e8c310cb9de,6,destroy,succeeded,1788384337.446569,1788384337.448163,1788384657.690712,,35,35
1788391551.414885,10,1,ghcr.io/talmolab/lablink-client-base-image:linux-amd64-test@sha256:1ec2fde6860186b3d45ac83890167258f83512955dbce65f072d4e8c310cb9de,7,apply,succeeded,1788384727.528365,1788384727.530681,1788384808.61864,,95,95
1788391551.414885,10,1,ghcr.io/talmolab/lablink-client-base-image:linux-amd64-test@sha256:1ec2fde6860186b3d45ac83890167258f83512955dbce65f072d4e8c310cb9de,8,destroy,succeeded,1788385076.969534,1788385076.971902,1788385973.63117,,95,95
1788391551.414885,10,1,ghcr.io/talmolab/lablink-client-base-image:linux-amd64-test@sha256:1ec2fde6860186b3d45ac83890167258f83512955dbce65f072d4e8c310cb9de,9,apply,succeeded,1788389407.309799,1788389407.313231,1788389454.98231,,20,20
1788391551.414885,10,1,ghcr.io/talmolab/lablink-client-base-image:linux-amd64-test@sha256:1ec2fde6860186b3d45ac83890167258f83512955dbce65f072d4e8c310cb9de,10,destroy,succeeded,1788390335.82657,1788390335.827949,1788390654.079952,,20,20
1788391551.414885,10,1,ghcr.io/talmolab/lablink-client-base-image:linux-amd64-test@sha256:1ec2fde6860186b3d45ac83890167258f83512955dbce65f072d4e8c310cb9de,11,apply,succeeded,1788390714.945026,1788390714.946521,1788390768.137505,,35,35
1788391556.322946,10,1,ghcr.io/talmolab/lablink-client-base-image:linux-amd64-test@sha256:1ec2fde6860186b3d45ac83890167258f83512955dbce65f072d4e8c310cb9de,1,apply,succeeded,1788380921.682491,1788380921.685047,1788380971.541328,,20,20
1788391556.322946,10,1,ghcr.io/talmolab/lablink-client-base-image:linux-amd64-test@sha256:1ec2fde6860186b3d45ac83890167258f83512955dbce65f072d4e8c310cb9de,2,destroy,succeeded,1788381612.379228,1788381612.381237,1788381939.351963,,20,20
1788391556.322946,10,1,ghcr.io/talmolab/lablink-client-base-image:linux-amd64-test@sha256:1ec2fde6860186b3d45ac83890167258f83512955dbce65f072d4e8c310cb9de,3,apply,succeeded,1788381976.63281,1788381976.63526,1788382026.043455,,20,20
1788391556.322946,10,1,ghcr.io/talmolab/lablink-client-base-image:linux-amd64-test@sha256:1ec2fde6860186b3d45ac83890167258f83512955dbce65f072d4e8c310cb9de,4,destroy,succeeded,1788382875.148234,1788382875.150169,1788383194.833905,,20,20
1788391556.322946,10,1,ghcr.io/talmolab/lablink-client-base-image:linux-amd64-test@sha256:1ec2fde6860186b3d45ac83890167258f83512955dbce65f072d4e8c310cb9de,5,apply,succeeded,1788383308.62635,1788383308.629388,1788383361.88001,,35,35
1788391556.322946,10,1,ghcr.io/talmolab/lablink-client-base-image:linux-amd64-test@sha256:1ec2fde6860186b3d45ac83890167258f83512955dbce65f072d4e8c310cb9de,6,destroy,succeeded,1788384337.446569,1788384337.448163,1788384657.690712,,35,35
1788391556.322946,10,1,ghcr.io/talmolab/lablink-client-base-image:linux-amd64-test@sha256:1ec2fde6860186b3d45ac83890167258f83512955dbce65f072d4e8c310cb9de,7,apply,succeeded,1788384727.528365,1788384727.530681,1788384808.61864,,95,95
1788391556.322946,10,1,ghcr.io/talmolab/lablink-client-base-image:linux-amd64-test@sha256:1ec2fde6860186b3d45ac83890167258f83512955dbce65f072d4e8c310cb9de,8,destroy,succeeded,1788385076.969534,1788385076.971902,1788385973.63117,,95,95
1788391556.322946,10,1,ghcr.io/talmolab/lablink-client-base-image:linux-amd64-test@sha256:1ec2fde6860186b3d45ac83890167258f83512955dbce65f072d4e8c310cb9de,9,apply,succeeded,1788389407.309799,1788389407.313231,1788389454.98231,,20,20
1788391556.322946,10,1,ghcr.io/talmolab/lablink-client-base-image:linux-amd64-test@sha256:1ec2fde6860186b3d45ac83890167258f83512955dbce65f072d4e8c310cb9de,10,destroy,succeeded,1788390335.82657,1788390335.827949,1788390654.079952,,20,20
1788391556.322946,10,1,ghcr.io/talmolab/lablink-client-base-image:linux-amd64-test@sha256:1ec2fde6860186b3d45ac83890167258f83512955dbce65f072d4e8c310cb9de,11,apply,succeeded,1788390714.945026,1788390714.946521,1788390768.137505,,35,35
1788391561.522315,10,1,ghcr.io/talmolab/lablink-client-base-image:linux-amd64-test@sha256:1ec2fde6860186b3d45ac83890167258f83512955dbce65f072d4e8c310cb9de,1,apply,succeeded,1788380921.682491,1788380921.685047,1788380971.541328,,20,20
1788391561.522315,10,1,ghcr.io/talmolab/lablink-client-base-image:linux-amd64-test@sha256:1ec2fde6860186b3d45ac83890167258f83512955dbce65f072d4e8c310cb9de,2,destroy,succeeded,1788381612.379228,1788381612.381237,1788381939.351963,,20,20
1788391561.522315,10,1,ghcr.io/talmolab/lablink-client-base-image:linux-amd64-test@sha256:1ec2fde6860186b3d45ac83890167258f83512955dbce65f072d4e8c310cb9de,3,apply,succeeded,1788381976.63281,1788381976.63526,1788382026.043455,,20,20
1788391561.522315,10,1,ghcr.io/talmolab/lablink-client-base-image:linux-amd64-test@sha256:1ec2fde6860186b3d45ac83890167258f83512955dbce65f072d4e8c310cb9de,4,destroy,succeeded,1788382875.148234,1788382875.150169,1788383194.833905,,20,20
1788391561.522315,10,1,ghcr.io/talmolab/lablink-client-base-image:linux-amd64-test@sha256:1ec2fde6860186b3d45ac83890167258f83512955dbce65f072d4e8c310cb9de,5,apply,succeeded,1788383308.62635,1788383308.629388,1788383361.88001,,35,35
1788391561.522315,10,1,ghcr.io/talmolab/lablink-client-base-image:linux-amd64-test@sha256:1ec2fde6860186b3d45ac83890167258f83512955dbce65f072d4e8c310cb9de,6,destroy,succeeded,1788384337.446569,1788384337.448163,1788384657.690712,,35,35
1788391561.522315,10,1,ghcr.io/talmolab/lablink-client-base-image:linux-amd64-test@sha256:1ec2fde6860186b3d45ac83890167258f83512955dbce65f072d4e8c310cb9de,7,apply,succeeded,1788384727.528365,1788384727.530681,1788384808.61864,,95,95
1788391561.522315,10,1,ghcr.io/talmolab/lablink-client-base-image:linux-amd64-test@sha256:1ec2fde6860186b3d45ac83890167258f83512955dbce65f072d4e8c310cb9de,8,destroy,succeeded,1788385076.969534,1788385076.971902,1788385973.63117,,95,95
1788391561.522315,10,1,ghcr.io/talmolab/lablink-client-base-image:linux-amd64-test@sha256:1ec2fde6860186b3d45ac83890167258f83512955dbce65f072d4e8c310cb9de,9,apply,succeeded,1788389407.309799,1788389407.313231,1788389454.98231,,20,20
1788391561.522315,10,1,ghcr.io/talmolab/lablink-client-base-image:linux-amd64-test@sha256:1ec2fde6860186b3d45ac83890167258f83512955dbce65f072d4e8c310cb9de,10,destroy,succeeded,1788390335.82657,1788390335.827949,1788390654.079952,,20,20
1788391561.522315,10,1,ghcr.io/talmolab/lablink-client-base-image:linux-amd64-test@sha256:1ec2fde6860186b3d45ac83890167258f83512955dbce65f072d4e8c310cb9de,11,apply,succeeded,1788390714.945026,1788390714.946521,1788390768.137505,,35,35
1788391566.383578,10,1,ghcr.io/talmolab/lablink-client-base-image:linux-amd64-test@sha256:1ec2fde6860186b3d45ac83890167258f83512955dbce65f072d4e8c310cb9de,1,apply,succeeded,1788380921.682491,1788380921.685047,1788380971.541328,,20,20
1788391566.383578,10,1,ghcr.io/talmolab/lablink-client-base-image:linux-amd64-test@sha256:1ec2fde6860186b3d45ac83890167258f83512955dbce65f072d4e8c310cb9de,2,destroy,succeeded,1788381612.379228,1788381612.381237,1788381939.351963,,20,20
1788391566.383578,10,1,ghcr.io/talmolab/lablink-client-base-image:linux-amd64-test@sha256:1ec2fde6860186b3d45ac83890167258f83512955dbce65f072d4e8c310cb9de,3,apply,succeeded,1788381976.63281,1788381976.63526,1788382026.043455,,20,20
1788391566.383578,10,1,ghcr.io/talmolab/lablink-client-base-image:linux-amd64-test@sha256:1ec2fde6860186b3d45ac83890167258f83512955dbce65f072d4e8c310cb9de,4,destroy,succeeded,1788382875.148234,1788382875.150169,1788383194.833905,,20,20
1788391566.383578,10,1,ghcr.io/talmolab/lablink-client-base-image:linux-amd64-test@sha256:1ec2fde6860186b3d45ac83890167258f83512955dbce65f072d4e8c310cb9de,5,apply,succeeded,1788383308.62635,1788383308.629388,1788383361.88001,,35,35
1788391566.383578,10,1,ghcr.io/talmolab/lablink-client-base-image:linux-amd64-test@sha256:1ec2fde6860186b3d45ac83890167258f83512955dbce65f072d4e8c310cb9de,6,destroy,succeeded,1788384337.446569,1788384337.448163,1788384657.690712,,35,35
1788391566.383578,10,1,ghcr.io/talmolab/lablink-client-base-image:linux-amd64-test@sha256:1ec2fde6860186b3d45ac83890167258f83512955dbce65f072d4e8c310cb9de,7,apply,succeeded,1788384727.528365,1788384727.530681,1788384808.61864,,95,95
1788391566.383578,10,1,ghcr.io/talmolab/lablink-client-base-image:linux-amd64-test@sha256:1ec2fde6860186b3d45ac83890167258f83512955dbce65f072d4e8c310cb9de,8,destroy,succeeded,1788385076.969534,1788385076.971902,1788385973.63117,,95,95
1788391566.383578,10,1,ghcr.io/talmolab/lablink-client-base-image:linux-amd64-test@sha256:1ec2fde6860186b3d45ac83890167258f83512955dbce65f072d4e8c310cb9de,9,apply,succeeded,1788389407.309799,1788389407.313231,1788389454.98231,,20,20
1788391566.383578,10,1,ghcr.io/talmolab/lablink-client-base-image:linux-amd64-test@sha256:1ec2fde6860186b3d45ac83890167258f83512955dbce65f072d4e8c310cb9de,10,destroy,succeeded,1788390335.82657,1788390335.827949,1788390654.079952,,20,20
1788391566.383578,10,1,ghcr.io/talmolab/lablink-client-base-image:linux-amd64-test@sha256:1ec2fde6860186b3d45ac83890167258f83512955dbce65f072d4e8c310cb9de,11,apply,succeeded,1788390714.945026,1788390714.946521,1788390768.137505,,35,35
1788391571.399271,10,1,ghcr.io/talmolab/lablink-client-base-image:linux-amd64-test@sha256:1ec2fde6860186b3d45ac83890167258f83512955dbce65f072d4e8c310cb9de,1,apply,succeeded,1788380921.682491,1788380921.685047,1788380971.541328,,20,20
1788391571.399271,10,1,ghcr.io/talmolab/lablink-client-base-image:linux-amd64-test@sha256:1ec2fde6860186b3d45ac83890167258f83512955dbce65f072d4e8c310cb9de,2,destroy,succeeded,1788381612.379228,1788381612.381237,1788381939.351963,,20,20
1788391571.399271,10,1,ghcr.io/talmolab/lablink-client-base-image:linux-amd64-test@sha256:1ec2fde6860186b3d45ac83890167258f83512955dbce65f072d4e8c310cb9de,3,apply,succeeded,1788381976.63281,1788381976.63526,1788382026.043455,,20,20
1788391571.399271,10,1,ghcr.io/talmolab/lablink-client-base-image:linux-amd64-test@sha256:1ec2fde6860186b3d45ac83890167258f83512955dbce65f072d4e8c310cb9de,4,destroy,succeeded,1788382875.148234,1788382875.150169,1788383194.833905,,20,20
1788391571.399271,10,1,ghcr.io/talmolab/lablink-client-base-image:linux-amd64-test@sha256:1ec2fde6860186b3d45ac83890167258f83512955dbce65f072d4e8c310cb9de,5,apply,succeeded,1788383308.62635,1788383308.629388,1788383361.88001,,35,35
1788391571.399271,10,1,ghcr.io/talmolab/lablink-client-base-image:linux-amd64-test@sha256:1ec2fde6860186b3d45ac83890167258f83512955dbce65f072d4e8c310cb9de,6,destroy,succeeded,1788384337.446569,1788384337.448163,1788384657.690712,,35,35
1788391571.399271,10,1,ghcr.io/talmolab/lablink-client-base-image:linux-amd64-test@sha256:1ec2fde6860186b3d45ac83890167258f83512955dbce65f072d4e8c310cb9de,7,apply,succeeded,1788384727.528365,1788384727.530681,1788384808.61864,,95,95
1788391571.399271,10,1,ghcr.io/talmolab/lablink-client-base-image:linux-amd64-test@sha256:1ec2fde6860186b3d45ac83890167258f83512955dbce65f072d4e8c310cb9de,8,destroy,succeeded,1788385076.969534,1788385076.971902,1788385973.63117,,95,95
1788391571.399271,10,1,ghcr.io/talmolab/lablink-client-base-image:linux-amd64-test@sha256:1ec2fde6860186b3d45ac83890167258f83512955dbce65f072d4e8c310cb9de,9,apply,succeeded,1788389407.309799,1788389407.313231,1788389454.98231,,20,20
1788391571.399271,10,1,ghcr.io/talmolab/lablink-client-base-image:linux-amd64-test@sha256:1ec2fde6860186b3d45ac83890167258f83512955dbce65f072d4e8c310cb9de,10,destroy,succeeded,1788390335.82657,1788390335.827949,1788390654.079952,,20,20
1788391571.399271,10,1,ghcr.io/talmolab/lablink-client-base-image:linux-amd64-test@sha256:1ec2fde6860186b3d45ac83890167258f83512955dbce65f072d4e8c310cb9de,11,apply,succeeded,1788390714.945026,1788390714.946521,1788390768.137505,,35,35
1788391576.389984,10,1,ghcr.io/talmolab/lablink-client-base-image:linux-amd64-test@sha256:1ec2fde6860186b3d45ac83890167258f83512955dbce65f072d4e8c310cb9de,1,apply,succeeded,1788380921.682491,1788380921.685047,1788380971.541328,,20,20
1788391576.389984,10,1,ghcr.io/talmolab/lablink-client-base-image:linux-amd64-test@sha256:1ec2fde6860186b3d45ac83890167258f83512955dbce65f072d4e8c310cb9de,2,destroy,succeeded,1788381612.379228,1788381612.381237,1788381939.351963,,20,20
1788391576.389984,10,1,ghcr.io/talmolab/lablink-client-base-image:linux-amd64-test@sha256:1ec2fde6860186b3d45ac83890167258f83512955dbce65f072d4e8c310cb9de,3,apply,succeeded,1788381976.63281,1788381976.63526,1788382026.043455,,20,20
1788391576.389984,10,1,ghcr.io/talmolab/lablink-client-base-image:linux-amd64-test@sha256:1ec2fde6860186b3d45ac83890167258f83512955dbce65f072d4e8c310cb9de,4,destroy,succeeded,1788382875.148234,1788382875.150169,1788383194.833905,,20,20
1788391576.389984,10,1,ghcr.io/talmolab/lablink-client-base-image:linux-amd64-test@sha256:1ec2fde6860186b3d45ac83890167258f83512955dbce65f072d4e8c310cb9de,5,apply,succeeded,1788383308.62635,1788383308.629388,1788383361.88001,,35,35
1788391576.389984,10,1,ghcr.io/talmolab/lablink-client-base-image:linux-amd64-test@sha256:1ec2fde6860186b3d45ac83890167258f83512955dbce65f072d4e8c310cb9de,6,destroy,succeeded,1788384337.446569,1788384337.448163,1788384657.690712,,35,35
1788391576.389984,10,1,ghcr.io/talmolab/lablink-client-base-image:linux-amd64-test@sha256:1ec2fde6860186b3d45ac83890167258f83512955dbce65f072d4e8c310cb9de,7,apply,succeeded,1788384727.528365,1788384727.530681,1788384808.61864,,95,95
1788391576.389984,10,1,ghcr.io/talmolab/lablink-client-base-image:linux-amd64-test@sha256:1ec2fde6860186b3d45ac83890167258f83512955dbce65f072d4e8c310cb9de,8,destroy,succeeded,1788385076.969534,1788385076.971902,1788385973.63117,,95,95
1788391576.389984,10,1,ghcr.io/talmolab/lablink-client-base-image:linux-amd64-test@sha256:1ec2fde6860186b3d45ac83890167258f83512955dbce65f072d4e8c310cb9de,9,apply,succeeded,1788389407.309799,1788389407.313231,1788389454.98231,,20,20
1788391576.389984,10,1,ghcr.io/talmolab/lablink-client-base-image:linux-amd64-test@sha256:1ec2fde6860186b3d45ac83890167258f83512955dbce65f072d4e8c310cb9de,10,destroy,succeeded,1788390335.82657,1788390335.827949,1788390654.079952,,20,20
1788391576.389984,10,1,ghcr.io/talmolab/lablink-client-base-image:linux-amd64-test@sha256:1ec2fde6860186b3d45ac83890167258f83512955dbce65f072d4e8c310cb9de,11,apply,succeeded,1788390714.945026,1788390714.946521,1788390768.137505,,35,35
1788391581.407553,10,1,ghcr.io/talmolab/lablink-client-base-image:linux-amd64-test@sha256:1ec2fde6860186b3d45ac83890167258f83512955dbce65f072d4e8c310cb9de,1,apply,succeeded,1788380921.682491,1788380921.685047,1788380971.541328,,20,20
1788391581.407553,10,1,ghcr.io/talmolab/lablink-client-base-image:linux-amd64-test@sha256:1ec2fde6860186b3d45ac83890167258f83512955dbce65f072d4e8c310cb9de,2,destroy,succeeded,1788381612.379228,1788381612.381237,1788381939.351963,,20,20
1788391581.407553,10,1,ghcr.io/talmolab/lablink-client-base-image:linux-amd64-test@sha256:1ec2fde6860186b3d45ac83890167258f83512955dbce65f072d4e8c310cb9de,3,apply,succeeded,1788381976.63281,1788381976.63526,1788382026.043455,,20,20
1788391581.407553,10,1,ghcr.io/talmolab/lablink-client-base-image:linux-amd64-test@sha256:1ec2fde6860186b3d45ac83890167258f83512955dbce65f072d4e8c310cb9de,4,destroy,succeeded,1788382875.148234,1788382875.150169,1788383194.833905,,20,20
1788391581.407553,10,1,ghcr.io/talmolab/lablink-client-base-image:linux-amd64-test@sha256:1ec2fde6860186b3d45ac83890167258f83512955dbce65f072d4e8c310cb9de,5,apply,succeeded,1788383308.62635,1788383308.629388,1788383361.88001,,35,35
1788391581.407553,10,1,ghcr.io/talmolab/lablink-client-base-image:linux-amd64-test@sha256:1ec2fde6860186b3d45ac83890167258f83512955dbce65f072d4e8c310cb9de,6,destroy,succeeded,1788384337.446569,1788384337.448163,1788384657.690712,,35,35
1788391581.407553,10,1,ghcr.io/talmolab/lablink-client-base-image:linux-amd64-test@sha256:1ec2fde6860186b3d45ac83890167258f83512955dbce65f072d4e8c310cb9de,7,apply,succeeded,1788384727.528365,1788384727.530681,1788384808.61864,,95,95
1788391581.407553,10,1,ghcr.io/talmolab/lablink-client-base-image:linux-amd64-test@sha256:1ec2fde6860186b3d45ac83890167258f83512955dbce65f072d4e8c310cb9de,8,destroy,succeeded,1788385076.969534,1788385076.971902,1788385973.63117,,95,95
1788391581.407553,10,1,ghcr.io/talmolab/lablink-client-base-image:linux-amd64-test@sha256:1ec2fde6860186b3d45ac83890167258f83512955dbce65f072d4e8c310cb9de,9,apply,succeeded,1788389407.309799,1788389407.313231,1788389454.98231,,20,20
1788391581.407553,10,1,ghcr.io/talmolab/lablink-client-base-image:linux-amd64-test@sha256:1ec2fde6860186b3d45ac83890167258f83512955dbce65f072d4e8c310cb9de,10,destroy,succeeded,1788390335.82657,1788390335.827949,1788390654.079952,,20,20
1788391581.407553,10,1,ghcr.io/talmolab/lablink-client-base-image:linux-amd64-test@sha256:1ec2fde6860186b3d45ac83890167258f83512955dbce65f072d4e8c310cb9de,11,apply,succeeded,1788390714.945026,1788390714.946521,1788390768.137505,,35,35
1788391586.49492,10,1,ghcr.io/talmolab/lablink-client-base-image:linux-amd64-test@sha256:1ec2fde6860186b3d45ac83890167258f83512955dbce65f072d4e8c310cb9de,1,apply,succeeded,1788380921.682491,1788380921.685047,1788380971.541328,,20,20
1788391586.49492,10,1,ghcr.io/talmolab/lablink-client-base-image:linux-amd64-test@sha256:1ec2fde6860186b3d45ac83890167258f83512955dbce65f072d4e8c310cb9de,2,destroy,succeeded,1788381612.379228,1788381612.381237,1788381939.351963,,20,20
1788391586.49492,10,1,ghcr.io/talmolab/lablink-client-base-image:linux-amd64-test@sha256:1ec2fde6860186b3d45ac83890167258f83512955dbce65f072d4e8c310cb9de,3,apply,succeeded,1788381976.63281,1788381976.63526,1788382026.043455,,20,20
1788391586.49492,10,1,ghcr.io/talmolab/lablink-client-base-image:linux-amd64-test@sha256:1ec2fde6860186b3d45ac83890167258f83512955dbce65f072d4e8c310cb9de,4,destroy,succeeded,1788382875.148234,1788382875.150169,1788383194.833905,,20,20
1788391586.49492,10,1,ghcr.io/talmolab/lablink-client-base-image:linux-amd64-test@sha256:1ec2fde6860186b3d45ac83890167258f83512955dbce65f072d4e8c310cb9de,5,apply,succeeded,1788383308.62635,1788383308.629388,1788383361.88001,,35,35
1788391586.49492,10,1,ghcr.io/talmolab/lablink-client-base-image:linux-amd64-test@sha256:1ec2fde6860186b3d45ac83890167258f83512955dbce65f072d4e8c310cb9de,6,destroy,succeeded,1788384337.446569,1788384337.448163,1788384657.690712,,35,35
1788391586.49492,10,1,ghcr.io/talmolab/lablink-client-base-image:linux-amd64-test@sha256:1ec2fde6860186b3d45ac83890167258f83512955dbce65f072d4e8c310cb9de,7,apply,succeeded,1788384727.528365,1788384727.530681,1788384808.61864,,95,95
1788391586.49492,10,1,ghcr.io/talmolab/lablink-client-base-image:linux-amd64-test@sha256:1ec2fde6860186b3d45ac83890167258f83512955dbce65f072d4e8c310cb9de,8,destroy,succeeded,1788385076.969534,1788385076.971902,1788385973.63117,,95,95
1788391586.49492,10,1,ghcr.io/talmolab/lablink-client-base-image:linux-amd64-test@sha256:1ec2fde6860186b3d45ac83890167258f83512955dbce65f072d4e8c310cb9de,9,apply,succeeded,1788389407.309799,1788389407.313231,1788389454.98231,,20,20
1788391586.49492,10,1,ghcr.io/talmolab/lablink-client-base-image:linux-amd64-test@sha256:1ec2fde6860186b3d45ac83890167258f83512955dbce65f072d4e8c310cb9de,10,destroy,succeeded,1788390335.82657,1788390335.827949,1788390654.079952,,20,20
1788391586.49492,10,1,ghcr.io/talmolab/lablink-client-base-image:linux-amd64-test@sha256:1ec2fde6860186b3d45ac83890167258f83512955dbce65f072d4e8c310cb9de,11,apply,succeeded,1788390714.945026,1788390714.946521,1788390768.137505,,35,35
1788391591.447894,10,1,ghcr.io/talmolab/lablink-client-base-image:linux-amd64-test@sha256:1ec2fde6860186b3d45ac83890167258f83512955dbce65f072d4e8c310cb9de,1,apply,succeeded,1788380921.682491,1788380921.685047,1788380971.541328,,20,20
1788391591.447894,10,1,ghcr.io/talmolab/lablink-client-base-image:linux-amd64-test@sha256:1ec2fde6860186b3d45ac83890167258f83512955dbce65f072d4e8c310cb9de,2,destroy,succeeded,1788381612.379228,1788381612.381237,1788381939.351963,,20,20
1788391591.447894,10,1,ghcr.io/talmolab/lablink-client-base-image:linux-amd64-test@sha256:1ec2fde6860186b3d45ac83890167258f83512955dbce65f072d4e8c310cb9de,3,apply,succeeded,1788381976.63281,1788381976.63526,1788382026.043455,,20,20
1788391591.447894,10,1,ghcr.io/talmolab/lablink-client-base-image:linux-amd64-test@sha256:1ec2fde6860186b3d45ac83890167258f83512955dbce65f072d4e8c310cb9de,4,destroy,succeeded,1788382875.148234,1788382875.150169,1788383194.833905,,20,20
1788391591.447894,10,1,ghcr.io/talmolab/lablink-client-base-image:linux-amd64-test@sha256:1ec2fde6860186b3d45ac83890167258f83512955dbce65f072d4e8c310cb9de,5,apply,succeeded,1788383308.62635,1788383308.629388,1788383361.88001,,35,35
1788391591.447894,10,1,ghcr.io/talmolab/lablink-client-base-image:linux-amd64-test@sha256:1ec2fde6860186b3d45ac83890167258f83512955dbce65f072d4e8c310cb9de,6,destroy,succeeded,1788384337.446569,1788384337.448163,1788384657.690712,,35,35
1788391591.447894,10,1,ghcr.io/talmolab/lablink-client-base-image:linux-amd64-test@sha256:1ec2fde6860186b3d45ac83890167258f83512955dbce65f072d4e8c310cb9de,7,apply,succeeded,1788384727.528365,1788384727.530681,1788384808.61864,,95,95
1788391591.447894,10,1,ghcr.io/talmolab/lablink-client-base-image:linux-amd64-test@sha256:1ec2fde6860186b3d45ac83890167258f83512955dbce65f072d4e8c310cb9de,8,destroy,succeeded,1788385076.969534,1788385076.971902,1788385973.63117,,95,95
1788391591.447894,10,1,ghcr.io/talmolab/lablink-client-base-image:linux-amd64-test@sha256:1ec2fde6860186b3d45ac83890167258f83512955dbce65f072d4e8c310cb9de,9,apply,succeeded,1788389407.309799,1788389407.313231,1788389454.98231,,20,20
1788391591.447894,10,1,ghcr.io/talmolab/lablink-client-base-image:linux-amd64-test@sha256:1ec2fde6860186b3d45ac83890167258f83512955dbce65f072d4e8c310cb9de,10,destroy,succeeded,1788390335.82657,1788390335.827949,1788390654.079952,,20,20
1788391591.447894,10,1,ghcr.io/talmolab/lablink-client-base-image:linux-amd64-test@sha256:1ec2fde6860186b3d45ac83890167258f83512955dbce65f072d4e8c310cb9de,11,apply,succeeded,1788390714.945026,1788390714.946521,1788390768.137505,,35,35
1788391596.791748,10,1,ghcr.io/talmolab/lablink-client-base-image:linux-amd64-test@sha256:1ec2fde6860186b3d45ac83890167258f83512955dbce65f072d4e8c310cb9de,1,apply,succeeded,1788380921.682491,1788380921.685047,1788380971.541328,,20,20
1788391596.791748,10,1,ghcr.io/talmolab/lablink-client-base-image:linux-amd64-test@sha256:1ec2fde6860186b3d45ac83890167258f83512955dbce65f072d4e8c310cb9de,2,destroy,succeeded,1788381612.379228,1788381612.381237,1788381939.351963,,20,20
1788391596.791748,10,1,ghcr.io/talmolab/lablink-client-base-image:linux-amd64-test@sha256:1ec2fde6860186b3d45ac83890167258f83512955dbce65f072d4e8c310cb9de,3,apply,succeeded,1788381976.63281,1788381976.63526,1788382026.043455,,20,20
1788391596.791748,10,1,ghcr.io/talmolab/lablink-client-base-image:linux-amd64-test@sha256:1ec2fde6860186b3d45ac83890167258f83512955dbce65f072d4e8c310cb9de,4,destroy,succeeded,1788382875.148234,1788382875.150169,1788383194.833905,,20,20
1788391596.791748,10,1,ghcr.io/talmolab/lablink-client-base-image:linux-amd64-test@sha256:1ec2fde6860186b3d45ac83890167258f83512955dbce65f072d4e8c310cb9de,5,apply,succeeded,1788383308.62635,1788383308.629388,1788383361.88001,,35,35
1788391596.791748,10,1,ghcr.io/talmolab/lablink-client-base-image:linux-amd64-test@sha256:1ec2fde6860186b3d45ac83890167258f83512955dbce65f072d4e8c310cb9de,6,destroy,succeeded,1788384337.446569,1788384337.448163,1788384657.690712,,35,35
1788391596.791748,10,1,ghcr.io/talmolab/lablink-client-base-image:linux-amd64-test@sha256:1ec2fde6860186b3d45ac83890167258f83512955dbce65f072d4e8c310cb9de,7,apply,succeeded,1788384727.528365,1788384727.530681,1788384808.61864,,95,95
1788391596.791748,10,1,ghcr.io/talmolab/lablink-client-base-image:linux-amd64-test@sha256:1ec2fde6860186b3d45ac83890167258f83512955dbce65f072d4e8c310cb9de,8,destroy,succeeded,1788385076.969534,1788385076.971902,1788385973.63117,,95,95
1788391596.791748,10,1,ghcr.io/talmolab/lablink-client-base-image:linux-amd64-test@sha256:1ec2fde6860186b3d45ac83890167258f83512955dbce65f072d4e8c310cb9de,9,apply,succeeded,1788389407.309799,1788389407.313231,1788389454.98231,,20,20
1788391596.791748,10,1,ghcr.io/talmolab/lablink-client-base-image:linux-amd64-test@sha256:1ec2fde6860186b3d45ac83890167258f83512955dbce65f072d4e8c310cb9de,10,destroy,succeeded,1788390335.82657,1788390335.827949,1788390654.079952,,20,20
1788391596.791748,10,1,ghcr.io/talmolab/lablink-client-base-image:linux-amd64-test@sha256:1ec2fde6860186b3d45ac83890167258f83512955dbce65f072d4e8c310cb9de,11,apply,succeeded,1788390714.945026,1788390714.946521,1788390768.137505,,35,35
1788391601.5114791,10,1,ghcr.io/talmolab/lablink-client-base-image:linux-amd64-test@sha256:1ec2fde6860186b3d45ac83890167258f83512955dbce65f072d4e8c310cb9de,1,apply,succeeded,1788380921.682491,1788380921.685047,1788380971.541328,,20,20
1788391601.5114791,10,1,ghcr.io/talmolab/lablink-client-base-image:linux-amd64-test@sha256:1ec2fde6860186b3d45ac83890167258f83512955dbce65f072d4e8c310cb9de,2,destroy,succeeded,1788381612.379228,1788381612.381237,1788381939.351963,,20,20
1788391601.5114791,10,1,ghcr.io/talmolab/lablink-client-base-image:linux-amd64-test@sha256:1ec2fde6860186b3d45ac83890167258f83512955dbce65f072d4e8c310cb9de,3,apply,succeeded,1788381976.63281,1788381976.63526,1788382026.043455,,20,20
1788391601.5114791,10,1,ghcr.io/talmolab/lablink-client-base-image:linux-amd64-test@sha256:1ec2fde6860186b3d45ac83890167258f83512955dbce65f072d4e8c310cb9de,4,destroy,succeeded,1788382875.148234,1788382875.150169,1788383194.833905,,20,20
1788391601.5114791,10,1,ghcr.io/talmolab/lablink-client-base-image:linux-amd64-test@sha256:1ec2fde6860186b3d45ac83890167258f83512955dbce65f072d4e8c310cb9de,5,apply,succeeded,1788383308.62635,1788383308.629388,1788383361.88001,,35,35
1788391601.5114791,10,1,ghcr.io/talmolab/lablink-client-base-image:linux-amd64-test@sha256:1ec2fde6860186b3d45ac83890167258f83512955dbce65f072d4e8c310cb9de,6,destroy,succeeded,1788384337.446569,1788384337.448163,1788384657.690712,,35,35
1788391601.5114791,10,1,ghcr.io/talmolab/lablink-client-base-image:linux-amd64-test@sha256:1ec2fde6860186b3d45ac83890167258f83512955dbce65f072d4e8c310cb9de,7,apply,succeeded,1788384727.528365,1788384727.530681,1788384808.61864,,95,95
1788391601.5114791,10,1,ghcr.io/talmolab/lablink-client-base-image:linux-amd64-test@sha256:1ec2fde6860186b3d45ac83890167258f83512955dbce65f072d4e8c310cb9de,8,destroy,succeeded,1788385076.969534,1788385076.971902,1788385973.63117,,95,95
1788391601.5114791,10,1,ghcr.io/talmolab/lablink-client-base-image:linux-amd64-test@sha256:1ec2fde6860186b3d45ac83890167258f83512955dbce65f072d4e8c310cb9de,9,apply,succeeded,1788389407.309799,1788389407.313231,1788389454.98231,,20,20
1788391601.5114791,10,1,ghcr.io/talmolab/lablink-client-base-image:linux-amd64-test@sha256:1ec2fde6860186b3d45ac83890167258f83512955dbce65f072d4e8c310cb9de,10,destroy,succeeded,1788390335.82657,1788390335.827949,1788390654.079952,,20,20
1788391601.5114791,10,1,ghcr.io/talmolab/lablink-client-base-image:linux-amd64-test@sha256:1ec2fde6860186b3d45ac83890167258f83512955dbce65f072d4e8c310cb9de,11,apply,succeeded,1788390714.945026,1788390714.946521,1788390768.137505,,35,35
1788391606.443847,10,1,ghcr.io/talmolab/lablink-client-base-image:linux-amd64-test@sha256:1ec2fde6860186b3d45ac83890167258f83512955dbce65f072d4e8c310cb9de,1,apply,succeeded,1788380921.682491,1788380921.685047,1788380971.541328,,20,20
1788391606.443847,10,1,ghcr.io/talmolab/lablink-client-base-image:linux-amd64-test@sha256:1ec2fde6860186b3d45ac83890167258f83512955dbce65f072d4e8c310cb9de,2,destroy,succeeded,1788381612.379228,1788381612.381237,1788381939.351963,,20,20
1788391606.443847,10,1,ghcr.io/talmolab/lablink-client-base-image:linux-amd64-test@sha256:1ec2fde6860186b3d45ac83890167258f83512955dbce65f072d4e8c310cb9de,3,apply,succeeded,1788381976.63281,1788381976.63526,1788382026.043455,,20,20
1788391606.443847,10,1,ghcr.io/talmolab/lablink-client-base-image:linux-amd64-test@sha256:1ec2fde6860186b3d45ac83890167258f83512955dbce65f072d4e8c310cb9de,4,destroy,succeeded,1788382875.148234,1788382875.150169,1788383194.833905,,20,20
1788391606.443847,10,1,ghcr.io/talmolab/lablink-client-base-image:linux-amd64-test@sha256:1ec2fde6860186b3d45ac83890167258f83512955dbce65f072d4e8c310cb9de,5,apply,succeeded,1788383308.62635,1788383308.629388,1788383361.88001,,35,35
1788391606.443847,10,1,ghcr.io/talmolab/lablink-client-base-image:linux-amd64-test@sha256:1ec2fde6860186b3d45ac83890167258f83512955dbce65f072d4e8c310cb9de,6,destroy,succeeded,1788384337.446569,1788384337.448163,1788384657.690712,,35,35
1788391606.443847,10,1,ghcr.io/talmolab/lablink-client-base-image:linux-amd64-test@sha256:1ec2fde6860186b3d45ac83890167258f83512955dbce65f072d4e8c310cb9de,7,apply,succeeded,1788384727.528365,1788384727.530681,1788384808.61864,,95,95
1788391606.443847,10,1,ghcr.io/talmolab/lablink-client-base-image:linux-amd64-test@sha256:1ec2fde6860186b3d45ac83890167258f83512955dbce65f072d4e8c310cb9de,8,destroy,succeeded,1788385076.969534,1788385076.971902,1788385973.63117,,95,95
1788391606.443847,10,1,ghcr.io/talmolab/lablink-client-base-image:linux-amd64-test@sha256:1ec2fde6860186b3d45ac83890167258f83512955dbce65f072d4e8c310cb9de,9,apply,succeeded,1788389407.309799,1788389407.313231,1788389454.98231,,20,20
1788391606.443847,10,1,ghcr.io/talmolab/lablink-client-base-image:linux-amd64-test@sha256:1ec2fde6860186b3d45ac83890167258f83512955dbce65f072d4e8c310cb9de,10,destroy,succeeded,1788390335.82657,1788390335.827949,1788390654.079952,,20,20
1788391606.443847,10,1,ghcr.io/talmolab/lablink-client-base-image:linux-amd64-test@sha256:1ec2fde6860186b3d45ac83890167258f83512955dbce65f072d4e8c310cb9de,11,apply,succeeded,1788390714.945026,1788390714.946521,1788390768.137505,,35,35
1788391611.362806,10,1,ghcr.io/talmolab/lablink-client-base-image:linux-amd64-test@sha256:1ec2fde6860186b3d45ac83890167258f83512955dbce65f072d4e8c310cb9de,1,apply,succeeded,1788380921.682491,1788380921.685047,1788380971.541328,,20,20
1788391611.362806,10,1,ghcr.io/talmolab/lablink-client-base-image:linux-amd64-test@sha256:1ec2fde6860186b3d45ac83890167258f83512955dbce65f072d4e8c310cb9de,2,destroy,succeeded,1788381612.379228,1788381612.381237,1788381939.351963,,20,20
1788391611.362806,10,1,ghcr.io/talmolab/lablink-client-base-image:linux-amd64-test@sha256:1ec2fde6860186b3d45ac83890167258f83512955dbce65f072d4e8c310cb9de,3,apply,succeeded,1788381976.63281,1788381976.63526,1788382026.043455,,20,20
1788391611.362806,10,1,ghcr.io/talmolab/lablink-client-base-image:linux-amd64-test@sha256:1ec2fde6860186b3d45ac83890167258f83512955dbce65f072d4e8c310cb9de,4,destroy,succeeded,1788382875.148234,1788382875.150169,1788383194.833905,,20,20
1788391611.362806,10,1,ghcr.io/talmolab/lablink-client-base-image:linux-amd64-test@sha256:1ec2fde6860186b3d45ac83890167258f83512955dbce65f072d4e8c310cb9de,5,apply,succeeded,1788383308.62635,1788383308.629388,1788383361.88001,,35,35
1788391611.362806,10,1,ghcr.io/talmolab/lablink-client-base-image:linux-amd64-test@sha256:1ec2fde6860186b3d45ac83890167258f83512955dbce65f072d4e8c310cb9de,6,destroy,succeeded,1788384337.446569,1788384337.448163,1788384657.690712,,35,35
1788391611.362806,10,1,ghcr.io/talmolab/lablink-client-base-image:linux-amd64-test@sha256:1ec2fde6860186b3d45ac83890167258f83512955dbce65f072d4e8c310cb9de,7,apply,succeeded,1788384727.528365,1788384727.530681,1788384808.61864,,95,95
1788391611.362806,10,1,ghcr.io/talmolab/lablink-client-base-image:linux-amd64-test@sha256:1ec2fde6860186b3d45ac83890167258f83512955dbce65f072d4e8c310cb9de,8,destroy,succeeded,1788385076.969534,1788385076.971902,1788385973.63117,,95,95
1788391611.362806,10,1,ghcr.io/talmolab/lablink-client-base-image:linux-amd64-test@sha256:1ec2fde6860186b3d45ac83890167258f83512955dbce65f072d4e8c310cb9de,9,apply,succeeded,1788389407.309799,1788389407.313231,1788389454.98231,,20,20
1788391611.362806,10,1,ghcr.io/talmolab/lablink-client-base-image:linux-amd64-test@sha256:1ec2fde6860186b3d45ac83890167258f83512955dbce65f072d4e8c310cb9de,10,destroy,succeeded,1788390335.82657,1788390335.827949,1788390654.079952,,20,20
1788391611.362806,10,1,ghcr.io/talmolab/lablink-client-base-image:linux-amd64-test@sha256:1ec2fde6860186b3d45ac83890167258f83512955dbce65f072d4e8c310cb9de,11,apply,succeeded,1788390714.945026,1788390714.946521,1788390768.137505,,35,35
1788391616.413358,10,1,ghcr.io/talmolab/lablink-client-base-image:linux-amd64-test@sha256:1ec2fde6860186b3d45ac83890167258f83512955dbce65f072d4e8c310cb9de,1,apply,succeeded,1788380921.682491,1788380921.685047,1788380971.541328,,20,20
1788391616.413358,10,1,ghcr.io/talmolab/lablink-client-base-image:linux-amd64-test@sha256:1ec2fde6860186b3d45ac83890167258f83512955dbce65f072d4e8c310cb9de,2,destroy,succeeded,1788381612.379228,1788381612.381237,1788381939.351963,,20,20
1788391616.413358,10,1,ghcr.io/talmolab/lablink-client-base-image:linux-amd64-test@sha256:1ec2fde6860186b3d45ac83890167258f83512955dbce65f072d4e8c310cb9de,3,apply,succeeded,1788381976.63281,1788381976.63526,1788382026.043455,,20,20
1788391616.413358,10,1,ghcr.io/talmolab/lablink-client-base-image:linux-amd64-test@sha256:1ec2fde6860186b3d45ac83890167258f83512955dbce65f072d4e8c310cb9de,4,destroy,succeeded,1788382875.148234,1788382875.150169,1788383194.833905,,20,20
1788391616.413358,10,1,ghcr.io/talmolab/lablink-client-base-image:linux-amd64-test@sha256:1ec2fde6860186b3d45ac83890167258f83512955dbce65f072d4e8c310cb9de,5,apply,succeeded,1788383308.62635,1788383308.629388,1788383361.88001,,35,35
1788391616.413358,10,1,ghcr.io/talmolab/lablink-client-base-image:linux-amd64-test@sha256:1ec2fde6860186b3d45ac83890167258f83512955dbce65f072d4e8c310cb9de,6,destroy,succeeded,1788384337.446569,1788384337.448163,1788384657.690712,,35,35
1788391616.413358,10,1,ghcr.io/talmolab/lablink-client-base-image:linux-amd64-test@sha256:1ec2fde6860186b3d45ac83890167258f83512955dbce65f072d4e8c310cb9de,7,apply,succeeded,1788384727.528365,1788384727.530681,1788384808.61864,,95,95
1788391616.413358,10,1,ghcr.io/talmolab/lablink-client-base-image:linux-amd64-test@sha256:1ec2fde6860186b3d45ac83890167258f83512955dbce65f072d4e8c310cb9de,8,destroy,succeeded,1788385076.969534,1788385076.971902,1788385973.63117,,95,95
1788391616.413358,10,1,ghcr.io/talmolab/lablink-client-base-image:linux-amd64-test@sha256:1ec2fde6860186b3d45ac83890167258f83512955dbce65f072d4e8c310cb9de,9,apply,succeeded,1788389407.309799,1788389407.313231,1788389454.98231,,20,20
1788391616.413358,10,1,ghcr.io/talmolab/lablink-client-base-image:linux-amd64-test@sha256:1ec2fde6860186b3d45ac83890167258f83512955dbce65f072d4e8c310cb9de,10,destroy,succeeded,1788390335.82657,1788390335.827949,1788390654.079952,,20,20
1788391616.413358,10,1,ghcr.io/talmolab/lablink-client-base-image:linux-amd64-test@sha256:1ec2fde6860186b3d45ac83890167258f83512955dbce65f072d4e8c310cb9de,11,apply,succeeded,1788390714.945026,1788390714.946521,1788390768.137505,,35,35
1788391621.577547,10,1,ghcr.io/talmolab/lablink-client-base-image:linux-amd64-test@sha256:1ec2fde6860186b3d45ac83890167258f83512955dbce65f072d4e8c310cb9de,1,apply,succeeded,1788380921.682491,1788380921.685047,1788380971.541328,,20,20
1788391621.577547,10,1,ghcr.io/talmolab/lablink-client-base-image:linux-amd64-test@sha256:1ec2fde6860186b3d45ac83890167258f83512955dbce65f072d4e8c310cb9de,2,destroy,succeeded,1788381612.379228,1788381612.381237,1788381939.351963,,20,20
1788391621.577547,10,1,ghcr.io/talmolab/lablink-client-base-image:linux-amd64-test@sha256:1ec2fde6860186b3d45ac83890167258f83512955dbce65f072d4e8c310cb9de,3,apply,succeeded,1788381976.63281,1788381976.63526,1788382026.043455,,20,20
1788391621.577547,10,1,ghcr.io/talmolab/lablink-client-base-image:linux-amd64-test@sha256:1ec2fde6860186b3d45ac83890167258f83512955dbce65f072d4e8c310cb9de,4,destroy,succeeded,1788382875.148234,1788382875.150169,1788383194.833905,,20,20
1788391621.577547,10,1,ghcr.io/talmolab/lablink-client-base-image:linux-amd64-test@sha256:1ec2fde6860186b3d45ac83890167258f83512955dbce65f072d4e8c310cb9de,5,apply,succeeded,1788383308.62635,1788383308.629388,1788383361.88001,,35,35
1788391621.577547,10,1,ghcr.io/talmolab/lablink-client-base-image:linux-amd64-test@sha256:1ec2fde6860186b3d45ac83890167258f83512955dbce65f072d4e8c310cb9de,6,destroy,succeeded,1788384337.446569,1788384337.448163,1788384657.690712,,35,35
1788391621.577547,10,1,ghcr.io/talmolab/lablink-client-base-image:linux-amd64-test@sha256:1ec2fde6860186b3d45ac83890167258f83512955dbce65f072d4e8c310cb9de,7,apply,succeeded,1788384727.528365,1788384727.530681,1788384808.61864,,95,95
1788391621.577547,10,1,ghcr.io/talmolab/lablink-client-base-image:linux-amd64-test@sha256:1ec2fde6860186b3d45ac83890167258f83512955dbce65f072d4e8c310cb9de,8,destroy,succeeded,1788385076.969534,1788385076.971902,1788385973.63117,,95,95
1788391621.577547,10,1,ghcr.io/talmolab/lablink-client-base-image:linux-amd64-test@sha256:1ec2fde6860186b3d45ac83890167258f83512955dbce65f072d4e8c310cb9de,9,apply,succeeded,1788389407.309799,1788389407.313231,1788389454.98231,,20,20
1788391621.577547,10,1,ghcr.io/talmolab/lablink-client-base-image:linux-amd64-test@sha256:1ec2fde6860186b3d45ac83890167258f83512955dbce65f072d4e8c310cb9de,10,destroy,succeeded,1788390335.82657,1788390335.827949,1788390654.079952,,20,20
1788391621.577547,10,1,ghcr.io/talmolab/lablink-client-base-image:linux-amd64-test@sha256:1ec2fde6860186b3d45ac83890167258f83512955dbce65f072d4e8c310cb9de,11,apply,succeeded,1788390714.945026,1788390714.946521,1788390768.137505,,35,35
1788391626.4624372,10,1,ghcr.io/talmolab/lablink-client-base-image:linux-amd64-test@sha256:1ec2fde6860186b3d45ac83890167258f83512955dbce65f072d4e8c310cb9de,1,apply,succeeded,1788380921.682491,1788380921.685047,1788380971.541328,,20,20
1788391626.4624372,10,1,ghcr.io/talmolab/lablink-client-base-image:linux-amd64-test@sha256:1ec2fde6860186b3d45ac83890167258f83512955dbce65f072d4e8c310cb9de,2,destroy,succeeded,1788381612.379228,1788381612.381237,1788381939.351963,,20,20
1788391626.4624372,10,1,ghcr.io/talmolab/lablink-client-base-image:linux-amd64-test@sha256:1ec2fde6860186b3d45ac83890167258f83512955dbce65f072d4e8c310cb9de,3,apply,succeeded,1788381976.63281,1788381976.63526,1788382026.043455,,20,20
1788391626.4624372,10,1,ghcr.io/talmolab/lablink-client-base-image:linux-amd64-test@sha256:1ec2fde6860186b3d45ac83890167258f83512955dbce65f072d4e8c310cb9de,4,destroy,succeeded,1788382875.148234,1788382875.150169,1788383194.833905,,20,20
1788391626.4624372,10,1,ghcr.io/talmolab/lablink-client-base-image:linux-amd64-test@sha256:1ec2fde6860186b3d45ac83890167258f83512955dbce65f072d4e8c310cb9de,5,apply,succeeded,1788383308.62635,1788383308.629388,1788383361.88001,,35,35
1788391626.4624372,10,1,ghcr.io/talmolab/lablink-client-base-image:linux-amd64-test@sha256:1ec2fde6860186b3d45ac83890167258f83512955dbce65f072d4e8c310cb9de,6,destroy,succeeded,1788384337.446569,1788384337.448163,1788384657.690712,,35,35
1788391626.4624372,10,1,ghcr.io/talmolab/lablink-client-base-image:linux-amd64-test@sha256:1ec2fde6860186b3d45ac83890167258f83512955dbce65f072d4e8c310cb9de,7,apply,succeeded,1788384727.528365,1788384727.530681,1788384808.61864,,95,95
1788391626.4624372,10,1,ghcr.io/talmolab/lablink-client-base-image:linux-amd64-test@sha256:1ec2fde6860186b3d45ac83890167258f83512955dbce65f072d4e8c310cb9de,8,destroy,succeeded,1788385076.969534,1788385076.971902,1788385973.63117,,95,95
1788391626.4624372,10,1,ghcr.io/talmolab/lablink-client-base-image:linux-amd64-test@sha256:1ec2fde6860186b3d45ac83890167258f83512955dbce65f072d4e8c310cb9de,9,apply,succeeded,1788389407.309799,1788389407.313231,1788389454.98231,,20,20
1788391626.4624372,10,1,ghcr.io/talmolab/lablink-client-base-image:linux-amd64-test@sha256:1ec2fde6860186b3d45ac83890167258f83512955dbce65f072d4e8c310cb9de,10,destroy,succeeded,1788390335.82657,1788390335.827949,1788390654.079952,,20,20
1788391626.4624372,10,1,ghcr.io/talmolab/lablink-client-base-image:linux-amd64-test@sha256:1ec2fde6860186b3d45ac83890167258f83512955dbce65f072d4e8c310cb9de,11,apply,succeeded,1788390714.945026,1788390714.946521,1788390768.137505,,35,35
1788391631.448276,10,1,ghcr.io/talmolab/lablink-client-base-image:linux-amd64-test@sha256:1ec2fde6860186b3d45ac83890167258f83512955dbce65f072d4e8c310cb9de,1,apply,succeeded,1788380921.682491,1788380921.685047,1788380971.541328,,20,20
1788391631.448276,10,1,ghcr.io/talmolab/lablink-client-base-image:linux-amd64-test@sha256:1ec2fde6860186b3d45ac83890167258f83512955dbce65f072d4e8c310cb9de,2,destroy,succeeded,1788381612.379228,1788381612.381237,1788381939.351963,,20,20
1788391631.448276,10,1,ghcr.io/talmolab/lablink-client-base-image:linux-amd64-test@sha256:1ec2fde6860186b3d45ac83890167258f83512955dbce65f072d4e8c310cb9de,3,apply,succeeded,1788381976.63281,1788381976.63526,1788382026.043455,,20,20
1788391631.448276,10,1,ghcr.io/talmolab/lablink-client-base-image:linux-amd64-test@sha256:1ec2fde6860186b3d45ac83890167258f83512955dbce65f072d4e8c310cb9de,4,destroy,succeeded,1788382875.148234,1788382875.150169,1788383194.833905,,20,20
1788391631.448276,10,1,ghcr.io/talmolab/lablink-client-base-image:linux-amd64-test@sha256:1ec2fde6860186b3d45ac83890167258f83512955dbce65f072d4e8c310cb9de,5,apply,succeeded,1788383308.62635,1788383308.629388,1788383361.88001,,35,35
1788391631.448276,10,1,ghcr.io/talmolab/lablink-client-base-image:linux-amd64-test@sha256:1ec2fde6860186b3d45ac83890167258f83512955dbce65f072d4e8c310cb9de,6,destroy,succeeded,1788384337.446569,1788384337.448163,1788384657.690712,,35,35
1788391631.448276,10,1,ghcr.io/talmolab/lablink-client-base-image:linux-amd64-test@sha256:1ec2fde6860186b3d45ac83890167258f83512955dbce65f072d4e8c310cb9de,7,apply,succeeded,1788384727.528365,1788384727.530681,1788384808.61864,,95,95
1788391631.448276,10,1,ghcr.io/talmolab/lablink-client-base-image:linux-amd64-test@sha256:1ec2fde6860186b3d45ac83890167258f83512955dbce65f072d4e8c310cb9de,8,destroy,succeeded,1788385076.969534,1788385076.971902,1788385973.63117,,95,95
1788391631.448276,10,1,ghcr.io/talmolab/lablink-client-base-image:linux-amd64-test@sha256:1ec2fde6860186b3d45ac83890167258f83512955dbce65f072d4e8c310cb9de,9,apply,succeeded,1788389407.309799,1788389407.313231,1788389454.98231,,20,20
1788391631.448276,10,1,ghcr.io/talmolab/lablink-client-base-image:linux-amd64-test@sha256:1ec2fde6860186b3d45ac83890167258f83512955dbce65f072d4e8c310cb9de,10,destroy,succeeded,1788390335.82657,1788390335.827949,1788390654.079952,,20,20
1788391631.448276,10,1,ghcr.io/talmolab/lablink-client-base-image:linux-amd64-test@sha256:1ec2fde6860186b3d45ac83890167258f83512955dbce65f072d4e8c310cb9de,11,apply,succeeded,1788390714.945026,1788390714.946521,1788390768.137505,,35,35
1788391636.428066,10,1,ghcr.io/talmolab/lablink-client-base-image:linux-amd64-test@sha256:1ec2fde6860186b3d45ac83890167258f83512955dbce65f072d4e8c310cb9de,1,apply,succeeded,1788380921.682491,1788380921.685047,1788380971.541328,,20,20
1788391636.428066,10,1,ghcr.io/talmolab/lablink-client-base-image:linux-amd64-test@sha256:1ec2fde6860186b3d45ac83890167258f83512955dbce65f072d4e8c310cb9de,2,destroy,succeeded,1788381612.379228,1788381612.381237,1788381939.351963,,20,20
1788391636.428066,10,1,ghcr.io/talmolab/lablink-client-base-image:linux-amd64-test@sha256:1ec2fde6860186b3d45ac83890167258f83512955dbce65f072d4e8c310cb9de,3,apply,succeeded,1788381976.63281,1788381976.63526,1788382026.043455,,20,20
1788391636.428066,10,1,ghcr.io/talmolab/lablink-client-base-image:linux-amd64-test@sha256:1ec2fde6860186b3d45ac83890167258f83512955dbce65f072d4e8c310cb9de,4,destroy,succeeded,1788382875.148234,1788382875.150169,1788383194.833905,,20,20
1788391636.428066,10,1,ghcr.io/talmolab/lablink-client-base-image:linux-amd64-test@sha256:1ec2fde6860186b3d45ac83890167258f83512955dbce65f072d4e8c310cb9de,5,apply,succeeded,1788383308.62635,1788383308.629388,1788383361.88001,,35,35
1788391636.428066,10,1,ghcr.io/talmolab/lablink-client-base-image:linux-amd64-test@sha256:1ec2fde6860186b3d45ac83890167258f83512955dbce65f072d4e8c310cb9de,6,destroy,succeeded,1788384337.446569,1788384337.448163,1788384657.690712,,35,35
1788391636.428066,10,1,ghcr.io/talmolab/lablink-client-base-image:linux-amd64-test@sha256:1ec2fde6860186b3d45ac83890167258f83512955dbce65f072d4e8c310cb9de,7,apply,succeeded,1788384727.528365,1788384727.530681,1788384808.61864,,95,95
1788391636.428066,10,1,ghcr.io/talmolab/lablink-client-base-image:linux-amd64-test@sha256:1ec2fde6860186b3d45ac83890167258f83512955dbce65f072d4e8c310cb9de,8,destroy,succeeded,1788385076.969534,1788385076.971902,1788385973.63117,,95,95
1788391636.428066,10,1,ghcr.io/talmolab/lablink-client-base-image:linux-amd64-test@sha256:1ec2fde6860186b3d45ac83890167258f83512955dbce65f072d4e8c310cb9de,9,apply,succeeded,1788389407.309799,1788389407.313231,1788389454.98231,,20,20
1788391636.428066,10,1,ghcr.io/talmolab/lablink-client-base-image:linux-amd64-test@sha256:1ec2fde6860186b3d45ac83890167258f83512955dbce65f072d4e8c310cb9de,10,destroy,succeeded,1788390335.82657,1788390335.827949,1788390654.079952,,20,20
1788391636.428066,10,1,ghcr.io/talmolab/lablink-client-base-image:linux-amd64-test@sha256:1ec2fde6860186b3d45ac83890167258f83512955dbce65f072d4e8c310cb9de,11,apply,succeeded,1788390714.945026,1788390714.946521,1788390768.137505,,35,35
1788391641.444515,10,1,ghcr.io/talmolab/lablink-client-base-image:linux-amd64-test@sha256:1ec2fde6860186b3d45ac83890167258f83512955dbce65f072d4e8c310cb9de,1,apply,succeeded,1788380921.682491,1788380921.685047,1788380971.541328,,20,20
1788391641.444515,10,1,ghcr.io/talmolab/lablink-client-base-image:linux-amd64-test@sha256:1ec2fde6860186b3d45ac83890167258f83512955dbce65f072d4e8c310cb9de,2,destroy,succeeded,1788381612.379228,1788381612.381237,1788381939.351963,,20,20
1788391641.444515,10,1,ghcr.io/talmolab/lablink-client-base-image:linux-amd64-test@sha256:1ec2fde6860186b3d45ac83890167258f83512955dbce65f072d4e8c310cb9de,3,apply,succeeded,1788381976.63281,1788381976.63526,1788382026.043455,,20,20
1788391641.444515,10,1,ghcr.io/talmolab/lablink-client-base-image:linux-amd64-test@sha256:1ec2fde6860186b3d45ac83890167258f83512955dbce65f072d4e8c310cb9de,4,destroy,succeeded,1788382875.148234,1788382875.150169,1788383194.833905,,20,20
1788391641.444515,10,1,ghcr.io/talmolab/lablink-client-base-image:linux-amd64-test@sha256:1ec2fde6860186b3d45ac83890167258f83512955dbce65f072d4e8c310cb9de,5,apply,succeeded,1788383308.62635,1788383308.629388,1788383361.88001,,35,35
1788391641.444515,10,1,ghcr.io/talmolab/lablink-client-base-image:linux-amd64-test@sha256:1ec2fde6860186b3d45ac83890167258f83512955dbce65f072d4e8c310cb9de,6,destroy,succeeded,1788384337.446569,1788384337.448163,1788384657.690712,,35,35
1788391641.444515,10,1,ghcr.io/talmolab/lablink-client-base-image:linux-amd64-test@sha256:1ec2fde6860186b3d45ac83890167258f83512955dbce65f072d4e8c310cb9de,7,apply,succeeded,1788384727.528365,1788384727.530681,1788384808.61864,,95,95
1788391641.444515,10,1,ghcr.io/talmolab/lablink-client-base-image:linux-amd64-test@sha256:1ec2fde6860186b3d45ac83890167258f83512955dbce65f072d4e8c310cb9de,8,destroy,succeeded,1788385076.969534,1788385076.971902,1788385973.63117,,95,95
1788391641.444515,10,1,ghcr.io/talmolab/lablink-client-base-image:linux-amd64-test@sha256:1ec2fde6860186b3d45ac83890167258f83512955dbce65f072d4e8c310cb9de,9,apply,succeeded,1788389407.309799,1788389407.313231,1788389454.98231,,20,20
1788391641.444515,10,1,ghcr.io/talmolab/lablink-client-base-image:linux-amd64-test@sha256:1ec2fde6860186b3d45ac83890167258f83512955dbce65f072d4e8c310cb9de,10,destroy,succeeded,1788390335.82657,1788390335.827949,1788390654.079952,,20,20
1788391641.444515,10,1,ghcr.io/talmolab/lablink-client-base-image:linux-amd64-test@sha256:1ec2fde6860186b3d45ac83890167258f83512955dbce65f072d4e8c310cb9de,11,apply,succeeded,1788390714.945026,1788390714.946521,1788390768.137505,,35,35
1788391646.481898,10,1,ghcr.io/talmolab/lablink-client-base-image:linux-amd64-test@sha256:1ec2fde6860186b3d45ac83890167258f83512955dbce65f072d4e8c310cb9de,1,apply,succeeded,1788380921.682491,1788380921.685047,1788380971.541328,,20,20
1788391646.481898,10,1,ghcr.io/talmolab/lablink-client-base-image:linux-amd64-test@sha256:1ec2fde6860186b3d45ac83890167258f83512955dbce65f072d4e8c310cb9de,2,destroy,succeeded,1788381612.379228,1788381612.381237,1788381939.351963,,20,20
1788391646.481898,10,1,ghcr.io/talmolab/lablink-client-base-image:linux-amd64-test@sha256:1ec2fde6860186b3d45ac83890167258f83512955dbce65f072d4e8c310cb9de,3,apply,succeeded,1788381976.63281,1788381976.63526,1788382026.043455,,20,20
1788391646.481898,10,1,ghcr.io/talmolab/lablink-client-base-image:linux-amd64-test@sha256:1ec2fde6860186b3d45ac83890167258f83512955dbce65f072d4e8c310cb9de,4,destroy,succeeded,1788382875.148234,1788382875.150169,1788383194.833905,,20,20
1788391646.481898,10,1,ghcr.io/talmolab/lablink-client-base-image:linux-amd64-test@sha256:1ec2fde6860186b3d45ac83890167258f83512955dbce65f072d4e8c310cb9de,5,apply,succeeded,1788383308.62635,1788383308.629388,1788383361.88001,,35,35
1788391646.481898,10,1,ghcr.io/talmolab/lablink-client-base-image:linux-amd64-test@sha256:1ec2fde6860186b3d45ac83890167258f83512955dbce65f072d4e8c310cb9de,6,destroy,succeeded,1788384337.446569,1788384337.448163,1788384657.690712,,35,35
1788391646.481898,10,1,ghcr.io/talmolab/lablink-client-base-image:linux-amd64-test@sha256:1ec2fde6860186b3d45ac83890167258f83512955dbce65f072d4e8c310cb9de,7,apply,succeeded,1788384727.528365,1788384727.530681,1788384808.61864,,95,95
1788391646.481898,10,1,ghcr.io/talmolab/lablink-client-base-image:linux-amd64-test@sha256:1ec2fde6860186b3d45ac83890167258f83512955dbce65f072d4e8c310cb9de,8,destroy,succeeded,1788385076.969534,1788385076.971902,1788385973.63117,,95,95
1788391646.481898,10,1,ghcr.io/talmolab/lablink-client-base-image:linux-amd64-test@sha256:1ec2fde6860186b3d45ac83890167258f83512955dbce65f072d4e8c310cb9de,9,apply,succeeded,1788389407.309799,1788389407.313231,1788389454.98231,,20,20
1788391646.481898,10,1,ghcr.io/talmolab/lablink-client-base-image:linux-amd64-test@sha256:1ec2fde6860186b3d45ac83890167258f83512955dbce65f072d4e8c310cb9de,10,destroy,succeeded,1788390335.82657,1788390335.827949,1788390654.079952,,20,20
1788391646.481898,10,1,ghcr.io/talmolab/lablink-client-base-image:linux-amd64-test@sha256:1ec2fde6860186b3d45ac83890167258f83512955dbce65f072d4e8c310cb9de,11,apply,succeeded,1788390714.945026,1788390714.946521,1788390768.137505,,35,35
1788391651.5455759,10,1,ghcr.io/talmolab/lablink-client-base-image:linux-amd64-test@sha256:1ec2fde6860186b3d45ac83890167258f83512955dbce65f072d4e8c310cb9de,1,apply,succeeded,1788380921.682491,1788380921.685047,1788380971.541328,,20,20
1788391651.5455759,10,1,ghcr.io/talmolab/lablink-client-base-image:linux-amd64-test@sha256:1ec2fde6860186b3d45ac83890167258f83512955dbce65f072d4e8c310cb9de,2,destroy,succeeded,1788381612.379228,1788381612.381237,1788381939.351963,,20,20
1788391651.5455759,10,1,ghcr.io/talmolab/lablink-client-base-image:linux-amd64-test@sha256:1ec2fde6860186b3d45ac83890167258f83512955dbce65f072d4e8c310cb9de,3,apply,succeeded,1788381976.63281,1788381976.63526,1788382026.043455,,20,20
1788391651.5455759,10,1,ghcr.io/talmolab/lablink-client-base-image:linux-amd64-test@sha256:1ec2fde6860186b3d45ac83890167258f83512955dbce65f072d4e8c310cb9de,4,destroy,succeeded,1788382875.148234,1788382875.150169,1788383194.833905,,20,20
1788391651.5455759,10,1,ghcr.io/talmolab/lablink-client-base-image:linux-amd64-test@sha256:1ec2fde6860186b3d45ac83890167258f83512955dbce65f072d4e8c310cb9de,5,apply,succeeded,1788383308.62635,1788383308.629388,1788383361.88001,,35,35
1788391651.5455759,10,1,ghcr.io/talmolab/lablink-client-base-image:linux-amd64-test@sha256:1ec2fde6860186b3d45ac83890167258f83512955dbce65f072d4e8c310cb9de,6,destroy,succeeded,1788384337.446569,1788384337.448163,1788384657.690712,,35,35
1788391651.5455759,10,1,ghcr.io/talmolab/lablink-client-base-image:linux-amd64-test@sha256:1ec2fde6860186b3d45ac83890167258f83512955dbce65f072d4e8c310cb9de,7,apply,succeeded,1788384727.528365,1788384727.530681,1788384808.61864,,95,95
1788391651.5455759,10,1,ghcr.io/talmolab/lablink-client-base-image:linux-amd64-test@sha256:1ec2fde6860186b3d45ac83890167258f83512955dbce65f072d4e8c310cb9de,8,destroy,succeeded,1788385076.969534,1788385076.971902,1788385973.63117,,95,95
1788391651.5455759,10,1,ghcr.io/talmolab/lablink-client-base-image:linux-amd64-test@sha256:1ec2fde6860186b3d45ac83890167258f83512955dbce65f072d4e8c310cb9de,9,apply,succeeded,1788389407.309799,1788389407.313231,1788389454.98231,,20,20
1788391651.5455759,10,1,ghcr.io/talmolab/lablink-client-base-image:linux-amd64-test@sha256:1ec2fde6860186b3d45ac83890167258f83512955dbce65f072d4e8c310cb9de,10,destroy,succeeded,1788390335.82657,1788390335.827949,1788390654.079952,,20,20
1788391651.5455759,10,1,ghcr.io/talmolab/lablink-client-base-image:linux-amd64-test@sha256:1ec2fde6860186b3d45ac83890167258f83512955dbce65f072d4e8c310cb9de,11,apply,succeeded,1788390714.945026,1788390714.946521,1788390768.137505,,35,35
1788391656.5643032,10,1,ghcr.io/talmolab/lablink-client-base-image:linux-amd64-test@sha256:1ec2fde6860186b3d45ac83890167258f83512955dbce65f072d4e8c310cb9de,1,apply,succeeded,1788380921.682491,1788380921.685047,1788380971.541328,,20,20
1788391656.5643032,10,1,ghcr.io/talmolab/lablink-client-base-image:linux-amd64-test@sha256:1ec2fde6860186b3d45ac83890167258f83512955dbce65f072d4e8c310cb9de,2,destroy,succeeded,1788381612.379228,1788381612.381237,1788381939.351963,,20,20
1788391656.5643032,10,1,ghcr.io/talmolab/lablink-client-base-image:linux-amd64-test@sha256:1ec2fde6860186b3d45ac83890167258f83512955dbce65f072d4e8c310cb9de,3,apply,succeeded,1788381976.63281,1788381976.63526,1788382026.043455,,20,20
1788391656.5643032,10,1,ghcr.io/talmolab/lablink-client-base-image:linux-amd64-test@sha256:1ec2fde6860186b3d45ac83890167258f83512955dbce65f072d4e8c310cb9de,4,destroy,succeeded,1788382875.148234,1788382875.150169,1788383194.833905,,20,20
1788391656.5643032,10,1,ghcr.io/talmolab/lablink-client-base-image:linux-amd64-test@sha256:1ec2fde6860186b3d45ac83890167258f83512955dbce65f072d4e8c310cb9de,5,apply,succeeded,1788383308.62635,1788383308.629388,1788383361.88001,,35,35
1788391656.5643032,10,1,ghcr.io/talmolab/lablink-client-base-image:linux-amd64-test@sha256:1ec2fde6860186b3d45ac83890167258f83512955dbce65f072d4e8c310cb9de,6,destroy,succeeded,1788384337.446569,1788384337.448163,1788384657.690712,,35,35
1788391656.5643032,10,1,ghcr.io/talmolab/lablink-client-base-image:linux-amd64-test@sha256:1ec2fde6860186b3d45ac83890167258f83512955dbce65f072d4e8c310cb9de,7,apply,succeeded,1788384727.528365,1788384727.530681,1788384808.61864,,95,95
1788391656.5643032,10,1,ghcr.io/talmolab/lablink-client-base-image:linux-amd64-test@sha256:1ec2fde6860186b3d45ac83890167258f83512955dbce65f072d4e8c310cb9de,8,destroy,succeeded,1788385076.969534,1788385076.971902,1788385973.63117,,95,95
1788391656.5643032,10,1,ghcr.io/talmolab/lablink-client-base-image:linux-amd64-test@sha256:1ec2fde6860186b3d45ac83890167258f83512955dbce65f072d4e8c310cb9de,9,apply,succeeded,1788389407.309799,1788389407.313231,1788389454.98231,,20,20
1788391656.5643032,10,1,ghcr.io/talmolab/lablink-client-base-image:linux-amd64-test@sha256:1ec2fde6860186b3d45ac83890167258f83512955dbce65f072d4e8c310cb9de,10,destroy,succeeded,1788390335.82657,1788390335.827949,1788390654.079952,,20,20
1788391656.5643032,10,1,ghcr.io/talmolab/lablink-client-base-image:linux-amd64-test@sha256:1ec2fde6860186b3d45ac83890167258f83512955dbce65f072d4e8c310cb9de,11,apply,succeeded,1788390714.945026,1788390714.946521,1788390768.137505,,35,35
1788391661.8081422,10,1,ghcr.io/talmolab/lablink-client-base-image:linux-amd64-test@sha256:1ec2fde6860186b3d45ac83890167258f83512955dbce65f072d4e8c310cb9de,1,apply,succeeded,1788380921.682491,1788380921.685047,1788380971.541328,,20,20
1788391661.8081422,10,1,ghcr.io/talmolab/lablink-client-base-image:linux-amd64-test@sha256:1ec2fde6860186b3d45ac83890167258f83512955dbce65f072d4e8c310cb9de,2,destroy,succeeded,1788381612.379228,1788381612.381237,1788381939.351963,,20,20
1788391661.8081422,10,1,ghcr.io/talmolab/lablink-client-base-image:linux-amd64-test@sha256:1ec2fde6860186b3d45ac83890167258f83512955dbce65f072d4e8c310cb9de,3,apply,succeeded,1788381976.63281,1788381976.63526,1788382026.043455,,20,20
1788391661.8081422,10,1,ghcr.io/talmolab/lablink-client-base-image:linux-amd64-test@sha256:1ec2fde6860186b3d45ac83890167258f83512955dbce65f072d4e8c310cb9de,4,destroy,succeeded,1788382875.148234,1788382875.150169,1788383194.833905,,20,20
1788391661.8081422,10,1,ghcr.io/talmolab/lablink-client-base-image:linux-amd64-test@sha256:1ec2fde6860186b3d45ac83890167258f83512955dbce65f072d4e8c310cb9de,5,apply,succeeded,1788383308.62635,1788383308.629388,1788383361.88001,,35,35
1788391661.8081422,10,1,ghcr.io/talmolab/lablink-client-base-image:linux-amd64-test@sha256:1ec2fde6860186b3d45ac83890167258f83512955dbce65f072d4e8c310cb9de,6,destroy,succeeded,1788384337.446569,1788384337.448163,1788384657.690712,,35,35
1788391661.8081422,10,1,ghcr.io/talmolab/lablink-client-base-image:linux-amd64-test@sha256:1ec2fde6860186b3d45ac83890167258f83512955dbce65f072d4e8c310cb9de,7,apply,succeeded,1788384727.528365,1788384727.530681,1788384808.61864,,95,95
1788391661.8081422,10,1,ghcr.io/talmolab/lablink-client-base-image:linux-amd64-test@sha256:1ec2fde6860186b3d45ac83890167258f83512955dbce65f072d4e8c310cb9de,8,destroy,succeeded,1788385076.969534,1788385076.971902,1788385973.63117,,95,95
1788391661.8081422,10,1,ghcr.io/talmolab/lablink-client-base-image:linux-amd64-test@sha256:1ec2fde6860186b3d45ac83890167258f83512955dbce65f072d4e8c310cb9de,9,apply,succeeded,1788389407.309799,1788389407.313231,1788389454.98231,,20,20
1788391661.8081422,10,1,ghcr.io/talmolab/lablink-client-base-image:linux-amd64-test@sha256:1ec2fde6860186b3d45ac83890167258f83512955dbce65f072d4e8c310cb9de,10,destroy,succeeded,1788390335.82657,1788390335.827949,1788390654.079952,,20,20
1788391661.8081422,10,1,ghcr.io/talmolab/lablink-client-base-image:linux-amd64-test@sha256:1ec2fde6860186b3d45ac83890167258f83512955dbce65f072d4e8c310cb9de,11,apply,succeeded,1788390714.945026,1788390714.946521,1788390768.137505,,35,35
1788391666.532201,10,1,ghcr.io/talmolab/lablink-client-base-image:linux-amd64-test@sha256:1ec2fde6860186b3d45ac83890167258f83512955dbce65f072d4e8c310cb9de,1,apply,succeeded,1788380921.682491,1788380921.685047,1788380971.541328,,20,20
1788391666.532201,10,1,ghcr.io/talmolab/lablink-client-base-image:linux-amd64-test@sha256:1ec2fde6860186b3d45ac83890167258f83512955dbce65f072d4e8c310cb9de,2,destroy,succeeded,1788381612.379228,1788381612.381237,1788381939.351963,,20,20
1788391666.532201,10,1,ghcr.io/talmolab/lablink-client-base-image:linux-amd64-test@sha256:1ec2fde6860186b3d45ac83890167258f83512955dbce65f072d4e8c310cb9de,3,apply,succeeded,1788381976.63281,1788381976.63526,1788382026.043455,,20,20
1788391666.532201,10,1,ghcr.io/talmolab/lablink-client-base-image:linux-amd64-test@sha256:1ec2fde6860186b3d45ac83890167258f83512955dbce65f072d4e8c310cb9de,4,destroy,succeeded,1788382875.148234,1788382875.150169,1788383194.833905,,20,20
1788391666.532201,10,1,ghcr.io/talmolab/lablink-client-base-image:linux-amd64-test@sha256:1ec2fde6860186b3d45ac83890167258f83512955dbce65f072d4e8c310cb9de,5,apply,succeeded,1788383308.62635,1788383308.629388,1788383361.88001,,35,35
1788391666.532201,10,1,ghcr.io/talmolab/lablink-client-base-image:linux-amd64-test@sha256:1ec2fde6860186b3d45ac83890167258f83512955dbce65f072d4e8c310cb9de,6,destroy,succeeded,1788384337.446569,1788384337.448163,1788384657.690712,,35,35
1788391666.532201,10,1,ghcr.io/talmolab/lablink-client-base-image:linux-amd64-test@sha256:1ec2fde6860186b3d45ac83890167258f83512955dbce65f072d4e8c310cb9de,7,apply,succeeded,1788384727.528365,1788384727.530681,1788384808.61864,,95,95
1788391666.532201,10,1,ghcr.io/talmolab/lablink-client-base-image:linux-amd64-test@sha256:1ec2fde6860186b3d45ac83890167258f83512955dbce65f072d4e8c310cb9de,8,destroy,succeeded,1788385076.969534,1788385076.971902,1788385973.63117,,95,95
1788391666.532201,10,1,ghcr.io/talmolab/lablink-client-base-image:linux-amd64-test@sha256:1ec2fde6860186b3d45ac83890167258f83512955dbce65f072d4e8c310cb9de,9,apply,succeeded,1788389407.309799,1788389407.313231,1788389454.98231,,20,20
1788391666.532201,10,1,ghcr.io/talmolab/lablink-client-base-image:linux-amd64-test@sha256:1ec2fde6860186b3d45ac83890167258f83512955dbce65f072d4e8c310cb9de,10,destroy,succeeded,1788390335.82657,1788390335.827949,1788390654.079952,,20,20
1788391666.532201,10,1,ghcr.io/talmolab/lablink-client-base-image:linux-amd64-test@sha256:1ec2fde6860186b3d45ac83890167258f83512955dbce65f072d4e8c310cb9de,11,apply,succeeded,1788390714.945026,1788390714.946521,1788390768.137505,,35,35
1788391671.517416,10,1,ghcr.io/talmolab/lablink-client-base-image:linux-amd64-test@sha256:1ec2fde6860186b3d45ac83890167258f83512955dbce65f072d4e8c310cb9de,1,apply,succeeded,1788380921.682491,1788380921.685047,1788380971.541328,,20,20
1788391671.517416,10,1,ghcr.io/talmolab/lablink-client-base-image:linux-amd64-test@sha256:1ec2fde6860186b3d45ac83890167258f83512955dbce65f072d4e8c310cb9de,2,destroy,succeeded,1788381612.379228,1788381612.381237,1788381939.351963,,20,20
1788391671.517416,10,1,ghcr.io/talmolab/lablink-client-base-image:linux-amd64-test@sha256:1ec2fde6860186b3d45ac83890167258f83512955dbce65f072d4e8c310cb9de,3,apply,succeeded,1788381976.63281,1788381976.63526,1788382026.043455,,20,20
1788391671.517416,10,1,ghcr.io/talmolab/lablink-client-base-image:linux-amd64-test@sha256:1ec2fde6860186b3d45ac83890167258f83512955dbce65f072d4e8c310cb9de,4,destroy,succeeded,1788382875.148234,1788382875.150169,1788383194.833905,,20,20
1788391671.517416,10,1,ghcr.io/talmolab/lablink-client-base-image:linux-amd64-test@sha256:1ec2fde6860186b3d45ac83890167258f83512955dbce65f072d4e8c310cb9de,5,apply,succeeded,1788383308.62635,1788383308.629388,1788383361.88001,,35,35
1788391671.517416,10,1,ghcr.io/talmolab/lablink-client-base-image:linux-amd64-test@sha256:1ec2fde6860186b3d45ac83890167258f83512955dbce65f072d4e8c310cb9de,6,destroy,succeeded,1788384337.446569,1788384337.448163,1788384657.690712,,35,35
1788391671.517416,10,1,ghcr.io/talmolab/lablink-client-base-image:linux-amd64-test@sha256:1ec2fde6860186b3d45ac83890167258f83512955dbce65f072d4e8c310cb9de,7,apply,succeeded,1788384727.528365,1788384727.530681,1788384808.61864,,95,95
1788391671.517416,10,1,ghcr.io/talmolab/lablink-client-base-image:linux-amd64-test@sha256:1ec2fde6860186b3d45ac83890167258f83512955dbce65f072d4e8c310cb9de,8,destroy,succeeded,1788385076.969534,1788385076.971902,1788385973.63117,,95,95
1788391671.517416,10,1,ghcr.io/talmolab/lablink-client-base-image:linux-amd64-test@sha256:1ec2fde6860186b3d45ac83890167258f83512955dbce65f072d4e8c310cb9de,9,apply,succeeded,1788389407.309799,1788389407.313231,1788389454.98231,,20,20
1788391671.517416,10,1,ghcr.io/talmolab/lablink-client-base-image:linux-amd64-test@sha256:1ec2fde6860186b3d45ac83890167258f83512955dbce65f072d4e8c310cb9de,10,destroy,succeeded,1788390335.82657,1788390335.827949,1788390654.079952,,20,20
1788391671.517416,10,1,ghcr.io/talmolab/lablink-client-base-image:linux-amd64-test@sha256:1ec2fde6860186b3d45ac83890167258f83512955dbce65f072d4e8c310cb9de,11,apply,succeeded,1788390714.945026,1788390714.946521,1788390768.137505,,35,35
1788391676.4852118,10,1,ghcr.io/talmolab/lablink-client-base-image:linux-amd64-test@sha256:1ec2fde6860186b3d45ac83890167258f83512955dbce65f072d4e8c310cb9de,1,apply,succeeded,1788380921.682491,1788380921.685047,1788380971.541328,,20,20
1788391676.4852118,10,1,ghcr.io/talmolab/lablink-client-base-image:linux-amd64-test@sha256:1ec2fde6860186b3d45ac83890167258f83512955dbce65f072d4e8c310cb9de,2,destroy,succeeded,1788381612.379228,1788381612.381237,1788381939.351963,,20,20
1788391676.4852118,10,1,ghcr.io/talmolab/lablink-client-base-image:linux-amd64-test@sha256:1ec2fde6860186b3d45ac83890167258f83512955dbce65f072d4e8c310cb9de,3,apply,succeeded,1788381976.63281,1788381976.63526,1788382026.043455,,20,20
1788391676.4852118,10,1,ghcr.io/talmolab/lablink-client-base-image:linux-amd64-test@sha256:1ec2fde6860186b3d45ac83890167258f83512955dbce65f072d4e8c310cb9de,4,destroy,succeeded,1788382875.148234,1788382875.150169,1788383194.833905,,20,20
1788391676.4852118,10,1,ghcr.io/talmolab/lablink-client-base-image:linux-amd64-test@sha256:1ec2fde6860186b3d45ac83890167258f83512955dbce65f072d4e8c310cb9de,5,apply,succeeded,1788383308.62635,1788383308.629388,1788383361.88001,,35,35
1788391676.4852118,10,1,ghcr.io/talmolab/lablink-client-base-image:linux-amd64-test@sha256:1ec2fde6860186b3d45ac83890167258f83512955dbce65f072d4e8c310cb9de,6,destroy,succeeded,1788384337.446569,1788384337.448163,1788384657.690712,,35,35
1788391676.4852118,10,1,ghcr.io/talmolab/lablink-client-base-image:linux-amd64-test@sha256:1ec2fde6860186b3d45ac83890167258f83512955dbce65f072d4e8c310cb9de,7,apply,succeeded,1788384727.528365,1788384727.530681,1788384808.61864,,95,95
1788391676.4852118,10,1,ghcr.io/talmolab/lablink-client-base-image:linux-amd64-test@sha256:1ec2fde6860186b3d45ac83890167258f83512955dbce65f072d4e8c310cb9de,8,destroy,succeeded,1788385076.969534,1788385076.971902,1788385973.63117,,95,95
1788391676.4852118,10,1,ghcr.io/talmolab/lablink-client-base-image:linux-amd64-test@sha256:1ec2fde6860186b3d45ac83890167258f83512955dbce65f072d4e8c310cb9de,9,apply,succeeded,1788389407.309799,1788389407.313231,1788389454.98231,,20,20
1788391676.4852118,10,1,ghcr.io/talmolab/lablink-client-base-image:linux-amd64-test@sha256:1ec2fde6860186b3d45ac83890167258f83512955dbce65f072d4e8c310cb9de,10,destroy,succeeded,1788390335.82657,1788390335.827949,1788390654.079952,,20,20
1788391676.4852118,10,1,ghcr.io/talmolab/lablink-client-base-image:linux-amd64-test@sha256:1ec2fde6860186b3d45ac83890167258f83512955dbce65f072d4e8c310cb9de,11,apply,succeeded,1788390714.945026,1788390714.946521,1788390768.137505,,35,35
1788391681.471015,10,1,ghcr.io/talmolab/lablink-client-base-image:linux-amd64-test@sha256:1ec2fde6860186b3d45ac83890167258f83512955dbce65f072d4e8c310cb9de,1,apply,succeeded,1788380921.682491,1788380921.685047,1788380971.541328,,20,20
1788391681.471015,10,1,ghcr.io/talmolab/lablink-client-base-image:linux-amd64-test@sha256:1ec2fde6860186b3d45ac83890167258f83512955dbce65f072d4e8c310cb9de,2,destroy,succeeded,1788381612.379228,1788381612.381237,1788381939.351963,,20,20
1788391681.471015,10,1,ghcr.io/talmolab/lablink-client-base-image:linux-amd64-test@sha256:1ec2fde6860186b3d45ac83890167258f83512955dbce65f072d4e8c310cb9de,3,apply,succeeded,1788381976.63281,1788381976.63526,1788382026.043455,,20,20
1788391681.471015,10,1,ghcr.io/talmolab/lablink-client-base-image:linux-amd64-test@sha256:1ec2fde6860186b3d45ac83890167258f83512955dbce65f072d4e8c310cb9de,4,destroy,succeeded,1788382875.148234,1788382875.150169,1788383194.833905,,20,20
1788391681.471015,10,1,ghcr.io/talmolab/lablink-client-base-image:linux-amd64-test@sha256:1ec2fde6860186b3d45ac83890167258f83512955dbce65f072d4e8c310cb9de,5,apply,succeeded,1788383308.62635,1788383308.629388,1788383361.88001,,35,35
1788391681.471015,10,1,ghcr.io/talmolab/lablink-client-base-image:linux-amd64-test@sha256:1ec2fde6860186b3d45ac83890167258f83512955dbce65f072d4e8c310cb9de,6,destroy,succeeded,1788384337.446569,1788384337.448163,1788384657.690712,,35,35
1788391681.471015,10,1,ghcr.io/talmolab/lablink-client-base-image:linux-amd64-test@sha256:1ec2fde6860186b3d45ac83890167258f83512955dbce65f072d4e8c310cb9de,7,apply,succeeded,1788384727.528365,1788384727.530681,1788384808.61864,,95,95
1788391681.471015,10,1,ghcr.io/talmolab/lablink-client-base-image:linux-amd64-test@sha256:1ec2fde6860186b3d45ac83890167258f83512955dbce65f072d4e8c310cb9de,8,destroy,succeeded,1788385076.969534,1788385076.971902,1788385973.63117,,95,95
1788391681.471015,10,1,ghcr.io/talmolab/lablink-client-base-image:linux-amd64-test@sha256:1ec2fde6860186b3d45ac83890167258f83512955dbce65f072d4e8c310cb9de,9,apply,succeeded,1788389407.309799,1788389407.313231,1788389454.98231,,20,20
1788391681.471015,10,1,ghcr.io/talmolab/lablink-client-base-image:linux-amd64-test@sha256:1ec2fde6860186b3d45ac83890167258f83512955dbce65f072d4e8c310cb9de,10,destroy,succeeded,1788390335.82657,1788390335.827949,1788390654.079952,,20,20
1788391681.471015,10,1,ghcr.io/talmolab/lablink-client-base-image:linux-amd64-test@sha256:1ec2fde6860186b3d45ac83890167258f83512955dbce65f072d4e8c310cb9de,11,apply,succeeded,1788390714.945026,1788390714.946521,1788390768.137505,,35,35
1788391686.495411,10,1,ghcr.io/talmolab/lablink-client-base-image:linux-amd64-test@sha256:1ec2fde6860186b3d45ac83890167258f83512955dbce65f072d4e8c310cb9de,1,apply,succeeded,1788380921.682491,1788380921.685047,1788380971.541328,,20,20
1788391686.495411,10,1,ghcr.io/talmolab/lablink-client-base-image:linux-amd64-test@sha256:1ec2fde6860186b3d45ac83890167258f83512955dbce65f072d4e8c310cb9de,2,destroy,succeeded,1788381612.379228,1788381612.381237,1788381939.351963,,20,20
1788391686.495411,10,1,ghcr.io/talmolab/lablink-client-base-image:linux-amd64-test@sha256:1ec2fde6860186b3d45ac83890167258f83512955dbce65f072d4e8c310cb9de,3,apply,succeeded,1788381976.63281,1788381976.63526,1788382026.043455,,20,20
1788391686.495411,10,1,ghcr.io/talmolab/lablink-client-base-image:linux-amd64-test@sha256:1ec2fde6860186b3d45ac83890167258f83512955dbce65f072d4e8c310cb9de,4,destroy,succeeded,1788382875.148234,1788382875.150169,1788383194.833905,,20,20
1788391686.495411,10,1,ghcr.io/talmolab/lablink-client-base-image:linux-amd64-test@sha256:1ec2fde6860186b3d45ac83890167258f83512955dbce65f072d4e8c310cb9de,5,apply,succeeded,1788383308.62635,1788383308.629388,1788383361.88001,,35,35
1788391686.495411,10,1,ghcr.io/talmolab/lablink-client-base-image:linux-amd64-test@sha256:1ec2fde6860186b3d45ac83890167258f83512955dbce65f072d4e8c310cb9de,6,destroy,succeeded,1788384337.446569,1788384337.448163,1788384657.690712,,35,35
1788391686.495411,10,1,ghcr.io/talmolab/lablink-client-base-image:linux-amd64-test@sha256:1ec2fde6860186b3d45ac83890167258f83512955dbce65f072d4e8c310cb9de,7,apply,succeeded,1788384727.528365,1788384727.530681,1788384808.61864,,95,95
1788391686.495411,10,1,ghcr.io/talmolab/lablink-client-base-image:linux-amd64-test@sha256:1ec2fde6860186b3d45ac83890167258f83512955dbce65f072d4e8c310cb9de,8,destroy,succeeded,1788385076.969534,1788385076.971902,1788385973.63117,,95,95
1788391686.495411,10,1,ghcr.io/talmolab/lablink-client-base-image:linux-amd64-test@sha256:1ec2fde6860186b3d45ac83890167258f83512955dbce65f072d4e8c310cb9de,9,apply,succeeded,1788389407.309799,1788389407.313231,1788389454.98231,,20,20
1788391686.495411,10,1,ghcr.io/talmolab/lablink-client-base-image:linux-amd64-test@sha256:1ec2fde6860186b3d45ac83890167258f83512955dbce65f072d4e8c310cb9de,10,destroy,succeeded,1788390335.82657,1788390335.827949,1788390654.079952,,20,20
1788391686.495411,10,1,ghcr.io/talmolab/lablink-client-base-image:linux-amd64-test@sha256:1ec2fde6860186b3d45ac83890167258f83512955dbce65f072d4e8c310cb9de,11,apply,succeeded,1788390714.945026,1788390714.946521,1788390768.137505,,35,35
1788391691.513729,10,1,ghcr.io/talmolab/lablink-client-base-image:linux-amd64-test@sha256:1ec2fde6860186b3d45ac83890167258f83512955dbce65f072d4e8c310cb9de,1,apply,succeeded,1788380921.682491,1788380921.685047,1788380971.541328,,20,20
1788391691.513729,10,1,ghcr.io/talmolab/lablink-client-base-image:linux-amd64-test@sha256:1ec2fde6860186b3d45ac83890167258f83512955dbce65f072d4e8c310cb9de,2,destroy,succeeded,1788381612.379228,1788381612.381237,1788381939.351963,,20,20
1788391691.513729,10,1,ghcr.io/talmolab/lablink-client-base-image:linux-amd64-test@sha256:1ec2fde6860186b3d45ac83890167258f83512955dbce65f072d4e8c310cb9de,3,apply,succeeded,1788381976.63281,1788381976.63526,1788382026.043455,,20,20
1788391691.513729,10,1,ghcr.io/talmolab/lablink-client-base-image:linux-amd64-test@sha256:1ec2fde6860186b3d45ac83890167258f83512955dbce65f072d4e8c310cb9de,4,destroy,succeeded,1788382875.148234,1788382875.150169,1788383194.833905,,20,20
1788391691.513729,10,1,ghcr.io/talmolab/lablink-client-base-image:linux-amd64-test@sha256:1ec2fde6860186b3d45ac83890167258f83512955dbce65f072d4e8c310cb9de,5,apply,succeeded,1788383308.62635,1788383308.629388,1788383361.88001,,35,35
1788391691.513729,10,1,ghcr.io/talmolab/lablink-client-base-image:linux-amd64-test@sha256:1ec2fde6860186b3d45ac83890167258f83512955dbce65f072d4e8c310cb9de,6,destroy,succeeded,1788384337.446569,1788384337.448163,1788384657.690712,,35,35
1788391691.513729,10,1,ghcr.io/talmolab/lablink-client-base-image:linux-amd64-test@sha256:1ec2fde6860186b3d45ac83890167258f83512955dbce65f072d4e8c310cb9de,7,apply,succeeded,1788384727.528365,1788384727.530681,1788384808.61864,,95,95
1788391691.513729,10,1,ghcr.io/talmolab/lablink-client-base-image:linux-amd64-test@sha256:1ec2fde6860186b3d45ac83890167258f83512955dbce65f072d4e8c310cb9de,8,destroy,succeeded,1788385076.969534,1788385076.971902,1788385973.63117,,95,95
1788391691.513729,10,1,ghcr.io/talmolab/lablink-client-base-image:linux-amd64-test@sha256:1ec2fde6860186b3d45ac83890167258f83512955dbce65f072d4e8c310cb9de,9,apply,succeeded,1788389407.309799,1788389407.313231,1788389454.98231,,20,20
1788391691.513729,10,1,ghcr.io/talmolab/lablink-client-base-image:linux-amd64-test@sha256:1ec2fde6860186b3d45ac83890167258f83512955dbce65f072d4e8c310cb9de,10,destroy,succeeded,1788390335.82657,1788390335.827949,1788390654.079952,,20,20
1788391691.513729,10,1,ghcr.io/talmolab/lablink-client-base-image:linux-amd64-test@sha256:1ec2fde6860186b3d45ac83890167258f83512955dbce65f072d4e8c310cb9de,11,apply,succeeded,1788390714.945026,1788390714.946521,1788390768.137505,,35,35
1788391696.461041,10,1,ghcr.io/talmolab/lablink-client-base-image:linux-amd64-test@sha256:1ec2fde6860186b3d45ac83890167258f83512955dbce65f072d4e8c310cb9de,1,apply,succeeded,1788380921.682491,1788380921.685047,1788380971.541328,,20,20
1788391696.461041,10,1,ghcr.io/talmolab/lablink-client-base-image:linux-amd64-test@sha256:1ec2fde6860186b3d45ac83890167258f83512955dbce65f072d4e8c310cb9de,2,destroy,succeeded,1788381612.379228,1788381612.381237,1788381939.351963,,20,20
1788391696.461041,10,1,ghcr.io/talmolab/lablink-client-base-image:linux-amd64-test@sha256:1ec2fde6860186b3d45ac83890167258f83512955dbce65f072d4e8c310cb9de,3,apply,succeeded,1788381976.63281,1788381976.63526,1788382026.043455,,20,20
1788391696.461041,10,1,ghcr.io/talmolab/lablink-client-base-image:linux-amd64-test@sha256:1ec2fde6860186b3d45ac83890167258f83512955dbce65f072d4e8c310cb9de,4,destroy,succeeded,1788382875.148234,1788382875.150169,1788383194.833905,,20,20
1788391696.461041,10,1,ghcr.io/talmolab/lablink-client-base-image:linux-amd64-test@sha256:1ec2fde6860186b3d45ac83890167258f83512955dbce65f072d4e8c310cb9de,5,apply,succeeded,1788383308.62635,1788383308.629388,1788383361.88001,,35,35
1788391696.461041,10,1,ghcr.io/talmolab/lablink-client-base-image:linux-amd64-test@sha256:1ec2fde6860186b3d45ac83890167258f83512955dbce65f072d4e8c310cb9de,6,destroy,succeeded,1788384337.446569,1788384337.448163,1788384657.690712,,35,35
1788391696.461041,10,1,ghcr.io/talmolab/lablink-client-base-image:linux-amd64-test@sha256:1ec2fde6860186b3d45ac83890167258f83512955dbce65f072d4e8c310cb9de,7,apply,succeeded,1788384727.528365,1788384727.530681,1788384808.61864,,95,95
1788391696.461041,10,1,ghcr.io/talmolab/lablink-client-base-image:linux-amd64-test@sha256:1ec2fde6860186b3d45ac83890167258f83512955dbce65f072d4e8c310cb9de,8,destroy,succeeded,1788385076.969534,1788385076.971902,1788385973.63117,,95,95
1788391696.461041,10,1,ghcr.io/talmolab/lablink-client-base-image:linux-amd64-test@sha256:1ec2fde6860186b3d45ac83890167258f83512955dbce65f072d4e8c310cb9de,9,apply,succeeded,1788389407.309799,1788389407.313231,1788389454.98231,,20,20
1788391696.461041,10,1,ghcr.io/talmolab/lablink-client-base-image:linux-amd64-test@sha256:1ec2fde6860186b3d45ac83890167258f83512955dbce65f072d4e8c310cb9de,10,destroy,succeeded,1788390335.82657,1788390335.827949,1788390654.079952,,20,20
1788391696.461041,10,1,ghcr.io/talmolab/lablink-client-base-image:linux-amd64-test@sha256:1ec2fde6860186b3d45ac83890167258f83512955dbce65f072d4e8c310cb9de,11,apply,succeeded,1788390714.945026,1788390714.946521,1788390768.137505,,35,35
1788391701.4368472,10,1,ghcr.io/talmolab/lablink-client-base-image:linux-amd64-test@sha256:1ec2fde6860186b3d45ac83890167258f83512955dbce65f072d4e8c310cb9de,1,apply,succeeded,1788380921.682491,1788380921.685047,1788380971.541328,,20,20
1788391701.4368472,10,1,ghcr.io/talmolab/lablink-client-base-image:linux-amd64-test@sha256:1ec2fde6860186b3d45ac83890167258f83512955dbce65f072d4e8c310cb9de,2,destroy,succeeded,1788381612.379228,1788381612.381237,1788381939.351963,,20,20
1788391701.4368472,10,1,ghcr.io/talmolab/lablink-client-base-image:linux-amd64-test@sha256:1ec2fde6860186b3d45ac83890167258f83512955dbce65f072d4e8c310cb9de,3,apply,succeeded,1788381976.63281,1788381976.63526,1788382026.043455,,20,20
1788391701.4368472,10,1,ghcr.io/talmolab/lablink-client-base-image:linux-amd64-test@sha256:1ec2fde6860186b3d45ac83890167258f83512955dbce65f072d4e8c310cb9de,4,destroy,succeeded,1788382875.148234,1788382875.150169,1788383194.833905,,20,20
1788391701.4368472,10,1,ghcr.io/talmolab/lablink-client-base-image:linux-amd64-test@sha256:1ec2fde6860186b3d45ac83890167258f83512955dbce65f072d4e8c310cb9de,5,apply,succeeded,1788383308.62635,1788383308.629388,1788383361.88001,,35,35
1788391701.4368472,10,1,ghcr.io/talmolab/lablink-client-base-image:linux-amd64-test@sha256:1ec2fde6860186b3d45ac83890167258f83512955dbce65f072d4e8c310cb9de,6,destroy,succeeded,1788384337.446569,1788384337.448163,1788384657.690712,,35,35
1788391701.4368472,10,1,ghcr.io/talmolab/lablink-client-base-image:linux-amd64-test@sha256:1ec2fde6860186b3d45ac83890167258f83512955dbce65f072d4e8c310cb9de,7,apply,succeeded,1788384727.528365,1788384727.530681,1788384808.61864,,95,95
1788391701.4368472,10,1,ghcr.io/talmolab/lablink-client-base-image:linux-amd64-test@sha256:1ec2fde6860186b3d45ac83890167258f83512955dbce65f072d4e8c310cb9de,8,destroy,succeeded,1788385076.969534,1788385076.971902,1788385973.63117,,95,95
1788391701.4368472,10,1,ghcr.io/talmolab/lablink-client-base-image:linux-amd64-test@sha256:1ec2fde6860186b3d45ac83890167258f83512955dbce65f072d4e8c310cb9de,9,apply,succeeded,1788389407.309799,1788389407.313231,1788389454.98231,,20,20
1788391701.4368472,10,1,ghcr.io/talmolab/lablink-client-base-image:linux-amd64-test@sha256:1ec2fde6860186b3d45ac83890167258f83512955dbce65f072d4e8c310cb9de,10,destroy,succeeded,1788390335.82657,1788390335.827949,1788390654.079952,,20,20
1788391701.4368472,10,1,ghcr.io/talmolab/lablink-client-base-image:linux-amd64-test@sha256:1ec2fde6860186b3d45ac83890167258f83512955dbce65f072d4e8c310cb9de,11,apply,succeeded,1788390714.945026,1788390714.946521,1788390768.137505,,35,35
1788391706.557492,10,1,ghcr.io/talmolab/lablink-client-base-image:linux-amd64-test@sha256:1ec2fde6860186b3d45ac83890167258f83512955dbce65f072d4e8c310cb9de,1,apply,succeeded,1788380921.682491,1788380921.685047,1788380971.541328,,20,20
1788391706.557492,10,1,ghcr.io/talmolab/lablink-client-base-image:linux-amd64-test@sha256:1ec2fde6860186b3d45ac83890167258f83512955dbce65f072d4e8c310cb9de,2,destroy,succeeded,1788381612.379228,1788381612.381237,1788381939.351963,,20,20
1788391706.557492,10,1,ghcr.io/talmolab/lablink-client-base-image:linux-amd64-test@sha256:1ec2fde6860186b3d45ac83890167258f83512955dbce65f072d4e8c310cb9de,3,apply,succeeded,1788381976.63281,1788381976.63526,1788382026.043455,,20,20
1788391706.557492,10,1,ghcr.io/talmolab/lablink-client-base-image:linux-amd64-test@sha256:1ec2fde6860186b3d45ac83890167258f83512955dbce65f072d4e8c310cb9de,4,destroy,succeeded,1788382875.148234,1788382875.150169,1788383194.833905,,20,20
1788391706.557492,10,1,ghcr.io/talmolab/lablink-client-base-image:linux-amd64-test@sha256:1ec2fde6860186b3d45ac83890167258f83512955dbce65f072d4e8c310cb9de,5,apply,succeeded,1788383308.62635,1788383308.629388,1788383361.88001,,35,35
1788391706.557492,10,1,ghcr.io/talmolab/lablink-client-base-image:linux-amd64-test@sha256:1ec2fde6860186b3d45ac83890167258f83512955dbce65f072d4e8c310cb9de,6,destroy,succeeded,1788384337.446569,1788384337.448163,1788384657.690712,,35,35
1788391706.557492,10,1,ghcr.io/talmolab/lablink-client-base-image:linux-amd64-test@sha256:1ec2fde6860186b3d45ac83890167258f83512955dbce65f072d4e8c310cb9de,7,apply,succeeded,1788384727.528365,1788384727.530681,1788384808.61864,,95,95
1788391706.557492,10,1,ghcr.io/talmolab/lablink-client-base-image:linux-amd64-test@sha256:1ec2fde6860186b3d45ac83890167258f83512955dbce65f072d4e8c310cb9de,8,destroy,succeeded,1788385076.969534,1788385076.971902,1788385973.63117,,95,95
1788391706.557492,10,1,ghcr.io/talmolab/lablink-client-base-image:linux-amd64-test@sha256:1ec2fde6860186b3d45ac83890167258f83512955dbce65f072d4e8c310cb9de,9,apply,succeeded,1788389407.309799,1788389407.313231,1788389454.98231,,20,20
1788391706.557492,10,1,ghcr.io/talmolab/lablink-client-base-image:linux-amd64-test@sha256:1ec2fde6860186b3d45ac83890167258f83512955dbce65f072d4e8c310cb9de,10,destroy,succeeded,1788390335.82657,1788390335.827949,1788390654.079952,,20,20
1788391706.557492,10,1,ghcr.io/talmolab/lablink-client-base-image:linux-amd64-test@sha256:1ec2fde6860186b3d45ac83890167258f83512955dbce65f072d4e8c310cb9de,11,apply,succeeded,1788390714.945026,1788390714.946521,1788390768.137505,,35,35
1788391711.503577,10,1,ghcr.io/talmolab/lablink-client-base-image:linux-amd64-test@sha256:1ec2fde6860186b3d45ac83890167258f83512955dbce65f072d4e8c310cb9de,1,apply,succeeded,1788380921.682491,1788380921.685047,1788380971.541328,,20,20
1788391711.503577,10,1,ghcr.io/talmolab/lablink-client-base-image:linux-amd64-test@sha256:1ec2fde6860186b3d45ac83890167258f83512955dbce65f072d4e8c310cb9de,2,destroy,succeeded,1788381612.379228,1788381612.381237,1788381939.351963,,20,20
1788391711.503577,10,1,ghcr.io/talmolab/lablink-client-base-image:linux-amd64-test@sha256:1ec2fde6860186b3d45ac83890167258f83512955dbce65f072d4e8c310cb9de,3,apply,succeeded,1788381976.63281,1788381976.63526,1788382026.043455,,20,20
1788391711.503577,10,1,ghcr.io/talmolab/lablink-client-base-image:linux-amd64-test@sha256:1ec2fde6860186b3d45ac83890167258f83512955dbce65f072d4e8c310cb9de,4,destroy,succeeded,1788382875.148234,1788382875.150169,1788383194.833905,,20,20
1788391711.503577,10,1,ghcr.io/talmolab/lablink-client-base-image:linux-amd64-test@sha256:1ec2fde6860186b3d45ac83890167258f83512955dbce65f072d4e8c310cb9de,5,apply,succeeded,1788383308.62635,1788383308.629388,1788383361.88001,,35,35
1788391711.503577,10,1,ghcr.io/talmolab/lablink-client-base-image:linux-amd64-test@sha256:1ec2fde6860186b3d45ac83890167258f83512955dbce65f072d4e8c310cb9de,6,destroy,succeeded,1788384337.446569,1788384337.448163,1788384657.690712,,35,35
1788391711.503577,10,1,ghcr.io/talmolab/lablink-client-base-image:linux-amd64-test@sha256:1ec2fde6860186b3d45ac83890167258f83512955dbce65f072d4e8c310cb9de,7,apply,succeeded,1788384727.528365,1788384727.530681,1788384808.61864,,95,95
1788391711.503577,10,1,ghcr.io/talmolab/lablink-client-base-image:linux-amd64-test@sha256:1ec2fde6860186b3d45ac83890167258f83512955dbce65f072d4e8c310cb9de,8,destroy,succeeded,1788385076.969534,1788385076.971902,1788385973.63117,,95,95
1788391711.503577,10,1,ghcr.io/talmolab/lablink-client-base-image:linux-amd64-test@sha256:1ec2fde6860186b3d45ac83890167258f83512955dbce65f072d4e8c310cb9de,9,apply,succeeded,1788389407.309799,1788389407.313231,1788389454.98231,,20,20
1788391711.503577,10,1,ghcr.io/talmolab/lablink-client-base-image:linux-amd64-test@sha256:1ec2fde6860186b3d45ac83890167258f83512955dbce65f072d4e8c310cb9de,10,destroy,succeeded,1788390335.82657,1788390335.827949,1788390654.079952,,20,20
1788391711.503577,10,1,ghcr.io/talmolab/lablink-client-base-image:linux-amd64-test@sha256:1ec2fde6860186b3d45ac83890167258f83512955dbce65f072d4e8c310cb9de,11,apply,succeeded,1788390714.945026,1788390714.946521,1788390768.137505,,35,35
1788391716.554322,10,1,ghcr.io/talmolab/lablink-client-base-image:linux-amd64-test@sha256:1ec2fde6860186b3d45ac83890167258f83512955dbce65f072d4e8c310cb9de,1,apply,succeeded,1788380921.682491,1788380921.685047,1788380971.541328,,20,20
1788391716.554322,10,1,ghcr.io/talmolab/lablink-client-base-image:linux-amd64-test@sha256:1ec2fde6860186b3d45ac83890167258f83512955dbce65f072d4e8c310cb9de,2,destroy,succeeded,1788381612.379228,1788381612.381237,1788381939.351963,,20,20
1788391716.554322,10,1,ghcr.io/talmolab/lablink-client-base-image:linux-amd64-test@sha256:1ec2fde6860186b3d45ac83890167258f83512955dbce65f072d4e8c310cb9de,3,apply,succeeded,1788381976.63281,1788381976.63526,1788382026.043455,,20,20
1788391716.554322,10,1,ghcr.io/talmolab/lablink-client-base-image:linux-amd64-test@sha256:1ec2fde6860186b3d45ac83890167258f83512955dbce65f072d4e8c310cb9de,4,destroy,succeeded,1788382875.148234,1788382875.150169,1788383194.833905,,20,20
1788391716.554322,10,1,ghcr.io/talmolab/lablink-client-base-image:linux-amd64-test@sha256:1ec2fde6860186b3d45ac83890167258f83512955dbce65f072d4e8c310cb9de,5,apply,succeeded,1788383308.62635,1788383308.629388,1788383361.88001,,35,35
1788391716.554322,10,1,ghcr.io/talmolab/lablink-client-base-image:linux-amd64-test@sha256:1ec2fde6860186b3d45ac83890167258f83512955dbce65f072d4e8c310cb9de,6,destroy,succeeded,1788384337.446569,1788384337.448163,1788384657.690712,,35,35
1788391716.554322,10,1,ghcr.io/talmolab/lablink-client-base-image:linux-amd64-test@sha256:1ec2fde6860186b3d45ac83890167258f83512955dbce65f072d4e8c310cb9de,7,apply,succeeded,1788384727.528365,1788384727.530681,1788384808.61864,,95,95
1788391716.554322,10,1,ghcr.io/talmolab/lablink-client-base-image:linux-amd64-test@sha256:1ec2fde6860186b3d45ac83890167258f83512955dbce65f072d4e8c310cb9de,8,destroy,succeeded,1788385076.969534,1788385076.971902,1788385973.63117,,95,95
1788391716.554322,10,1,ghcr.io/talmolab/lablink-client-base-image:linux-amd64-test@sha256:1ec2fde6860186b3d45ac83890167258f83512955dbce65f072d4e8c310cb9de,9,apply,succeeded,1788389407.309799,1788389407.313231,1788389454.98231,,20,20
1788391716.554322,10,1,ghcr.io/talmolab/lablink-client-base-image:linux-amd64-test@sha256:1ec2fde6860186b3d45ac83890167258f83512955dbce65f072d4e8c310cb9de,10,destroy,succeeded,1788390335.82657,1788390335.827949,1788390654.079952,,20,20
1788391716.554322,10,1,ghcr.io/talmolab/lablink-client-base-image:linux-amd64-test@sha256:1ec2fde6860186b3d45ac83890167258f83512955dbce65f072d4e8c310cb9de,11,apply,succeeded,1788390714.945026,1788390714.946521,1788390768.137505,,35,35
1788391721.876791,10,1,ghcr.io/talmolab/lablink-client-base-image:linux-amd64-test@sha256:1ec2fde6860186b3d45ac83890167258f83512955dbce65f072d4e8c310cb9de,1,apply,succeeded,1788380921.682491,1788380921.685047,1788380971.541328,,20,20
1788391721.876791,10,1,ghcr.io/talmolab/lablink-client-base-image:linux-amd64-test@sha256:1ec2fde6860186b3d45ac83890167258f83512955dbce65f072d4e8c310cb9de,2,destroy,succeeded,1788381612.379228,1788381612.381237,1788381939.351963,,20,20
1788391721.876791,10,1,ghcr.io/talmolab/lablink-client-base-image:linux-amd64-test@sha256:1ec2fde6860186b3d45ac83890167258f83512955dbce65f072d4e8c310cb9de,3,apply,succeeded,1788381976.63281,1788381976.63526,1788382026.043455,,20,20
1788391721.876791,10,1,ghcr.io/talmolab/lablink-client-base-image:linux-amd64-test@sha256:1ec2fde6860186b3d45ac83890167258f83512955dbce65f072d4e8c310cb9de,4,destroy,succeeded,1788382875.148234,1788382875.150169,1788383194.833905,,20,20
1788391721.876791,10,1,ghcr.io/talmolab/lablink-client-base-image:linux-amd64-test@sha256:1ec2fde6860186b3d45ac83890167258f83512955dbce65f072d4e8c310cb9de,5,apply,succeeded,1788383308.62635,1788383308.629388,1788383361.88001,,35,35
1788391721.876791,10,1,ghcr.io/talmolab/lablink-client-base-image:linux-amd64-test@sha256:1ec2fde6860186b3d45ac83890167258f83512955dbce65f072d4e8c310cb9de,6,destroy,succeeded,1788384337.446569,1788384337.448163,1788384657.690712,,35,35
1788391721.876791,10,1,ghcr.io/talmolab/lablink-client-base-image:linux-amd64-test@sha256:1ec2fde6860186b3d45ac83890167258f83512955dbce65f072d4e8c310cb9de,7,apply,succeeded,1788384727.528365,1788384727.530681,1788384808.61864,,95,95
1788391721.876791,10,1,ghcr.io/talmolab/lablink-client-base-image:linux-amd64-test@sha256:1ec2fde6860186b3d45ac83890167258f83512955dbce65f072d4e8c310cb9de,8,destroy,succeeded,1788385076.969534,1788385076.971902,1788385973.63117,,95,95
1788391721.876791,10,1,ghcr.io/talmolab/lablink-client-base-image:linux-amd64-test@sha256:1ec2fde6860186b3d45ac83890167258f83512955dbce65f072d4e8c310cb9de,9,apply,succeeded,1788389407.309799,1788389407.313231,1788389454.98231,,20,20
1788391721.876791,10,1,ghcr.io/talmolab/lablink-client-base-image:linux-amd64-test@sha256:1ec2fde6860186b3d45ac83890167258f83512955dbce65f072d4e8c310cb9de,10,destroy,succeeded,1788390335.82657,1788390335.827949,1788390654.079952,,20,20
1788391721.876791,10,1,ghcr.io/talmolab/lablink-client-base-image:linux-amd64-test@sha256:1ec2fde6860186b3d45ac83890167258f83512955dbce65f072d4e8c310cb9de,11,apply,succeeded,1788390714.945026,1788390714.946521,1788390768.137505,,35,35
1788391726.514233,10,1,ghcr.io/talmolab/lablink-client-base-image:linux-amd64-test@sha256:1ec2fde6860186b3d45ac83890167258f83512955dbce65f072d4e8c310cb9de,1,apply,succeeded,1788380921.682491,1788380921.685047,1788380971.541328,,20,20
1788391726.514233,10,1,ghcr.io/talmolab/lablink-client-base-image:linux-amd64-test@sha256:1ec2fde6860186b3d45ac83890167258f83512955dbce65f072d4e8c310cb9de,2,destroy,succeeded,1788381612.379228,1788381612.381237,1788381939.351963,,20,20
1788391726.514233,10,1,ghcr.io/talmolab/lablink-client-base-image:linux-amd64-test@sha256:1ec2fde6860186b3d45ac83890167258f83512955dbce65f072d4e8c310cb9de,3,apply,succeeded,1788381976.63281,1788381976.63526,1788382026.043455,,20,20
1788391726.514233,10,1,ghcr.io/talmolab/lablink-client-base-image:linux-amd64-test@sha256:1ec2fde6860186b3d45ac83890167258f83512955dbce65f072d4e8c310cb9de,4,destroy,succeeded,1788382875.148234,1788382875.150169,1788383194.833905,,20,20
1788391726.514233,10,1,ghcr.io/talmolab/lablink-client-base-image:linux-amd64-test@sha256:1ec2fde6860186b3d45ac83890167258f83512955dbce65f072d4e8c310cb9de,5,apply,succeeded,1788383308.62635,1788383308.629388,1788383361.88001,,35,35
1788391726.514233,10,1,ghcr.io/talmolab/lablink-client-base-image:linux-amd64-test@sha256:1ec2fde6860186b3d45ac83890167258f83512955dbce65f072d4e8c310cb9de,6,destroy,succeeded,1788384337.446569,1788384337.448163,1788384657.690712,,35,35
1788391726.514233,10,1,ghcr.io/talmolab/lablink-client-base-image:linux-amd64-test@sha256:1ec2fde6860186b3d45ac83890167258f83512955dbce65f072d4e8c310cb9de,7,apply,succeeded,1788384727.528365,1788384727.530681,1788384808.61864,,95,95
1788391726.514233,10,1,ghcr.io/talmolab/lablink-client-base-image:linux-amd64-test@sha256:1ec2fde6860186b3d45ac83890167258f83512955dbce65f072d4e8c310cb9de,8,destroy,succeeded,1788385076.969534,1788385076.971902,1788385973.63117,,95,95
1788391726.514233,10,1,ghcr.io/talmolab/lablink-client-base-image:linux-amd64-test@sha256:1ec2fde6860186b3d45ac83890167258f83512955dbce65f072d4e8c310cb9de,9,apply,succeeded,1788389407.309799,1788389407.313231,1788389454.98231,,20,20
1788391726.514233,10,1,ghcr.io/talmolab/lablink-client-base-image:linux-amd64-test@sha256:1ec2fde6860186b3d45ac83890167258f83512955dbce65f072d4e8c310cb9de,10,destroy,succeeded,1788390335.82657,1788390335.827949,1788390654.079952,,20,20
1788391726.514233,10,1,ghcr.io/talmolab/lablink-client-base-image:linux-amd64-test@sha256:1ec2fde6860186b3d45ac83890167258f83512955dbce65f072d4e8c310cb9de,11,apply,succeeded,1788390714.945026,1788390714.946521,1788390768.137505,,35,35
1788391731.6326258,10,1,ghcr.io/talmolab/lablink-client-base-image:linux-amd64-test@sha256:1ec2fde6860186b3d45ac83890167258f83512955dbce65f072d4e8c310cb9de,1,apply,succeeded,1788380921.682491,1788380921.685047,1788380971.541328,,20,20
1788391731.6326258,10,1,ghcr.io/talmolab/lablink-client-base-image:linux-amd64-test@sha256:1ec2fde6860186b3d45ac83890167258f83512955dbce65f072d4e8c310cb9de,2,destroy,succeeded,1788381612.379228,1788381612.381237,1788381939.351963,,20,20
1788391731.6326258,10,1,ghcr.io/talmolab/lablink-client-base-image:linux-amd64-test@sha256:1ec2fde6860186b3d45ac83890167258f83512955dbce65f072d4e8c310cb9de,3,apply,succeeded,1788381976.63281,1788381976.63526,1788382026.043455,,20,20
1788391731.6326258,10,1,ghcr.io/talmolab/lablink-client-base-image:linux-amd64-test@sha256:1ec2fde6860186b3d45ac83890167258f83512955dbce65f072d4e8c310cb9de,4,destroy,succeeded,1788382875.148234,1788382875.150169,1788383194.833905,,20,20
1788391731.6326258,10,1,ghcr.io/talmolab/lablink-client-base-image:linux-amd64-test@sha256:1ec2fde6860186b3d45ac83890167258f83512955dbce65f072d4e8c310cb9de,5,apply,succeeded,1788383308.62635,1788383308.629388,1788383361.88001,,35,35
1788391731.6326258,10,1,ghcr.io/talmolab/lablink-client-base-image:linux-amd64-test@sha256:1ec2fde6860186b3d45ac83890167258f83512955dbce65f072d4e8c310cb9de,6,destroy,succeeded,1788384337.446569,1788384337.448163,1788384657.690712,,35,35
1788391731.6326258,10,1,ghcr.io/talmolab/lablink-client-base-image:linux-amd64-test@sha256:1ec2fde6860186b3d45ac83890167258f83512955dbce65f072d4e8c310cb9de,7,apply,succeeded,1788384727.528365,1788384727.530681,1788384808.61864,,95,95
1788391731.6326258,10,1,ghcr.io/talmolab/lablink-client-base-image:linux-amd64-test@sha256:1ec2fde6860186b3d45ac83890167258f83512955dbce65f072d4e8c310cb9de,8,destroy,succeeded,1788385076.969534,1788385076.971902,1788385973.63117,,95,95
1788391731.6326258,10,1,ghcr.io/talmolab/lablink-client-base-image:linux-amd64-test@sha256:1ec2fde6860186b3d45ac83890167258f83512955dbce65f072d4e8c310cb9de,9,apply,succeeded,1788389407.309799,1788389407.313231,1788389454.98231,,20,20
1788391731.6326258,10,1,ghcr.io/talmolab/lablink-client-base-image:linux-amd64-test@sha256:1ec2fde6860186b3d45ac83890167258f83512955dbce65f072d4e8c310cb9de,10,destroy,succeeded,1788390335.82657,1788390335.827949,1788390654.079952,,20,20
1788391731.6326258,10,1,ghcr.io/talmolab/lablink-client-base-image:linux-amd64-test@sha256:1ec2fde6860186b3d45ac83890167258f83512955dbce65f072d4e8c310cb9de,11,apply,succeeded,1788390714.945026,1788390714.946521,1788390768.137505,,35,35
1788391731.6326258,10,1,ghcr.io/talmolab/lablink-client-base-image:linux-amd64-test@sha256:1ec2fde6860186b3d45ac83890167258f83512955dbce65f072d4e8c310cb9de,12,destroy,running,1788391729.15506,1788391729.156797,,,,
1788391736.8078752,10,1,ghcr.io/talmolab/lablink-client-base-image:linux-amd64-test@sha256:1ec2fde6860186b3d45ac83890167258f83512955dbce65f072d4e8c310cb9de,1,apply,succeeded,1788380921.682491,1788380921.685047,1788380971.541328,,20,20
1788391736.8078752,10,1,ghcr.io/talmolab/lablink-client-base-image:linux-amd64-test@sha256:1ec2fde6860186b3d45ac83890167258f83512955dbce65f072d4e8c310cb9de,2,destroy,succeeded,1788381612.379228,1788381612.381237,1788381939.351963,,20,20
1788391736.8078752,10,1,ghcr.io/talmolab/lablink-client-base-image:linux-amd64-test@sha256:1ec2fde6860186b3d45ac83890167258f83512955dbce65f072d4e8c310cb9de,3,apply,succeeded,1788381976.63281,1788381976.63526,1788382026.043455,,20,20
1788391736.8078752,10,1,ghcr.io/talmolab/lablink-client-base-image:linux-amd64-test@sha256:1ec2fde6860186b3d45ac83890167258f83512955dbce65f072d4e8c310cb9de,4,destroy,succeeded,1788382875.148234,1788382875.150169,1788383194.833905,,20,20
1788391736.8078752,10,1,ghcr.io/talmolab/lablink-client-base-image:linux-amd64-test@sha256:1ec2fde6860186b3d45ac83890167258f83512955dbce65f072d4e8c310cb9de,5,apply,succeeded,1788383308.62635,1788383308.629388,1788383361.88001,,35,35
1788391736.8078752,10,1,ghcr.io/talmolab/lablink-client-base-image:linux-amd64-test@sha256:1ec2fde6860186b3d45ac83890167258f83512955dbce65f072d4e8c310cb9de,6,destroy,succeeded,1788384337.446569,1788384337.448163,1788384657.690712,,35,35
1788391736.8078752,10,1,ghcr.io/talmolab/lablink-client-base-image:linux-amd64-test@sha256:1ec2fde6860186b3d45ac83890167258f83512955dbce65f072d4e8c310cb9de,7,apply,succeeded,1788384727.528365,1788384727.530681,1788384808.61864,,95,95
1788391736.8078752,10,1,ghcr.io/talmolab/lablink-client-base-image:linux-amd64-test@sha256:1ec2fde6860186b3d45ac83890167258f83512955dbce65f072d4e8c310cb9de,8,destroy,succeeded,1788385076.969534,1788385076.971902,1788385973.63117,,95,95
1788391736.8078752,10,1,ghcr.io/talmolab/lablink-client-base-image:linux-amd64-test@sha256:1ec2fde6860186b3d45ac83890167258f83512955dbce65f072d4e8c310cb9de,9,apply,succeeded,1788389407.309799,1788389407.313231,1788389454.98231,,20,20
1788391736.8078752,10,1,ghcr.io/talmolab/lablink-client-base-image:linux-amd64-test@sha256:1ec2fde6860186b3d45ac83890167258f83512955dbce65f072d4e8c310cb9de,10,destroy,succeeded,1788390335.82657,1788390335.827949,1788390654.079952,,20,20
1788391736.8078752,10,1,ghcr.io/talmolab/lablink-client-base-image:linux-amd64-test@sha256:1ec2fde6860186b3d45ac83890167258f83512955dbce65f072d4e8c310cb9de,11,apply,succeeded,1788390714.945026,1788390714.946521,1788390768.137505,,35,35
1788391736.8078752,10,1,ghcr.io/talmolab/lablink-client-base-image:linux-amd64-test@sha256:1ec2fde6860186b3d45ac83890167258f83512955dbce65f072d4e8c310cb9de,12,destroy,running,1788391729.15506,1788391729.156797,,,,
1788391741.903154,10,1,ghcr.io/talmolab/lablink-client-base-image:linux-amd64-test@sha256:1ec2fde6860186b3d45ac83890167258f83512955dbce65f072d4e8c310cb9de,1,apply,succeeded,1788380921.682491,1788380921.685047,1788380971.541328,,20,20
1788391741.903154,10,1,ghcr.io/talmolab/lablink-client-base-image:linux-amd64-test@sha256:1ec2fde6860186b3d45ac83890167258f83512955dbce65f072d4e8c310cb9de,2,destroy,succeeded,1788381612.379228,1788381612.381237,1788381939.351963,,20,20
1788391741.903154,10,1,ghcr.io/talmolab/lablink-client-base-image:linux-amd64-test@sha256:1ec2fde6860186b3d45ac83890167258f83512955dbce65f072d4e8c310cb9de,3,apply,succeeded,1788381976.63281,1788381976.63526,1788382026.043455,,20,20
1788391741.903154,10,1,ghcr.io/talmolab/lablink-client-base-image:linux-amd64-test@sha256:1ec2fde6860186b3d45ac83890167258f83512955dbce65f072d4e8c310cb9de,4,destroy,succeeded,1788382875.148234,1788382875.150169,1788383194.833905,,20,20
1788391741.903154,10,1,ghcr.io/talmolab/lablink-client-base-image:linux-amd64-test@sha256:1ec2fde6860186b3d45ac83890167258f83512955dbce65f072d4e8c310cb9de,5,apply,succeeded,1788383308.62635,1788383308.629388,1788383361.88001,,35,35
1788391741.903154,10,1,ghcr.io/talmolab/lablink-client-base-image:linux-amd64-test@sha256:1ec2fde6860186b3d45ac83890167258f83512955dbce65f072d4e8c310cb9de,6,destroy,succeeded,1788384337.446569,1788384337.448163,1788384657.690712,,35,35
1788391741.903154,10,1,ghcr.io/talmolab/lablink-client-base-image:linux-amd64-test@sha256:1ec2fde6860186b3d45ac83890167258f83512955dbce65f072d4e8c310cb9de,7,apply,succeeded,1788384727.528365,1788384727.530681,1788384808.61864,,95,95
1788391741.903154,10,1,ghcr.io/talmolab/lablink-client-base-image:linux-amd64-test@sha256:1ec2fde6860186b3d45ac83890167258f83512955dbce65f072d4e8c310cb9de,8,destroy,succeeded,1788385076.969534,1788385076.971902,1788385973.63117,,95,95
1788391741.903154,10,1,ghcr.io/talmolab/lablink-client-base-image:linux-amd64-test@sha256:1ec2fde6860186b3d45ac83890167258f83512955dbce65f072d4e8c310cb9de,9,apply,succeeded,1788389407.309799,1788389407.313231,1788389454.98231,,20,20
1788391741.903154,10,1,ghcr.io/talmolab/lablink-client-base-image:linux-amd64-test@sha256:1ec2fde6860186b3d45ac83890167258f83512955dbce65f072d4e8c310cb9de,10,destroy,succeeded,1788390335.82657,1788390335.827949,1788390654.079952,,20,20
1788391741.903154,10,1,ghcr.io/talmolab/lablink-client-base-image:linux-amd64-test@sha256:1ec2fde6860186b3d45ac83890167258f83512955dbce65f072d4e8c310cb9de,11,apply,succeeded,1788390714.945026,1788390714.946521,1788390768.137505,,35,35
1788391741.903154,10,1,ghcr.io/talmolab/lablink-client-base-image:linux-amd64-test@sha256:1ec2fde6860186b3d45ac83890167258f83512955dbce65f072d4e8c310cb9de,12,destroy,running,1788391729.15506,1788391729.156797,,,,
1788391747.0865521,10,1,ghcr.io/talmolab/lablink-client-base-image:linux-amd64-test@sha256:1ec2fde6860186b3d45ac83890167258f83512955dbce65f072d4e8c310cb9de,1,apply,succeeded,1788380921.682491,1788380921.685047,1788380971.541328,,20,20
1788391747.0865521,10,1,ghcr.io/talmolab/lablink-client-base-image:linux-amd64-test@sha256:1ec2fde6860186b3d45ac83890167258f83512955dbce65f072d4e8c310cb9de,2,destroy,succeeded,1788381612.379228,1788381612.381237,1788381939.351963,,20,20
1788391747.0865521,10,1,ghcr.io/talmolab/lablink-client-base-image:linux-amd64-test@sha256:1ec2fde6860186b3d45ac83890167258f83512955dbce65f072d4e8c310cb9de,3,apply,succeeded,1788381976.63281,1788381976.63526,1788382026.043455,,20,20
1788391747.0865521,10,1,ghcr.io/talmolab/lablink-client-base-image:linux-amd64-test@sha256:1ec2fde6860186b3d45ac83890167258f83512955dbce65f072d4e8c310cb9de,4,destroy,succeeded,1788382875.148234,1788382875.150169,1788383194.833905,,20,20
1788391747.0865521,10,1,ghcr.io/talmolab/lablink-client-base-image:linux-amd64-test@sha256:1ec2fde6860186b3d45ac83890167258f83512955dbce65f072d4e8c310cb9de,5,apply,succeeded,1788383308.62635,1788383308.629388,1788383361.88001,,35,35
1788391747.0865521,10,1,ghcr.io/talmolab/lablink-client-base-image:linux-amd64-test@sha256:1ec2fde6860186b3d45ac83890167258f83512955dbce65f072d4e8c310cb9de,6,destroy,succeeded,1788384337.446569,1788384337.448163,1788384657.690712,,35,35
1788391747.0865521,10,1,ghcr.io/talmolab/lablink-client-base-image:linux-amd64-test@sha256:1ec2fde6860186b3d45ac83890167258f83512955dbce65f072d4e8c310cb9de,7,apply,succeeded,1788384727.528365,1788384727.530681,1788384808.61864,,95,95
1788391747.0865521,10,1,ghcr.io/talmolab/lablink-client-base-image:linux-amd64-test@sha256:1ec2fde6860186b3d45ac83890167258f83512955dbce65f072d4e8c310cb9de,8,destroy,succeeded,1788385076.969534,1788385076.971902,1788385973.63117,,95,95
1788391747.0865521,10,1,ghcr.io/talmolab/lablink-client-base-image:linux-amd64-test@sha256:1ec2fde6860186b3d45ac83890167258f83512955dbce65f072d4e8c310cb9de,9,apply,succeeded,1788389407.309799,1788389407.313231,1788389454.98231,,20,20
1788391747.0865521,10,1,ghcr.io/talmolab/lablink-client-base-image:linux-amd64-test@sha256:1ec2fde6860186b3d45ac83890167258f83512955dbce65f072d4e8c310cb9de,10,destroy,succeeded,1788390335.82657,1788390335.827949,1788390654.079952,,20,20
1788391747.0865521,10,1,ghcr.io/talmolab/lablink-client-base-image:linux-amd64-test@sha256:1ec2fde6860186b3d45ac83890167258f83512955dbce65f072d4e8c310cb9de,11,apply,succeeded,1788390714.945026,1788390714.946521,1788390768.137505,,35,35
1788391747.0865521,10,1,ghcr.io/talmolab/lablink-client-base-image:linux-amd64-test@sha256:1ec2fde6860186b3d45ac83890167258f83512955dbce65f072d4e8c310cb9de,12,destroy,running,1788391729.15506,1788391729.156797,,,,
1788391751.8698509,10,1,ghcr.io/talmolab/lablink-client-base-image:linux-amd64-test@sha256:1ec2fde6860186b3d45ac83890167258f83512955dbce65f072d4e8c310cb9de,1,apply,succeeded,1788380921.682491,1788380921.685047,1788380971.541328,,20,20
1788391751.8698509,10,1,ghcr.io/talmolab/lablink-client-base-image:linux-amd64-test@sha256:1ec2fde6860186b3d45ac83890167258f83512955dbce65f072d4e8c310cb9de,2,destroy,succeeded,1788381612.379228,1788381612.381237,1788381939.351963,,20,20
1788391751.8698509,10,1,ghcr.io/talmolab/lablink-client-base-image:linux-amd64-test@sha256:1ec2fde6860186b3d45ac83890167258f83512955dbce65f072d4e8c310cb9de,3,apply,succeeded,1788381976.63281,1788381976.63526,1788382026.043455,,20,20
1788391751.8698509,10,1,ghcr.io/talmolab/lablink-client-base-image:linux-amd64-test@sha256:1ec2fde6860186b3d45ac83890167258f83512955dbce65f072d4e8c310cb9de,4,destroy,succeeded,1788382875.148234,1788382875.150169,1788383194.833905,,20,20
1788391751.8698509,10,1,ghcr.io/talmolab/lablink-client-base-image:linux-amd64-test@sha256:1ec2fde6860186b3d45ac83890167258f83512955dbce65f072d4e8c310cb9de,5,apply,succeeded,1788383308.62635,1788383308.629388,1788383361.88001,,35,35
1788391751.8698509,10,1,ghcr.io/talmolab/lablink-client-base-image:linux-amd64-test@sha256:1ec2fde6860186b3d45ac83890167258f83512955dbce65f072d4e8c310cb9de,6,destroy,succeeded,1788384337.446569,1788384337.448163,1788384657.690712,,35,35
1788391751.8698509,10,1,ghcr.io/talmolab/lablink-client-base-image:linux-amd64-test@sha256:1ec2fde6860186b3d45ac83890167258f83512955dbce65f072d4e8c310cb9de,7,apply,succeeded,1788384727.528365,1788384727.530681,1788384808.61864,,95,95
1788391751.8698509,10,1,ghcr.io/talmolab/lablink-client-base-image:linux-amd64-test@sha256:1ec2fde6860186b3d45ac83890167258f83512955dbce65f072d4e8c310cb9de,8,destroy,succeeded,1788385076.969534,1788385076.971902,1788385973.63117,,95,95
1788391751.8698509,10,1,ghcr.io/talmolab/lablink-client-base-image:linux-amd64-test@sha256:1ec2fde6860186b3d45ac83890167258f83512955dbce65f072d4e8c310cb9de,9,apply,succeeded,1788389407.309799,1788389407.313231,1788389454.98231,,20,20
1788391751.8698509,10,1,ghcr.io/talmolab/lablink-client-base-image:linux-amd64-test@sha256:1ec2fde6860186b3d45ac83890167258f83512955dbce65f072d4e8c310cb9de,10,destroy,succeeded,1788390335.82657,1788390335.827949,1788390654.079952,,20,20
1788391751.8698509,10,1,ghcr.io/talmolab/lablink-client-base-image:linux-amd64-test@sha256:1ec2fde6860186b3d45ac83890167258f83512955dbce65f072d4e8c310cb9de,11,apply,succeeded,1788390714.945026,1788390714.946521,1788390768.137505,,35,35
1788391751.8698509,10,1,ghcr.io/talmolab/lablink-client-base-image:linux-amd64-test@sha256:1ec2fde6860186b3d45ac83890167258f83512955dbce65f072d4e8c310cb9de,12,destroy,running,1788391729.15506,1788391729.156797,,,35,0
1788391756.797885,10,1,ghcr.io/talmolab/lablink-client-base-image:linux-amd64-test@sha256:1ec2fde6860186b3d45ac83890167258f83512955dbce65f072d4e8c310cb9de,1,apply,succeeded,1788380921.682491,1788380921.685047,1788380971.541328,,20,20
1788391756.797885,10,1,ghcr.io/talmolab/lablink-client-base-image:linux-amd64-test@sha256:1ec2fde6860186b3d45ac83890167258f83512955dbce65f072d4e8c310cb9de,2,destroy,succeeded,1788381612.379228,1788381612.381237,1788381939.351963,,20,20
1788391756.797885,10,1,ghcr.io/talmolab/lablink-client-base-image:linux-amd64-test@sha256:1ec2fde6860186b3d45ac83890167258f83512955dbce65f072d4e8c310cb9de,3,apply,succeeded,1788381976.63281,1788381976.63526,1788382026.043455,,20,20
1788391756.797885,10,1,ghcr.io/talmolab/lablink-client-base-image:linux-amd64-test@sha256:1ec2fde6860186b3d45ac83890167258f83512955dbce65f072d4e8c310cb9de,4,destroy,succeeded,1788382875.148234,1788382875.150169,1788383194.833905,,20,20
1788391756.797885,10,1,ghcr.io/talmolab/lablink-client-base-image:linux-amd64-test@sha256:1ec2fde6860186b3d45ac83890167258f83512955dbce65f072d4e8c310cb9de,5,apply,succeeded,1788383308.62635,1788383308.629388,1788383361.88001,,35,35
1788391756.797885,10,1,ghcr.io/talmolab/lablink-client-base-image:linux-amd64-test@sha256:1ec2fde6860186b3d45ac83890167258f83512955dbce65f072d4e8c310cb9de,6,destroy,succeeded,1788384337.446569,1788384337.448163,1788384657.690712,,35,35
1788391756.797885,10,1,ghcr.io/talmolab/lablink-client-base-image:linux-amd64-test@sha256:1ec2fde6860186b3d45ac83890167258f83512955dbce65f072d4e8c310cb9de,7,apply,succeeded,1788384727.528365,1788384727.530681,1788384808.61864,,95,95
1788391756.797885,10,1,ghcr.io/talmolab/lablink-client-base-image:linux-amd64-test@sha256:1ec2fde6860186b3d45ac83890167258f83512955dbce65f072d4e8c310cb9de,8,destroy,succeeded,1788385076.969534,1788385076.971902,1788385973.63117,,95,95
1788391756.797885,10,1,ghcr.io/talmolab/lablink-client-base-image:linux-amd64-test@sha256:1ec2fde6860186b3d45ac83890167258f83512955dbce65f072d4e8c310cb9de,9,apply,succeeded,1788389407.309799,1788389407.313231,1788389454.98231,,20,20
1788391756.797885,10,1,ghcr.io/talmolab/lablink-client-base-image:linux-amd64-test@sha256:1ec2fde6860186b3d45ac83890167258f83512955dbce65f072d4e8c310cb9de,10,destroy,succeeded,1788390335.82657,1788390335.827949,1788390654.079952,,20,20
1788391756.797885,10,1,ghcr.io/talmolab/lablink-client-base-image:linux-amd64-test@sha256:1ec2fde6860186b3d45ac83890167258f83512955dbce65f072d4e8c310cb9de,11,apply,succeeded,1788390714.945026,1788390714.946521,1788390768.137505,,35,35
1788391756.797885,10,1,ghcr.io/talmolab/lablink-client-base-image:linux-amd64-test@sha256:1ec2fde6860186b3d45ac83890167258f83512955dbce65f072d4e8c310cb9de,12,destroy,running,1788391729.15506,1788391729.156797,,,35,20
1788391761.606984,10,1,ghcr.io/talmolab/lablink-client-base-image:linux-amd64-test@sha256:1ec2fde6860186b3d45ac83890167258f83512955dbce65f072d4e8c310cb9de,1,apply,succeeded,1788380921.682491,1788380921.685047,1788380971.541328,,20,20
1788391761.606984,10,1,ghcr.io/talmolab/lablink-client-base-image:linux-amd64-test@sha256:1ec2fde6860186b3d45ac83890167258f83512955dbce65f072d4e8c310cb9de,2,destroy,succeeded,1788381612.379228,1788381612.381237,1788381939.351963,,20,20
1788391761.606984,10,1,ghcr.io/talmolab/lablink-client-base-image:linux-amd64-test@sha256:1ec2fde6860186b3d45ac83890167258f83512955dbce65f072d4e8c310cb9de,3,apply,succeeded,1788381976.63281,1788381976.63526,1788382026.043455,,20,20
1788391761.606984,10,1,ghcr.io/talmolab/lablink-client-base-image:linux-amd64-test@sha256:1ec2fde6860186b3d45ac83890167258f83512955dbce65f072d4e8c310cb9de,4,destroy,succeeded,1788382875.148234,1788382875.150169,1788383194.833905,,20,20
1788391761.606984,10,1,ghcr.io/talmolab/lablink-client-base-image:linux-amd64-test@sha256:1ec2fde6860186b3d45ac83890167258f83512955dbce65f072d4e8c310cb9de,5,apply,succeeded,1788383308.62635,1788383308.629388,1788383361.88001,,35,35
1788391761.606984,10,1,ghcr.io/talmolab/lablink-client-base-image:linux-amd64-test@sha256:1ec2fde6860186b3d45ac83890167258f83512955dbce65f072d4e8c310cb9de,6,destroy,succeeded,1788384337.446569,1788384337.448163,1788384657.690712,,35,35
1788391761.606984,10,1,ghcr.io/talmolab/lablink-client-base-image:linux-amd64-test@sha256:1ec2fde6860186b3d45ac83890167258f83512955dbce65f072d4e8c310cb9de,7,apply,succeeded,1788384727.528365,1788384727.530681,1788384808.61864,,95,95
1788391761.606984,10,1,ghcr.io/talmolab/lablink-client-base-image:linux-amd64-test@sha256:1ec2fde6860186b3d45ac83890167258f83512955dbce65f072d4e8c310cb9de,8,destroy,succeeded,1788385076.969534,1788385076.971902,1788385973.63117,,95,95
1788391761.606984,10,1,ghcr.io/talmolab/lablink-client-base-image:linux-amd64-test@sha256:1ec2fde6860186b3d45ac83890167258f83512955dbce65f072d4e8c310cb9de,9,apply,succeeded,1788389407.309799,1788389407.313231,1788389454.98231,,20,20
1788391761.606984,10,1,ghcr.io/talmolab/lablink-client-base-image:linux-amd64-test@sha256:1ec2fde6860186b3d45ac83890167258f83512955dbce65f072d4e8c310cb9de,10,destroy,succeeded,1788390335.82657,1788390335.827949,1788390654.079952,,20,20
1788391761.606984,10,1,ghcr.io/talmolab/lablink-client-base-image:linux-amd64-test@sha256:1ec2fde6860186b3d45ac83890167258f83512955dbce65f072d4e8c310cb9de,11,apply,succeeded,1788390714.945026,1788390714.946521,1788390768.137505,,35,35
1788391761.606984,10,1,ghcr.io/talmolab/lablink-client-base-image:linux-amd64-test@sha256:1ec2fde6860186b3d45ac83890167258f83512955dbce65f072d4e8c310cb9de,12,destroy,running,1788391729.15506,1788391729.156797,,,35,20
1788391766.5598779,10,1,ghcr.io/talmolab/lablink-client-base-image:linux-amd64-test@sha256:1ec2fde6860186b3d45ac83890167258f83512955dbce65f072d4e8c310cb9de,1,apply,succeeded,1788380921.682491,1788380921.685047,1788380971.541328,,20,20
1788391766.5598779,10,1,ghcr.io/talmolab/lablink-client-base-image:linux-amd64-test@sha256:1ec2fde6860186b3d45ac83890167258f83512955dbce65f072d4e8c310cb9de,2,destroy,succeeded,1788381612.379228,1788381612.381237,1788381939.351963,,20,20
1788391766.5598779,10,1,ghcr.io/talmolab/lablink-client-base-image:linux-amd64-test@sha256:1ec2fde6860186b3d45ac83890167258f83512955dbce65f072d4e8c310cb9de,3,apply,succeeded,1788381976.63281,1788381976.63526,1788382026.043455,,20,20
1788391766.5598779,10,1,ghcr.io/talmolab/lablink-client-base-image:linux-amd64-test@sha256:1ec2fde6860186b3d45ac83890167258f83512955dbce65f072d4e8c310cb9de,4,destroy,succeeded,1788382875.148234,1788382875.150169,1788383194.833905,,20,20
1788391766.5598779,10,1,ghcr.io/talmolab/lablink-client-base-image:linux-amd64-test@sha256:1ec2fde6860186b3d45ac83890167258f83512955dbce65f072d4e8c310cb9de,5,apply,succeeded,1788383308.62635,1788383308.629388,1788383361.88001,,35,35
1788391766.5598779,10,1,ghcr.io/talmolab/lablink-client-base-image:linux-amd64-test@sha256:1ec2fde6860186b3d45ac83890167258f83512955dbce65f072d4e8c310cb9de,6,destroy,succeeded,1788384337.446569,1788384337.448163,1788384657.690712,,35,35
1788391766.5598779,10,1,ghcr.io/talmolab/lablink-client-base-image:linux-amd64-test@sha256:1ec2fde6860186b3d45ac83890167258f83512955dbce65f072d4e8c310cb9de,7,apply,succeeded,1788384727.528365,1788384727.530681,1788384808.61864,,95,95
1788391766.5598779,10,1,ghcr.io/talmolab/lablink-client-base-image:linux-amd64-test@sha256:1ec2fde6860186b3d45ac83890167258f83512955dbce65f072d4e8c310cb9de,8,destroy,succeeded,1788385076.969534,1788385076.971902,1788385973.63117,,95,95
1788391766.5598779,10,1,ghcr.io/talmolab/lablink-client-base-image:linux-amd64-test@sha256:1ec2fde6860186b3d45ac83890167258f83512955dbce65f072d4e8c310cb9de,9,apply,succeeded,1788389407.309799,1788389407.313231,1788389454.98231,,20,20
1788391766.5598779,10,1,ghcr.io/talmolab/lablink-client-base-image:linux-amd64-test@sha256:1ec2fde6860186b3d45ac83890167258f83512955dbce65f072d4e8c310cb9de,10,destroy,succeeded,1788390335.82657,1788390335.827949,1788390654.079952,,20,20
1788391766.5598779,10,1,ghcr.io/talmolab/lablink-client-base-image:linux-amd64-test@sha256:1ec2fde6860186b3d45ac83890167258f83512955dbce65f072d4e8c310cb9de,11,apply,succeeded,1788390714.945026,1788390714.946521,1788390768.137505,,35,35
1788391766.5598779,10,1,ghcr.io/talmolab/lablink-client-base-image:linux-amd64-test@sha256:1ec2fde6860186b3d45ac83890167258f83512955dbce65f072d4e8c310cb9de,12,destroy,running,1788391729.15506,1788391729.156797,,,35,20
1788391771.601564,10,1,ghcr.io/talmolab/lablink-client-base-image:linux-amd64-test@sha256:1ec2fde6860186b3d45ac83890167258f83512955dbce65f072d4e8c310cb9de,1,apply,succeeded,1788380921.682491,1788380921.685047,1788380971.541328,,20,20
1788391771.601564,10,1,ghcr.io/talmolab/lablink-client-base-image:linux-amd64-test@sha256:1ec2fde6860186b3d45ac83890167258f83512955dbce65f072d4e8c310cb9de,2,destroy,succeeded,1788381612.379228,1788381612.381237,1788381939.351963,,20,20
1788391771.601564,10,1,ghcr.io/talmolab/lablink-client-base-image:linux-amd64-test@sha256:1ec2fde6860186b3d45ac83890167258f83512955dbce65f072d4e8c310cb9de,3,apply,succeeded,1788381976.63281,1788381976.63526,1788382026.043455,,20,20
1788391771.601564,10,1,ghcr.io/talmolab/lablink-client-base-image:linux-amd64-test@sha256:1ec2fde6860186b3d45ac83890167258f83512955dbce65f072d4e8c310cb9de,4,destroy,succeeded,1788382875.148234,1788382875.150169,1788383194.833905,,20,20
1788391771.601564,10,1,ghcr.io/talmolab/lablink-client-base-image:linux-amd64-test@sha256:1ec2fde6860186b3d45ac83890167258f83512955dbce65f072d4e8c310cb9de,5,apply,succeeded,1788383308.62635,1788383308.629388,1788383361.88001,,35,35
1788391771.601564,10,1,ghcr.io/talmolab/lablink-client-base-image:linux-amd64-test@sha256:1ec2fde6860186b3d45ac83890167258f83512955dbce65f072d4e8c310cb9de,6,destroy,succeeded,1788384337.446569,1788384337.448163,1788384657.690712,,35,35
1788391771.601564,10,1,ghcr.io/talmolab/lablink-client-base-image:linux-amd64-test@sha256:1ec2fde6860186b3d45ac83890167258f83512955dbce65f072d4e8c310cb9de,7,apply,succeeded,1788384727.528365,1788384727.530681,1788384808.61864,,95,95
1788391771.601564,10,1,ghcr.io/talmolab/lablink-client-base-image:linux-amd64-test@sha256:1ec2fde6860186b3d45ac83890167258f83512955dbce65f072d4e8c310cb9de,8,destroy,succeeded,1788385076.969534,1788385076.971902,1788385973.63117,,95,95
1788391771.601564,10,1,ghcr.io/talmolab/lablink-client-base-image:linux-amd64-test@sha256:1ec2fde6860186b3d45ac83890167258f83512955dbce65f072d4e8c310cb9de,9,apply,succeeded,1788389407.309799,1788389407.313231,1788389454.98231,,20,20
1788391771.601564,10,1,ghcr.io/talmolab/lablink-client-base-image:linux-amd64-test@sha256:1ec2fde6860186b3d45ac83890167258f83512955dbce65f072d4e8c310cb9de,10,destroy,succeeded,1788390335.82657,1788390335.827949,1788390654.079952,,20,20
1788391771.601564,10,1,ghcr.io/talmolab/lablink-client-base-image:linux-amd64-test@sha256:1ec2fde6860186b3d45ac83890167258f83512955dbce65f072d4e8c310cb9de,11,apply,succeeded,1788390714.945026,1788390714.946521,1788390768.137505,,35,35
1788391771.601564,10,1,ghcr.io/talmolab/lablink-client-base-image:linux-amd64-test@sha256:1ec2fde6860186b3d45ac83890167258f83512955dbce65f072d4e8c310cb9de,12,destroy,running,1788391729.15506,1788391729.156797,,,35,20
1788391776.6325362,10,1,ghcr.io/talmolab/lablink-client-base-image:linux-amd64-test@sha256:1ec2fde6860186b3d45ac83890167258f83512955dbce65f072d4e8c310cb9de,1,apply,succeeded,1788380921.682491,1788380921.685047,1788380971.541328,,20,20
1788391776.6325362,10,1,ghcr.io/talmolab/lablink-client-base-image:linux-amd64-test@sha256:1ec2fde6860186b3d45ac83890167258f83512955dbce65f072d4e8c310cb9de,2,destroy,succeeded,1788381612.379228,1788381612.381237,1788381939.351963,,20,20
1788391776.6325362,10,1,ghcr.io/talmolab/lablink-client-base-image:linux-amd64-test@sha256:1ec2fde6860186b3d45ac83890167258f83512955dbce65f072d4e8c310cb9de,3,apply,succeeded,1788381976.63281,1788381976.63526,1788382026.043455,,20,20
1788391776.6325362,10,1,ghcr.io/talmolab/lablink-client-base-image:linux-amd64-test@sha256:1ec2fde6860186b3d45ac83890167258f83512955dbce65f072d4e8c310cb9de,4,destroy,succeeded,1788382875.148234,1788382875.150169,1788383194.833905,,20,20
1788391776.6325362,10,1,ghcr.io/talmolab/lablink-client-base-image:linux-amd64-test@sha256:1ec2fde6860186b3d45ac83890167258f83512955dbce65f072d4e8c310cb9de,5,apply,succeeded,1788383308.62635,1788383308.629388,1788383361.88001,,35,35
1788391776.6325362,10,1,ghcr.io/talmolab/lablink-client-base-image:linux-amd64-test@sha256:1ec2fde6860186b3d45ac83890167258f83512955dbce65f072d4e8c310cb9de,6,destroy,succeeded,1788384337.446569,1788384337.448163,1788384657.690712,,35,35
1788391776.6325362,10,1,ghcr.io/talmolab/lablink-client-base-image:linux-amd64-test@sha256:1ec2fde6860186b3d45ac83890167258f83512955dbce65f072d4e8c310cb9de,7,apply,succeeded,1788384727.528365,1788384727.530681,1788384808.61864,,95,95
1788391776.6325362,10,1,ghcr.io/talmolab/lablink-client-base-image:linux-amd64-test@sha256:1ec2fde6860186b3d45ac83890167258f83512955dbce65f072d4e8c310cb9de,8,destroy,succeeded,1788385076.969534,1788385076.971902,1788385973.63117,,95,95
1788391776.6325362,10,1,ghcr.io/talmolab/lablink-client-base-image:linux-amd64-test@sha256:1ec2fde6860186b3d45ac83890167258f83512955dbce65f072d4e8c310cb9de,9,apply,succeeded,1788389407.309799,1788389407.313231,1788389454.98231,,20,20
1788391776.6325362,10,1,ghcr.io/talmolab/lablink-client-base-image:linux-amd64-test@sha256:1ec2fde6860186b3d45ac83890167258f83512955dbce65f072d4e8c310cb9de,10,destroy,succeeded,1788390335.82657,1788390335.827949,1788390654.079952,,20,20
1788391776.6325362,10,1,ghcr.io/talmolab/lablink-client-base-image:linux-amd64-test@sha256:1ec2fde6860186b3d45ac83890167258f83512955dbce65f072d4e8c310cb9de,11,apply,succeeded,1788390714.945026,1788390714.946521,1788390768.137505,,35,35
1788391776.6325362,10,1,ghcr.io/talmolab/lablink-client-base-image:linux-amd64-test@sha256:1ec2fde6860186b3d45ac83890167258f83512955dbce65f072d4e8c310cb9de,12,destroy,running,1788391729.15506,1788391729.156797,,,35,20
1788391781.597997,10,1,ghcr.io/talmolab/lablink-client-base-image:linux-amd64-test@sha256:1ec2fde6860186b3d45ac83890167258f83512955dbce65f072d4e8c310cb9de,1,apply,succeeded,1788380921.682491,1788380921.685047,1788380971.541328,,20,20
1788391781.597997,10,1,ghcr.io/talmolab/lablink-client-base-image:linux-amd64-test@sha256:1ec2fde6860186b3d45ac83890167258f83512955dbce65f072d4e8c310cb9de,2,destroy,succeeded,1788381612.379228,1788381612.381237,1788381939.351963,,20,20
1788391781.597997,10,1,ghcr.io/talmolab/lablink-client-base-image:linux-amd64-test@sha256:1ec2fde6860186b3d45ac83890167258f83512955dbce65f072d4e8c310cb9de,3,apply,succeeded,1788381976.63281,1788381976.63526,1788382026.043455,,20,20
1788391781.597997,10,1,ghcr.io/talmolab/lablink-client-base-image:linux-amd64-test@sha256:1ec2fde6860186b3d45ac83890167258f83512955dbce65f072d4e8c310cb9de,4,destroy,succeeded,1788382875.148234,1788382875.150169,1788383194.833905,,20,20
1788391781.597997,10,1,ghcr.io/talmolab/lablink-client-base-image:linux-amd64-test@sha256:1ec2fde6860186b3d45ac83890167258f83512955dbce65f072d4e8c310cb9de,5,apply,succeeded,1788383308.62635,1788383308.629388,1788383361.88001,,35,35
1788391781.597997,10,1,ghcr.io/talmolab/lablink-client-base-image:linux-amd64-test@sha256:1ec2fde6860186b3d45ac83890167258f83512955dbce65f072d4e8c310cb9de,6,destroy,succeeded,1788384337.446569,1788384337.448163,1788384657.690712,,35,35
1788391781.597997,10,1,ghcr.io/talmolab/lablink-client-base-image:linux-amd64-test@sha256:1ec2fde6860186b3d45ac83890167258f83512955dbce65f072d4e8c310cb9de,7,apply,succeeded,1788384727.528365,1788384727.530681,1788384808.61864,,95,95
1788391781.597997,10,1,ghcr.io/talmolab/lablink-client-base-image:linux-amd64-test@sha256:1ec2fde6860186b3d45ac83890167258f83512955dbce65f072d4e8c310cb9de,8,destroy,succeeded,1788385076.969534,1788385076.971902,1788385973.63117,,95,95
1788391781.597997,10,1,ghcr.io/talmolab/lablink-client-base-image:linux-amd64-test@sha256:1ec2fde6860186b3d45ac83890167258f83512955dbce65f072d4e8c310cb9de,9,apply,succeeded,1788389407.309799,1788389407.313231,1788389454.98231,,20,20
1788391781.597997,10,1,ghcr.io/talmolab/lablink-client-base-image:linux-amd64-test@sha256:1ec2fde6860186b3d45ac83890167258f83512955dbce65f072d4e8c310cb9de,10,destroy,succeeded,1788390335.82657,1788390335.827949,1788390654.079952,,20,20
1788391781.597997,10,1,ghcr.io/talmolab/lablink-client-base-image:linux-amd64-test@sha256:1ec2fde6860186b3d45ac83890167258f83512955dbce65f072d4e8c310cb9de,11,apply,succeeded,1788390714.945026,1788390714.946521,1788390768.137505,,35,35
1788391781.597997,10,1,ghcr.io/talmolab/lablink-client-base-image:linux-amd64-test@sha256:1ec2fde6860186b3d45ac83890167258f83512955dbce65f072d4e8c310cb9de,12,destroy,running,1788391729.15506,1788391729.156797,,,35,20
1788391786.83746,10,1,ghcr.io/talmolab/lablink-client-base-image:linux-amd64-test@sha256:1ec2fde6860186b3d45ac83890167258f83512955dbce65f072d4e8c310cb9de,1,apply,succeeded,1788380921.682491,1788380921.685047,1788380971.541328,,20,20
1788391786.83746,10,1,ghcr.io/talmolab/lablink-client-base-image:linux-amd64-test@sha256:1ec2fde6860186b3d45ac83890167258f83512955dbce65f072d4e8c310cb9de,2,destroy,succeeded,1788381612.379228,1788381612.381237,1788381939.351963,,20,20
1788391786.83746,10,1,ghcr.io/talmolab/lablink-client-base-image:linux-amd64-test@sha256:1ec2fde6860186b3d45ac83890167258f83512955dbce65f072d4e8c310cb9de,3,apply,succeeded,1788381976.63281,1788381976.63526,1788382026.043455,,20,20
1788391786.83746,10,1,ghcr.io/talmolab/lablink-client-base-image:linux-amd64-test@sha256:1ec2fde6860186b3d45ac83890167258f83512955dbce65f072d4e8c310cb9de,4,destroy,succeeded,1788382875.148234,1788382875.150169,1788383194.833905,,20,20
1788391786.83746,10,1,ghcr.io/talmolab/lablink-client-base-image:linux-amd64-test@sha256:1ec2fde6860186b3d45ac83890167258f83512955dbce65f072d4e8c310cb9de,5,apply,succeeded,1788383308.62635,1788383308.629388,1788383361.88001,,35,35
1788391786.83746,10,1,ghcr.io/talmolab/lablink-client-base-image:linux-amd64-test@sha256:1ec2fde6860186b3d45ac83890167258f83512955dbce65f072d4e8c310cb9de,6,destroy,succeeded,1788384337.446569,1788384337.448163,1788384657.690712,,35,35
1788391786.83746,10,1,ghcr.io/talmolab/lablink-client-base-image:linux-amd64-test@sha256:1ec2fde6860186b3d45ac83890167258f83512955dbce65f072d4e8c310cb9de,7,apply,succeeded,1788384727.528365,1788384727.530681,1788384808.61864,,95,95
1788391786.83746,10,1,ghcr.io/talmolab/lablink-client-base-image:linux-amd64-test@sha256:1ec2fde6860186b3d45ac83890167258f83512955dbce65f072d4e8c310cb9de,8,destroy,succeeded,1788385076.969534,1788385076.971902,1788385973.63117,,95,95
1788391786.83746,10,1,ghcr.io/talmolab/lablink-client-base-image:linux-amd64-test@sha256:1ec2fde6860186b3d45ac83890167258f83512955dbce65f072d4e8c310cb9de,9,apply,succeeded,1788389407.309799,1788389407.313231,1788389454.98231,,20,20
1788391786.83746,10,1,ghcr.io/talmolab/lablink-client-base-image:linux-amd64-test@sha256:1ec2fde6860186b3d45ac83890167258f83512955dbce65f072d4e8c310cb9de,10,destroy,succeeded,1788390335.82657,1788390335.827949,1788390654.079952,,20,20
1788391786.83746,10,1,ghcr.io/talmolab/lablink-client-base-image:linux-amd64-test@sha256:1ec2fde6860186b3d45ac83890167258f83512955dbce65f072d4e8c310cb9de,11,apply,succeeded,1788390714.945026,1788390714.946521,1788390768.137505,,35,35
1788391786.83746,10,1,ghcr.io/talmolab/lablink-client-base-image:linux-amd64-test@sha256:1ec2fde6860186b3d45ac83890167258f83512955dbce65f072d4e8c310cb9de,12,destroy,running,1788391729.15506,1788391729.156797,,,35,20
1788391791.5715,10,1,ghcr.io/talmolab/lablink-client-base-image:linux-amd64-test@sha256:1ec2fde6860186b3d45ac83890167258f83512955dbce65f072d4e8c310cb9de,1,apply,succeeded,1788380921.682491,1788380921.685047,1788380971.541328,,20,20
1788391791.5715,10,1,ghcr.io/talmolab/lablink-client-base-image:linux-amd64-test@sha256:1ec2fde6860186b3d45ac83890167258f83512955dbce65f072d4e8c310cb9de,2,destroy,succeeded,1788381612.379228,1788381612.381237,1788381939.351963,,20,20
1788391791.5715,10,1,ghcr.io/talmolab/lablink-client-base-image:linux-amd64-test@sha256:1ec2fde6860186b3d45ac83890167258f83512955dbce65f072d4e8c310cb9de,3,apply,succeeded,1788381976.63281,1788381976.63526,1788382026.043455,,20,20
1788391791.5715,10,1,ghcr.io/talmolab/lablink-client-base-image:linux-amd64-test@sha256:1ec2fde6860186b3d45ac83890167258f83512955dbce65f072d4e8c310cb9de,4,destroy,succeeded,1788382875.148234,1788382875.150169,1788383194.833905,,20,20
1788391791.5715,10,1,ghcr.io/talmolab/lablink-client-base-image:linux-amd64-test@sha256:1ec2fde6860186b3d45ac83890167258f83512955dbce65f072d4e8c310cb9de,5,apply,succeeded,1788383308.62635,1788383308.629388,1788383361.88001,,35,35
1788391791.5715,10,1,ghcr.io/talmolab/lablink-client-base-image:linux-amd64-test@sha256:1ec2fde6860186b3d45ac83890167258f83512955dbce65f072d4e8c310cb9de,6,destroy,succeeded,1788384337.446569,1788384337.448163,1788384657.690712,,35,35
1788391791.5715,10,1,ghcr.io/talmolab/lablink-client-base-image:linux-amd64-test@sha256:1ec2fde6860186b3d45ac83890167258f83512955dbce65f072d4e8c310cb9de,7,apply,succeeded,1788384727.528365,1788384727.530681,1788384808.61864,,95,95
1788391791.5715,10,1,ghcr.io/talmolab/lablink-client-base-image:linux-amd64-test@sha256:1ec2fde6860186b3d45ac83890167258f83512955dbce65f072d4e8c310cb9de,8,destroy,succeeded,1788385076.969534,1788385076.971902,1788385973.63117,,95,95
1788391791.5715,10,1,ghcr.io/talmolab/lablink-client-base-image:linux-amd64-test@sha256:1ec2fde6860186b3d45ac83890167258f83512955dbce65f072d4e8c310cb9de,9,apply,succeeded,1788389407.309799,1788389407.313231,1788389454.98231,,20,20
1788391791.5715,10,1,ghcr.io/talmolab/lablink-client-base-image:linux-amd64-test@sha256:1ec2fde6860186b3d45ac83890167258f83512955dbce65f072d4e8c310cb9de,10,destroy,succeeded,1788390335.82657,1788390335.827949,1788390654.079952,,20,20
1788391791.5715,10,1,ghcr.io/talmolab/lablink-client-base-image:linux-amd64-test@sha256:1ec2fde6860186b3d45ac83890167258f83512955dbce65f072d4e8c310cb9de,11,apply,succeeded,1788390714.945026,1788390714.946521,1788390768.137505,,35,35
1788391791.5715,10,1,ghcr.io/talmolab/lablink-client-base-image:linux-amd64-test@sha256:1ec2fde6860186b3d45ac83890167258f83512955dbce65f072d4e8c310cb9de,12,destroy,running,1788391729.15506,1788391729.156797,,,35,20
1788391796.5564532,10,1,ghcr.io/talmolab/lablink-client-base-image:linux-amd64-test@sha256:1ec2fde6860186b3d45ac83890167258f83512955dbce65f072d4e8c310cb9de,1,apply,succeeded,1788380921.682491,1788380921.685047,1788380971.541328,,20,20
1788391796.5564532,10,1,ghcr.io/talmolab/lablink-client-base-image:linux-amd64-test@sha256:1ec2fde6860186b3d45ac83890167258f83512955dbce65f072d4e8c310cb9de,2,destroy,succeeded,1788381612.379228,1788381612.381237,1788381939.351963,,20,20
1788391796.5564532,10,1,ghcr.io/talmolab/lablink-client-base-image:linux-amd64-test@sha256:1ec2fde6860186b3d45ac83890167258f83512955dbce65f072d4e8c310cb9de,3,apply,succeeded,1788381976.63281,1788381976.63526,1788382026.043455,,20,20
1788391796.5564532,10,1,ghcr.io/talmolab/lablink-client-base-image:linux-amd64-test@sha256:1ec2fde6860186b3d45ac83890167258f83512955dbce65f072d4e8c310cb9de,4,destroy,succeeded,1788382875.148234,1788382875.150169,1788383194.833905,,20,20
1788391796.5564532,10,1,ghcr.io/talmolab/lablink-client-base-image:linux-amd64-test@sha256:1ec2fde6860186b3d45ac83890167258f83512955dbce65f072d4e8c310cb9de,5,apply,succeeded,1788383308.62635,1788383308.629388,1788383361.88001,,35,35
1788391796.5564532,10,1,ghcr.io/talmolab/lablink-client-base-image:linux-amd64-test@sha256:1ec2fde6860186b3d45ac83890167258f83512955dbce65f072d4e8c310cb9de,6,destroy,succeeded,1788384337.446569,1788384337.448163,1788384657.690712,,35,35
1788391796.5564532,10,1,ghcr.io/talmolab/lablink-client-base-image:linux-amd64-test@sha256:1ec2fde6860186b3d45ac83890167258f83512955dbce65f072d4e8c310cb9de,7,apply,succeeded,1788384727.528365,1788384727.530681,1788384808.61864,,95,95
1788391796.5564532,10,1,ghcr.io/talmolab/lablink-client-base-image:linux-amd64-test@sha256:1ec2fde6860186b3d45ac83890167258f83512955dbce65f072d4e8c310cb9de,8,destroy,succeeded,1788385076.969534,1788385076.971902,1788385973.63117,,95,95
1788391796.5564532,10,1,ghcr.io/talmolab/lablink-client-base-image:linux-amd64-test@sha256:1ec2fde6860186b3d45ac83890167258f83512955dbce65f072d4e8c310cb9de,9,apply,succeeded,1788389407.309799,1788389407.313231,1788389454.98231,,20,20
1788391796.5564532,10,1,ghcr.io/talmolab/lablink-client-base-image:linux-amd64-test@sha256:1ec2fde6860186b3d45ac83890167258f83512955dbce65f072d4e8c310cb9de,10,destroy,succeeded,1788390335.82657,1788390335.827949,1788390654.079952,,20,20
1788391796.5564532,10,1,ghcr.io/talmolab/lablink-client-base-image:linux-amd64-test@sha256:1ec2fde6860186b3d45ac83890167258f83512955dbce65f072d4e8c310cb9de,11,apply,succeeded,1788390714.945026,1788390714.946521,1788390768.137505,,35,35
1788391796.5564532,10,1,ghcr.io/talmolab/lablink-client-base-image:linux-amd64-test@sha256:1ec2fde6860186b3d45ac83890167258f83512955dbce65f072d4e8c310cb9de,12,destroy,running,1788391729.15506,1788391729.156797,,,35,20
1788391801.5780952,10,1,ghcr.io/talmolab/lablink-client-base-image:linux-amd64-test@sha256:1ec2fde6860186b3d45ac83890167258f83512955dbce65f072d4e8c310cb9de,1,apply,succeeded,1788380921.682491,1788380921.685047,1788380971.541328,,20,20
1788391801.5780952,10,1,ghcr.io/talmolab/lablink-client-base-image:linux-amd64-test@sha256:1ec2fde6860186b3d45ac83890167258f83512955dbce65f072d4e8c310cb9de,2,destroy,succeeded,1788381612.379228,1788381612.381237,1788381939.351963,,20,20
1788391801.5780952,10,1,ghcr.io/talmolab/lablink-client-base-image:linux-amd64-test@sha256:1ec2fde6860186b3d45ac83890167258f83512955dbce65f072d4e8c310cb9de,3,apply,succeeded,1788381976.63281,1788381976.63526,1788382026.043455,,20,20
1788391801.5780952,10,1,ghcr.io/talmolab/lablink-client-base-image:linux-amd64-test@sha256:1ec2fde6860186b3d45ac83890167258f83512955dbce65f072d4e8c310cb9de,4,destroy,succeeded,1788382875.148234,1788382875.150169,1788383194.833905,,20,20
1788391801.5780952,10,1,ghcr.io/talmolab/lablink-client-base-image:linux-amd64-test@sha256:1ec2fde6860186b3d45ac83890167258f83512955dbce65f072d4e8c310cb9de,5,apply,succeeded,1788383308.62635,1788383308.629388,1788383361.88001,,35,35
1788391801.5780952,10,1,ghcr.io/talmolab/lablink-client-base-image:linux-amd64-test@sha256:1ec2fde6860186b3d45ac83890167258f83512955dbce65f072d4e8c310cb9de,6,destroy,succeeded,1788384337.446569,1788384337.448163,1788384657.690712,,35,35
1788391801.5780952,10,1,ghcr.io/talmolab/lablink-client-base-image:linux-amd64-test@sha256:1ec2fde6860186b3d45ac83890167258f83512955dbce65f072d4e8c310cb9de,7,apply,succeeded,1788384727.528365,1788384727.530681,1788384808.61864,,95,95
1788391801.5780952,10,1,ghcr.io/talmolab/lablink-client-base-image:linux-amd64-test@sha256:1ec2fde6860186b3d45ac83890167258f83512955dbce65f072d4e8c310cb9de,8,destroy,succeeded,1788385076.969534,1788385076.971902,1788385973.63117,,95,95
1788391801.5780952,10,1,ghcr.io/talmolab/lablink-client-base-image:linux-amd64-test@sha256:1ec2fde6860186b3d45ac83890167258f83512955dbce65f072d4e8c310cb9de,9,apply,succeeded,1788389407.309799,1788389407.313231,1788389454.98231,,20,20
1788391801.5780952,10,1,ghcr.io/talmolab/lablink-client-base-image:linux-amd64-test@sha256:1ec2fde6860186b3d45ac83890167258f83512955dbce65f072d4e8c310cb9de,10,destroy,succeeded,1788390335.82657,1788390335.827949,1788390654.079952,,20,20
1788391801.5780952,10,1,ghcr.io/talmolab/lablink-client-base-image:linux-amd64-test@sha256:1ec2fde6860186b3d45ac83890167258f83512955dbce65f072d4e8c310cb9de,11,apply,succeeded,1788390714.945026,1788390714.946521,1788390768.137505,,35,35
1788391801.5780952,10,1,ghcr.io/talmolab/lablink-client-base-image:linux-amd64-test@sha256:1ec2fde6860186b3d45ac83890167258f83512955dbce65f072d4e8c310cb9de,12,destroy,running,1788391729.15506,1788391729.156797,,,35,20
1788391806.580364,10,1,ghcr.io/talmolab/lablink-client-base-image:linux-amd64-test@sha256:1ec2fde6860186b3d45ac83890167258f83512955dbce65f072d4e8c310cb9de,1,apply,succeeded,1788380921.682491,1788380921.685047,1788380971.541328,,20,20
1788391806.580364,10,1,ghcr.io/talmolab/lablink-client-base-image:linux-amd64-test@sha256:1ec2fde6860186b3d45ac83890167258f83512955dbce65f072d4e8c310cb9de,2,destroy,succeeded,1788381612.379228,1788381612.381237,1788381939.351963,,20,20
1788391806.580364,10,1,ghcr.io/talmolab/lablink-client-base-image:linux-amd64-test@sha256:1ec2fde6860186b3d45ac83890167258f83512955dbce65f072d4e8c310cb9de,3,apply,succeeded,1788381976.63281,1788381976.63526,1788382026.043455,,20,20
1788391806.580364,10,1,ghcr.io/talmolab/lablink-client-base-image:linux-amd64-test@sha256:1ec2fde6860186b3d45ac83890167258f83512955dbce65f072d4e8c310cb9de,4,destroy,succeeded,1788382875.148234,1788382875.150169,1788383194.833905,,20,20
1788391806.580364,10,1,ghcr.io/talmolab/lablink-client-base-image:linux-amd64-test@sha256:1ec2fde6860186b3d45ac83890167258f83512955dbce65f072d4e8c310cb9de,5,apply,succeeded,1788383308.62635,1788383308.629388,1788383361.88001,,35,35
1788391806.580364,10,1,ghcr.io/talmolab/lablink-client-base-image:linux-amd64-test@sha256:1ec2fde6860186b3d45ac83890167258f83512955dbce65f072d4e8c310cb9de,6,destroy,succeeded,1788384337.446569,1788384337.448163,1788384657.690712,,35,35
1788391806.580364,10,1,ghcr.io/talmolab/lablink-client-base-image:linux-amd64-test@sha256:1ec2fde6860186b3d45ac83890167258f83512955dbce65f072d4e8c310cb9de,7,apply,succeeded,1788384727.528365,1788384727.530681,1788384808.61864,,95,95
1788391806.580364,10,1,ghcr.io/talmolab/lablink-client-base-image:linux-amd64-test@sha256:1ec2fde6860186b3d45ac83890167258f83512955dbce65f072d4e8c310cb9de,8,destroy,succeeded,1788385076.969534,1788385076.971902,1788385973.63117,,95,95
1788391806.580364,10,1,ghcr.io/talmolab/lablink-client-base-image:linux-amd64-test@sha256:1ec2fde6860186b3d45ac83890167258f83512955dbce65f072d4e8c310cb9de,9,apply,succeeded,1788389407.309799,1788389407.313231,1788389454.98231,,20,20
1788391806.580364,10,1,ghcr.io/talmolab/lablink-client-base-image:linux-amd64-test@sha256:1ec2fde6860186b3d45ac83890167258f83512955dbce65f072d4e8c310cb9de,10,destroy,succeeded,1788390335.82657,1788390335.827949,1788390654.079952,,20,20
1788391806.580364,10,1,ghcr.io/talmolab/lablink-client-base-image:linux-amd64-test@sha256:1ec2fde6860186b3d45ac83890167258f83512955dbce65f072d4e8c310cb9de,11,apply,succeeded,1788390714.945026,1788390714.946521,1788390768.137505,,35,35
1788391806.580364,10,1,ghcr.io/talmolab/lablink-client-base-image:linux-amd64-test@sha256:1ec2fde6860186b3d45ac83890167258f83512955dbce65f072d4e8c310cb9de,12,destroy,running,1788391729.15506,1788391729.156797,,,35,20
1788391811.531925,10,1,ghcr.io/talmolab/lablink-client-base-image:linux-amd64-test@sha256:1ec2fde6860186b3d45ac83890167258f83512955dbce65f072d4e8c310cb9de,1,apply,succeeded,1788380921.682491,1788380921.685047,1788380971.541328,,20,20
1788391811.531925,10,1,ghcr.io/talmolab/lablink-client-base-image:linux-amd64-test@sha256:1ec2fde6860186b3d45ac83890167258f83512955dbce65f072d4e8c310cb9de,2,destroy,succeeded,1788381612.379228,1788381612.381237,1788381939.351963,,20,20
1788391811.531925,10,1,ghcr.io/talmolab/lablink-client-base-image:linux-amd64-test@sha256:1ec2fde6860186b3d45ac83890167258f83512955dbce65f072d4e8c310cb9de,3,apply,succeeded,1788381976.63281,1788381976.63526,1788382026.043455,,20,20
1788391811.531925,10,1,ghcr.io/talmolab/lablink-client-base-image:linux-amd64-test@sha256:1ec2fde6860186b3d45ac83890167258f83512955dbce65f072d4e8c310cb9de,4,destroy,succeeded,1788382875.148234,1788382875.150169,1788383194.833905,,20,20
1788391811.531925,10,1,ghcr.io/talmolab/lablink-client-base-image:linux-amd64-test@sha256:1ec2fde6860186b3d45ac83890167258f83512955dbce65f072d4e8c310cb9de,5,apply,succeeded,1788383308.62635,1788383308.629388,1788383361.88001,,35,35
1788391811.531925,10,1,ghcr.io/talmolab/lablink-client-base-image:linux-amd64-test@sha256:1ec2fde6860186b3d45ac83890167258f83512955dbce65f072d4e8c310cb9de,6,destroy,succeeded,1788384337.446569,1788384337.448163,1788384657.690712,,35,35
1788391811.531925,10,1,ghcr.io/talmolab/lablink-client-base-image:linux-amd64-test@sha256:1ec2fde6860186b3d45ac83890167258f83512955dbce65f072d4e8c310cb9de,7,apply,succeeded,1788384727.528365,1788384727.530681,1788384808.61864,,95,95
1788391811.531925,10,1,ghcr.io/talmolab/lablink-client-base-image:linux-amd64-test@sha256:1ec2fde6860186b3d45ac83890167258f83512955dbce65f072d4e8c310cb9de,8,destroy,succeeded,1788385076.969534,1788385076.971902,1788385973.63117,,95,95
1788391811.531925,10,1,ghcr.io/talmolab/lablink-client-base-image:linux-amd64-test@sha256:1ec2fde6860186b3d45ac83890167258f83512955dbce65f072d4e8c310cb9de,9,apply,succeeded,1788389407.309799,1788389407.313231,1788389454.98231,,20,20
1788391811.531925,10,1,ghcr.io/talmolab/lablink-client-base-image:linux-amd64-test@sha256:1ec2fde6860186b3d45ac83890167258f83512955dbce65f072d4e8c310cb9de,10,destroy,succeeded,1788390335.82657,1788390335.827949,1788390654.079952,,20,20
1788391811.531925,10,1,ghcr.io/talmolab/lablink-client-base-image:linux-amd64-test@sha256:1ec2fde6860186b3d45ac83890167258f83512955dbce65f072d4e8c310cb9de,11,apply,succeeded,1788390714.945026,1788390714.946521,1788390768.137505,,35,35
1788391811.531925,10,1,ghcr.io/talmolab/lablink-client-base-image:linux-amd64-test@sha256:1ec2fde6860186b3d45ac83890167258f83512955dbce65f072d4e8c310cb9de,12,destroy,running,1788391729.15506,1788391729.156797,,,35,20
1788391816.701181,10,1,ghcr.io/talmolab/lablink-client-base-image:linux-amd64-test@sha256:1ec2fde6860186b3d45ac83890167258f83512955dbce65f072d4e8c310cb9de,1,apply,succeeded,1788380921.682491,1788380921.685047,1788380971.541328,,20,20
1788391816.701181,10,1,ghcr.io/talmolab/lablink-client-base-image:linux-amd64-test@sha256:1ec2fde6860186b3d45ac83890167258f83512955dbce65f072d4e8c310cb9de,2,destroy,succeeded,1788381612.379228,1788381612.381237,1788381939.351963,,20,20
1788391816.701181,10,1,ghcr.io/talmolab/lablink-client-base-image:linux-amd64-test@sha256:1ec2fde6860186b3d45ac83890167258f83512955dbce65f072d4e8c310cb9de,3,apply,succeeded,1788381976.63281,1788381976.63526,1788382026.043455,,20,20
1788391816.701181,10,1,ghcr.io/talmolab/lablink-client-base-image:linux-amd64-test@sha256:1ec2fde6860186b3d45ac83890167258f83512955dbce65f072d4e8c310cb9de,4,destroy,succeeded,1788382875.148234,1788382875.150169,1788383194.833905,,20,20
1788391816.701181,10,1,ghcr.io/talmolab/lablink-client-base-image:linux-amd64-test@sha256:1ec2fde6860186b3d45ac83890167258f83512955dbce65f072d4e8c310cb9de,5,apply,succeeded,1788383308.62635,1788383308.629388,1788383361.88001,,35,35
1788391816.701181,10,1,ghcr.io/talmolab/lablink-client-base-image:linux-amd64-test@sha256:1ec2fde6860186b3d45ac83890167258f83512955dbce65f072d4e8c310cb9de,6,destroy,succeeded,1788384337.446569,1788384337.448163,1788384657.690712,,35,35
1788391816.701181,10,1,ghcr.io/talmolab/lablink-client-base-image:linux-amd64-test@sha256:1ec2fde6860186b3d45ac83890167258f83512955dbce65f072d4e8c310cb9de,7,apply,succeeded,1788384727.528365,1788384727.530681,1788384808.61864,,95,95
1788391816.701181,10,1,ghcr.io/talmolab/lablink-client-base-image:linux-amd64-test@sha256:1ec2fde6860186b3d45ac83890167258f83512955dbce65f072d4e8c310cb9de,8,destroy,succeeded,1788385076.969534,1788385076.971902,1788385973.63117,,95,95
1788391816.701181,10,1,ghcr.io/talmolab/lablink-client-base-image:linux-amd64-test@sha256:1ec2fde6860186b3d45ac83890167258f83512955dbce65f072d4e8c310cb9de,9,apply,succeeded,1788389407.309799,1788389407.313231,1788389454.98231,,20,20
1788391816.701181,10,1,ghcr.io/talmolab/lablink-client-base-image:linux-amd64-test@sha256:1ec2fde6860186b3d45ac83890167258f83512955dbce65f072d4e8c310cb9de,10,destroy,succeeded,1788390335.82657,1788390335.827949,1788390654.079952,,20,20
1788391816.701181,10,1,ghcr.io/talmolab/lablink-client-base-image:linux-amd64-test@sha256:1ec2fde6860186b3d45ac83890167258f83512955dbce65f072d4e8c310cb9de,11,apply,succeeded,1788390714.945026,1788390714.946521,1788390768.137505,,35,35
1788391816.701181,10,1,ghcr.io/talmolab/lablink-client-base-image:linux-amd64-test@sha256:1ec2fde6860186b3d45ac83890167258f83512955dbce65f072d4e8c310cb9de,12,destroy,running,1788391729.15506,1788391729.156797,,,35,20
1788391821.61536,10,1,ghcr.io/talmolab/lablink-client-base-image:linux-amd64-test@sha256:1ec2fde6860186b3d45ac83890167258f83512955dbce65f072d4e8c310cb9de,1,apply,succeeded,1788380921.682491,1788380921.685047,1788380971.541328,,20,20
1788391821.61536,10,1,ghcr.io/talmolab/lablink-client-base-image:linux-amd64-test@sha256:1ec2fde6860186b3d45ac83890167258f83512955dbce65f072d4e8c310cb9de,2,destroy,succeeded,1788381612.379228,1788381612.381237,1788381939.351963,,20,20
1788391821.61536,10,1,ghcr.io/talmolab/lablink-client-base-image:linux-amd64-test@sha256:1ec2fde6860186b3d45ac83890167258f83512955dbce65f072d4e8c310cb9de,3,apply,succeeded,1788381976.63281,1788381976.63526,1788382026.043455,,20,20
1788391821.61536,10,1,ghcr.io/talmolab/lablink-client-base-image:linux-amd64-test@sha256:1ec2fde6860186b3d45ac83890167258f83512955dbce65f072d4e8c310cb9de,4,destroy,succeeded,1788382875.148234,1788382875.150169,1788383194.833905,,20,20
1788391821.61536,10,1,ghcr.io/talmolab/lablink-client-base-image:linux-amd64-test@sha256:1ec2fde6860186b3d45ac83890167258f83512955dbce65f072d4e8c310cb9de,5,apply,succeeded,1788383308.62635,1788383308.629388,1788383361.88001,,35,35
1788391821.61536,10,1,ghcr.io/talmolab/lablink-client-base-image:linux-amd64-test@sha256:1ec2fde6860186b3d45ac83890167258f83512955dbce65f072d4e8c310cb9de,6,destroy,succeeded,1788384337.446569,1788384337.448163,1788384657.690712,,35,35
1788391821.61536,10,1,ghcr.io/talmolab/lablink-client-base-image:linux-amd64-test@sha256:1ec2fde6860186b3d45ac83890167258f83512955dbce65f072d4e8c310cb9de,7,apply,succeeded,1788384727.528365,1788384727.530681,1788384808.61864,,95,95
1788391821.61536,10,1,ghcr.io/talmolab/lablink-client-base-image:linux-amd64-test@sha256:1ec2fde6860186b3d45ac83890167258f83512955dbce65f072d4e8c310cb9de,8,destroy,succeeded,1788385076.969534,1788385076.971902,1788385973.63117,,95,95
1788391821.61536,10,1,ghcr.io/talmolab/lablink-client-base-image:linux-amd64-test@sha256:1ec2fde6860186b3d45ac83890167258f83512955dbce65f072d4e8c310cb9de,9,apply,succeeded,1788389407.309799,1788389407.313231,1788389454.98231,,20,20
1788391821.61536,10,1,ghcr.io/talmolab/lablink-client-base-image:linux-amd64-test@sha256:1ec2fde6860186b3d45ac83890167258f83512955dbce65f072d4e8c310cb9de,10,destroy,succeeded,1788390335.82657,1788390335.827949,1788390654.079952,,20,20
1788391821.61536,10,1,ghcr.io/talmolab/lablink-client-base-image:linux-amd64-test@sha256:1ec2fde6860186b3d45ac83890167258f83512955dbce65f072d4e8c310cb9de,11,apply,succeeded,1788390714.945026,1788390714.946521,1788390768.137505,,35,35
1788391821.61536,10,1,ghcr.io/talmolab/lablink-client-base-image:linux-amd64-test@sha256:1ec2fde6860186b3d45ac83890167258f83512955dbce65f072d4e8c310cb9de,12,destroy,running,1788391729.15506,1788391729.156797,,,35,20
1788391826.656943,10,1,ghcr.io/talmolab/lablink-client-base-image:linux-amd64-test@sha256:1ec2fde6860186b3d45ac83890167258f83512955dbce65f072d4e8c310cb9de,1,apply,succeeded,1788380921.682491,1788380921.685047,1788380971.541328,,20,20
1788391826.656943,10,1,ghcr.io/talmolab/lablink-client-base-image:linux-amd64-test@sha256:1ec2fde6860186b3d45ac83890167258f83512955dbce65f072d4e8c310cb9de,2,destroy,succeeded,1788381612.379228,1788381612.381237,1788381939.351963,,20,20
1788391826.656943,10,1,ghcr.io/talmolab/lablink-client-base-image:linux-amd64-test@sha256:1ec2fde6860186b3d45ac83890167258f83512955dbce65f072d4e8c310cb9de,3,apply,succeeded,1788381976.63281,1788381976.63526,1788382026.043455,,20,20
1788391826.656943,10,1,ghcr.io/talmolab/lablink-client-base-image:linux-amd64-test@sha256:1ec2fde6860186b3d45ac83890167258f83512955dbce65f072d4e8c310cb9de,4,destroy,succeeded,1788382875.148234,1788382875.150169,1788383194.833905,,20,20
1788391826.656943,10,1,ghcr.io/talmolab/lablink-client-base-image:linux-amd64-test@sha256:1ec2fde6860186b3d45ac83890167258f83512955dbce65f072d4e8c310cb9de,5,apply,succeeded,1788383308.62635,1788383308.629388,1788383361.88001,,35,35
1788391826.656943,10,1,ghcr.io/talmolab/lablink-client-base-image:linux-amd64-test@sha256:1ec2fde6860186b3d45ac83890167258f83512955dbce65f072d4e8c310cb9de,6,destroy,succeeded,1788384337.446569,1788384337.448163,1788384657.690712,,35,35
1788391826.656943,10,1,ghcr.io/talmolab/lablink-client-base-image:linux-amd64-test@sha256:1ec2fde6860186b3d45ac83890167258f83512955dbce65f072d4e8c310cb9de,7,apply,succeeded,1788384727.528365,1788384727.530681,1788384808.61864,,95,95
1788391826.656943,10,1,ghcr.io/talmolab/lablink-client-base-image:linux-amd64-test@sha256:1ec2fde6860186b3d45ac83890167258f83512955dbce65f072d4e8c310cb9de,8,destroy,succeeded,1788385076.969534,1788385076.971902,1788385973.63117,,95,95
1788391826.656943,10,1,ghcr.io/talmolab/lablink-client-base-image:linux-amd64-test@sha256:1ec2fde6860186b3d45ac83890167258f83512955dbce65f072d4e8c310cb9de,9,apply,succeeded,1788389407.309799,1788389407.313231,1788389454.98231,,20,20
1788391826.656943,10,1,ghcr.io/talmolab/lablink-client-base-image:linux-amd64-test@sha256:1ec2fde6860186b3d45ac83890167258f83512955dbce65f072d4e8c310cb9de,10,destroy,succeeded,1788390335.82657,1788390335.827949,1788390654.079952,,20,20
1788391826.656943,10,1,ghcr.io/talmolab/lablink-client-base-image:linux-amd64-test@sha256:1ec2fde6860186b3d45ac83890167258f83512955dbce65f072d4e8c310cb9de,11,apply,succeeded,1788390714.945026,1788390714.946521,1788390768.137505,,35,35
1788391826.656943,10,1,ghcr.io/talmolab/lablink-client-base-image:linux-amd64-test@sha256:1ec2fde6860186b3d45ac83890167258f83512955dbce65f072d4e8c310cb9de,12,destroy,running,1788391729.15506,1788391729.156797,,,35,20
1788391831.675979,10,1,ghcr.io/talmolab/lablink-client-base-image:linux-amd64-test@sha256:1ec2fde6860186b3d45ac83890167258f83512955dbce65f072d4e8c310cb9de,1,apply,succeeded,1788380921.682491,1788380921.685047,1788380971.541328,,20,20
1788391831.675979,10,1,ghcr.io/talmolab/lablink-client-base-image:linux-amd64-test@sha256:1ec2fde6860186b3d45ac83890167258f83512955dbce65f072d4e8c310cb9de,2,destroy,succeeded,1788381612.379228,1788381612.381237,1788381939.351963,,20,20
1788391831.675979,10,1,ghcr.io/talmolab/lablink-client-base-image:linux-amd64-test@sha256:1ec2fde6860186b3d45ac83890167258f83512955dbce65f072d4e8c310cb9de,3,apply,succeeded,1788381976.63281,1788381976.63526,1788382026.043455,,20,20
1788391831.675979,10,1,ghcr.io/talmolab/lablink-client-base-image:linux-amd64-test@sha256:1ec2fde6860186b3d45ac83890167258f83512955dbce65f072d4e8c310cb9de,4,destroy,succeeded,1788382875.148234,1788382875.150169,1788383194.833905,,20,20
1788391831.675979,10,1,ghcr.io/talmolab/lablink-client-base-image:linux-amd64-test@sha256:1ec2fde6860186b3d45ac83890167258f83512955dbce65f072d4e8c310cb9de,5,apply,succeeded,1788383308.62635,1788383308.629388,1788383361.88001,,35,35
1788391831.675979,10,1,ghcr.io/talmolab/lablink-client-base-image:linux-amd64-test@sha256:1ec2fde6860186b3d45ac83890167258f83512955dbce65f072d4e8c310cb9de,6,destroy,succeeded,1788384337.446569,1788384337.448163,1788384657.690712,,35,35
1788391831.675979,10,1,ghcr.io/talmolab/lablink-client-base-image:linux-amd64-test@sha256:1ec2fde6860186b3d45ac83890167258f83512955dbce65f072d4e8c310cb9de,7,apply,succeeded,1788384727.528365,1788384727.530681,1788384808.61864,,95,95
1788391831.675979,10,1,ghcr.io/talmolab/lablink-client-base-image:linux-amd64-test@sha256:1ec2fde6860186b3d45ac83890167258f83512955dbce65f072d4e8c310cb9de,8,destroy,succeeded,1788385076.969534,1788385076.971902,1788385973.63117,,95,95
1788391831.675979,10,1,ghcr.io/talmolab/lablink-client-base-image:linux-amd64-test@sha256:1ec2fde6860186b3d45ac83890167258f83512955dbce65f072d4e8c310cb9de,9,apply,succeeded,1788389407.309799,1788389407.313231,1788389454.98231,,20,20
1788391831.675979,10,1,ghcr.io/talmolab/lablink-client-base-image:linux-amd64-test@sha256:1ec2fde6860186b3d45ac83890167258f83512955dbce65f072d4e8c310cb9de,10,destroy,succeeded,1788390335.82657,1788390335.827949,1788390654.079952,,20,20
1788391831.675979,10,1,ghcr.io/talmolab/lablink-client-base-image:linux-amd64-test@sha256:1ec2fde6860186b3d45ac83890167258f83512955dbce65f072d4e8c310cb9de,11,apply,succeeded,1788390714.945026,1788390714.946521,1788390768.137505,,35,35
1788391831.675979,10,1,ghcr.io/talmolab/lablink-client-base-image:linux-amd64-test@sha256:1ec2fde6860186b3d45ac83890167258f83512955dbce65f072d4e8c310cb9de,12,destroy,running,1788391729.15506,1788391729.156797,,,35,20
1788391836.614232,10,1,ghcr.io/talmolab/lablink-client-base-image:linux-amd64-test@sha256:1ec2fde6860186b3d45ac83890167258f83512955dbce65f072d4e8c310cb9de,1,apply,succeeded,1788380921.682491,1788380921.685047,1788380971.541328,,20,20
1788391836.614232,10,1,ghcr.io/talmolab/lablink-client-base-image:linux-amd64-test@sha256:1ec2fde6860186b3d45ac83890167258f83512955dbce65f072d4e8c310cb9de,2,destroy,succeeded,1788381612.379228,1788381612.381237,1788381939.351963,,20,20
1788391836.614232,10,1,ghcr.io/talmolab/lablink-client-base-image:linux-amd64-test@sha256:1ec2fde6860186b3d45ac83890167258f83512955dbce65f072d4e8c310cb9de,3,apply,succeeded,1788381976.63281,1788381976.63526,1788382026.043455,,20,20
1788391836.614232,10,1,ghcr.io/talmolab/lablink-client-base-image:linux-amd64-test@sha256:1ec2fde6860186b3d45ac83890167258f83512955dbce65f072d4e8c310cb9de,4,destroy,succeeded,1788382875.148234,1788382875.150169,1788383194.833905,,20,20
1788391836.614232,10,1,ghcr.io/talmolab/lablink-client-base-image:linux-amd64-test@sha256:1ec2fde6860186b3d45ac83890167258f83512955dbce65f072d4e8c310cb9de,5,apply,succeeded,1788383308.62635,1788383308.629388,1788383361.88001,,35,35
1788391836.614232,10,1,ghcr.io/talmolab/lablink-client-base-image:linux-amd64-test@sha256:1ec2fde6860186b3d45ac83890167258f83512955dbce65f072d4e8c310cb9de,6,destroy,succeeded,1788384337.446569,1788384337.448163,1788384657.690712,,35,35
1788391836.614232,10,1,ghcr.io/talmolab/lablink-client-base-image:linux-amd64-test@sha256:1ec2fde6860186b3d45ac83890167258f83512955dbce65f072d4e8c310cb9de,7,apply,succeeded,1788384727.528365,1788384727.530681,1788384808.61864,,95,95
1788391836.614232,10,1,ghcr.io/talmolab/lablink-client-base-image:linux-amd64-test@sha256:1ec2fde6860186b3d45ac83890167258f83512955dbce65f072d4e8c310cb9de,8,destroy,succeeded,1788385076.969534,1788385076.971902,1788385973.63117,,95,95
1788391836.614232,10,1,ghcr.io/talmolab/lablink-client-base-image:linux-amd64-test@sha256:1ec2fde6860186b3d45ac83890167258f83512955dbce65f072d4e8c310cb9de,9,apply,succeeded,1788389407.309799,1788389407.313231,1788389454.98231,,20,20
1788391836.614232,10,1,ghcr.io/talmolab/lablink-client-base-image:linux-amd64-test@sha256:1ec2fde6860186b3d45ac83890167258f83512955dbce65f072d4e8c310cb9de,10,destroy,succeeded,1788390335.82657,1788390335.827949,1788390654.079952,,20,20
1788391836.614232,10,1,ghcr.io/talmolab/lablink-client-base-image:linux-amd64-test@sha256:1ec2fde6860186b3d45ac83890167258f83512955dbce65f072d4e8c310cb9de,11,apply,succeeded,1788390714.945026,1788390714.946521,1788390768.137505,,35,35
1788391836.614232,10,1,ghcr.io/talmolab/lablink-client-base-image:linux-amd64-test@sha256:1ec2fde6860186b3d45ac83890167258f83512955dbce65f072d4e8c310cb9de,12,destroy,running,1788391729.15506,1788391729.156797,,,35,20
1788391841.637614,10,1,ghcr.io/talmolab/lablink-client-base-image:linux-amd64-test@sha256:1ec2fde6860186b3d45ac83890167258f83512955dbce65f072d4e8c310cb9de,1,apply,succeeded,1788380921.682491,1788380921.685047,1788380971.541328,,20,20
1788391841.637614,10,1,ghcr.io/talmolab/lablink-client-base-image:linux-amd64-test@sha256:1ec2fde6860186b3d45ac83890167258f83512955dbce65f072d4e8c310cb9de,2,destroy,succeeded,1788381612.379228,1788381612.381237,1788381939.351963,,20,20
1788391841.637614,10,1,ghcr.io/talmolab/lablink-client-base-image:linux-amd64-test@sha256:1ec2fde6860186b3d45ac83890167258f83512955dbce65f072d4e8c310cb9de,3,apply,succeeded,1788381976.63281,1788381976.63526,1788382026.043455,,20,20
1788391841.637614,10,1,ghcr.io/talmolab/lablink-client-base-image:linux-amd64-test@sha256:1ec2fde6860186b3d45ac83890167258f83512955dbce65f072d4e8c310cb9de,4,destroy,succeeded,1788382875.148234,1788382875.150169,1788383194.833905,,20,20
1788391841.637614,10,1,ghcr.io/talmolab/lablink-client-base-image:linux-amd64-test@sha256:1ec2fde6860186b3d45ac83890167258f83512955dbce65f072d4e8c310cb9de,5,apply,succeeded,1788383308.62635,1788383308.629388,1788383361.88001,,35,35
1788391841.637614,10,1,ghcr.io/talmolab/lablink-client-base-image:linux-amd64-test@sha256:1ec2fde6860186b3d45ac83890167258f83512955dbce65f072d4e8c310cb9de,6,destroy,succeeded,1788384337.446569,1788384337.448163,1788384657.690712,,35,35
1788391841.637614,10,1,ghcr.io/talmolab/lablink-client-base-image:linux-amd64-test@sha256:1ec2fde6860186b3d45ac83890167258f83512955dbce65f072d4e8c310cb9de,7,apply,succeeded,1788384727.528365,1788384727.530681,1788384808.61864,,95,95
1788391841.637614,10,1,ghcr.io/talmolab/lablink-client-base-image:linux-amd64-test@sha256:1ec2fde6860186b3d45ac83890167258f83512955dbce65f072d4e8c310cb9de,8,destroy,succeeded,1788385076.969534,1788385076.971902,1788385973.63117,,95,95
1788391841.637614,10,1,ghcr.io/talmolab/lablink-client-base-image:linux-amd64-test@sha256:1ec2fde6860186b3d45ac83890167258f83512955dbce65f072d4e8c310cb9de,9,apply,succeeded,1788389407.309799,1788389407.313231,1788389454.98231,,20,20
1788391841.637614,10,1,ghcr.io/talmolab/lablink-client-base-image:linux-amd64-test@sha256:1ec2fde6860186b3d45ac83890167258f83512955dbce65f072d4e8c310cb9de,10,destroy,succeeded,1788390335.82657,1788390335.827949,1788390654.079952,,20,20
1788391841.637614,10,1,ghcr.io/talmolab/lablink-client-base-image:linux-amd64-test@sha256:1ec2fde6860186b3d45ac83890167258f83512955dbce65f072d4e8c310cb9de,11,apply,succeeded,1788390714.945026,1788390714.946521,1788390768.137505,,35,35
1788391841.637614,10,1,ghcr.io/talmolab/lablink-client-base-image:linux-amd64-test@sha256:1ec2fde6860186b3d45ac83890167258f83512955dbce65f072d4e8c310cb9de,12,destroy,running,1788391729.15506,1788391729.156797,,,35,20
1788391846.95741,10,1,ghcr.io/talmolab/lablink-client-base-image:linux-amd64-test@sha256:1ec2fde6860186b3d45ac83890167258f83512955dbce65f072d4e8c310cb9de,1,apply,succeeded,1788380921.682491,1788380921.685047,1788380971.541328,,20,20
1788391846.95741,10,1,ghcr.io/talmolab/lablink-client-base-image:linux-amd64-test@sha256:1ec2fde6860186b3d45ac83890167258f83512955dbce65f072d4e8c310cb9de,2,destroy,succeeded,1788381612.379228,1788381612.381237,1788381939.351963,,20,20
1788391846.95741,10,1,ghcr.io/talmolab/lablink-client-base-image:linux-amd64-test@sha256:1ec2fde6860186b3d45ac83890167258f83512955dbce65f072d4e8c310cb9de,3,apply,succeeded,1788381976.63281,1788381976.63526,1788382026.043455,,20,20
1788391846.95741,10,1,ghcr.io/talmolab/lablink-client-base-image:linux-amd64-test@sha256:1ec2fde6860186b3d45ac83890167258f83512955dbce65f072d4e8c310cb9de,4,destroy,succeeded,1788382875.148234,1788382875.150169,1788383194.833905,,20,20
1788391846.95741,10,1,ghcr.io/talmolab/lablink-client-base-image:linux-amd64-test@sha256:1ec2fde6860186b3d45ac83890167258f83512955dbce65f072d4e8c310cb9de,5,apply,succeeded,1788383308.62635,1788383308.629388,1788383361.88001,,35,35
1788391846.95741,10,1,ghcr.io/talmolab/lablink-client-base-image:linux-amd64-test@sha256:1ec2fde6860186b3d45ac83890167258f83512955dbce65f072d4e8c310cb9de,6,destroy,succeeded,1788384337.446569,1788384337.448163,1788384657.690712,,35,35
1788391846.95741,10,1,ghcr.io/talmolab/lablink-client-base-image:linux-amd64-test@sha256:1ec2fde6860186b3d45ac83890167258f83512955dbce65f072d4e8c310cb9de,7,apply,succeeded,1788384727.528365,1788384727.530681,1788384808.61864,,95,95
1788391846.95741,10,1,ghcr.io/talmolab/lablink-client-base-image:linux-amd64-test@sha256:1ec2fde6860186b3d45ac83890167258f83512955dbce65f072d4e8c310cb9de,8,destroy,succeeded,1788385076.969534,1788385076.971902,1788385973.63117,,95,95
1788391846.95741,10,1,ghcr.io/talmolab/lablink-client-base-image:linux-amd64-test@sha256:1ec2fde6860186b3d45ac83890167258f83512955dbce65f072d4e8c310cb9de,9,apply,succeeded,1788389407.309799,1788389407.313231,1788389454.98231,,20,20
1788391846.95741,10,1,ghcr.io/talmolab/lablink-client-base-image:linux-amd64-test@sha256:1ec2fde6860186b3d45ac83890167258f83512955dbce65f072d4e8c310cb9de,10,destroy,succeeded,1788390335.82657,1788390335.827949,1788390654.079952,,20,20
1788391846.95741,10,1,ghcr.io/talmolab/lablink-client-base-image:linux-amd64-test@sha256:1ec2fde6860186b3d45ac83890167258f83512955dbce65f072d4e8c310cb9de,11,apply,succeeded,1788390714.945026,1788390714.946521,1788390768.137505,,35,35
1788391846.95741,10,1,ghcr.io/talmolab/lablink-client-base-image:linux-amd64-test@sha256:1ec2fde6860186b3d45ac83890167258f83512955dbce65f072d4e8c310cb9de,12,destroy,running,1788391729.15506,1788391729.156797,,,35,20
1788391851.599743,10,1,ghcr.io/talmolab/lablink-client-base-image:linux-amd64-test@sha256:1ec2fde6860186b3d45ac83890167258f83512955dbce65f072d4e8c310cb9de,1,apply,succeeded,1788380921.682491,1788380921.685047,1788380971.541328,,20,20
1788391851.599743,10,1,ghcr.io/talmolab/lablink-client-base-image:linux-amd64-test@sha256:1ec2fde6860186b3d45ac83890167258f83512955dbce65f072d4e8c310cb9de,2,destroy,succeeded,1788381612.379228,1788381612.381237,1788381939.351963,,20,20
1788391851.599743,10,1,ghcr.io/talmolab/lablink-client-base-image:linux-amd64-test@sha256:1ec2fde6860186b3d45ac83890167258f83512955dbce65f072d4e8c310cb9de,3,apply,succeeded,1788381976.63281,1788381976.63526,1788382026.043455,,20,20
1788391851.599743,10,1,ghcr.io/talmolab/lablink-client-base-image:linux-amd64-test@sha256:1ec2fde6860186b3d45ac83890167258f83512955dbce65f072d4e8c310cb9de,4,destroy,succeeded,1788382875.148234,1788382875.150169,1788383194.833905,,20,20
1788391851.599743,10,1,ghcr.io/talmolab/lablink-client-base-image:linux-amd64-test@sha256:1ec2fde6860186b3d45ac83890167258f83512955dbce65f072d4e8c310cb9de,5,apply,succeeded,1788383308.62635,1788383308.629388,1788383361.88001,,35,35
1788391851.599743,10,1,ghcr.io/talmolab/lablink-client-base-image:linux-amd64-test@sha256:1ec2fde6860186b3d45ac83890167258f83512955dbce65f072d4e8c310cb9de,6,destroy,succeeded,1788384337.446569,1788384337.448163,1788384657.690712,,35,35
1788391851.599743,10,1,ghcr.io/talmolab/lablink-client-base-image:linux-amd64-test@sha256:1ec2fde6860186b3d45ac83890167258f83512955dbce65f072d4e8c310cb9de,7,apply,succeeded,1788384727.528365,1788384727.530681,1788384808.61864,,95,95
1788391851.599743,10,1,ghcr.io/talmolab/lablink-client-base-image:linux-amd64-test@sha256:1ec2fde6860186b3d45ac83890167258f83512955dbce65f072d4e8c310cb9de,8,destroy,succeeded,1788385076.969534,1788385076.971902,1788385973.63117,,95,95
1788391851.599743,10,1,ghcr.io/talmolab/lablink-client-base-image:linux-amd64-test@sha256:1ec2fde6860186b3d45ac83890167258f83512955dbce65f072d4e8c310cb9de,9,apply,succeeded,1788389407.309799,1788389407.313231,1788389454.98231,,20,20
1788391851.599743,10,1,ghcr.io/talmolab/lablink-client-base-image:linux-amd64-test@sha256:1ec2fde6860186b3d45ac83890167258f83512955dbce65f072d4e8c310cb9de,10,destroy,succeeded,1788390335.82657,1788390335.827949,1788390654.079952,,20,20
1788391851.599743,10,1,ghcr.io/talmolab/lablink-client-base-image:linux-amd64-test@sha256:1ec2fde6860186b3d45ac83890167258f83512955dbce65f072d4e8c310cb9de,11,apply,succeeded,1788390714.945026,1788390714.946521,1788390768.137505,,35,35
1788391851.599743,10,1,ghcr.io/talmolab/lablink-client-base-image:linux-amd64-test@sha256:1ec2fde6860186b3d45ac83890167258f83512955dbce65f072d4e8c310cb9de,12,destroy,running,1788391729.15506,1788391729.156797,,,35,20
1788391857.064767,10,1,ghcr.io/talmolab/lablink-client-base-image:linux-amd64-test@sha256:1ec2fde6860186b3d45ac83890167258f83512955dbce65f072d4e8c310cb9de,1,apply,succeeded,1788380921.682491,1788380921.685047,1788380971.541328,,20,20
1788391857.064767,10,1,ghcr.io/talmolab/lablink-client-base-image:linux-amd64-test@sha256:1ec2fde6860186b3d45ac83890167258f83512955dbce65f072d4e8c310cb9de,2,destroy,succeeded,1788381612.379228,1788381612.381237,1788381939.351963,,20,20
1788391857.064767,10,1,ghcr.io/talmolab/lablink-client-base-image:linux-amd64-test@sha256:1ec2fde6860186b3d45ac83890167258f83512955dbce65f072d4e8c310cb9de,3,apply,succeeded,1788381976.63281,1788381976.63526,1788382026.043455,,20,20
1788391857.064767,10,1,ghcr.io/talmolab/lablink-client-base-image:linux-amd64-test@sha256:1ec2fde6860186b3d45ac83890167258f83512955dbce65f072d4e8c310cb9de,4,destroy,succeeded,1788382875.148234,1788382875.150169,1788383194.833905,,20,20
1788391857.064767,10,1,ghcr.io/talmolab/lablink-client-base-image:linux-amd64-test@sha256:1ec2fde6860186b3d45ac83890167258f83512955dbce65f072d4e8c310cb9de,5,apply,succeeded,1788383308.62635,1788383308.629388,1788383361.88001,,35,35
1788391857.064767,10,1,ghcr.io/talmolab/lablink-client-base-image:linux-amd64-test@sha256:1ec2fde6860186b3d45ac83890167258f83512955dbce65f072d4e8c310cb9de,6,destroy,succeeded,1788384337.446569,1788384337.448163,1788384657.690712,,35,35
1788391857.064767,10,1,ghcr.io/talmolab/lablink-client-base-image:linux-amd64-test@sha256:1ec2fde6860186b3d45ac83890167258f83512955dbce65f072d4e8c310cb9de,7,apply,succeeded,1788384727.528365,1788384727.530681,1788384808.61864,,95,95
1788391857.064767,10,1,ghcr.io/talmolab/lablink-client-base-image:linux-amd64-test@sha256:1ec2fde6860186b3d45ac83890167258f83512955dbce65f072d4e8c310cb9de,8,destroy,succeeded,1788385076.969534,1788385076.971902,1788385973.63117,,95,95
1788391857.064767,10,1,ghcr.io/talmolab/lablink-client-base-image:linux-amd64-test@sha256:1ec2fde6860186b3d45ac83890167258f83512955dbce65f072d4e8c310cb9de,9,apply,succeeded,1788389407.309799,1788389407.313231,1788389454.98231,,20,20
1788391857.064767,10,1,ghcr.io/talmolab/lablink-client-base-image:linux-amd64-test@sha256:1ec2fde6860186b3d45ac83890167258f83512955dbce65f072d4e8c310cb9de,10,destroy,succeeded,1788390335.82657,1788390335.827949,1788390654.079952,,20,20
1788391857.064767,10,1,ghcr.io/talmolab/lablink-client-base-image:linux-amd64-test@sha256:1ec2fde6860186b3d45ac83890167258f83512955dbce65f072d4e8c310cb9de,11,apply,succeeded,1788390714.945026,1788390714.946521,1788390768.137505,,35,35
1788391857.064767,10,1,ghcr.io/talmolab/lablink-client-base-image:linux-amd64-test@sha256:1ec2fde6860186b3d45ac83890167258f83512955dbce65f072d4e8c310cb9de,12,destroy,running,1788391729.15506,1788391729.156797,,,35,20
1788391861.572289,10,1,ghcr.io/talmolab/lablink-client-base-image:linux-amd64-test@sha256:1ec2fde6860186b3d45ac83890167258f83512955dbce65f072d4e8c310cb9de,1,apply,succeeded,1788380921.682491,1788380921.685047,1788380971.541328,,20,20
1788391861.572289,10,1,ghcr.io/talmolab/lablink-client-base-image:linux-amd64-test@sha256:1ec2fde6860186b3d45ac83890167258f83512955dbce65f072d4e8c310cb9de,2,destroy,succeeded,1788381612.379228,1788381612.381237,1788381939.351963,,20,20
1788391861.572289,10,1,ghcr.io/talmolab/lablink-client-base-image:linux-amd64-test@sha256:1ec2fde6860186b3d45ac83890167258f83512955dbce65f072d4e8c310cb9de,3,apply,succeeded,1788381976.63281,1788381976.63526,1788382026.043455,,20,20
1788391861.572289,10,1,ghcr.io/talmolab/lablink-client-base-image:linux-amd64-test@sha256:1ec2fde6860186b3d45ac83890167258f83512955dbce65f072d4e8c310cb9de,4,destroy,succeeded,1788382875.148234,1788382875.150169,1788383194.833905,,20,20
1788391861.572289,10,1,ghcr.io/talmolab/lablink-client-base-image:linux-amd64-test@sha256:1ec2fde6860186b3d45ac83890167258f83512955dbce65f072d4e8c310cb9de,5,apply,succeeded,1788383308.62635,1788383308.629388,1788383361.88001,,35,35
1788391861.572289,10,1,ghcr.io/talmolab/lablink-client-base-image:linux-amd64-test@sha256:1ec2fde6860186b3d45ac83890167258f83512955dbce65f072d4e8c310cb9de,6,destroy,succeeded,1788384337.446569,1788384337.448163,1788384657.690712,,35,35
1788391861.572289,10,1,ghcr.io/talmolab/lablink-client-base-image:linux-amd64-test@sha256:1ec2fde6860186b3d45ac83890167258f83512955dbce65f072d4e8c310cb9de,7,apply,succeeded,1788384727.528365,1788384727.530681,1788384808.61864,,95,95
1788391861.572289,10,1,ghcr.io/talmolab/lablink-client-base-image:linux-amd64-test@sha256:1ec2fde6860186b3d45ac83890167258f83512955dbce65f072d4e8c310cb9de,8,destroy,succeeded,1788385076.969534,1788385076.971902,1788385973.63117,,95,95
1788391861.572289,10,1,ghcr.io/talmolab/lablink-client-base-image:linux-amd64-test@sha256:1ec2fde6860186b3d45ac83890167258f83512955dbce65f072d4e8c310cb9de,9,apply,succeeded,1788389407.309799,1788389407.313231,1788389454.98231,,20,20
1788391861.572289,10,1,ghcr.io/talmolab/lablink-client-base-image:linux-amd64-test@sha256:1ec2fde6860186b3d45ac83890167258f83512955dbce65f072d4e8c310cb9de,10,destroy,succeeded,1788390335.82657,1788390335.827949,1788390654.079952,,20,20
1788391861.572289,10,1,ghcr.io/talmolab/lablink-client-base-image:linux-amd64-test@sha256:1ec2fde6860186b3d45ac83890167258f83512955dbce65f072d4e8c310cb9de,11,apply,succeeded,1788390714.945026,1788390714.946521,1788390768.137505,,35,35
1788391861.572289,10,1,ghcr.io/talmolab/lablink-client-base-image:linux-amd64-test@sha256:1ec2fde6860186b3d45ac83890167258f83512955dbce65f072d4e8c310cb9de,12,destroy,running,1788391729.15506,1788391729.156797,,,35,20
1788391866.5876732,10,1,ghcr.io/talmolab/lablink-client-base-image:linux-amd64-test@sha256:1ec2fde6860186b3d45ac83890167258f83512955dbce65f072d4e8c310cb9de,1,apply,succeeded,1788380921.682491,1788380921.685047,1788380971.541328,,20,20
1788391866.5876732,10,1,ghcr.io/talmolab/lablink-client-base-image:linux-amd64-test@sha256:1ec2fde6860186b3d45ac83890167258f83512955dbce65f072d4e8c310cb9de,2,destroy,succeeded,1788381612.379228,1788381612.381237,1788381939.351963,,20,20
1788391866.5876732,10,1,ghcr.io/talmolab/lablink-client-base-image:linux-amd64-test@sha256:1ec2fde6860186b3d45ac83890167258f83512955dbce65f072d4e8c310cb9de,3,apply,succeeded,1788381976.63281,1788381976.63526,1788382026.043455,,20,20
1788391866.5876732,10,1,ghcr.io/talmolab/lablink-client-base-image:linux-amd64-test@sha256:1ec2fde6860186b3d45ac83890167258f83512955dbce65f072d4e8c310cb9de,4,destroy,succeeded,1788382875.148234,1788382875.150169,1788383194.833905,,20,20
1788391866.5876732,10,1,ghcr.io/talmolab/lablink-client-base-image:linux-amd64-test@sha256:1ec2fde6860186b3d45ac83890167258f83512955dbce65f072d4e8c310cb9de,5,apply,succeeded,1788383308.62635,1788383308.629388,1788383361.88001,,35,35
1788391866.5876732,10,1,ghcr.io/talmolab/lablink-client-base-image:linux-amd64-test@sha256:1ec2fde6860186b3d45ac83890167258f83512955dbce65f072d4e8c310cb9de,6,destroy,succeeded,1788384337.446569,1788384337.448163,1788384657.690712,,35,35
1788391866.5876732,10,1,ghcr.io/talmolab/lablink-client-base-image:linux-amd64-test@sha256:1ec2fde6860186b3d45ac83890167258f83512955dbce65f072d4e8c310cb9de,7,apply,succeeded,1788384727.528365,1788384727.530681,1788384808.61864,,95,95
1788391866.5876732,10,1,ghcr.io/talmolab/lablink-client-base-image:linux-amd64-test@sha256:1ec2fde6860186b3d45ac83890167258f83512955dbce65f072d4e8c310cb9de,8,destroy,succeeded,1788385076.969534,1788385076.971902,1788385973.63117,,95,95
1788391866.5876732,10,1,ghcr.io/talmolab/lablink-client-base-image:linux-amd64-test@sha256:1ec2fde6860186b3d45ac83890167258f83512955dbce65f072d4e8c310cb9de,9,apply,succeeded,1788389407.309799,1788389407.313231,1788389454.98231,,20,20
1788391866.5876732,10,1,ghcr.io/talmolab/lablink-client-base-image:linux-amd64-test@sha256:1ec2fde6860186b3d45ac83890167258f83512955dbce65f072d4e8c310cb9de,10,destroy,succeeded,1788390335.82657,1788390335.827949,1788390654.079952,,20,20
1788391866.5876732,10,1,ghcr.io/talmolab/lablink-client-base-image:linux-amd64-test@sha256:1ec2fde6860186b3d45ac83890167258f83512955dbce65f072d4e8c310cb9de,11,apply,succeeded,1788390714.945026,1788390714.946521,1788390768.137505,,35,35
1788391866.5876732,10,1,ghcr.io/talmolab/lablink-client-base-image:linux-amd64-test@sha256:1ec2fde6860186b3d45ac83890167258f83512955dbce65f072d4e8c310cb9de,12,destroy,running,1788391729.15506,1788391729.156797,,,35,20
1788391871.583651,10,1,ghcr.io/talmolab/lablink-client-base-image:linux-amd64-test@sha256:1ec2fde6860186b3d45ac83890167258f83512955dbce65f072d4e8c310cb9de,1,apply,succeeded,1788380921.682491,1788380921.685047,1788380971.541328,,20,20
1788391871.583651,10,1,ghcr.io/talmolab/lablink-client-base-image:linux-amd64-test@sha256:1ec2fde6860186b3d45ac83890167258f83512955dbce65f072d4e8c310cb9de,2,destroy,succeeded,1788381612.379228,1788381612.381237,1788381939.351963,,20,20
1788391871.583651,10,1,ghcr.io/talmolab/lablink-client-base-image:linux-amd64-test@sha256:1ec2fde6860186b3d45ac83890167258f83512955dbce65f072d4e8c310cb9de,3,apply,succeeded,1788381976.63281,1788381976.63526,1788382026.043455,,20,20
1788391871.583651,10,1,ghcr.io/talmolab/lablink-client-base-image:linux-amd64-test@sha256:1ec2fde6860186b3d45ac83890167258f83512955dbce65f072d4e8c310cb9de,4,destroy,succeeded,1788382875.148234,1788382875.150169,1788383194.833905,,20,20
1788391871.583651,10,1,ghcr.io/talmolab/lablink-client-base-image:linux-amd64-test@sha256:1ec2fde6860186b3d45ac83890167258f83512955dbce65f072d4e8c310cb9de,5,apply,succeeded,1788383308.62635,1788383308.629388,1788383361.88001,,35,35
1788391871.583651,10,1,ghcr.io/talmolab/lablink-client-base-image:linux-amd64-test@sha256:1ec2fde6860186b3d45ac83890167258f83512955dbce65f072d4e8c310cb9de,6,destroy,succeeded,1788384337.446569,1788384337.448163,1788384657.690712,,35,35
1788391871.583651,10,1,ghcr.io/talmolab/lablink-client-base-image:linux-amd64-test@sha256:1ec2fde6860186b3d45ac83890167258f83512955dbce65f072d4e8c310cb9de,7,apply,succeeded,1788384727.528365,1788384727.530681,1788384808.61864,,95,95
1788391871.583651,10,1,ghcr.io/talmolab/lablink-client-base-image:linux-amd64-test@sha256:1ec2fde6860186b3d45ac83890167258f83512955dbce65f072d4e8c310cb9de,8,destroy,succeeded,1788385076.969534,1788385076.971902,1788385973.63117,,95,95
1788391871.583651,10,1,ghcr.io/talmolab/lablink-client-base-image:linux-amd64-test@sha256:1ec2fde6860186b3d45ac83890167258f83512955dbce65f072d4e8c310cb9de,9,apply,succeeded,1788389407.309799,1788389407.313231,1788389454.98231,,20,20
1788391871.583651,10,1,ghcr.io/talmolab/lablink-client-base-image:linux-amd64-test@sha256:1ec2fde6860186b3d45ac83890167258f83512955dbce65f072d4e8c310cb9de,10,destroy,succeeded,1788390335.82657,1788390335.827949,1788390654.079952,,20,20
1788391871.583651,10,1,ghcr.io/talmolab/lablink-client-base-image:linux-amd64-test@sha256:1ec2fde6860186b3d45ac83890167258f83512955dbce65f072d4e8c310cb9de,11,apply,succeeded,1788390714.945026,1788390714.946521,1788390768.137505,,35,35
1788391871.583651,10,1,ghcr.io/talmolab/lablink-client-base-image:linux-amd64-test@sha256:1ec2fde6860186b3d45ac83890167258f83512955dbce65f072d4e8c310cb9de,12,destroy,running,1788391729.15506,1788391729.156797,,,35,20
1788391876.5880709,10,1,ghcr.io/talmolab/lablink-client-base-image:linux-amd64-test@sha256:1ec2fde6860186b3d45ac83890167258f83512955dbce65f072d4e8c310cb9de,1,apply,succeeded,1788380921.682491,1788380921.685047,1788380971.541328,,20,20
1788391876.5880709,10,1,ghcr.io/talmolab/lablink-client-base-image:linux-amd64-test@sha256:1ec2fde6860186b3d45ac83890167258f83512955dbce65f072d4e8c310cb9de,2,destroy,succeeded,1788381612.379228,1788381612.381237,1788381939.351963,,20,20
1788391876.5880709,10,1,ghcr.io/talmolab/lablink-client-base-image:linux-amd64-test@sha256:1ec2fde6860186b3d45ac83890167258f83512955dbce65f072d4e8c310cb9de,3,apply,succeeded,1788381976.63281,1788381976.63526,1788382026.043455,,20,20
1788391876.5880709,10,1,ghcr.io/talmolab/lablink-client-base-image:linux-amd64-test@sha256:1ec2fde6860186b3d45ac83890167258f83512955dbce65f072d4e8c310cb9de,4,destroy,succeeded,1788382875.148234,1788382875.150169,1788383194.833905,,20,20
1788391876.5880709,10,1,ghcr.io/talmolab/lablink-client-base-image:linux-amd64-test@sha256:1ec2fde6860186b3d45ac83890167258f83512955dbce65f072d4e8c310cb9de,5,apply,succeeded,1788383308.62635,1788383308.629388,1788383361.88001,,35,35
1788391876.5880709,10,1,ghcr.io/talmolab/lablink-client-base-image:linux-amd64-test@sha256:1ec2fde6860186b3d45ac83890167258f83512955dbce65f072d4e8c310cb9de,6,destroy,succeeded,1788384337.446569,1788384337.448163,1788384657.690712,,35,35
1788391876.5880709,10,1,ghcr.io/talmolab/lablink-client-base-image:linux-amd64-test@sha256:1ec2fde6860186b3d45ac83890167258f83512955dbce65f072d4e8c310cb9de,7,apply,succeeded,1788384727.528365,1788384727.530681,1788384808.61864,,95,95
1788391876.5880709,10,1,ghcr.io/talmolab/lablink-client-base-image:linux-amd64-test@sha256:1ec2fde6860186b3d45ac83890167258f83512955dbce65f072d4e8c310cb9de,8,destroy,succeeded,1788385076.969534,1788385076.971902,1788385973.63117,,95,95
1788391876.5880709,10,1,ghcr.io/talmolab/lablink-client-base-image:linux-amd64-test@sha256:1ec2fde6860186b3d45ac83890167258f83512955dbce65f072d4e8c310cb9de,9,apply,succeeded,1788389407.309799,1788389407.313231,1788389454.98231,,20,20
1788391876.5880709,10,1,ghcr.io/talmolab/lablink-client-base-image:linux-amd64-test@sha256:1ec2fde6860186b3d45ac83890167258f83512955dbce65f072d4e8c310cb9de,10,destroy,succeeded,1788390335.82657,1788390335.827949,1788390654.079952,,20,20
1788391876.5880709,10,1,ghcr.io/talmolab/lablink-client-base-image:linux-amd64-test@sha256:1ec2fde6860186b3d45ac83890167258f83512955dbce65f072d4e8c310cb9de,11,apply,succeeded,1788390714.945026,1788390714.946521,1788390768.137505,,35,35
1788391876.5880709,10,1,ghcr.io/talmolab/lablink-client-base-image:linux-amd64-test@sha256:1ec2fde6860186b3d45ac83890167258f83512955dbce65f072d4e8c310cb9de,12,destroy,running,1788391729.15506,1788391729.156797,,,35,20
1788391881.671993,10,1,ghcr.io/talmolab/lablink-client-base-image:linux-amd64-test@sha256:1ec2fde6860186b3d45ac83890167258f83512955dbce65f072d4e8c310cb9de,1,apply,succeeded,1788380921.682491,1788380921.685047,1788380971.541328,,20,20
1788391881.671993,10,1,ghcr.io/talmolab/lablink-client-base-image:linux-amd64-test@sha256:1ec2fde6860186b3d45ac83890167258f83512955dbce65f072d4e8c310cb9de,2,destroy,succeeded,1788381612.379228,1788381612.381237,1788381939.351963,,20,20
1788391881.671993,10,1,ghcr.io/talmolab/lablink-client-base-image:linux-amd64-test@sha256:1ec2fde6860186b3d45ac83890167258f83512955dbce65f072d4e8c310cb9de,3,apply,succeeded,1788381976.63281,1788381976.63526,1788382026.043455,,20,20
1788391881.671993,10,1,ghcr.io/talmolab/lablink-client-base-image:linux-amd64-test@sha256:1ec2fde6860186b3d45ac83890167258f83512955dbce65f072d4e8c310cb9de,4,destroy,succeeded,1788382875.148234,1788382875.150169,1788383194.833905,,20,20
1788391881.671993,10,1,ghcr.io/talmolab/lablink-client-base-image:linux-amd64-test@sha256:1ec2fde6860186b3d45ac83890167258f83512955dbce65f072d4e8c310cb9de,5,apply,succeeded,1788383308.62635,1788383308.629388,1788383361.88001,,35,35
1788391881.671993,10,1,ghcr.io/talmolab/lablink-client-base-image:linux-amd64-test@sha256:1ec2fde6860186b3d45ac83890167258f83512955dbce65f072d4e8c310cb9de,6,destroy,succeeded,1788384337.446569,1788384337.448163,1788384657.690712,,35,35
1788391881.671993,10,1,ghcr.io/talmolab/lablink-client-base-image:linux-amd64-test@sha256:1ec2fde6860186b3d45ac83890167258f83512955dbce65f072d4e8c310cb9de,7,apply,succeeded,1788384727.528365,1788384727.530681,1788384808.61864,,95,95
1788391881.671993,10,1,ghcr.io/talmolab/lablink-client-base-image:linux-amd64-test@sha256:1ec2fde6860186b3d45ac83890167258f83512955dbce65f072d4e8c310cb9de,8,destroy,succeeded,1788385076.969534,1788385076.971902,1788385973.63117,,95,95
1788391881.671993,10,1,ghcr.io/talmolab/lablink-client-base-image:linux-amd64-test@sha256:1ec2fde6860186b3d45ac83890167258f83512955dbce65f072d4e8c310cb9de,9,apply,succeeded,1788389407.309799,1788389407.313231,1788389454.98231,,20,20
1788391881.671993,10,1,ghcr.io/talmolab/lablink-client-base-image:linux-amd64-test@sha256:1ec2fde6860186b3d45ac83890167258f83512955dbce65f072d4e8c310cb9de,10,destroy,succeeded,1788390335.82657,1788390335.827949,1788390654.079952,,20,20
1788391881.671993,10,1,ghcr.io/talmolab/lablink-client-base-image:linux-amd64-test@sha256:1ec2fde6860186b3d45ac83890167258f83512955dbce65f072d4e8c310cb9de,11,apply,succeeded,1788390714.945026,1788390714.946521,1788390768.137505,,35,35
1788391881.671993,10,1,ghcr.io/talmolab/lablink-client-base-image:linux-amd64-test@sha256:1ec2fde6860186b3d45ac83890167258f83512955dbce65f072d4e8c310cb9de,12,destroy,running,1788391729.15506,1788391729.156797,,,35,20
1788391886.613387,10,1,ghcr.io/talmolab/lablink-client-base-image:linux-amd64-test@sha256:1ec2fde6860186b3d45ac83890167258f83512955dbce65f072d4e8c310cb9de,1,apply,succeeded,1788380921.682491,1788380921.685047,1788380971.541328,,20,20
1788391886.613387,10,1,ghcr.io/talmolab/lablink-client-base-image:linux-amd64-test@sha256:1ec2fde6860186b3d45ac83890167258f83512955dbce65f072d4e8c310cb9de,2,destroy,succeeded,1788381612.379228,1788381612.381237,1788381939.351963,,20,20
1788391886.613387,10,1,ghcr.io/talmolab/lablink-client-base-image:linux-amd64-test@sha256:1ec2fde6860186b3d45ac83890167258f83512955dbce65f072d4e8c310cb9de,3,apply,succeeded,1788381976.63281,1788381976.63526,1788382026.043455,,20,20
1788391886.613387,10,1,ghcr.io/talmolab/lablink-client-base-image:linux-amd64-test@sha256:1ec2fde6860186b3d45ac83890167258f83512955dbce65f072d4e8c310cb9de,4,destroy,succeeded,1788382875.148234,1788382875.150169,1788383194.833905,,20,20
1788391886.613387,10,1,ghcr.io/talmolab/lablink-client-base-image:linux-amd64-test@sha256:1ec2fde6860186b3d45ac83890167258f83512955dbce65f072d4e8c310cb9de,5,apply,succeeded,1788383308.62635,1788383308.629388,1788383361.88001,,35,35
1788391886.613387,10,1,ghcr.io/talmolab/lablink-client-base-image:linux-amd64-test@sha256:1ec2fde6860186b3d45ac83890167258f83512955dbce65f072d4e8c310cb9de,6,destroy,succeeded,1788384337.446569,1788384337.448163,1788384657.690712,,35,35
1788391886.613387,10,1,ghcr.io/talmolab/lablink-client-base-image:linux-amd64-test@sha256:1ec2fde6860186b3d45ac83890167258f83512955dbce65f072d4e8c310cb9de,7,apply,succeeded,1788384727.528365,1788384727.530681,1788384808.61864,,95,95
1788391886.613387,10,1,ghcr.io/talmolab/lablink-client-base-image:linux-amd64-test@sha256:1ec2fde6860186b3d45ac83890167258f83512955dbce65f072d4e8c310cb9de,8,destroy,succeeded,1788385076.969534,1788385076.971902,1788385973.63117,,95,95
1788391886.613387,10,1,ghcr.io/talmolab/lablink-client-base-image:linux-amd64-test@sha256:1ec2fde6860186b3d45ac83890167258f83512955dbce65f072d4e8c310cb9de,9,apply,succeeded,1788389407.309799,1788389407.313231,1788389454.98231,,20,20
1788391886.613387,10,1,ghcr.io/talmolab/lablink-client-base-image:linux-amd64-test@sha256:1ec2fde6860186b3d45ac83890167258f83512955dbce65f072d4e8c310cb9de,10,destroy,succeeded,1788390335.82657,1788390335.827949,1788390654.079952,,20,20
1788391886.613387,10,1,ghcr.io/talmolab/lablink-client-base-image:linux-amd64-test@sha256:1ec2fde6860186b3d45ac83890167258f83512955dbce65f072d4e8c310cb9de,11,apply,succeeded,1788390714.945026,1788390714.946521,1788390768.137505,,35,35
1788391886.613387,10,1,ghcr.io/talmolab/lablink-client-base-image:linux-amd64-test@sha256:1ec2fde6860186b3d45ac83890167258f83512955dbce65f072d4e8c310cb9de,12,destroy,running,1788391729.15506,1788391729.156797,,,35,20
1788391891.66874,10,1,ghcr.io/talmolab/lablink-client-base-image:linux-amd64-test@sha256:1ec2fde6860186b3d45ac83890167258f83512955dbce65f072d4e8c310cb9de,1,apply,succeeded,1788380921.682491,1788380921.685047,1788380971.541328,,20,20
1788391891.66874,10,1,ghcr.io/talmolab/lablink-client-base-image:linux-amd64-test@sha256:1ec2fde6860186b3d45ac83890167258f83512955dbce65f072d4e8c310cb9de,2,destroy,succeeded,1788381612.379228,1788381612.381237,1788381939.351963,,20,20
1788391891.66874,10,1,ghcr.io/talmolab/lablink-client-base-image:linux-amd64-test@sha256:1ec2fde6860186b3d45ac83890167258f83512955dbce65f072d4e8c310cb9de,3,apply,succeeded,1788381976.63281,1788381976.63526,1788382026.043455,,20,20
1788391891.66874,10,1,ghcr.io/talmolab/lablink-client-base-image:linux-amd64-test@sha256:1ec2fde6860186b3d45ac83890167258f83512955dbce65f072d4e8c310cb9de,4,destroy,succeeded,1788382875.148234,1788382875.150169,1788383194.833905,,20,20
1788391891.66874,10,1,ghcr.io/talmolab/lablink-client-base-image:linux-amd64-test@sha256:1ec2fde6860186b3d45ac83890167258f83512955dbce65f072d4e8c310cb9de,5,apply,succeeded,1788383308.62635,1788383308.629388,1788383361.88001,,35,35
1788391891.66874,10,1,ghcr.io/talmolab/lablink-client-base-image:linux-amd64-test@sha256:1ec2fde6860186b3d45ac83890167258f83512955dbce65f072d4e8c310cb9de,6,destroy,succeeded,1788384337.446569,1788384337.448163,1788384657.690712,,35,35
1788391891.66874,10,1,ghcr.io/talmolab/lablink-client-base-image:linux-amd64-test@sha256:1ec2fde6860186b3d45ac83890167258f83512955dbce65f072d4e8c310cb9de,7,apply,succeeded,1788384727.528365,1788384727.530681,1788384808.61864,,95,95
1788391891.66874,10,1,ghcr.io/talmolab/lablink-client-base-image:linux-amd64-test@sha256:1ec2fde6860186b3d45ac83890167258f83512955dbce65f072d4e8c310cb9de,8,destroy,succeeded,1788385076.969534,1788385076.971902,1788385973.63117,,95,95
1788391891.66874,10,1,ghcr.io/talmolab/lablink-client-base-image:linux-amd64-test@sha256:1ec2fde6860186b3d45ac83890167258f83512955dbce65f072d4e8c310cb9de,9,apply,succeeded,1788389407.309799,1788389407.313231,1788389454.98231,,20,20
1788391891.66874,10,1,ghcr.io/talmolab/lablink-client-base-image:linux-amd64-test@sha256:1ec2fde6860186b3d45ac83890167258f83512955dbce65f072d4e8c310cb9de,10,destroy,succeeded,1788390335.82657,1788390335.827949,1788390654.079952,,20,20
1788391891.66874,10,1,ghcr.io/talmolab/lablink-client-base-image:linux-amd64-test@sha256:1ec2fde6860186b3d45ac83890167258f83512955dbce65f072d4e8c310cb9de,11,apply,succeeded,1788390714.945026,1788390714.946521,1788390768.137505,,35,35
1788391891.66874,10,1,ghcr.io/talmolab/lablink-client-base-image:linux-amd64-test@sha256:1ec2fde6860186b3d45ac83890167258f83512955dbce65f072d4e8c310cb9de,12,destroy,running,1788391729.15506,1788391729.156797,,,35,20
1788391896.693696,10,1,ghcr.io/talmolab/lablink-client-base-image:linux-amd64-test@sha256:1ec2fde6860186b3d45ac83890167258f83512955dbce65f072d4e8c310cb9de,1,apply,succeeded,1788380921.682491,1788380921.685047,1788380971.541328,,20,20
1788391896.693696,10,1,ghcr.io/talmolab/lablink-client-base-image:linux-amd64-test@sha256:1ec2fde6860186b3d45ac83890167258f83512955dbce65f072d4e8c310cb9de,2,destroy,succeeded,1788381612.379228,1788381612.381237,1788381939.351963,,20,20
1788391896.693696,10,1,ghcr.io/talmolab/lablink-client-base-image:linux-amd64-test@sha256:1ec2fde6860186b3d45ac83890167258f83512955dbce65f072d4e8c310cb9de,3,apply,succeeded,1788381976.63281,1788381976.63526,1788382026.043455,,20,20
1788391896.693696,10,1,ghcr.io/talmolab/lablink-client-base-image:linux-amd64-test@sha256:1ec2fde6860186b3d45ac83890167258f83512955dbce65f072d4e8c310cb9de,4,destroy,succeeded,1788382875.148234,1788382875.150169,1788383194.833905,,20,20
1788391896.693696,10,1,ghcr.io/talmolab/lablink-client-base-image:linux-amd64-test@sha256:1ec2fde6860186b3d45ac83890167258f83512955dbce65f072d4e8c310cb9de,5,apply,succeeded,1788383308.62635,1788383308.629388,1788383361.88001,,35,35
1788391896.693696,10,1,ghcr.io/talmolab/lablink-client-base-image:linux-amd64-test@sha256:1ec2fde6860186b3d45ac83890167258f83512955dbce65f072d4e8c310cb9de,6,destroy,succeeded,1788384337.446569,1788384337.448163,1788384657.690712,,35,35
1788391896.693696,10,1,ghcr.io/talmolab/lablink-client-base-image:linux-amd64-test@sha256:1ec2fde6860186b3d45ac83890167258f83512955dbce65f072d4e8c310cb9de,7,apply,succeeded,1788384727.528365,1788384727.530681,1788384808.61864,,95,95
1788391896.693696,10,1,ghcr.io/talmolab/lablink-client-base-image:linux-amd64-test@sha256:1ec2fde6860186b3d45ac83890167258f83512955dbce65f072d4e8c310cb9de,8,destroy,succeeded,1788385076.969534,1788385076.971902,1788385973.63117,,95,95
1788391896.693696,10,1,ghcr.io/talmolab/lablink-client-base-image:linux-amd64-test@sha256:1ec2fde6860186b3d45ac83890167258f83512955dbce65f072d4e8c310cb9de,9,apply,succeeded,1788389407.309799,1788389407.313231,1788389454.98231,,20,20
1788391896.693696,10,1,ghcr.io/talmolab/lablink-client-base-image:linux-amd64-test@sha256:1ec2fde6860186b3d45ac83890167258f83512955dbce65f072d4e8c310cb9de,10,destroy,succeeded,1788390335.82657,1788390335.827949,1788390654.079952,,20,20
1788391896.693696,10,1,ghcr.io/talmolab/lablink-client-base-image:linux-amd64-test@sha256:1ec2fde6860186b3d45ac83890167258f83512955dbce65f072d4e8c310cb9de,11,apply,succeeded,1788390714.945026,1788390714.946521,1788390768.137505,,35,35
1788391896.693696,10,1,ghcr.io/talmolab/lablink-client-base-image:linux-amd64-test@sha256:1ec2fde6860186b3d45ac83890167258f83512955dbce65f072d4e8c310cb9de,12,destroy,running,1788391729.15506,1788391729.156797,,,35,20
1788391901.622616,10,1,ghcr.io/talmolab/lablink-client-base-image:linux-amd64-test@sha256:1ec2fde6860186b3d45ac83890167258f83512955dbce65f072d4e8c310cb9de,1,apply,succeeded,1788380921.682491,1788380921.685047,1788380971.541328,,20,20
1788391901.622616,10,1,ghcr.io/talmolab/lablink-client-base-image:linux-amd64-test@sha256:1ec2fde6860186b3d45ac83890167258f83512955dbce65f072d4e8c310cb9de,2,destroy,succeeded,1788381612.379228,1788381612.381237,1788381939.351963,,20,20
1788391901.622616,10,1,ghcr.io/talmolab/lablink-client-base-image:linux-amd64-test@sha256:1ec2fde6860186b3d45ac83890167258f83512955dbce65f072d4e8c310cb9de,3,apply,succeeded,1788381976.63281,1788381976.63526,1788382026.043455,,20,20
1788391901.622616,10,1,ghcr.io/talmolab/lablink-client-base-image:linux-amd64-test@sha256:1ec2fde6860186b3d45ac83890167258f83512955dbce65f072d4e8c310cb9de,4,destroy,succeeded,1788382875.148234,1788382875.150169,1788383194.833905,,20,20
1788391901.622616,10,1,ghcr.io/talmolab/lablink-client-base-image:linux-amd64-test@sha256:1ec2fde6860186b3d45ac83890167258f83512955dbce65f072d4e8c310cb9de,5,apply,succeeded,1788383308.62635,1788383308.629388,1788383361.88001,,35,35
1788391901.622616,10,1,ghcr.io/talmolab/lablink-client-base-image:linux-amd64-test@sha256:1ec2fde6860186b3d45ac83890167258f83512955dbce65f072d4e8c310cb9de,6,destroy,succeeded,1788384337.446569,1788384337.448163,1788384657.690712,,35,35
1788391901.622616,10,1,ghcr.io/talmolab/lablink-client-base-image:linux-amd64-test@sha256:1ec2fde6860186b3d45ac83890167258f83512955dbce65f072d4e8c310cb9de,7,apply,succeeded,1788384727.528365,1788384727.530681,1788384808.61864,,95,95
1788391901.622616,10,1,ghcr.io/talmolab/lablink-client-base-image:linux-amd64-test@sha256:1ec2fde6860186b3d45ac83890167258f83512955dbce65f072d4e8c310cb9de,8,destroy,succeeded,1788385076.969534,1788385076.971902,1788385973.63117,,95,95
1788391901.622616,10,1,ghcr.io/talmolab/lablink-client-base-image:linux-amd64-test@sha256:1ec2fde6860186b3d45ac83890167258f83512955dbce65f072d4e8c310cb9de,9,apply,succeeded,1788389407.309799,1788389407.313231,1788389454.98231,,20,20
1788391901.622616,10,1,ghcr.io/talmolab/lablink-client-base-image:linux-amd64-test@sha256:1ec2fde6860186b3d45ac83890167258f83512955dbce65f072d4e8c310cb9de,10,destroy,succeeded,1788390335.82657,1788390335.827949,1788390654.079952,,20,20
1788391901.622616,10,1,ghcr.io/talmolab/lablink-client-base-image:linux-amd64-test@sha256:1ec2fde6860186b3d45ac83890167258f83512955dbce65f072d4e8c310cb9de,11,apply,succeeded,1788390714.945026,1788390714.946521,1788390768.137505,,35,35
1788391901.622616,10,1,ghcr.io/talmolab/lablink-client-base-image:linux-amd64-test@sha256:1ec2fde6860186b3d45ac83890167258f83512955dbce65f072d4e8c310cb9de,12,destroy,running,1788391729.15506,1788391729.156797,,,35,20
1788391906.6495092,10,1,ghcr.io/talmolab/lablink-client-base-image:linux-amd64-test@sha256:1ec2fde6860186b3d45ac83890167258f83512955dbce65f072d4e8c310cb9de,1,apply,succeeded,1788380921.682491,1788380921.685047,1788380971.541328,,20,20
1788391906.6495092,10,1,ghcr.io/talmolab/lablink-client-base-image:linux-amd64-test@sha256:1ec2fde6860186b3d45ac83890167258f83512955dbce65f072d4e8c310cb9de,2,destroy,succeeded,1788381612.379228,1788381612.381237,1788381939.351963,,20,20
1788391906.6495092,10,1,ghcr.io/talmolab/lablink-client-base-image:linux-amd64-test@sha256:1ec2fde6860186b3d45ac83890167258f83512955dbce65f072d4e8c310cb9de,3,apply,succeeded,1788381976.63281,1788381976.63526,1788382026.043455,,20,20
1788391906.6495092,10,1,ghcr.io/talmolab/lablink-client-base-image:linux-amd64-test@sha256:1ec2fde6860186b3d45ac83890167258f83512955dbce65f072d4e8c310cb9de,4,destroy,succeeded,1788382875.148234,1788382875.150169,1788383194.833905,,20,20
1788391906.6495092,10,1,ghcr.io/talmolab/lablink-client-base-image:linux-amd64-test@sha256:1ec2fde6860186b3d45ac83890167258f83512955dbce65f072d4e8c310cb9de,5,apply,succeeded,1788383308.62635,1788383308.629388,1788383361.88001,,35,35
1788391906.6495092,10,1,ghcr.io/talmolab/lablink-client-base-image:linux-amd64-test@sha256:1ec2fde6860186b3d45ac83890167258f83512955dbce65f072d4e8c310cb9de,6,destroy,succeeded,1788384337.446569,1788384337.448163,1788384657.690712,,35,35
1788391906.6495092,10,1,ghcr.io/talmolab/lablink-client-base-image:linux-amd64-test@sha256:1ec2fde6860186b3d45ac83890167258f83512955dbce65f072d4e8c310cb9de,7,apply,succeeded,1788384727.528365,1788384727.530681,1788384808.61864,,95,95
1788391906.6495092,10,1,ghcr.io/talmolab/lablink-client-base-image:linux-amd64-test@sha256:1ec2fde6860186b3d45ac83890167258f83512955dbce65f072d4e8c310cb9de,8,destroy,succeeded,1788385076.969534,1788385076.971902,1788385973.63117,,95,95
1788391906.6495092,10,1,ghcr.io/talmolab/lablink-client-base-image:linux-amd64-test@sha256:1ec2fde6860186b3d45ac83890167258f83512955dbce65f072d4e8c310cb9de,9,apply,succeeded,1788389407.309799,1788389407.313231,1788389454.98231,,20,20
1788391906.6495092,10,1,ghcr.io/talmolab/lablink-client-base-image:linux-amd64-test@sha256:1ec2fde6860186b3d45ac83890167258f83512955dbce65f072d4e8c310cb9de,10,destroy,succeeded,1788390335.82657,1788390335.827949,1788390654.079952,,20,20
1788391906.6495092,10,1,ghcr.io/talmolab/lablink-client-base-image:linux-amd64-test@sha256:1ec2fde6860186b3d45ac83890167258f83512955dbce65f072d4e8c310cb9de,11,apply,succeeded,1788390714.945026,1788390714.946521,1788390768.137505,,35,35
1788391906.6495092,10,1,ghcr.io/talmolab/lablink-client-base-image:linux-amd64-test@sha256:1ec2fde6860186b3d45ac83890167258f83512955dbce65f072d4e8c310cb9de,12,destroy,running,1788391729.15506,1788391729.156797,,,35,20
1788391911.932739,10,1,ghcr.io/talmolab/lablink-client-base-image:linux-amd64-test@sha256:1ec2fde6860186b3d45ac83890167258f83512955dbce65f072d4e8c310cb9de,1,apply,succeeded,1788380921.682491,1788380921.685047,1788380971.541328,,20,20
1788391911.932739,10,1,ghcr.io/talmolab/lablink-client-base-image:linux-amd64-test@sha256:1ec2fde6860186b3d45ac83890167258f83512955dbce65f072d4e8c310cb9de,2,destroy,succeeded,1788381612.379228,1788381612.381237,1788381939.351963,,20,20
1788391911.932739,10,1,ghcr.io/talmolab/lablink-client-base-image:linux-amd64-test@sha256:1ec2fde6860186b3d45ac83890167258f83512955dbce65f072d4e8c310cb9de,3,apply,succeeded,1788381976.63281,1788381976.63526,1788382026.043455,,20,20
1788391911.932739,10,1,ghcr.io/talmolab/lablink-client-base-image:linux-amd64-test@sha256:1ec2fde6860186b3d45ac83890167258f83512955dbce65f072d4e8c310cb9de,4,destroy,succeeded,1788382875.148234,1788382875.150169,1788383194.833905,,20,20
1788391911.932739,10,1,ghcr.io/talmolab/lablink-client-base-image:linux-amd64-test@sha256:1ec2fde6860186b3d45ac83890167258f83512955dbce65f072d4e8c310cb9de,5,apply,succeeded,1788383308.62635,1788383308.629388,1788383361.88001,,35,35
1788391911.932739,10,1,ghcr.io/talmolab/lablink-client-base-image:linux-amd64-test@sha256:1ec2fde6860186b3d45ac83890167258f83512955dbce65f072d4e8c310cb9de,6,destroy,succeeded,1788384337.446569,1788384337.448163,1788384657.690712,,35,35
1788391911.932739,10,1,ghcr.io/talmolab/lablink-client-base-image:linux-amd64-test@sha256:1ec2fde6860186b3d45ac83890167258f83512955dbce65f072d4e8c310cb9de,7,apply,succeeded,1788384727.528365,1788384727.530681,1788384808.61864,,95,95
1788391911.932739,10,1,ghcr.io/talmolab/lablink-client-base-image:linux-amd64-test@sha256:1ec2fde6860186b3d45ac83890167258f83512955dbce65f072d4e8c310cb9de,8,destroy,succeeded,1788385076.969534,1788385076.971902,1788385973.63117,,95,95
1788391911.932739,10,1,ghcr.io/talmolab/lablink-client-base-image:linux-amd64-test@sha256:1ec2fde6860186b3d45ac83890167258f83512955dbce65f072d4e8c310cb9de,9,apply,succeeded,1788389407.309799,1788389407.313231,1788389454.98231,,20,20
1788391911.932739,10,1,ghcr.io/talmolab/lablink-client-base-image:linux-amd64-test@sha256:1ec2fde6860186b3d45ac83890167258f83512955dbce65f072d4e8c310cb9de,10,destroy,succeeded,1788390335.82657,1788390335.827949,1788390654.079952,,20,20
1788391911.932739,10,1,ghcr.io/talmolab/lablink-client-base-image:linux-amd64-test@sha256:1ec2fde6860186b3d45ac83890167258f83512955dbce65f072d4e8c310cb9de,11,apply,succeeded,1788390714.945026,1788390714.946521,1788390768.137505,,35,35
1788391911.932739,10,1,ghcr.io/talmolab/lablink-client-base-image:linux-amd64-test@sha256:1ec2fde6860186b3d45ac83890167258f83512955dbce65f072d4e8c310cb9de,12,destroy,running,1788391729.15506,1788391729.156797,,,35,20
1788391916.610463,10,1,ghcr.io/talmolab/lablink-client-base-image:linux-amd64-test@sha256:1ec2fde6860186b3d45ac83890167258f83512955dbce65f072d4e8c310cb9de,1,apply,succeeded,1788380921.682491,1788380921.685047,1788380971.541328,,20,20
1788391916.610463,10,1,ghcr.io/talmolab/lablink-client-base-image:linux-amd64-test@sha256:1ec2fde6860186b3d45ac83890167258f83512955dbce65f072d4e8c310cb9de,2,destroy,succeeded,1788381612.379228,1788381612.381237,1788381939.351963,,20,20
1788391916.610463,10,1,ghcr.io/talmolab/lablink-client-base-image:linux-amd64-test@sha256:1ec2fde6860186b3d45ac83890167258f83512955dbce65f072d4e8c310cb9de,3,apply,succeeded,1788381976.63281,1788381976.63526,1788382026.043455,,20,20
1788391916.610463,10,1,ghcr.io/talmolab/lablink-client-base-image:linux-amd64-test@sha256:1ec2fde6860186b3d45ac83890167258f83512955dbce65f072d4e8c310cb9de,4,destroy,succeeded,1788382875.148234,1788382875.150169,1788383194.833905,,20,20
1788391916.610463,10,1,ghcr.io/talmolab/lablink-client-base-image:linux-amd64-test@sha256:1ec2fde6860186b3d45ac83890167258f83512955dbce65f072d4e8c310cb9de,5,apply,succeeded,1788383308.62635,1788383308.629388,1788383361.88001,,35,35
1788391916.610463,10,1,ghcr.io/talmolab/lablink-client-base-image:linux-amd64-test@sha256:1ec2fde6860186b3d45ac83890167258f83512955dbce65f072d4e8c310cb9de,6,destroy,succeeded,1788384337.446569,1788384337.448163,1788384657.690712,,35,35
1788391916.610463,10,1,ghcr.io/talmolab/lablink-client-base-image:linux-amd64-test@sha256:1ec2fde6860186b3d45ac83890167258f83512955dbce65f072d4e8c310cb9de,7,apply,succeeded,1788384727.528365,1788384727.530681,1788384808.61864,,95,95
1788391916.610463,10,1,ghcr.io/talmolab/lablink-client-base-image:linux-amd64-test@sha256:1ec2fde6860186b3d45ac83890167258f83512955dbce65f072d4e8c310cb9de,8,destroy,succeeded,1788385076.969534,1788385076.971902,1788385973.63117,,95,95
1788391916.610463,10,1,ghcr.io/talmolab/lablink-client-base-image:linux-amd64-test@sha256:1ec2fde6860186b3d45ac83890167258f83512955dbce65f072d4e8c310cb9de,9,apply,succeeded,1788389407.309799,1788389407.313231,1788389454.98231,,20,20
1788391916.610463,10,1,ghcr.io/talmolab/lablink-client-base-image:linux-amd64-test@sha256:1ec2fde6860186b3d45ac83890167258f83512955dbce65f072d4e8c310cb9de,10,destroy,succeeded,1788390335.82657,1788390335.827949,1788390654.079952,,20,20
1788391916.610463,10,1,ghcr.io/talmolab/lablink-client-base-image:linux-amd64-test@sha256:1ec2fde6860186b3d45ac83890167258f83512955dbce65f072d4e8c310cb9de,11,apply,succeeded,1788390714.945026,1788390714.946521,1788390768.137505,,35,35
1788391916.610463,10,1,ghcr.io/talmolab/lablink-client-base-image:linux-amd64-test@sha256:1ec2fde6860186b3d45ac83890167258f83512955dbce65f072d4e8c310cb9de,12,destroy,running,1788391729.15506,1788391729.156797,,,35,20
1788391921.589043,10,1,ghcr.io/talmolab/lablink-client-base-image:linux-amd64-test@sha256:1ec2fde6860186b3d45ac83890167258f83512955dbce65f072d4e8c310cb9de,1,apply,succeeded,1788380921.682491,1788380921.685047,1788380971.541328,,20,20
1788391921.589043,10,1,ghcr.io/talmolab/lablink-client-base-image:linux-amd64-test@sha256:1ec2fde6860186b3d45ac83890167258f83512955dbce65f072d4e8c310cb9de,2,destroy,succeeded,1788381612.379228,1788381612.381237,1788381939.351963,,20,20
1788391921.589043,10,1,ghcr.io/talmolab/lablink-client-base-image:linux-amd64-test@sha256:1ec2fde6860186b3d45ac83890167258f83512955dbce65f072d4e8c310cb9de,3,apply,succeeded,1788381976.63281,1788381976.63526,1788382026.043455,,20,20
1788391921.589043,10,1,ghcr.io/talmolab/lablink-client-base-image:linux-amd64-test@sha256:1ec2fde6860186b3d45ac83890167258f83512955dbce65f072d4e8c310cb9de,4,destroy,succeeded,1788382875.148234,1788382875.150169,1788383194.833905,,20,20
1788391921.589043,10,1,ghcr.io/talmolab/lablink-client-base-image:linux-amd64-test@sha256:1ec2fde6860186b3d45ac83890167258f83512955dbce65f072d4e8c310cb9de,5,apply,succeeded,1788383308.62635,1788383308.629388,1788383361.88001,,35,35
1788391921.589043,10,1,ghcr.io/talmolab/lablink-client-base-image:linux-amd64-test@sha256:1ec2fde6860186b3d45ac83890167258f83512955dbce65f072d4e8c310cb9de,6,destroy,succeeded,1788384337.446569,1788384337.448163,1788384657.690712,,35,35
1788391921.589043,10,1,ghcr.io/talmolab/lablink-client-base-image:linux-amd64-test@sha256:1ec2fde6860186b3d45ac83890167258f83512955dbce65f072d4e8c310cb9de,7,apply,succeeded,1788384727.528365,1788384727.530681,1788384808.61864,,95,95
1788391921.589043,10,1,ghcr.io/talmolab/lablink-client-base-image:linux-amd64-test@sha256:1ec2fde6860186b3d45ac83890167258f83512955dbce65f072d4e8c310cb9de,8,destroy,succeeded,1788385076.969534,1788385076.971902,1788385973.63117,,95,95
1788391921.589043,10,1,ghcr.io/talmolab/lablink-client-base-image:linux-amd64-test@sha256:1ec2fde6860186b3d45ac83890167258f83512955dbce65f072d4e8c310cb9de,9,apply,succeeded,1788389407.309799,1788389407.313231,1788389454.98231,,20,20
1788391921.589043,10,1,ghcr.io/talmolab/lablink-client-base-image:linux-amd64-test@sha256:1ec2fde6860186b3d45ac83890167258f83512955dbce65f072d4e8c310cb9de,10,destroy,succeeded,1788390335.82657,1788390335.827949,1788390654.079952,,20,20
1788391921.589043,10,1,ghcr.io/talmolab/lablink-client-base-image:linux-amd64-test@sha256:1ec2fde6860186b3d45ac83890167258f83512955dbce65f072d4e8c310cb9de,11,apply,succeeded,1788390714.945026,1788390714.946521,1788390768.137505,,35,35
1788391921.589043,10,1,ghcr.io/talmolab/lablink-client-base-image:linux-amd64-test@sha256:1ec2fde6860186b3d45ac83890167258f83512955dbce65f072d4e8c310cb9de,12,destroy,running,1788391729.15506,1788391729.156797,,,35,20
1788391926.757226,10,1,ghcr.io/talmolab/lablink-client-base-image:linux-amd64-test@sha256:1ec2fde6860186b3d45ac83890167258f83512955dbce65f072d4e8c310cb9de,1,apply,succeeded,1788380921.682491,1788380921.685047,1788380971.541328,,20,20
1788391926.757226,10,1,ghcr.io/talmolab/lablink-client-base-image:linux-amd64-test@sha256:1ec2fde6860186b3d45ac83890167258f83512955dbce65f072d4e8c310cb9de,2,destroy,succeeded,1788381612.379228,1788381612.381237,1788381939.351963,,20,20
1788391926.757226,10,1,ghcr.io/talmolab/lablink-client-base-image:linux-amd64-test@sha256:1ec2fde6860186b3d45ac83890167258f83512955dbce65f072d4e8c310cb9de,3,apply,succeeded,1788381976.63281,1788381976.63526,1788382026.043455,,20,20
1788391926.757226,10,1,ghcr.io/talmolab/lablink-client-base-image:linux-amd64-test@sha256:1ec2fde6860186b3d45ac83890167258f83512955dbce65f072d4e8c310cb9de,4,destroy,succeeded,1788382875.148234,1788382875.150169,1788383194.833905,,20,20
1788391926.757226,10,1,ghcr.io/talmolab/lablink-client-base-image:linux-amd64-test@sha256:1ec2fde6860186b3d45ac83890167258f83512955dbce65f072d4e8c310cb9de,5,apply,succeeded,1788383308.62635,1788383308.629388,1788383361.88001,,35,35
1788391926.757226,10,1,ghcr.io/talmolab/lablink-client-base-image:linux-amd64-test@sha256:1ec2fde6860186b3d45ac83890167258f83512955dbce65f072d4e8c310cb9de,6,destroy,succeeded,1788384337.446569,1788384337.448163,1788384657.690712,,35,35
1788391926.757226,10,1,ghcr.io/talmolab/lablink-client-base-image:linux-amd64-test@sha256:1ec2fde6860186b3d45ac83890167258f83512955dbce65f072d4e8c310cb9de,7,apply,succeeded,1788384727.528365,1788384727.530681,1788384808.61864,,95,95
1788391926.757226,10,1,ghcr.io/talmolab/lablink-client-base-image:linux-amd64-test@sha256:1ec2fde6860186b3d45ac83890167258f83512955dbce65f072d4e8c310cb9de,8,destroy,succeeded,1788385076.969534,1788385076.971902,1788385973.63117,,95,95
1788391926.757226,10,1,ghcr.io/talmolab/lablink-client-base-image:linux-amd64-test@sha256:1ec2fde6860186b3d45ac83890167258f83512955dbce65f072d4e8c310cb9de,9,apply,succeeded,1788389407.309799,1788389407.313231,1788389454.98231,,20,20
1788391926.757226,10,1,ghcr.io/talmolab/lablink-client-base-image:linux-amd64-test@sha256:1ec2fde6860186b3d45ac83890167258f83512955dbce65f072d4e8c310cb9de,10,destroy,succeeded,1788390335.82657,1788390335.827949,1788390654.079952,,20,20
1788391926.757226,10,1,ghcr.io/talmolab/lablink-client-base-image:linux-amd64-test@sha256:1ec2fde6860186b3d45ac83890167258f83512955dbce65f072d4e8c310cb9de,11,apply,succeeded,1788390714.945026,1788390714.946521,1788390768.137505,,35,35
1788391926.757226,10,1,ghcr.io/talmolab/lablink-client-base-image:linux-amd64-test@sha256:1ec2fde6860186b3d45ac83890167258f83512955dbce65f072d4e8c310cb9de,12,destroy,running,1788391729.15506,1788391729.156797,,,35,20
1788391931.6361651,10,1,ghcr.io/talmolab/lablink-client-base-image:linux-amd64-test@sha256:1ec2fde6860186b3d45ac83890167258f83512955dbce65f072d4e8c310cb9de,1,apply,succeeded,1788380921.682491,1788380921.685047,1788380971.541328,,20,20
1788391931.6361651,10,1,ghcr.io/talmolab/lablink-client-base-image:linux-amd64-test@sha256:1ec2fde6860186b3d45ac83890167258f83512955dbce65f072d4e8c310cb9de,2,destroy,succeeded,1788381612.379228,1788381612.381237,1788381939.351963,,20,20
1788391931.6361651,10,1,ghcr.io/talmolab/lablink-client-base-image:linux-amd64-test@sha256:1ec2fde6860186b3d45ac83890167258f83512955dbce65f072d4e8c310cb9de,3,apply,succeeded,1788381976.63281,1788381976.63526,1788382026.043455,,20,20
1788391931.6361651,10,1,ghcr.io/talmolab/lablink-client-base-image:linux-amd64-test@sha256:1ec2fde6860186b3d45ac83890167258f83512955dbce65f072d4e8c310cb9de,4,destroy,succeeded,1788382875.148234,1788382875.150169,1788383194.833905,,20,20
1788391931.6361651,10,1,ghcr.io/talmolab/lablink-client-base-image:linux-amd64-test@sha256:1ec2fde6860186b3d45ac83890167258f83512955dbce65f072d4e8c310cb9de,5,apply,succeeded,1788383308.62635,1788383308.629388,1788383361.88001,,35,35
1788391931.6361651,10,1,ghcr.io/talmolab/lablink-client-base-image:linux-amd64-test@sha256:1ec2fde6860186b3d45ac83890167258f83512955dbce65f072d4e8c310cb9de,6,destroy,succeeded,1788384337.446569,1788384337.448163,1788384657.690712,,35,35
1788391931.6361651,10,1,ghcr.io/talmolab/lablink-client-base-image:linux-amd64-test@sha256:1ec2fde6860186b3d45ac83890167258f83512955dbce65f072d4e8c310cb9de,7,apply,succeeded,1788384727.528365,1788384727.530681,1788384808.61864,,95,95
1788391931.6361651,10,1,ghcr.io/talmolab/lablink-client-base-image:linux-amd64-test@sha256:1ec2fde6860186b3d45ac83890167258f83512955dbce65f072d4e8c310cb9de,8,destroy,succeeded,1788385076.969534,1788385076.971902,1788385973.63117,,95,95
1788391931.6361651,10,1,ghcr.io/talmolab/lablink-client-base-image:linux-amd64-test@sha256:1ec2fde6860186b3d45ac83890167258f83512955dbce65f072d4e8c310cb9de,9,apply,succeeded,1788389407.309799,1788389407.313231,1788389454.98231,,20,20
1788391931.6361651,10,1,ghcr.io/talmolab/lablink-client-base-image:linux-amd64-test@sha256:1ec2fde6860186b3d45ac83890167258f83512955dbce65f072d4e8c310cb9de,10,destroy,succeeded,1788390335.82657,1788390335.827949,1788390654.079952,,20,20
1788391931.6361651,10,1,ghcr.io/talmolab/lablink-client-base-image:linux-amd64-test@sha256:1ec2fde6860186b3d45ac83890167258f83512955dbce65f072d4e8c310cb9de,11,apply,succeeded,1788390714.945026,1788390714.946521,1788390768.137505,,35,35
1788391931.6361651,10,1,ghcr.io/talmolab/lablink-client-base-image:linux-amd64-test@sha256:1ec2fde6860186b3d45ac83890167258f83512955dbce65f072d4e8c310cb9de,12,destroy,running,1788391729.15506,1788391729.156797,,,35,20
1788391936.6217039,10,1,ghcr.io/talmolab/lablink-client-base-image:linux-amd64-test@sha256:1ec2fde6860186b3d45ac83890167258f83512955dbce65f072d4e8c310cb9de,1,apply,succeeded,1788380921.682491,1788380921.685047,1788380971.541328,,20,20
1788391936.6217039,10,1,ghcr.io/talmolab/lablink-client-base-image:linux-amd64-test@sha256:1ec2fde6860186b3d45ac83890167258f83512955dbce65f072d4e8c310cb9de,2,destroy,succeeded,1788381612.379228,1788381612.381237,1788381939.351963,,20,20
1788391936.6217039,10,1,ghcr.io/talmolab/lablink-client-base-image:linux-amd64-test@sha256:1ec2fde6860186b3d45ac83890167258f83512955dbce65f072d4e8c310cb9de,3,apply,succeeded,1788381976.63281,1788381976.63526,1788382026.043455,,20,20
1788391936.6217039,10,1,ghcr.io/talmolab/lablink-client-base-image:linux-amd64-test@sha256:1ec2fde6860186b3d45ac83890167258f83512955dbce65f072d4e8c310cb9de,4,destroy,succeeded,1788382875.148234,1788382875.150169,1788383194.833905,,20,20
1788391936.6217039,10,1,ghcr.io/talmolab/lablink-client-base-image:linux-amd64-test@sha256:1ec2fde6860186b3d45ac83890167258f83512955dbce65f072d4e8c310cb9de,5,apply,succeeded,1788383308.62635,1788383308.629388,1788383361.88001,,35,35
1788391936.6217039,10,1,ghcr.io/talmolab/lablink-client-base-image:linux-amd64-test@sha256:1ec2fde6860186b3d45ac83890167258f83512955dbce65f072d4e8c310cb9de,6,destroy,succeeded,1788384337.446569,1788384337.448163,1788384657.690712,,35,35
1788391936.6217039,10,1,ghcr.io/talmolab/lablink-client-base-image:linux-amd64-test@sha256:1ec2fde6860186b3d45ac83890167258f83512955dbce65f072d4e8c310cb9de,7,apply,succeeded,1788384727.528365,1788384727.530681,1788384808.61864,,95,95
1788391936.6217039,10,1,ghcr.io/talmolab/lablink-client-base-image:linux-amd64-test@sha256:1ec2fde6860186b3d45ac83890167258f83512955dbce65f072d4e8c310cb9de,8,destroy,succeeded,1788385076.969534,1788385076.971902,1788385973.63117,,95,95
1788391936.6217039,10,1,ghcr.io/talmolab/lablink-client-base-image:linux-amd64-test@sha256:1ec2fde6860186b3d45ac83890167258f83512955dbce65f072d4e8c310cb9de,9,apply,succeeded,1788389407.309799,1788389407.313231,1788389454.98231,,20,20
1788391936.6217039,10,1,ghcr.io/talmolab/lablink-client-base-image:linux-amd64-test@sha256:1ec2fde6860186b3d45ac83890167258f83512955dbce65f072d4e8c310cb9de,10,destroy,succeeded,1788390335.82657,1788390335.827949,1788390654.079952,,20,20
1788391936.6217039,10,1,ghcr.io/talmolab/lablink-client-base-image:linux-amd64-test@sha256:1ec2fde6860186b3d45ac83890167258f83512955dbce65f072d4e8c310cb9de,11,apply,succeeded,1788390714.945026,1788390714.946521,1788390768.137505,,35,35
1788391936.6217039,10,1,ghcr.io/talmolab/lablink-client-base-image:linux-amd64-test@sha256:1ec2fde6860186b3d45ac83890167258f83512955dbce65f072d4e8c310cb9de,12,destroy,running,1788391729.15506,1788391729.156797,,,35,20
1788391941.777089,10,1,ghcr.io/talmolab/lablink-client-base-image:linux-amd64-test@sha256:1ec2fde6860186b3d45ac83890167258f83512955dbce65f072d4e8c310cb9de,1,apply,succeeded,1788380921.682491,1788380921.685047,1788380971.541328,,20,20
1788391941.777089,10,1,ghcr.io/talmolab/lablink-client-base-image:linux-amd64-test@sha256:1ec2fde6860186b3d45ac83890167258f83512955dbce65f072d4e8c310cb9de,2,destroy,succeeded,1788381612.379228,1788381612.381237,1788381939.351963,,20,20
1788391941.777089,10,1,ghcr.io/talmolab/lablink-client-base-image:linux-amd64-test@sha256:1ec2fde6860186b3d45ac83890167258f83512955dbce65f072d4e8c310cb9de,3,apply,succeeded,1788381976.63281,1788381976.63526,1788382026.043455,,20,20
1788391941.777089,10,1,ghcr.io/talmolab/lablink-client-base-image:linux-amd64-test@sha256:1ec2fde6860186b3d45ac83890167258f83512955dbce65f072d4e8c310cb9de,4,destroy,succeeded,1788382875.148234,1788382875.150169,1788383194.833905,,20,20
1788391941.777089,10,1,ghcr.io/talmolab/lablink-client-base-image:linux-amd64-test@sha256:1ec2fde6860186b3d45ac83890167258f83512955dbce65f072d4e8c310cb9de,5,apply,succeeded,1788383308.62635,1788383308.629388,1788383361.88001,,35,35
1788391941.777089,10,1,ghcr.io/talmolab/lablink-client-base-image:linux-amd64-test@sha256:1ec2fde6860186b3d45ac83890167258f83512955dbce65f072d4e8c310cb9de,6,destroy,succeeded,1788384337.446569,1788384337.448163,1788384657.690712,,35,35
1788391941.777089,10,1,ghcr.io/talmolab/lablink-client-base-image:linux-amd64-test@sha256:1ec2fde6860186b3d45ac83890167258f83512955dbce65f072d4e8c310cb9de,7,apply,succeeded,1788384727.528365,1788384727.530681,1788384808.61864,,95,95
1788391941.777089,10,1,ghcr.io/talmolab/lablink-client-base-image:linux-amd64-test@sha256:1ec2fde6860186b3d45ac83890167258f83512955dbce65f072d4e8c310cb9de,8,destroy,succeeded,1788385076.969534,1788385076.971902,1788385973.63117,,95,95
1788391941.777089,10,1,ghcr.io/talmolab/lablink-client-base-image:linux-amd64-test@sha256:1ec2fde6860186b3d45ac83890167258f83512955dbce65f072d4e8c310cb9de,9,apply,succeeded,1788389407.309799,1788389407.313231,1788389454.98231,,20,20
1788391941.777089,10,1,ghcr.io/talmolab/lablink-client-base-image:linux-amd64-test@sha256:1ec2fde6860186b3d45ac83890167258f83512955dbce65f072d4e8c310cb9de,10,destroy,succeeded,1788390335.82657,1788390335.827949,1788390654.079952,,20,20
1788391941.777089,10,1,ghcr.io/talmolab/lablink-client-base-image:linux-amd64-test@sha256:1ec2fde6860186b3d45ac83890167258f83512955dbce65f072d4e8c310cb9de,11,apply,succeeded,1788390714.945026,1788390714.946521,1788390768.137505,,35,35
1788391941.777089,10,1,ghcr.io/talmolab/lablink-client-base-image:linux-amd64-test@sha256:1ec2fde6860186b3d45ac83890167258f83512955dbce65f072d4e8c310cb9de,12,destroy,running,1788391729.15506,1788391729.156797,,,35,20
1788391946.684284,10,1,ghcr.io/talmolab/lablink-client-base-image:linux-amd64-test@sha256:1ec2fde6860186b3d45ac83890167258f83512955dbce65f072d4e8c310cb9de,1,apply,succeeded,1788380921.682491,1788380921.685047,1788380971.541328,,20,20
1788391946.684284,10,1,ghcr.io/talmolab/lablink-client-base-image:linux-amd64-test@sha256:1ec2fde6860186b3d45ac83890167258f83512955dbce65f072d4e8c310cb9de,2,destroy,succeeded,1788381612.379228,1788381612.381237,1788381939.351963,,20,20
1788391946.684284,10,1,ghcr.io/talmolab/lablink-client-base-image:linux-amd64-test@sha256:1ec2fde6860186b3d45ac83890167258f83512955dbce65f072d4e8c310cb9de,3,apply,succeeded,1788381976.63281,1788381976.63526,1788382026.043455,,20,20
1788391946.684284,10,1,ghcr.io/talmolab/lablink-client-base-image:linux-amd64-test@sha256:1ec2fde6860186b3d45ac83890167258f83512955dbce65f072d4e8c310cb9de,4,destroy,succeeded,1788382875.148234,1788382875.150169,1788383194.833905,,20,20
1788391946.684284,10,1,ghcr.io/talmolab/lablink-client-base-image:linux-amd64-test@sha256:1ec2fde6860186b3d45ac83890167258f83512955dbce65f072d4e8c310cb9de,5,apply,succeeded,1788383308.62635,1788383308.629388,1788383361.88001,,35,35
1788391946.684284,10,1,ghcr.io/talmolab/lablink-client-base-image:linux-amd64-test@sha256:1ec2fde6860186b3d45ac83890167258f83512955dbce65f072d4e8c310cb9de,6,destroy,succeeded,1788384337.446569,1788384337.448163,1788384657.690712,,35,35
1788391946.684284,10,1,ghcr.io/talmolab/lablink-client-base-image:linux-amd64-test@sha256:1ec2fde6860186b3d45ac83890167258f83512955dbce65f072d4e8c310cb9de,7,apply,succeeded,1788384727.528365,1788384727.530681,1788384808.61864,,95,95
1788391946.684284,10,1,ghcr.io/talmolab/lablink-client-base-image:linux-amd64-test@sha256:1ec2fde6860186b3d45ac83890167258f83512955dbce65f072d4e8c310cb9de,8,destroy,succeeded,1788385076.969534,1788385076.971902,1788385973.63117,,95,95
1788391946.684284,10,1,ghcr.io/talmolab/lablink-client-base-image:linux-amd64-test@sha256:1ec2fde6860186b3d45ac83890167258f83512955dbce65f072d4e8c310cb9de,9,apply,succeeded,1788389407.309799,1788389407.313231,1788389454.98231,,20,20
1788391946.684284,10,1,ghcr.io/talmolab/lablink-client-base-image:linux-amd64-test@sha256:1ec2fde6860186b3d45ac83890167258f83512955dbce65f072d4e8c310cb9de,10,destroy,succeeded,1788390335.82657,1788390335.827949,1788390654.079952,,20,20
1788391946.684284,10,1,ghcr.io/talmolab/lablink-client-base-image:linux-amd64-test@sha256:1ec2fde6860186b3d45ac83890167258f83512955dbce65f072d4e8c310cb9de,11,apply,succeeded,1788390714.945026,1788390714.946521,1788390768.137505,,35,35
1788391946.684284,10,1,ghcr.io/talmolab/lablink-client-base-image:linux-amd64-test@sha256:1ec2fde6860186b3d45ac83890167258f83512955dbce65f072d4e8c310cb9de,12,destroy,running,1788391729.15506,1788391729.156797,,,35,20
1788391951.738084,10,1,ghcr.io/talmolab/lablink-client-base-image:linux-amd64-test@sha256:1ec2fde6860186b3d45ac83890167258f83512955dbce65f072d4e8c310cb9de,1,apply,succeeded,1788380921.682491,1788380921.685047,1788380971.541328,,20,20
1788391951.738084,10,1,ghcr.io/talmolab/lablink-client-base-image:linux-amd64-test@sha256:1ec2fde6860186b3d45ac83890167258f83512955dbce65f072d4e8c310cb9de,2,destroy,succeeded,1788381612.379228,1788381612.381237,1788381939.351963,,20,20
1788391951.738084,10,1,ghcr.io/talmolab/lablink-client-base-image:linux-amd64-test@sha256:1ec2fde6860186b3d45ac83890167258f83512955dbce65f072d4e8c310cb9de,3,apply,succeeded,1788381976.63281,1788381976.63526,1788382026.043455,,20,20
1788391951.738084,10,1,ghcr.io/talmolab/lablink-client-base-image:linux-amd64-test@sha256:1ec2fde6860186b3d45ac83890167258f83512955dbce65f072d4e8c310cb9de,4,destroy,succeeded,1788382875.148234,1788382875.150169,1788383194.833905,,20,20
1788391951.738084,10,1,ghcr.io/talmolab/lablink-client-base-image:linux-amd64-test@sha256:1ec2fde6860186b3d45ac83890167258f83512955dbce65f072d4e8c310cb9de,5,apply,succeeded,1788383308.62635,1788383308.629388,1788383361.88001,,35,35
1788391951.738084,10,1,ghcr.io/talmolab/lablink-client-base-image:linux-amd64-test@sha256:1ec2fde6860186b3d45ac83890167258f83512955dbce65f072d4e8c310cb9de,6,destroy,succeeded,1788384337.446569,1788384337.448163,1788384657.690712,,35,35
1788391951.738084,10,1,ghcr.io/talmolab/lablink-client-base-image:linux-amd64-test@sha256:1ec2fde6860186b3d45ac83890167258f83512955dbce65f072d4e8c310cb9de,7,apply,succeeded,1788384727.528365,1788384727.530681,1788384808.61864,,95,95
1788391951.738084,10,1,ghcr.io/talmolab/lablink-client-base-image:linux-amd64-test@sha256:1ec2fde6860186b3d45ac83890167258f83512955dbce65f072d4e8c310cb9de,8,destroy,succeeded,1788385076.969534,1788385076.971902,1788385973.63117,,95,95
1788391951.738084,10,1,ghcr.io/talmolab/lablink-client-base-image:linux-amd64-test@sha256:1ec2fde6860186b3d45ac83890167258f83512955dbce65f072d4e8c310cb9de,9,apply,succeeded,1788389407.309799,1788389407.313231,1788389454.98231,,20,20
1788391951.738084,10,1,ghcr.io/talmolab/lablink-client-base-image:linux-amd64-test@sha256:1ec2fde6860186b3d45ac83890167258f83512955dbce65f072d4e8c310cb9de,10,destroy,succeeded,1788390335.82657,1788390335.827949,1788390654.079952,,20,20
1788391951.738084,10,1,ghcr.io/talmolab/lablink-client-base-image:linux-amd64-test@sha256:1ec2fde6860186b3d45ac83890167258f83512955dbce65f072d4e8c310cb9de,11,apply,succeeded,1788390714.945026,1788390714.946521,1788390768.137505,,35,35
1788391951.738084,10,1,ghcr.io/talmolab/lablink-client-base-image:linux-amd64-test@sha256:1ec2fde6860186b3d45ac83890167258f83512955dbce65f072d4e8c310cb9de,12,destroy,running,1788391729.15506,1788391729.156797,,,35,20
1788391956.675036,10,1,ghcr.io/talmolab/lablink-client-base-image:linux-amd64-test@sha256:1ec2fde6860186b3d45ac83890167258f83512955dbce65f072d4e8c310cb9de,1,apply,succeeded,1788380921.682491,1788380921.685047,1788380971.541328,,20,20
1788391956.675036,10,1,ghcr.io/talmolab/lablink-client-base-image:linux-amd64-test@sha256:1ec2fde6860186b3d45ac83890167258f83512955dbce65f072d4e8c310cb9de,2,destroy,succeeded,1788381612.379228,1788381612.381237,1788381939.351963,,20,20
1788391956.675036,10,1,ghcr.io/talmolab/lablink-client-base-image:linux-amd64-test@sha256:1ec2fde6860186b3d45ac83890167258f83512955dbce65f072d4e8c310cb9de,3,apply,succeeded,1788381976.63281,1788381976.63526,1788382026.043455,,20,20
1788391956.675036,10,1,ghcr.io/talmolab/lablink-client-base-image:linux-amd64-test@sha256:1ec2fde6860186b3d45ac83890167258f83512955dbce65f072d4e8c310cb9de,4,destroy,succeeded,1788382875.148234,1788382875.150169,1788383194.833905,,20,20
1788391956.675036,10,1,ghcr.io/talmolab/lablink-client-base-image:linux-amd64-test@sha256:1ec2fde6860186b3d45ac83890167258f83512955dbce65f072d4e8c310cb9de,5,apply,succeeded,1788383308.62635,1788383308.629388,1788383361.88001,,35,35
1788391956.675036,10,1,ghcr.io/talmolab/lablink-client-base-image:linux-amd64-test@sha256:1ec2fde6860186b3d45ac83890167258f83512955dbce65f072d4e8c310cb9de,6,destroy,succeeded,1788384337.446569,1788384337.448163,1788384657.690712,,35,35
1788391956.675036,10,1,ghcr.io/talmolab/lablink-client-base-image:linux-amd64-test@sha256:1ec2fde6860186b3d45ac83890167258f83512955dbce65f072d4e8c310cb9de,7,apply,succeeded,1788384727.528365,1788384727.530681,1788384808.61864,,95,95
1788391956.675036,10,1,ghcr.io/talmolab/lablink-client-base-image:linux-amd64-test@sha256:1ec2fde6860186b3d45ac83890167258f83512955dbce65f072d4e8c310cb9de,8,destroy,succeeded,1788385076.969534,1788385076.971902,1788385973.63117,,95,95
1788391956.675036,10,1,ghcr.io/talmolab/lablink-client-base-image:linux-amd64-test@sha256:1ec2fde6860186b3d45ac83890167258f83512955dbce65f072d4e8c310cb9de,9,apply,succeeded,1788389407.309799,1788389407.313231,1788389454.98231,,20,20
1788391956.675036,10,1,ghcr.io/talmolab/lablink-client-base-image:linux-amd64-test@sha256:1ec2fde6860186b3d45ac83890167258f83512955dbce65f072d4e8c310cb9de,10,destroy,succeeded,1788390335.82657,1788390335.827949,1788390654.079952,,20,20
1788391956.675036,10,1,ghcr.io/talmolab/lablink-client-base-image:linux-amd64-test@sha256:1ec2fde6860186b3d45ac83890167258f83512955dbce65f072d4e8c310cb9de,11,apply,succeeded,1788390714.945026,1788390714.946521,1788390768.137505,,35,35
1788391956.675036,10,1,ghcr.io/talmolab/lablink-client-base-image:linux-amd64-test@sha256:1ec2fde6860186b3d45ac83890167258f83512955dbce65f072d4e8c310cb9de,12,destroy,running,1788391729.15506,1788391729.156797,,,35,20
1788391961.591984,10,1,ghcr.io/talmolab/lablink-client-base-image:linux-amd64-test@sha256:1ec2fde6860186b3d45ac83890167258f83512955dbce65f072d4e8c310cb9de,1,apply,succeeded,1788380921.682491,1788380921.685047,1788380971.541328,,20,20
1788391961.591984,10,1,ghcr.io/talmolab/lablink-client-base-image:linux-amd64-test@sha256:1ec2fde6860186b3d45ac83890167258f83512955dbce65f072d4e8c310cb9de,2,destroy,succeeded,1788381612.379228,1788381612.381237,1788381939.351963,,20,20
1788391961.591984,10,1,ghcr.io/talmolab/lablink-client-base-image:linux-amd64-test@sha256:1ec2fde6860186b3d45ac83890167258f83512955dbce65f072d4e8c310cb9de,3,apply,succeeded,1788381976.63281,1788381976.63526,1788382026.043455,,20,20
1788391961.591984,10,1,ghcr.io/talmolab/lablink-client-base-image:linux-amd64-test@sha256:1ec2fde6860186b3d45ac83890167258f83512955dbce65f072d4e8c310cb9de,4,destroy,succeeded,1788382875.148234,1788382875.150169,1788383194.833905,,20,20
1788391961.591984,10,1,ghcr.io/talmolab/lablink-client-base-image:linux-amd64-test@sha256:1ec2fde6860186b3d45ac83890167258f83512955dbce65f072d4e8c310cb9de,5,apply,succeeded,1788383308.62635,1788383308.629388,1788383361.88001,,35,35
1788391961.591984,10,1,ghcr.io/talmolab/lablink-client-base-image:linux-amd64-test@sha256:1ec2fde6860186b3d45ac83890167258f83512955dbce65f072d4e8c310cb9de,6,destroy,succeeded,1788384337.446569,1788384337.448163,1788384657.690712,,35,35
1788391961.591984,10,1,ghcr.io/talmolab/lablink-client-base-image:linux-amd64-test@sha256:1ec2fde6860186b3d45ac83890167258f83512955dbce65f072d4e8c310cb9de,7,apply,succeeded,1788384727.528365,1788384727.530681,1788384808.61864,,95,95
1788391961.591984,10,1,ghcr.io/talmolab/lablink-client-base-image:linux-amd64-test@sha256:1ec2fde6860186b3d45ac83890167258f83512955dbce65f072d4e8c310cb9de,8,destroy,succeeded,1788385076.969534,1788385076.971902,1788385973.63117,,95,95
1788391961.591984,10,1,ghcr.io/talmolab/lablink-client-base-image:linux-amd64-test@sha256:1ec2fde6860186b3d45ac83890167258f83512955dbce65f072d4e8c310cb9de,9,apply,succeeded,1788389407.309799,1788389407.313231,1788389454.98231,,20,20
1788391961.591984,10,1,ghcr.io/talmolab/lablink-client-base-image:linux-amd64-test@sha256:1ec2fde6860186b3d45ac83890167258f83512955dbce65f072d4e8c310cb9de,10,destroy,succeeded,1788390335.82657,1788390335.827949,1788390654.079952,,20,20
1788391961.591984,10,1,ghcr.io/talmolab/lablink-client-base-image:linux-amd64-test@sha256:1ec2fde6860186b3d45ac83890167258f83512955dbce65f072d4e8c310cb9de,11,apply,succeeded,1788390714.945026,1788390714.946521,1788390768.137505,,35,35
1788391961.591984,10,1,ghcr.io/talmolab/lablink-client-base-image:linux-amd64-test@sha256:1ec2fde6860186b3d45ac83890167258f83512955dbce65f072d4e8c310cb9de,12,destroy,running,1788391729.15506,1788391729.156797,,,35,20
1788391966.648844,10,1,ghcr.io/talmolab/lablink-client-base-image:linux-amd64-test@sha256:1ec2fde6860186b3d45ac83890167258f83512955dbce65f072d4e8c310cb9de,1,apply,succeeded,1788380921.682491,1788380921.685047,1788380971.541328,,20,20
1788391966.648844,10,1,ghcr.io/talmolab/lablink-client-base-image:linux-amd64-test@sha256:1ec2fde6860186b3d45ac83890167258f83512955dbce65f072d4e8c310cb9de,2,destroy,succeeded,1788381612.379228,1788381612.381237,1788381939.351963,,20,20
1788391966.648844,10,1,ghcr.io/talmolab/lablink-client-base-image:linux-amd64-test@sha256:1ec2fde6860186b3d45ac83890167258f83512955dbce65f072d4e8c310cb9de,3,apply,succeeded,1788381976.63281,1788381976.63526,1788382026.043455,,20,20
1788391966.648844,10,1,ghcr.io/talmolab/lablink-client-base-image:linux-amd64-test@sha256:1ec2fde6860186b3d45ac83890167258f83512955dbce65f072d4e8c310cb9de,4,destroy,succeeded,1788382875.148234,1788382875.150169,1788383194.833905,,20,20
1788391966.648844,10,1,ghcr.io/talmolab/lablink-client-base-image:linux-amd64-test@sha256:1ec2fde6860186b3d45ac83890167258f83512955dbce65f072d4e8c310cb9de,5,apply,succeeded,1788383308.62635,1788383308.629388,1788383361.88001,,35,35
1788391966.648844,10,1,ghcr.io/talmolab/lablink-client-base-image:linux-amd64-test@sha256:1ec2fde6860186b3d45ac83890167258f83512955dbce65f072d4e8c310cb9de,6,destroy,succeeded,1788384337.446569,1788384337.448163,1788384657.690712,,35,35
1788391966.648844,10,1,ghcr.io/talmolab/lablink-client-base-image:linux-amd64-test@sha256:1ec2fde6860186b3d45ac83890167258f83512955dbce65f072d4e8c310cb9de,7,apply,succeeded,1788384727.528365,1788384727.530681,1788384808.61864,,95,95
1788391966.648844,10,1,ghcr.io/talmolab/lablink-client-base-image:linux-amd64-test@sha256:1ec2fde6860186b3d45ac83890167258f83512955dbce65f072d4e8c310cb9de,8,destroy,succeeded,1788385076.969534,1788385076.971902,1788385973.63117,,95,95
1788391966.648844,10,1,ghcr.io/talmolab/lablink-client-base-image:linux-amd64-test@sha256:1ec2fde6860186b3d45ac83890167258f83512955dbce65f072d4e8c310cb9de,9,apply,succeeded,1788389407.309799,1788389407.313231,1788389454.98231,,20,20
1788391966.648844,10,1,ghcr.io/talmolab/lablink-client-base-image:linux-amd64-test@sha256:1ec2fde6860186b3d45ac83890167258f83512955dbce65f072d4e8c310cb9de,10,destroy,succeeded,1788390335.82657,1788390335.827949,1788390654.079952,,20,20
1788391966.648844,10,1,ghcr.io/talmolab/lablink-client-base-image:linux-amd64-test@sha256:1ec2fde6860186b3d45ac83890167258f83512955dbce65f072d4e8c310cb9de,11,apply,succeeded,1788390714.945026,1788390714.946521,1788390768.137505,,35,35
1788391966.648844,10,1,ghcr.io/talmolab/lablink-client-base-image:linux-amd64-test@sha256:1ec2fde6860186b3d45ac83890167258f83512955dbce65f072d4e8c310cb9de,12,destroy,running,1788391729.15506,1788391729.156797,,,35,20
1788391971.97343,10,1,ghcr.io/talmolab/lablink-client-base-image:linux-amd64-test@sha256:1ec2fde6860186b3d45ac83890167258f83512955dbce65f072d4e8c310cb9de,1,apply,succeeded,1788380921.682491,1788380921.685047,1788380971.541328,,20,20
1788391971.97343,10,1,ghcr.io/talmolab/lablink-client-base-image:linux-amd64-test@sha256:1ec2fde6860186b3d45ac83890167258f83512955dbce65f072d4e8c310cb9de,2,destroy,succeeded,1788381612.379228,1788381612.381237,1788381939.351963,,20,20
1788391971.97343,10,1,ghcr.io/talmolab/lablink-client-base-image:linux-amd64-test@sha256:1ec2fde6860186b3d45ac83890167258f83512955dbce65f072d4e8c310cb9de,3,apply,succeeded,1788381976.63281,1788381976.63526,1788382026.043455,,20,20
1788391971.97343,10,1,ghcr.io/talmolab/lablink-client-base-image:linux-amd64-test@sha256:1ec2fde6860186b3d45ac83890167258f83512955dbce65f072d4e8c310cb9de,4,destroy,succeeded,1788382875.148234,1788382875.150169,1788383194.833905,,20,20
1788391971.97343,10,1,ghcr.io/talmolab/lablink-client-base-image:linux-amd64-test@sha256:1ec2fde6860186b3d45ac83890167258f83512955dbce65f072d4e8c310cb9de,5,apply,succeeded,1788383308.62635,1788383308.629388,1788383361.88001,,35,35
1788391971.97343,10,1,ghcr.io/talmolab/lablink-client-base-image:linux-amd64-test@sha256:1ec2fde6860186b3d45ac83890167258f83512955dbce65f072d4e8c310cb9de,6,destroy,succeeded,1788384337.446569,1788384337.448163,1788384657.690712,,35,35
1788391971.97343,10,1,ghcr.io/talmolab/lablink-client-base-image:linux-amd64-test@sha256:1ec2fde6860186b3d45ac83890167258f83512955dbce65f072d4e8c310cb9de,7,apply,succeeded,1788384727.528365,1788384727.530681,1788384808.61864,,95,95
1788391971.97343,10,1,ghcr.io/talmolab/lablink-client-base-image:linux-amd64-test@sha256:1ec2fde6860186b3d45ac83890167258f83512955dbce65f072d4e8c310cb9de,8,destroy,succeeded,1788385076.969534,1788385076.971902,1788385973.63117,,95,95
1788391971.97343,10,1,ghcr.io/talmolab/lablink-client-base-image:linux-amd64-test@sha256:1ec2fde6860186b3d45ac83890167258f83512955dbce65f072d4e8c310cb9de,9,apply,succeeded,1788389407.309799,1788389407.313231,1788389454.98231,,20,20
1788391971.97343,10,1,ghcr.io/talmolab/lablink-client-base-image:linux-amd64-test@sha256:1ec2fde6860186b3d45ac83890167258f83512955dbce65f072d4e8c310cb9de,10,destroy,succeeded,1788390335.82657,1788390335.827949,1788390654.079952,,20,20
1788391971.97343,10,1,ghcr.io/talmolab/lablink-client-base-image:linux-amd64-test@sha256:1ec2fde6860186b3d45ac83890167258f83512955dbce65f072d4e8c310cb9de,11,apply,succeeded,1788390714.945026,1788390714.946521,1788390768.137505,,35,35
1788391971.97343,10,1,ghcr.io/talmolab/lablink-client-base-image:linux-amd64-test@sha256:1ec2fde6860186b3d45ac83890167258f83512955dbce65f072d4e8c310cb9de,12,destroy,running,1788391729.15506,1788391729.156797,,,35,20
1788391976.690261,10,1,ghcr.io/talmolab/lablink-client-base-image:linux-amd64-test@sha256:1ec2fde6860186b3d45ac83890167258f83512955dbce65f072d4e8c310cb9de,1,apply,succeeded,1788380921.682491,1788380921.685047,1788380971.541328,,20,20
1788391976.690261,10,1,ghcr.io/talmolab/lablink-client-base-image:linux-amd64-test@sha256:1ec2fde6860186b3d45ac83890167258f83512955dbce65f072d4e8c310cb9de,2,destroy,succeeded,1788381612.379228,1788381612.381237,1788381939.351963,,20,20
1788391976.690261,10,1,ghcr.io/talmolab/lablink-client-base-image:linux-amd64-test@sha256:1ec2fde6860186b3d45ac83890167258f83512955dbce65f072d4e8c310cb9de,3,apply,succeeded,1788381976.63281,1788381976.63526,1788382026.043455,,20,20
1788391976.690261,10,1,ghcr.io/talmolab/lablink-client-base-image:linux-amd64-test@sha256:1ec2fde6860186b3d45ac83890167258f83512955dbce65f072d4e8c310cb9de,4,destroy,succeeded,1788382875.148234,1788382875.150169,1788383194.833905,,20,20
1788391976.690261,10,1,ghcr.io/talmolab/lablink-client-base-image:linux-amd64-test@sha256:1ec2fde6860186b3d45ac83890167258f83512955dbce65f072d4e8c310cb9de,5,apply,succeeded,1788383308.62635,1788383308.629388,1788383361.88001,,35,35
1788391976.690261,10,1,ghcr.io/talmolab/lablink-client-base-image:linux-amd64-test@sha256:1ec2fde6860186b3d45ac83890167258f83512955dbce65f072d4e8c310cb9de,6,destroy,succeeded,1788384337.446569,1788384337.448163,1788384657.690712,,35,35
1788391976.690261,10,1,ghcr.io/talmolab/lablink-client-base-image:linux-amd64-test@sha256:1ec2fde6860186b3d45ac83890167258f83512955dbce65f072d4e8c310cb9de,7,apply,succeeded,1788384727.528365,1788384727.530681,1788384808.61864,,95,95
1788391976.690261,10,1,ghcr.io/talmolab/lablink-client-base-image:linux-amd64-test@sha256:1ec2fde6860186b3d45ac83890167258f83512955dbce65f072d4e8c310cb9de,8,destroy,succeeded,1788385076.969534,1788385076.971902,1788385973.63117,,95,95
1788391976.690261,10,1,ghcr.io/talmolab/lablink-client-base-image:linux-amd64-test@sha256:1ec2fde6860186b3d45ac83890167258f83512955dbce65f072d4e8c310cb9de,9,apply,succeeded,1788389407.309799,1788389407.313231,1788389454.98231,,20,20
1788391976.690261,10,1,ghcr.io/talmolab/lablink-client-base-image:linux-amd64-test@sha256:1ec2fde6860186b3d45ac83890167258f83512955dbce65f072d4e8c310cb9de,10,destroy,succeeded,1788390335.82657,1788390335.827949,1788390654.079952,,20,20
1788391976.690261,10,1,ghcr.io/talmolab/lablink-client-base-image:linux-amd64-test@sha256:1ec2fde6860186b3d45ac83890167258f83512955dbce65f072d4e8c310cb9de,11,apply,succeeded,1788390714.945026,1788390714.946521,1788390768.137505,,35,35
1788391976.690261,10,1,ghcr.io/talmolab/lablink-client-base-image:linux-amd64-test@sha256:1ec2fde6860186b3d45ac83890167258f83512955dbce65f072d4e8c310cb9de,12,destroy,running,1788391729.15506,1788391729.156797,,,35,20
1788391981.6224551,10,1,ghcr.io/talmolab/lablink-client-base-image:linux-amd64-test@sha256:1ec2fde6860186b3d45ac83890167258f83512955dbce65f072d4e8c310cb9de,1,apply,succeeded,1788380921.682491,1788380921.685047,1788380971.541328,,20,20
1788391981.6224551,10,1,ghcr.io/talmolab/lablink-client-base-image:linux-amd64-test@sha256:1ec2fde6860186b3d45ac83890167258f83512955dbce65f072d4e8c310cb9de,2,destroy,succeeded,1788381612.379228,1788381612.381237,1788381939.351963,,20,20
1788391981.6224551,10,1,ghcr.io/talmolab/lablink-client-base-image:linux-amd64-test@sha256:1ec2fde6860186b3d45ac83890167258f83512955dbce65f072d4e8c310cb9de,3,apply,succeeded,1788381976.63281,1788381976.63526,1788382026.043455,,20,20
1788391981.6224551,10,1,ghcr.io/talmolab/lablink-client-base-image:linux-amd64-test@sha256:1ec2fde6860186b3d45ac83890167258f83512955dbce65f072d4e8c310cb9de,4,destroy,succeeded,1788382875.148234,1788382875.150169,1788383194.833905,,20,20
1788391981.6224551,10,1,ghcr.io/talmolab/lablink-client-base-image:linux-amd64-test@sha256:1ec2fde6860186b3d45ac83890167258f83512955dbce65f072d4e8c310cb9de,5,apply,succeeded,1788383308.62635,1788383308.629388,1788383361.88001,,35,35
1788391981.6224551,10,1,ghcr.io/talmolab/lablink-client-base-image:linux-amd64-test@sha256:1ec2fde6860186b3d45ac83890167258f83512955dbce65f072d4e8c310cb9de,6,destroy,succeeded,1788384337.446569,1788384337.448163,1788384657.690712,,35,35
1788391981.6224551,10,1,ghcr.io/talmolab/lablink-client-base-image:linux-amd64-test@sha256:1ec2fde6860186b3d45ac83890167258f83512955dbce65f072d4e8c310cb9de,7,apply,succeeded,1788384727.528365,1788384727.530681,1788384808.61864,,95,95
1788391981.6224551,10,1,ghcr.io/talmolab/lablink-client-base-image:linux-amd64-test@sha256:1ec2fde6860186b3d45ac83890167258f83512955dbce65f072d4e8c310cb9de,8,destroy,succeeded,1788385076.969534,1788385076.971902,1788385973.63117,,95,95
1788391981.6224551,10,1,ghcr.io/talmolab/lablink-client-base-image:linux-amd64-test@sha256:1ec2fde6860186b3d45ac83890167258f83512955dbce65f072d4e8c310cb9de,9,apply,succeeded,1788389407.309799,1788389407.313231,1788389454.98231,,20,20
1788391981.6224551,10,1,ghcr.io/talmolab/lablink-client-base-image:linux-amd64-test@sha256:1ec2fde6860186b3d45ac83890167258f83512955dbce65f072d4e8c310cb9de,10,destroy,succeeded,1788390335.82657,1788390335.827949,1788390654.079952,,20,20
1788391981.6224551,10,1,ghcr.io/talmolab/lablink-client-base-image:linux-amd64-test@sha256:1ec2fde6860186b3d45ac83890167258f83512955dbce65f072d4e8c310cb9de,11,apply,succeeded,1788390714.945026,1788390714.946521,1788390768.137505,,35,35
1788391981.6224551,10,1,ghcr.io/talmolab/lablink-client-base-image:linux-amd64-test@sha256:1ec2fde6860186b3d45ac83890167258f83512955dbce65f072d4e8c310cb9de,12,destroy,running,1788391729.15506,1788391729.156797,,,35,20
1788391986.600281,10,1,ghcr.io/talmolab/lablink-client-base-image:linux-amd64-test@sha256:1ec2fde6860186b3d45ac83890167258f83512955dbce65f072d4e8c310cb9de,1,apply,succeeded,1788380921.682491,1788380921.685047,1788380971.541328,,20,20
1788391986.600281,10,1,ghcr.io/talmolab/lablink-client-base-image:linux-amd64-test@sha256:1ec2fde6860186b3d45ac83890167258f83512955dbce65f072d4e8c310cb9de,2,destroy,succeeded,1788381612.379228,1788381612.381237,1788381939.351963,,20,20
1788391986.600281,10,1,ghcr.io/talmolab/lablink-client-base-image:linux-amd64-test@sha256:1ec2fde6860186b3d45ac83890167258f83512955dbce65f072d4e8c310cb9de,3,apply,succeeded,1788381976.63281,1788381976.63526,1788382026.043455,,20,20
1788391986.600281,10,1,ghcr.io/talmolab/lablink-client-base-image:linux-amd64-test@sha256:1ec2fde6860186b3d45ac83890167258f83512955dbce65f072d4e8c310cb9de,4,destroy,succeeded,1788382875.148234,1788382875.150169,1788383194.833905,,20,20
1788391986.600281,10,1,ghcr.io/talmolab/lablink-client-base-image:linux-amd64-test@sha256:1ec2fde6860186b3d45ac83890167258f83512955dbce65f072d4e8c310cb9de,5,apply,succeeded,1788383308.62635,1788383308.629388,1788383361.88001,,35,35
1788391986.600281,10,1,ghcr.io/talmolab/lablink-client-base-image:linux-amd64-test@sha256:1ec2fde6860186b3d45ac83890167258f83512955dbce65f072d4e8c310cb9de,6,destroy,succeeded,1788384337.446569,1788384337.448163,1788384657.690712,,35,35
1788391986.600281,10,1,ghcr.io/talmolab/lablink-client-base-image:linux-amd64-test@sha256:1ec2fde6860186b3d45ac83890167258f83512955dbce65f072d4e8c310cb9de,7,apply,succeeded,1788384727.528365,1788384727.530681,1788384808.61864,,95,95
1788391986.600281,10,1,ghcr.io/talmolab/lablink-client-base-image:linux-amd64-test@sha256:1ec2fde6860186b3d45ac83890167258f83512955dbce65f072d4e8c310cb9de,8,destroy,succeeded,1788385076.969534,1788385076.971902,1788385973.63117,,95,95
1788391986.600281,10,1,ghcr.io/talmolab/lablink-client-base-image:linux-amd64-test@sha256:1ec2fde6860186b3d45ac83890167258f83512955dbce65f072d4e8c310cb9de,9,apply,succeeded,1788389407.309799,1788389407.313231,1788389454.98231,,20,20
1788391986.600281,10,1,ghcr.io/talmolab/lablink-client-base-image:linux-amd64-test@sha256:1ec2fde6860186b3d45ac83890167258f83512955dbce65f072d4e8c310cb9de,10,destroy,succeeded,1788390335.82657,1788390335.827949,1788390654.079952,,20,20
1788391986.600281,10,1,ghcr.io/talmolab/lablink-client-base-image:linux-amd64-test@sha256:1ec2fde6860186b3d45ac83890167258f83512955dbce65f072d4e8c310cb9de,11,apply,succeeded,1788390714.945026,1788390714.946521,1788390768.137505,,35,35
1788391986.600281,10,1,ghcr.io/talmolab/lablink-client-base-image:linux-amd64-test@sha256:1ec2fde6860186b3d45ac83890167258f83512955dbce65f072d4e8c310cb9de,12,destroy,running,1788391729.15506,1788391729.156797,,,35,20
1788391991.675058,10,1,ghcr.io/talmolab/lablink-client-base-image:linux-amd64-test@sha256:1ec2fde6860186b3d45ac83890167258f83512955dbce65f072d4e8c310cb9de,1,apply,succeeded,1788380921.682491,1788380921.685047,1788380971.541328,,20,20
1788391991.675058,10,1,ghcr.io/talmolab/lablink-client-base-image:linux-amd64-test@sha256:1ec2fde6860186b3d45ac83890167258f83512955dbce65f072d4e8c310cb9de,2,destroy,succeeded,1788381612.379228,1788381612.381237,1788381939.351963,,20,20
1788391991.675058,10,1,ghcr.io/talmolab/lablink-client-base-image:linux-amd64-test@sha256:1ec2fde6860186b3d45ac83890167258f83512955dbce65f072d4e8c310cb9de,3,apply,succeeded,1788381976.63281,1788381976.63526,1788382026.043455,,20,20
1788391991.675058,10,1,ghcr.io/talmolab/lablink-client-base-image:linux-amd64-test@sha256:1ec2fde6860186b3d45ac83890167258f83512955dbce65f072d4e8c310cb9de,4,destroy,succeeded,1788382875.148234,1788382875.150169,1788383194.833905,,20,20
1788391991.675058,10,1,ghcr.io/talmolab/lablink-client-base-image:linux-amd64-test@sha256:1ec2fde6860186b3d45ac83890167258f83512955dbce65f072d4e8c310cb9de,5,apply,succeeded,1788383308.62635,1788383308.629388,1788383361.88001,,35,35
1788391991.675058,10,1,ghcr.io/talmolab/lablink-client-base-image:linux-amd64-test@sha256:1ec2fde6860186b3d45ac83890167258f83512955dbce65f072d4e8c310cb9de,6,destroy,succeeded,1788384337.446569,1788384337.448163,1788384657.690712,,35,35
1788391991.675058,10,1,ghcr.io/talmolab/lablink-client-base-image:linux-amd64-test@sha256:1ec2fde6860186b3d45ac83890167258f83512955dbce65f072d4e8c310cb9de,7,apply,succeeded,1788384727.528365,1788384727.530681,1788384808.61864,,95,95
1788391991.675058,10,1,ghcr.io/talmolab/lablink-client-base-image:linux-amd64-test@sha256:1ec2fde6860186b3d45ac83890167258f83512955dbce65f072d4e8c310cb9de,8,destroy,succeeded,1788385076.969534,1788385076.971902,1788385973.63117,,95,95
1788391991.675058,10,1,ghcr.io/talmolab/lablink-client-base-image:linux-amd64-test@sha256:1ec2fde6860186b3d45ac83890167258f83512955dbce65f072d4e8c310cb9de,9,apply,succeeded,1788389407.309799,1788389407.313231,1788389454.98231,,20,20
1788391991.675058,10,1,ghcr.io/talmolab/lablink-client-base-image:linux-amd64-test@sha256:1ec2fde6860186b3d45ac83890167258f83512955dbce65f072d4e8c310cb9de,10,destroy,succeeded,1788390335.82657,1788390335.827949,1788390654.079952,,20,20
1788391991.675058,10,1,ghcr.io/talmolab/lablink-client-base-image:linux-amd64-test@sha256:1ec2fde6860186b3d45ac83890167258f83512955dbce65f072d4e8c310cb9de,11,apply,succeeded,1788390714.945026,1788390714.946521,1788390768.137505,,35,35
1788391991.675058,10,1,ghcr.io/talmolab/lablink-client-base-image:linux-amd64-test@sha256:1ec2fde6860186b3d45ac83890167258f83512955dbce65f072d4e8c310cb9de,12,destroy,running,1788391729.15506,1788391729.156797,,,35,20
1788391996.6488051,10,1,ghcr.io/talmolab/lablink-client-base-image:linux-amd64-test@sha256:1ec2fde6860186b3d45ac83890167258f83512955dbce65f072d4e8c310cb9de,1,apply,succeeded,1788380921.682491,1788380921.685047,1788380971.541328,,20,20
1788391996.6488051,10,1,ghcr.io/talmolab/lablink-client-base-image:linux-amd64-test@sha256:1ec2fde6860186b3d45ac83890167258f83512955dbce65f072d4e8c310cb9de,2,destroy,succeeded,1788381612.379228,1788381612.381237,1788381939.351963,,20,20
1788391996.6488051,10,1,ghcr.io/talmolab/lablink-client-base-image:linux-amd64-test@sha256:1ec2fde6860186b3d45ac83890167258f83512955dbce65f072d4e8c310cb9de,3,apply,succeeded,1788381976.63281,1788381976.63526,1788382026.043455,,20,20
1788391996.6488051,10,1,ghcr.io/talmolab/lablink-client-base-image:linux-amd64-test@sha256:1ec2fde6860186b3d45ac83890167258f83512955dbce65f072d4e8c310cb9de,4,destroy,succeeded,1788382875.148234,1788382875.150169,1788383194.833905,,20,20
1788391996.6488051,10,1,ghcr.io/talmolab/lablink-client-base-image:linux-amd64-test@sha256:1ec2fde6860186b3d45ac83890167258f83512955dbce65f072d4e8c310cb9de,5,apply,succeeded,1788383308.62635,1788383308.629388,1788383361.88001,,35,35
1788391996.6488051,10,1,ghcr.io/talmolab/lablink-client-base-image:linux-amd64-test@sha256:1ec2fde6860186b3d45ac83890167258f83512955dbce65f072d4e8c310cb9de,6,destroy,succeeded,1788384337.446569,1788384337.448163,1788384657.690712,,35,35
1788391996.6488051,10,1,ghcr.io/talmolab/lablink-client-base-image:linux-amd64-test@sha256:1ec2fde6860186b3d45ac83890167258f83512955dbce65f072d4e8c310cb9de,7,apply,succeeded,1788384727.528365,1788384727.530681,1788384808.61864,,95,95
1788391996.6488051,10,1,ghcr.io/talmolab/lablink-client-base-image:linux-amd64-test@sha256:1ec2fde6860186b3d45ac83890167258f83512955dbce65f072d4e8c310cb9de,8,destroy,succeeded,1788385076.969534,1788385076.971902,1788385973.63117,,95,95
1788391996.6488051,10,1,ghcr.io/talmolab/lablink-client-base-image:linux-amd64-test@sha256:1ec2fde6860186b3d45ac83890167258f83512955dbce65f072d4e8c310cb9de,9,apply,succeeded,1788389407.309799,1788389407.313231,1788389454.98231,,20,20
1788391996.6488051,10,1,ghcr.io/talmolab/lablink-client-base-image:linux-amd64-test@sha256:1ec2fde6860186b3d45ac83890167258f83512955dbce65f072d4e8c310cb9de,10,destroy,succeeded,1788390335.82657,1788390335.827949,1788390654.079952,,20,20
1788391996.6488051,10,1,ghcr.io/talmolab/lablink-client-base-image:linux-amd64-test@sha256:1ec2fde6860186b3d45ac83890167258f83512955dbce65f072d4e8c310cb9de,11,apply,succeeded,1788390714.945026,1788390714.946521,1788390768.137505,,35,35
1788391996.6488051,10,1,ghcr.io/talmolab/lablink-client-base-image:linux-amd64-test@sha256:1ec2fde6860186b3d45ac83890167258f83512955dbce65f072d4e8c310cb9de,12,destroy,running,1788391729.15506,1788391729.156797,,,35,20
1788392001.793607,10,1,ghcr.io/talmolab/lablink-client-base-image:linux-amd64-test@sha256:1ec2fde6860186b3d45ac83890167258f83512955dbce65f072d4e8c310cb9de,1,apply,succeeded,1788380921.682491,1788380921.685047,1788380971.541328,,20,20
1788392001.793607,10,1,ghcr.io/talmolab/lablink-client-base-image:linux-amd64-test@sha256:1ec2fde6860186b3d45ac83890167258f83512955dbce65f072d4e8c310cb9de,2,destroy,succeeded,1788381612.379228,1788381612.381237,1788381939.351963,,20,20
1788392001.793607,10,1,ghcr.io/talmolab/lablink-client-base-image:linux-amd64-test@sha256:1ec2fde6860186b3d45ac83890167258f83512955dbce65f072d4e8c310cb9de,3,apply,succeeded,1788381976.63281,1788381976.63526,1788382026.043455,,20,20
1788392001.793607,10,1,ghcr.io/talmolab/lablink-client-base-image:linux-amd64-test@sha256:1ec2fde6860186b3d45ac83890167258f83512955dbce65f072d4e8c310cb9de,4,destroy,succeeded,1788382875.148234,1788382875.150169,1788383194.833905,,20,20
1788392001.793607,10,1,ghcr.io/talmolab/lablink-client-base-image:linux-amd64-test@sha256:1ec2fde6860186b3d45ac83890167258f83512955dbce65f072d4e8c310cb9de,5,apply,succeeded,1788383308.62635,1788383308.629388,1788383361.88001,,35,35
1788392001.793607,10,1,ghcr.io/talmolab/lablink-client-base-image:linux-amd64-test@sha256:1ec2fde6860186b3d45ac83890167258f83512955dbce65f072d4e8c310cb9de,6,destroy,succeeded,1788384337.446569,1788384337.448163,1788384657.690712,,35,35
1788392001.793607,10,1,ghcr.io/talmolab/lablink-client-base-image:linux-amd64-test@sha256:1ec2fde6860186b3d45ac83890167258f83512955dbce65f072d4e8c310cb9de,7,apply,succeeded,1788384727.528365,1788384727.530681,1788384808.61864,,95,95
1788392001.793607,10,1,ghcr.io/talmolab/lablink-client-base-image:linux-amd64-test@sha256:1ec2fde6860186b3d45ac83890167258f83512955dbce65f072d4e8c310cb9de,8,destroy,succeeded,1788385076.969534,1788385076.971902,1788385973.63117,,95,95
1788392001.793607,10,1,ghcr.io/talmolab/lablink-client-base-image:linux-amd64-test@sha256:1ec2fde6860186b3d45ac83890167258f83512955dbce65f072d4e8c310cb9de,9,apply,succeeded,1788389407.309799,1788389407.313231,1788389454.98231,,20,20
1788392001.793607,10,1,ghcr.io/talmolab/lablink-client-base-image:linux-amd64-test@sha256:1ec2fde6860186b3d45ac83890167258f83512955dbce65f072d4e8c310cb9de,10,destroy,succeeded,1788390335.82657,1788390335.827949,1788390654.079952,,20,20
1788392001.793607,10,1,ghcr.io/talmolab/lablink-client-base-image:linux-amd64-test@sha256:1ec2fde6860186b3d45ac83890167258f83512955dbce65f072d4e8c310cb9de,11,apply,succeeded,1788390714.945026,1788390714.946521,1788390768.137505,,35,35
1788392001.793607,10,1,ghcr.io/talmolab/lablink-client-base-image:linux-amd64-test@sha256:1ec2fde6860186b3d45ac83890167258f83512955dbce65f072d4e8c310cb9de,12,destroy,running,1788391729.15506,1788391729.156797,,,35,20
1788392006.786474,10,1,ghcr.io/talmolab/lablink-client-base-image:linux-amd64-test@sha256:1ec2fde6860186b3d45ac83890167258f83512955dbce65f072d4e8c310cb9de,1,apply,succeeded,1788380921.682491,1788380921.685047,1788380971.541328,,20,20
1788392006.786474,10,1,ghcr.io/talmolab/lablink-client-base-image:linux-amd64-test@sha256:1ec2fde6860186b3d45ac83890167258f83512955dbce65f072d4e8c310cb9de,2,destroy,succeeded,1788381612.379228,1788381612.381237,1788381939.351963,,20,20
1788392006.786474,10,1,ghcr.io/talmolab/lablink-client-base-image:linux-amd64-test@sha256:1ec2fde6860186b3d45ac83890167258f83512955dbce65f072d4e8c310cb9de,3,apply,succeeded,1788381976.63281,1788381976.63526,1788382026.043455,,20,20
1788392006.786474,10,1,ghcr.io/talmolab/lablink-client-base-image:linux-amd64-test@sha256:1ec2fde6860186b3d45ac83890167258f83512955dbce65f072d4e8c310cb9de,4,destroy,succeeded,1788382875.148234,1788382875.150169,1788383194.833905,,20,20
1788392006.786474,10,1,ghcr.io/talmolab/lablink-client-base-image:linux-amd64-test@sha256:1ec2fde6860186b3d45ac83890167258f83512955dbce65f072d4e8c310cb9de,5,apply,succeeded,1788383308.62635,1788383308.629388,1788383361.88001,,35,35
1788392006.786474,10,1,ghcr.io/talmolab/lablink-client-base-image:linux-amd64-test@sha256:1ec2fde6860186b3d45ac83890167258f83512955dbce65f072d4e8c310cb9de,6,destroy,succeeded,1788384337.446569,1788384337.448163,1788384657.690712,,35,35
1788392006.786474,10,1,ghcr.io/talmolab/lablink-client-base-image:linux-amd64-test@sha256:1ec2fde6860186b3d45ac83890167258f83512955dbce65f072d4e8c310cb9de,7,apply,succeeded,1788384727.528365,1788384727.530681,1788384808.61864,,95,95
1788392006.786474,10,1,ghcr.io/talmolab/lablink-client-base-image:linux-amd64-test@sha256:1ec2fde6860186b3d45ac83890167258f83512955dbce65f072d4e8c310cb9de,8,destroy,succeeded,1788385076.969534,1788385076.971902,1788385973.63117,,95,95
1788392006.786474,10,1,ghcr.io/talmolab/lablink-client-base-image:linux-amd64-test@sha256:1ec2fde6860186b3d45ac83890167258f83512955dbce65f072d4e8c310cb9de,9,apply,succeeded,1788389407.309799,1788389407.313231,1788389454.98231,,20,20
1788392006.786474,10,1,ghcr.io/talmolab/lablink-client-base-image:linux-amd64-test@sha256:1ec2fde6860186b3d45ac83890167258f83512955dbce65f072d4e8c310cb9de,10,destroy,succeeded,1788390335.82657,1788390335.827949,1788390654.079952,,20,20
1788392006.786474,10,1,ghcr.io/talmolab/lablink-client-base-image:linux-amd64-test@sha256:1ec2fde6860186b3d45ac83890167258f83512955dbce65f072d4e8c310cb9de,11,apply,succeeded,1788390714.945026,1788390714.946521,1788390768.137505,,35,35
1788392006.786474,10,1,ghcr.io/talmolab/lablink-client-base-image:linux-amd64-test@sha256:1ec2fde6860186b3d45ac83890167258f83512955dbce65f072d4e8c310cb9de,12,destroy,running,1788391729.15506,1788391729.156797,,,35,20
1788392011.719645,10,1,ghcr.io/talmolab/lablink-client-base-image:linux-amd64-test@sha256:1ec2fde6860186b3d45ac83890167258f83512955dbce65f072d4e8c310cb9de,1,apply,succeeded,1788380921.682491,1788380921.685047,1788380971.541328,,20,20
1788392011.719645,10,1,ghcr.io/talmolab/lablink-client-base-image:linux-amd64-test@sha256:1ec2fde6860186b3d45ac83890167258f83512955dbce65f072d4e8c310cb9de,2,destroy,succeeded,1788381612.379228,1788381612.381237,1788381939.351963,,20,20
1788392011.719645,10,1,ghcr.io/talmolab/lablink-client-base-image:linux-amd64-test@sha256:1ec2fde6860186b3d45ac83890167258f83512955dbce65f072d4e8c310cb9de,3,apply,succeeded,1788381976.63281,1788381976.63526,1788382026.043455,,20,20
1788392011.719645,10,1,ghcr.io/talmolab/lablink-client-base-image:linux-amd64-test@sha256:1ec2fde6860186b3d45ac83890167258f83512955dbce65f072d4e8c310cb9de,4,destroy,succeeded,1788382875.148234,1788382875.150169,1788383194.833905,,20,20
1788392011.719645,10,1,ghcr.io/talmolab/lablink-client-base-image:linux-amd64-test@sha256:1ec2fde6860186b3d45ac83890167258f83512955dbce65f072d4e8c310cb9de,5,apply,succeeded,1788383308.62635,1788383308.629388,1788383361.88001,,35,35
1788392011.719645,10,1,ghcr.io/talmolab/lablink-client-base-image:linux-amd64-test@sha256:1ec2fde6860186b3d45ac83890167258f83512955dbce65f072d4e8c310cb9de,6,destroy,succeeded,1788384337.446569,1788384337.448163,1788384657.690712,,35,35
1788392011.719645,10,1,ghcr.io/talmolab/lablink-client-base-image:linux-amd64-test@sha256:1ec2fde6860186b3d45ac83890167258f83512955dbce65f072d4e8c310cb9de,7,apply,succeeded,1788384727.528365,1788384727.530681,1788384808.61864,,95,95
1788392011.719645,10,1,ghcr.io/talmolab/lablink-client-base-image:linux-amd64-test@sha256:1ec2fde6860186b3d45ac83890167258f83512955dbce65f072d4e8c310cb9de,8,destroy,succeeded,1788385076.969534,1788385076.971902,1788385973.63117,,95,95
1788392011.719645,10,1,ghcr.io/talmolab/lablink-client-base-image:linux-amd64-test@sha256:1ec2fde6860186b3d45ac83890167258f83512955dbce65f072d4e8c310cb9de,9,apply,succeeded,1788389407.309799,1788389407.313231,1788389454.98231,,20,20
1788392011.719645,10,1,ghcr.io/talmolab/lablink-client-base-image:linux-amd64-test@sha256:1ec2fde6860186b3d45ac83890167258f83512955dbce65f072d4e8c310cb9de,10,destroy,succeeded,1788390335.82657,1788390335.827949,1788390654.079952,,20,20
1788392011.719645,10,1,ghcr.io/talmolab/lablink-client-base-image:linux-amd64-test@sha256:1ec2fde6860186b3d45ac83890167258f83512955dbce65f072d4e8c310cb9de,11,apply,succeeded,1788390714.945026,1788390714.946521,1788390768.137505,,35,35
1788392011.719645,10,1,ghcr.io/talmolab/lablink-client-base-image:linux-amd64-test@sha256:1ec2fde6860186b3d45ac83890167258f83512955dbce65f072d4e8c310cb9de,12,destroy,running,1788391729.15506,1788391729.156797,,,35,20
1788392016.749233,10,1,ghcr.io/talmolab/lablink-client-base-image:linux-amd64-test@sha256:1ec2fde6860186b3d45ac83890167258f83512955dbce65f072d4e8c310cb9de,1,apply,succeeded,1788380921.682491,1788380921.685047,1788380971.541328,,20,20
1788392016.749233,10,1,ghcr.io/talmolab/lablink-client-base-image:linux-amd64-test@sha256:1ec2fde6860186b3d45ac83890167258f83512955dbce65f072d4e8c310cb9de,2,destroy,succeeded,1788381612.379228,1788381612.381237,1788381939.351963,,20,20
1788392016.749233,10,1,ghcr.io/talmolab/lablink-client-base-image:linux-amd64-test@sha256:1ec2fde6860186b3d45ac83890167258f83512955dbce65f072d4e8c310cb9de,3,apply,succeeded,1788381976.63281,1788381976.63526,1788382026.043455,,20,20
1788392016.749233,10,1,ghcr.io/talmolab/lablink-client-base-image:linux-amd64-test@sha256:1ec2fde6860186b3d45ac83890167258f83512955dbce65f072d4e8c310cb9de,4,destroy,succeeded,1788382875.148234,1788382875.150169,1788383194.833905,,20,20
1788392016.749233,10,1,ghcr.io/talmolab/lablink-client-base-image:linux-amd64-test@sha256:1ec2fde6860186b3d45ac83890167258f83512955dbce65f072d4e8c310cb9de,5,apply,succeeded,1788383308.62635,1788383308.629388,1788383361.88001,,35,35
1788392016.749233,10,1,ghcr.io/talmolab/lablink-client-base-image:linux-amd64-test@sha256:1ec2fde6860186b3d45ac83890167258f83512955dbce65f072d4e8c310cb9de,6,destroy,succeeded,1788384337.446569,1788384337.448163,1788384657.690712,,35,35
1788392016.749233,10,1,ghcr.io/talmolab/lablink-client-base-image:linux-amd64-test@sha256:1ec2fde6860186b3d45ac83890167258f83512955dbce65f072d4e8c310cb9de,7,apply,succeeded,1788384727.528365,1788384727.530681,1788384808.61864,,95,95
1788392016.749233,10,1,ghcr.io/talmolab/lablink-client-base-image:linux-amd64-test@sha256:1ec2fde6860186b3d45ac83890167258f83512955dbce65f072d4e8c310cb9de,8,destroy,succeeded,1788385076.969534,1788385076.971902,1788385973.63117,,95,95
1788392016.749233,10,1,ghcr.io/talmolab/lablink-client-base-image:linux-amd64-test@sha256:1ec2fde6860186b3d45ac83890167258f83512955dbce65f072d4e8c310cb9de,9,apply,succeeded,1788389407.309799,1788389407.313231,1788389454.98231,,20,20
1788392016.749233,10,1,ghcr.io/talmolab/lablink-client-base-image:linux-amd64-test@sha256:1ec2fde6860186b3d45ac83890167258f83512955dbce65f072d4e8c310cb9de,10,destroy,succeeded,1788390335.82657,1788390335.827949,1788390654.079952,,20,20
1788392016.749233,10,1,ghcr.io/talmolab/lablink-client-base-image:linux-amd64-test@sha256:1ec2fde6860186b3d45ac83890167258f83512955dbce65f072d4e8c310cb9de,11,apply,succeeded,1788390714.945026,1788390714.946521,1788390768.137505,,35,35
1788392016.749233,10,1,ghcr.io/talmolab/lablink-client-base-image:linux-amd64-test@sha256:1ec2fde6860186b3d45ac83890167258f83512955dbce65f072d4e8c310cb9de,12,destroy,running,1788391729.15506,1788391729.156797,,,35,20
1788392021.72481,10,1,ghcr.io/talmolab/lablink-client-base-image:linux-amd64-test@sha256:1ec2fde6860186b3d45ac83890167258f83512955dbce65f072d4e8c310cb9de,1,apply,succeeded,1788380921.682491,1788380921.685047,1788380971.541328,,20,20
1788392021.72481,10,1,ghcr.io/talmolab/lablink-client-base-image:linux-amd64-test@sha256:1ec2fde6860186b3d45ac83890167258f83512955dbce65f072d4e8c310cb9de,2,destroy,succeeded,1788381612.379228,1788381612.381237,1788381939.351963,,20,20
1788392021.72481,10,1,ghcr.io/talmolab/lablink-client-base-image:linux-amd64-test@sha256:1ec2fde6860186b3d45ac83890167258f83512955dbce65f072d4e8c310cb9de,3,apply,succeeded,1788381976.63281,1788381976.63526,1788382026.043455,,20,20
1788392021.72481,10,1,ghcr.io/talmolab/lablink-client-base-image:linux-amd64-test@sha256:1ec2fde6860186b3d45ac83890167258f83512955dbce65f072d4e8c310cb9de,4,destroy,succeeded,1788382875.148234,1788382875.150169,1788383194.833905,,20,20
1788392021.72481,10,1,ghcr.io/talmolab/lablink-client-base-image:linux-amd64-test@sha256:1ec2fde6860186b3d45ac83890167258f83512955dbce65f072d4e8c310cb9de,5,apply,succeeded,1788383308.62635,1788383308.629388,1788383361.88001,,35,35
1788392021.72481,10,1,ghcr.io/talmolab/lablink-client-base-image:linux-amd64-test@sha256:1ec2fde6860186b3d45ac83890167258f83512955dbce65f072d4e8c310cb9de,6,destroy,succeeded,1788384337.446569,1788384337.448163,1788384657.690712,,35,35
1788392021.72481,10,1,ghcr.io/talmolab/lablink-client-base-image:linux-amd64-test@sha256:1ec2fde6860186b3d45ac83890167258f83512955dbce65f072d4e8c310cb9de,7,apply,succeeded,1788384727.528365,1788384727.530681,1788384808.61864,,95,95
1788392021.72481,10,1,ghcr.io/talmolab/lablink-client-base-image:linux-amd64-test@sha256:1ec2fde6860186b3d45ac83890167258f83512955dbce65f072d4e8c310cb9de,8,destroy,succeeded,1788385076.969534,1788385076.971902,1788385973.63117,,95,95
1788392021.72481,10,1,ghcr.io/talmolab/lablink-client-base-image:linux-amd64-test@sha256:1ec2fde6860186b3d45ac83890167258f83512955dbce65f072d4e8c310cb9de,9,apply,succeeded,1788389407.309799,1788389407.313231,1788389454.98231,,20,20
1788392021.72481,10,1,ghcr.io/talmolab/lablink-client-base-image:linux-amd64-test@sha256:1ec2fde6860186b3d45ac83890167258f83512955dbce65f072d4e8c310cb9de,10,destroy,succeeded,1788390335.82657,1788390335.827949,1788390654.079952,,20,20
1788392021.72481,10,1,ghcr.io/talmolab/lablink-client-base-image:linux-amd64-test@sha256:1ec2fde6860186b3d45ac83890167258f83512955dbce65f072d4e8c310cb9de,11,apply,succeeded,1788390714.945026,1788390714.946521,1788390768.137505,,35,35
1788392021.72481,10,1,ghcr.io/talmolab/lablink-client-base-image:linux-amd64-test@sha256:1ec2fde6860186b3d45ac83890167258f83512955dbce65f072d4e8c310cb9de,12,destroy,running,1788391729.15506,1788391729.156797,,,35,20
1788392026.712162,10,1,ghcr.io/talmolab/lablink-client-base-image:linux-amd64-test@sha256:1ec2fde6860186b3d45ac83890167258f83512955dbce65f072d4e8c310cb9de,1,apply,succeeded,1788380921.682491,1788380921.685047,1788380971.541328,,20,20
1788392026.712162,10,1,ghcr.io/talmolab/lablink-client-base-image:linux-amd64-test@sha256:1ec2fde6860186b3d45ac83890167258f83512955dbce65f072d4e8c310cb9de,2,destroy,succeeded,1788381612.379228,1788381612.381237,1788381939.351963,,20,20
1788392026.712162,10,1,ghcr.io/talmolab/lablink-client-base-image:linux-amd64-test@sha256:1ec2fde6860186b3d45ac83890167258f83512955dbce65f072d4e8c310cb9de,3,apply,succeeded,1788381976.63281,1788381976.63526,1788382026.043455,,20,20
1788392026.712162,10,1,ghcr.io/talmolab/lablink-client-base-image:linux-amd64-test@sha256:1ec2fde6860186b3d45ac83890167258f83512955dbce65f072d4e8c310cb9de,4,destroy,succeeded,1788382875.148234,1788382875.150169,1788383194.833905,,20,20
1788392026.712162,10,1,ghcr.io/talmolab/lablink-client-base-image:linux-amd64-test@sha256:1ec2fde6860186b3d45ac83890167258f83512955dbce65f072d4e8c310cb9de,5,apply,succeeded,1788383308.62635,1788383308.629388,1788383361.88001,,35,35
1788392026.712162,10,1,ghcr.io/talmolab/lablink-client-base-image:linux-amd64-test@sha256:1ec2fde6860186b3d45ac83890167258f83512955dbce65f072d4e8c310cb9de,6,destroy,succeeded,1788384337.446569,1788384337.448163,1788384657.690712,,35,35
1788392026.712162,10,1,ghcr.io/talmolab/lablink-client-base-image:linux-amd64-test@sha256:1ec2fde6860186b3d45ac83890167258f83512955dbce65f072d4e8c310cb9de,7,apply,succeeded,1788384727.528365,1788384727.530681,1788384808.61864,,95,95
1788392026.712162,10,1,ghcr.io/talmolab/lablink-client-base-image:linux-amd64-test@sha256:1ec2fde6860186b3d45ac83890167258f83512955dbce65f072d4e8c310cb9de,8,destroy,succeeded,1788385076.969534,1788385076.971902,1788385973.63117,,95,95
1788392026.712162,10,1,ghcr.io/talmolab/lablink-client-base-image:linux-amd64-test@sha256:1ec2fde6860186b3d45ac83890167258f83512955dbce65f072d4e8c310cb9de,9,apply,succeeded,1788389407.309799,1788389407.313231,1788389454.98231,,20,20
1788392026.712162,10,1,ghcr.io/talmolab/lablink-client-base-image:linux-amd64-test@sha256:1ec2fde6860186b3d45ac83890167258f83512955dbce65f072d4e8c310cb9de,10,destroy,succeeded,1788390335.82657,1788390335.827949,1788390654.079952,,20,20
1788392026.712162,10,1,ghcr.io/talmolab/lablink-client-base-image:linux-amd64-test@sha256:1ec2fde6860186b3d45ac83890167258f83512955dbce65f072d4e8c310cb9de,11,apply,succeeded,1788390714.945026,1788390714.946521,1788390768.137505,,35,35
1788392026.712162,10,1,ghcr.io/talmolab/lablink-client-base-image:linux-amd64-test@sha256:1ec2fde6860186b3d45ac83890167258f83512955dbce65f072d4e8c310cb9de,12,destroy,running,1788391729.15506,1788391729.156797,,,35,20
1788392031.7359061,10,1,ghcr.io/talmolab/lablink-client-base-image:linux-amd64-test@sha256:1ec2fde6860186b3d45ac83890167258f83512955dbce65f072d4e8c310cb9de,1,apply,succeeded,1788380921.682491,1788380921.685047,1788380971.541328,,20,20
1788392031.7359061,10,1,ghcr.io/talmolab/lablink-client-base-image:linux-amd64-test@sha256:1ec2fde6860186b3d45ac83890167258f83512955dbce65f072d4e8c310cb9de,2,destroy,succeeded,1788381612.379228,1788381612.381237,1788381939.351963,,20,20
1788392031.7359061,10,1,ghcr.io/talmolab/lablink-client-base-image:linux-amd64-test@sha256:1ec2fde6860186b3d45ac83890167258f83512955dbce65f072d4e8c310cb9de,3,apply,succeeded,1788381976.63281,1788381976.63526,1788382026.043455,,20,20
1788392031.7359061,10,1,ghcr.io/talmolab/lablink-client-base-image:linux-amd64-test@sha256:1ec2fde6860186b3d45ac83890167258f83512955dbce65f072d4e8c310cb9de,4,destroy,succeeded,1788382875.148234,1788382875.150169,1788383194.833905,,20,20
1788392031.7359061,10,1,ghcr.io/talmolab/lablink-client-base-image:linux-amd64-test@sha256:1ec2fde6860186b3d45ac83890167258f83512955dbce65f072d4e8c310cb9de,5,apply,succeeded,1788383308.62635,1788383308.629388,1788383361.88001,,35,35
1788392031.7359061,10,1,ghcr.io/talmolab/lablink-client-base-image:linux-amd64-test@sha256:1ec2fde6860186b3d45ac83890167258f83512955dbce65f072d4e8c310cb9de,6,destroy,succeeded,1788384337.446569,1788384337.448163,1788384657.690712,,35,35
1788392031.7359061,10,1,ghcr.io/talmolab/lablink-client-base-image:linux-amd64-test@sha256:1ec2fde6860186b3d45ac83890167258f83512955dbce65f072d4e8c310cb9de,7,apply,succeeded,1788384727.528365,1788384727.530681,1788384808.61864,,95,95
1788392031.7359061,10,1,ghcr.io/talmolab/lablink-client-base-image:linux-amd64-test@sha256:1ec2fde6860186b3d45ac83890167258f83512955dbce65f072d4e8c310cb9de,8,destroy,succeeded,1788385076.969534,1788385076.971902,1788385973.63117,,95,95
1788392031.7359061,10,1,ghcr.io/talmolab/lablink-client-base-image:linux-amd64-test@sha256:1ec2fde6860186b3d45ac83890167258f83512955dbce65f072d4e8c310cb9de,9,apply,succeeded,1788389407.309799,1788389407.313231,1788389454.98231,,20,20
1788392031.7359061,10,1,ghcr.io/talmolab/lablink-client-base-image:linux-amd64-test@sha256:1ec2fde6860186b3d45ac83890167258f83512955dbce65f072d4e8c310cb9de,10,destroy,succeeded,1788390335.82657,1788390335.827949,1788390654.079952,,20,20
1788392031.7359061,10,1,ghcr.io/talmolab/lablink-client-base-image:linux-amd64-test@sha256:1ec2fde6860186b3d45ac83890167258f83512955dbce65f072d4e8c310cb9de,11,apply,succeeded,1788390714.945026,1788390714.946521,1788390768.137505,,35,35
1788392031.7359061,10,1,ghcr.io/talmolab/lablink-client-base-image:linux-amd64-test@sha256:1ec2fde6860186b3d45ac83890167258f83512955dbce65f072d4e8c310cb9de,12,destroy,running,1788391729.15506,1788391729.156797,,,35,23
1788392037.1042602,10,1,ghcr.io/talmolab/lablink-client-base-image:linux-amd64-test@sha256:1ec2fde6860186b3d45ac83890167258f83512955dbce65f072d4e8c310cb9de,1,apply,succeeded,1788380921.682491,1788380921.685047,1788380971.541328,,20,20
1788392037.1042602,10,1,ghcr.io/talmolab/lablink-client-base-image:linux-amd64-test@sha256:1ec2fde6860186b3d45ac83890167258f83512955dbce65f072d4e8c310cb9de,2,destroy,succeeded,1788381612.379228,1788381612.381237,1788381939.351963,,20,20
1788392037.1042602,10,1,ghcr.io/talmolab/lablink-client-base-image:linux-amd64-test@sha256:1ec2fde6860186b3d45ac83890167258f83512955dbce65f072d4e8c310cb9de,3,apply,succeeded,1788381976.63281,1788381976.63526,1788382026.043455,,20,20
1788392037.1042602,10,1,ghcr.io/talmolab/lablink-client-base-image:linux-amd64-test@sha256:1ec2fde6860186b3d45ac83890167258f83512955dbce65f072d4e8c310cb9de,4,destroy,succeeded,1788382875.148234,1788382875.150169,1788383194.833905,,20,20
1788392037.1042602,10,1,ghcr.io/talmolab/lablink-client-base-image:linux-amd64-test@sha256:1ec2fde6860186b3d45ac83890167258f83512955dbce65f072d4e8c310cb9de,5,apply,succeeded,1788383308.62635,1788383308.629388,1788383361.88001,,35,35
1788392037.1042602,10,1,ghcr.io/talmolab/lablink-client-base-image:linux-amd64-test@sha256:1ec2fde6860186b3d45ac83890167258f83512955dbce65f072d4e8c310cb9de,6,destroy,succeeded,1788384337.446569,1788384337.448163,1788384657.690712,,35,35
1788392037.1042602,10,1,ghcr.io/talmolab/lablink-client-base-image:linux-amd64-test@sha256:1ec2fde6860186b3d45ac83890167258f83512955dbce65f072d4e8c310cb9de,7,apply,succeeded,1788384727.528365,1788384727.530681,1788384808.61864,,95,95
1788392037.1042602,10,1,ghcr.io/talmolab/lablink-client-base-image:linux-amd64-test@sha256:1ec2fde6860186b3d45ac83890167258f83512955dbce65f072d4e8c310cb9de,8,destroy,succeeded,1788385076.969534,1788385076.971902,1788385973.63117,,95,95
1788392037.1042602,10,1,ghcr.io/talmolab/lablink-client-base-image:linux-amd64-test@sha256:1ec2fde6860186b3d45ac83890167258f83512955dbce65f072d4e8c310cb9de,9,apply,succeeded,1788389407.309799,1788389407.313231,1788389454.98231,,20,20
1788392037.1042602,10,1,ghcr.io/talmolab/lablink-client-base-image:linux-amd64-test@sha256:1ec2fde6860186b3d45ac83890167258f83512955dbce65f072d4e8c310cb9de,10,destroy,succeeded,1788390335.82657,1788390335.827949,1788390654.079952,,20,20
1788392037.1042602,10,1,ghcr.io/talmolab/lablink-client-base-image:linux-amd64-test@sha256:1ec2fde6860186b3d45ac83890167258f83512955dbce65f072d4e8c310cb9de,11,apply,succeeded,1788390714.945026,1788390714.946521,1788390768.137505,,35,35
1788392037.1042602,10,1,ghcr.io/talmolab/lablink-client-base-image:linux-amd64-test@sha256:1ec2fde6860186b3d45ac83890167258f83512955dbce65f072d4e8c310cb9de,12,destroy,running,1788391729.15506,1788391729.156797,,,35,23
1788392041.767301,10,1,ghcr.io/talmolab/lablink-client-base-image:linux-amd64-test@sha256:1ec2fde6860186b3d45ac83890167258f83512955dbce65f072d4e8c310cb9de,1,apply,succeeded,1788380921.682491,1788380921.685047,1788380971.541328,,20,20
1788392041.767301,10,1,ghcr.io/talmolab/lablink-client-base-image:linux-amd64-test@sha256:1ec2fde6860186b3d45ac83890167258f83512955dbce65f072d4e8c310cb9de,2,destroy,succeeded,1788381612.379228,1788381612.381237,1788381939.351963,,20,20
1788392041.767301,10,1,ghcr.io/talmolab/lablink-client-base-image:linux-amd64-test@sha256:1ec2fde6860186b3d45ac83890167258f83512955dbce65f072d4e8c310cb9de,3,apply,succeeded,1788381976.63281,1788381976.63526,1788382026.043455,,20,20
1788392041.767301,10,1,ghcr.io/talmolab/lablink-client-base-image:linux-amd64-test@sha256:1ec2fde6860186b3d45ac83890167258f83512955dbce65f072d4e8c310cb9de,4,destroy,succeeded,1788382875.148234,1788382875.150169,1788383194.833905,,20,20
1788392041.767301,10,1,ghcr.io/talmolab/lablink-client-base-image:linux-amd64-test@sha256:1ec2fde6860186b3d45ac83890167258f83512955dbce65f072d4e8c310cb9de,5,apply,succeeded,1788383308.62635,1788383308.629388,1788383361.88001,,35,35
1788392041.767301,10,1,ghcr.io/talmolab/lablink-client-base-image:linux-amd64-test@sha256:1ec2fde6860186b3d45ac83890167258f83512955dbce65f072d4e8c310cb9de,6,destroy,succeeded,1788384337.446569,1788384337.448163,1788384657.690712,,35,35
1788392041.767301,10,1,ghcr.io/talmolab/lablink-client-base-image:linux-amd64-test@sha256:1ec2fde6860186b3d45ac83890167258f83512955dbce65f072d4e8c310cb9de,7,apply,succeeded,1788384727.528365,1788384727.530681,1788384808.61864,,95,95
1788392041.767301,10,1,ghcr.io/talmolab/lablink-client-base-image:linux-amd64-test@sha256:1ec2fde6860186b3d45ac83890167258f83512955dbce65f072d4e8c310cb9de,8,destroy,succeeded,1788385076.969534,1788385076.971902,1788385973.63117,,95,95
1788392041.767301,10,1,ghcr.io/talmolab/lablink-client-base-image:linux-amd64-test@sha256:1ec2fde6860186b3d45ac83890167258f83512955dbce65f072d4e8c310cb9de,9,apply,succeeded,1788389407.309799,1788389407.313231,1788389454.98231,,20,20
1788392041.767301,10,1,ghcr.io/talmolab/lablink-client-base-image:linux-amd64-test@sha256:1ec2fde6860186b3d45ac83890167258f83512955dbce65f072d4e8c310cb9de,10,destroy,succeeded,1788390335.82657,1788390335.827949,1788390654.079952,,20,20
1788392041.767301,10,1,ghcr.io/talmolab/lablink-client-base-image:linux-amd64-test@sha256:1ec2fde6860186b3d45ac83890167258f83512955dbce65f072d4e8c310cb9de,11,apply,succeeded,1788390714.945026,1788390714.946521,1788390768.137505,,35,35
1788392041.767301,10,1,ghcr.io/talmolab/lablink-client-base-image:linux-amd64-test@sha256:1ec2fde6860186b3d45ac83890167258f83512955dbce65f072d4e8c310cb9de,12,destroy,running,1788391729.15506,1788391729.156797,,,35,25
1788392046.701246,10,1,ghcr.io/talmolab/lablink-client-base-image:linux-amd64-test@sha256:1ec2fde6860186b3d45ac83890167258f83512955dbce65f072d4e8c310cb9de,1,apply,succeeded,1788380921.682491,1788380921.685047,1788380971.541328,,20,20
1788392046.701246,10,1,ghcr.io/talmolab/lablink-client-base-image:linux-amd64-test@sha256:1ec2fde6860186b3d45ac83890167258f83512955dbce65f072d4e8c310cb9de,2,destroy,succeeded,1788381612.379228,1788381612.381237,1788381939.351963,,20,20
1788392046.701246,10,1,ghcr.io/talmolab/lablink-client-base-image:linux-amd64-test@sha256:1ec2fde6860186b3d45ac83890167258f83512955dbce65f072d4e8c310cb9de,3,apply,succeeded,1788381976.63281,1788381976.63526,1788382026.043455,,20,20
1788392046.701246,10,1,ghcr.io/talmolab/lablink-client-base-image:linux-amd64-test@sha256:1ec2fde6860186b3d45ac83890167258f83512955dbce65f072d4e8c310cb9de,4,destroy,succeeded,1788382875.148234,1788382875.150169,1788383194.833905,,20,20
1788392046.701246,10,1,ghcr.io/talmolab/lablink-client-base-image:linux-amd64-test@sha256:1ec2fde6860186b3d45ac83890167258f83512955dbce65f072d4e8c310cb9de,5,apply,succeeded,1788383308.62635,1788383308.629388,1788383361.88001,,35,35
1788392046.701246,10,1,ghcr.io/talmolab/lablink-client-base-image:linux-amd64-test@sha256:1ec2fde6860186b3d45ac83890167258f83512955dbce65f072d4e8c310cb9de,6,destroy,succeeded,1788384337.446569,1788384337.448163,1788384657.690712,,35,35
1788392046.701246,10,1,ghcr.io/talmolab/lablink-client-base-image:linux-amd64-test@sha256:1ec2fde6860186b3d45ac83890167258f83512955dbce65f072d4e8c310cb9de,7,apply,succeeded,1788384727.528365,1788384727.530681,1788384808.61864,,95,95
1788392046.701246,10,1,ghcr.io/talmolab/lablink-client-base-image:linux-amd64-test@sha256:1ec2fde6860186b3d45ac83890167258f83512955dbce65f072d4e8c310cb9de,8,destroy,succeeded,1788385076.969534,1788385076.971902,1788385973.63117,,95,95
1788392046.701246,10,1,ghcr.io/talmolab/lablink-client-base-image:linux-amd64-test@sha256:1ec2fde6860186b3d45ac83890167258f83512955dbce65f072d4e8c310cb9de,9,apply,succeeded,1788389407.309799,1788389407.313231,1788389454.98231,,20,20
1788392046.701246,10,1,ghcr.io/talmolab/lablink-client-base-image:linux-amd64-test@sha256:1ec2fde6860186b3d45ac83890167258f83512955dbce65f072d4e8c310cb9de,10,destroy,succeeded,1788390335.82657,1788390335.827949,1788390654.079952,,20,20
1788392046.701246,10,1,ghcr.io/talmolab/lablink-client-base-image:linux-amd64-test@sha256:1ec2fde6860186b3d45ac83890167258f83512955dbce65f072d4e8c310cb9de,11,apply,succeeded,1788390714.945026,1788390714.946521,1788390768.137505,,35,35
1788392046.701246,10,1,ghcr.io/talmolab/lablink-client-base-image:linux-amd64-test@sha256:1ec2fde6860186b3d45ac83890167258f83512955dbce65f072d4e8c310cb9de,12,destroy,running,1788391729.15506,1788391729.156797,,,35,25
1788392051.702461,10,1,ghcr.io/talmolab/lablink-client-base-image:linux-amd64-test@sha256:1ec2fde6860186b3d45ac83890167258f83512955dbce65f072d4e8c310cb9de,1,apply,succeeded,1788380921.682491,1788380921.685047,1788380971.541328,,20,20
1788392051.702461,10,1,ghcr.io/talmolab/lablink-client-base-image:linux-amd64-test@sha256:1ec2fde6860186b3d45ac83890167258f83512955dbce65f072d4e8c310cb9de,2,destroy,succeeded,1788381612.379228,1788381612.381237,1788381939.351963,,20,20
1788392051.702461,10,1,ghcr.io/talmolab/lablink-client-base-image:linux-amd64-test@sha256:1ec2fde6860186b3d45ac83890167258f83512955dbce65f072d4e8c310cb9de,3,apply,succeeded,1788381976.63281,1788381976.63526,1788382026.043455,,20,20
1788392051.702461,10,1,ghcr.io/talmolab/lablink-client-base-image:linux-amd64-test@sha256:1ec2fde6860186b3d45ac83890167258f83512955dbce65f072d4e8c310cb9de,4,destroy,succeeded,1788382875.148234,1788382875.150169,1788383194.833905,,20,20
1788392051.702461,10,1,ghcr.io/talmolab/lablink-client-base-image:linux-amd64-test@sha256:1ec2fde6860186b3d45ac83890167258f83512955dbce65f072d4e8c310cb9de,5,apply,succeeded,1788383308.62635,1788383308.629388,1788383361.88001,,35,35
1788392051.702461,10,1,ghcr.io/talmolab/lablink-client-base-image:linux-amd64-test@sha256:1ec2fde6860186b3d45ac83890167258f83512955dbce65f072d4e8c310cb9de,6,destroy,succeeded,1788384337.446569,1788384337.448163,1788384657.690712,,35,35
1788392051.702461,10,1,ghcr.io/talmolab/lablink-client-base-image:linux-amd64-test@sha256:1ec2fde6860186b3d45ac83890167258f83512955dbce65f072d4e8c310cb9de,7,apply,succeeded,1788384727.528365,1788384727.530681,1788384808.61864,,95,95
1788392051.702461,10,1,ghcr.io/talmolab/lablink-client-base-image:linux-amd64-test@sha256:1ec2fde6860186b3d45ac83890167258f83512955dbce65f072d4e8c310cb9de,8,destroy,succeeded,1788385076.969534,1788385076.971902,1788385973.63117,,95,95
1788392051.702461,10,1,ghcr.io/talmolab/lablink-client-base-image:linux-amd64-test@sha256:1ec2fde6860186b3d45ac83890167258f83512955dbce65f072d4e8c310cb9de,9,apply,succeeded,1788389407.309799,1788389407.313231,1788389454.98231,,20,20
1788392051.702461,10,1,ghcr.io/talmolab/lablink-client-base-image:linux-amd64-test@sha256:1ec2fde6860186b3d45ac83890167258f83512955dbce65f072d4e8c310cb9de,10,destroy,succeeded,1788390335.82657,1788390335.827949,1788390654.079952,,20,20
1788392051.702461,10,1,ghcr.io/talmolab/lablink-client-base-image:linux-amd64-test@sha256:1ec2fde6860186b3d45ac83890167258f83512955dbce65f072d4e8c310cb9de,11,apply,succeeded,1788390714.945026,1788390714.946521,1788390768.137505,,35,35
1788392051.702461,10,1,ghcr.io/talmolab/lablink-client-base-image:linux-amd64-test@sha256:1ec2fde6860186b3d45ac83890167258f83512955dbce65f072d4e8c310cb9de,12,destroy,running,1788391729.15506,1788391729.156797,,,35,29
1788392056.7828622,10,1,ghcr.io/talmolab/lablink-client-base-image:linux-amd64-test@sha256:1ec2fde6860186b3d45ac83890167258f83512955dbce65f072d4e8c310cb9de,1,apply,succeeded,1788380921.682491,1788380921.685047,1788380971.541328,,20,20
1788392056.7828622,10,1,ghcr.io/talmolab/lablink-client-base-image:linux-amd64-test@sha256:1ec2fde6860186b3d45ac83890167258f83512955dbce65f072d4e8c310cb9de,2,destroy,succeeded,1788381612.379228,1788381612.381237,1788381939.351963,,20,20
1788392056.7828622,10,1,ghcr.io/talmolab/lablink-client-base-image:linux-amd64-test@sha256:1ec2fde6860186b3d45ac83890167258f83512955dbce65f072d4e8c310cb9de,3,apply,succeeded,1788381976.63281,1788381976.63526,1788382026.043455,,20,20
1788392056.7828622,10,1,ghcr.io/talmolab/lablink-client-base-image:linux-amd64-test@sha256:1ec2fde6860186b3d45ac83890167258f83512955dbce65f072d4e8c310cb9de,4,destroy,succeeded,1788382875.148234,1788382875.150169,1788383194.833905,,20,20
1788392056.7828622,10,1,ghcr.io/talmolab/lablink-client-base-image:linux-amd64-test@sha256:1ec2fde6860186b3d45ac83890167258f83512955dbce65f072d4e8c310cb9de,5,apply,succeeded,1788383308.62635,1788383308.629388,1788383361.88001,,35,35
1788392056.7828622,10,1,ghcr.io/talmolab/lablink-client-base-image:linux-amd64-test@sha256:1ec2fde6860186b3d45ac83890167258f83512955dbce65f072d4e8c310cb9de,6,destroy,succeeded,1788384337.446569,1788384337.448163,1788384657.690712,,35,35
1788392056.7828622,10,1,ghcr.io/talmolab/lablink-client-base-image:linux-amd64-test@sha256:1ec2fde6860186b3d45ac83890167258f83512955dbce65f072d4e8c310cb9de,7,apply,succeeded,1788384727.528365,1788384727.530681,1788384808.61864,,95,95
1788392056.7828622,10,1,ghcr.io/talmolab/lablink-client-base-image:linux-amd64-test@sha256:1ec2fde6860186b3d45ac83890167258f83512955dbce65f072d4e8c310cb9de,8,destroy,succeeded,1788385076.969534,1788385076.971902,1788385973.63117,,95,95
1788392056.7828622,10,1,ghcr.io/talmolab/lablink-client-base-image:linux-amd64-test@sha256:1ec2fde6860186b3d45ac83890167258f83512955dbce65f072d4e8c310cb9de,9,apply,succeeded,1788389407.309799,1788389407.313231,1788389454.98231,,20,20
1788392056.7828622,10,1,ghcr.io/talmolab/lablink-client-base-image:linux-amd64-test@sha256:1ec2fde6860186b3d45ac83890167258f83512955dbce65f072d4e8c310cb9de,10,destroy,succeeded,1788390335.82657,1788390335.827949,1788390654.079952,,20,20
1788392056.7828622,10,1,ghcr.io/talmolab/lablink-client-base-image:linux-amd64-test@sha256:1ec2fde6860186b3d45ac83890167258f83512955dbce65f072d4e8c310cb9de,11,apply,succeeded,1788390714.945026,1788390714.946521,1788390768.137505,,35,35
1788392056.7828622,10,1,ghcr.io/talmolab/lablink-client-base-image:linux-amd64-test@sha256:1ec2fde6860186b3d45ac83890167258f83512955dbce65f072d4e8c310cb9de,12,destroy,running,1788391729.15506,1788391729.156797,,,35,29
1788392060.0626402,10,1,ghcr.io/talmolab/lablink-client-base-image:linux-amd64-test@sha256:1ec2fde6860186b3d45ac83890167258f83512955dbce65f072d4e8c310cb9de,1,apply,succeeded,1788380921.682491,1788380921.685047,1788380971.541328,,20,20
1788392060.0626402,10,1,ghcr.io/talmolab/lablink-client-base-image:linux-amd64-test@sha256:1ec2fde6860186b3d45ac83890167258f83512955dbce65f072d4e8c310cb9de,2,destroy,succeeded,1788381612.379228,1788381612.381237,1788381939.351963,,20,20
1788392060.0626402,10,1,ghcr.io/talmolab/lablink-client-base-image:linux-amd64-test@sha256:1ec2fde6860186b3d45ac83890167258f83512955dbce65f072d4e8c310cb9de,3,apply,succeeded,1788381976.63281,1788381976.63526,1788382026.043455,,20,20
1788392060.0626402,10,1,ghcr.io/talmolab/lablink-client-base-image:linux-amd64-test@sha256:1ec2fde6860186b3d45ac83890167258f83512955dbce65f072d4e8c310cb9de,4,destroy,succeeded,1788382875.148234,1788382875.150169,1788383194.833905,,20,20
1788392060.0626402,10,1,ghcr.io/talmolab/lablink-client-base-image:linux-amd64-test@sha256:1ec2fde6860186b3d45ac83890167258f83512955dbce65f072d4e8c310cb9de,5,apply,succeeded,1788383308.62635,1788383308.629388,1788383361.88001,,35,35
1788392060.0626402,10,1,ghcr.io/talmolab/lablink-client-base-image:linux-amd64-test@sha256:1ec2fde6860186b3d45ac83890167258f83512955dbce65f072d4e8c310cb9de,6,destroy,succeeded,1788384337.446569,1788384337.448163,1788384657.690712,,35,35
1788392060.0626402,10,1,ghcr.io/talmolab/lablink-client-base-image:linux-amd64-test@sha256:1ec2fde6860186b3d45ac83890167258f83512955dbce65f072d4e8c310cb9de,7,apply,succeeded,1788384727.528365,1788384727.530681,1788384808.61864,,95,95
1788392060.0626402,10,1,ghcr.io/talmolab/lablink-client-base-image:linux-amd64-test@sha256:1ec2fde6860186b3d45ac83890167258f83512955dbce65f072d4e8c310cb9de,8,destroy,succeeded,1788385076.969534,1788385076.971902,1788385973.63117,,95,95
1788392060.0626402,10,1,ghcr.io/talmolab/lablink-client-base-image:linux-amd64-test@sha256:1ec2fde6860186b3d45ac83890167258f83512955dbce65f072d4e8c310cb9de,9,apply,succeeded,1788389407.309799,1788389407.313231,1788389454.98231,,20,20
1788392060.0626402,10,1,ghcr.io/talmolab/lablink-client-base-image:linux-amd64-test@sha256:1ec2fde6860186b3d45ac83890167258f83512955dbce65f072d4e8c310cb9de,10,destroy,succeeded,1788390335.82657,1788390335.827949,1788390654.079952,,20,20
1788392060.0626402,10,1,ghcr.io/talmolab/lablink-client-base-image:linux-amd64-test@sha256:1ec2fde6860186b3d45ac83890167258f83512955dbce65f072d4e8c310cb9de,11,apply,succeeded,1788390714.945026,1788390714.946521,1788390768.137505,,35,35
1788392060.0626402,10,1,ghcr.io/talmolab/lablink-client-base-image:linux-amd64-test@sha256:1ec2fde6860186b3d45ac83890167258f83512955dbce65f072d4e8c310cb9de,12,destroy,succeeded,1788391729.15506,1788391729.156797,1788392058.724432,,35,35
