poll_epoch,arm_n,replicate,image_digest,clock_offset_s,hostname,status,healthy,reboot_count,tofu_start_epoch,tofu_end_epoch,cloudinit_start_epoch,cloudinit_end_epoch,container_start_epoch,container_end_epoch,total_startup_s,created_epoch,session_started_epoch,last_seen_epoch,machine_identity
1788390770.0228832,10,1,ghcr.io/talmolab/lablink-client-base-image:linux-amd64-test@sha256:1ec2fde6860186b3d45ac83890167258f83512955dbce65f072d4e8c310cb9de,0.37648844718933105,sleap-lablink-client-prod-vm-1,,,0,1788390738.0,1788390767.0,,,,,,1788390768.128852,,,
1788390770.0228832,10,1,ghcr.io/talmolab/lablink-client-base-image:linux-amd64-test@sha256:1ec2fde6860186b3d45ac83890167258f83512955dbce65f072d4e8c310cb9de,0.37648844718933105,sleap-lablink-client-prod-vm-10,,,0,1788390738.0,1788390767.0,,,,,,1788390768.130117,,,
1788390770.0228832,10,1,ghcr.io/talmolab/lablink-client-base-image:linux-amd64-test@sha256:1ec2fde6860186b3d45ac83890167258f83512955dbce65f072d4e8c310cb9de,0.37648844718933105,sleap-lablink-client-prod-vm-2,,,0,1788390738.0,1788390767.0,,,,,,1788390768.130938,,,
1788390770.0228832,10,1,ghcr.io/talmolab/lablink-client-base-image:linux-amd64-test@sha256:1ec2fde6860186b3d45ac83890167258f83512955dbce65f072d4e8c310cb9de,0.37648844718933105,sleap-lablink-client-prod-vm-3,,,0,1788390738.0,1788390767.0,,,,,,1788390768.131762,,,
1788390770.0228832,10,1,ghcr.io/talmolab/lablink-client-base-image:linux-amd64-test@sha256:1ec2fde6860186b3d45ac83890167258f83512955dbce65f072d4e8c310cb9de,0.37648844718933105,sleap-lablink-client-prod-vm-4,,,0,1788390738.0,1788390767.0,,,,,,1788390768.132688,,,
1788390770.0228832,10,1,ghcr.io/talmolab/lablink-client-base-image:linux-amd64-test@sha256:1ec2fde6860186b3d45ac83890167258f83512955dbce65f072d4e8c310cb9de,0.37648844718933105,sleap-lablink-client-prod-vm-5,,,0,1788390738.0,1788390767.0,,,,,,1788390768.133418,,,
1788390770.0228832,10,1,ghcr.io/talmolab/lablink-client-base-image:linux-amd64-test@sha256:1ec2fde6860186b3d45ac83890167258f83512955dbce65f072d4e8c310cb9de,0.37648844718933105,sleap-lablink-client-prod-vm-6,,,0,1788390738.0,1788390767.0,,,,,,1788390768.134149,,,
1788390770.0228832,10,1,ghcr.io/talmolab/lablink-client-base-image:linux-amd64-test@sha256:1ec2fde6860186b3d45ac83890167258f83512955dbce65f072d4e8c310cb9de,0.37648844718933105,sleap-lablink-client-prod-vm-7,,,0,1788390738.0,1788390767.0,,,,,,1788390768.13509,,,
1788390770.0228832,10,1,ghcr.io/talmolab/lablink-client-base-image:linux-amd64-test@sha256:1ec2fde6860186b3d45ac83890167258f83512955dbce65f072d4e8c310cb9de,0.37648844718933105,sleap-lablink-client-prod-vm-8,,,0,1788390738.0,1788390767.0,,,,,,1788390768.135877,,,
1788390770.0228832,10,1,ghcr.io/talmolab/lablink-client-base-image:linux-amd64-test@sha256:1ec2fde6860186b3d45ac83890167258f83512955dbce65f072d4e8c310cb9de,0.37648844718933105,sleap-lablink-client-prod-vm-9,,,0,1788390738.0,1788390767.0,,,,,,1788390768.136603,,,
1788390775.0029151,10,1,ghcr.io/talmolab/lablink-client-base-image:linux-amd64-test@sha256:1ec2fde6860186b3d45ac83890167258f83512955dbce65f072d4e8c310cb9de,0.37648844718933105,sleap-lablink-client-prod-vm-1,,,0,1788390738.0,1788390767.0,,,,,,1788390768.128852,,,
1788390775.0029151,10,1,ghcr.io/talmolab/lablink-client-base-image:linux-amd64-test@sha256:1ec2fde6860186b3d45ac83890167258f83512955dbce65f072d4e8c310cb9de,0.37648844718933105,sleap-lablink-client-prod-vm-10,,,0,1788390738.0,1788390767.0,,,,,,1788390768.130117,,,
1788390775.0029151,10,1,ghcr.io/talmolab/lablink-client-base-image:linux-amd64-test@sha256:1ec2fde6860186b3d45ac83890167258f83512955dbce65f072d4e8c310cb9de,0.37648844718933105,sleap-lablink-client-prod-vm-2,,,0,1788390738.0,1788390767.0,,,,,,1788390768.130938,,,
1788390775.0029151,10,1,ghcr.io/talmolab/lablink-client-base-image:linux-amd64-test@sha256:1ec2fde6860186b3d45ac83890167258f83512955dbce65f072d4e8c310cb9de,0.37648844718933105,sleap-lablink-client-prod-vm-3,,,0,1788390738.0,1788390767.0,,,,,,1788390768.131762,,,
1788390775.0029151,10,1,ghcr.io/talmolab/lablink-client-base-image:linux-amd64-test@sha256:1ec2fde6860186b3d45ac83890167258f83512955dbce65f072d4e8c310cb9de,0.37648844718933105,sleap-lablink-client-prod-vm-4,,,0,1788390738.0,1788390767.0,,,,,,1788390768.132688,,,
1788390775.0029151,10,1,ghcr.io/talmolab/lablink-client-base-image:linux-amd64-test@sha256:1ec2fde6860186b3d45ac83890167258f83512955dbce65f072d4e8c310cb9de,0.37648844718933105,sleap-lablink-client-prod-vm-5,,,0,1788390738.0,1788390767.0,,,,,,1788390768.133418,,,
1788390775.0029151,10,1,ghcr.io/talmolab/lablink-client-base-image:linux-amd64-test@sha256:1ec2fde6860186b3d45ac83890167258f83512955dbce65f072d4e8c310cb9de,0.37648844718933105,sleap-lablink-client-prod-vm-6,,,0,1788390738.0,1788390767.0,,,,,,1788390768.134149,,,
1788390775.0029151,10,1,ghcr.io/talmolab/lablink-client-base-image:linux-amd64-test@sha256:1ec2fde6860186b3d45ac83890167258f83512955dbce65f072d4e8c310cb9de,0.37648844718933105,sleap-lablink-client-prod-vm-7,,,0,1788390738.0,1788390767.0,,,,,,1788390768.13509,,,
1788390775.0029151,10,1,ghcr.io/talmolab/lablink-client-base-image:linux-amd64-test@sha256:1ec2fde6860186b3d45ac83890167258f83512955dbce65f072d4e8c310cb9de,0.37648844718933105,sleap-lablink-client-prod-vm-8,,,0,1788390738.0,1788390767.0,,,,,,1788390768.135877,,,
1788390775.0029151,10,1,ghcr.io/talmolab/lablink-client-base-image:linux-amd64-test@sha256:1ec2fde6860186b3d45ac83890167258f83512955dbce65f072d4e8c310cb9de,0.37648844718933105,sleap-lablink-client-prod-vm-9,,,0,1788390738.0,1788390767.0,,,,,,1788390768.136603,,,
1788390780.035525,10,1,ghcr.io/talmolab/lablink-client-base-image:linux-amd64-test@sha256:1ec2fde6860186b3d45ac83890167258f83512955dbce65f072d4e8c310cb9de,0.37648844718933105,sleap-lablink-client-prod-vm-1,,,0,1788390738.0,1788390767.0,,,,,,1788390768.128852,,,
1788390780.035525,10,1,ghcr.io/talmolab/lablink-client-base-image:linux-amd64-test@sha256:1ec2fde6860186b3d45ac83890167258f83512955dbce65f072d4e8c310cb9de,0.37648844718933105,sleap-lablink-client-prod-vm-10,,,0,1788390738.0,1788390767.0,,,,,,1788390768.130117,,,
1788390780.035525,10,1,ghcr.io/talmolab/lablink-client-base-image:linux-amd64-test@sha256:1ec2fde6860186b3d45ac83890167258f83512955dbce65f072d4e8c310cb9de,0.37648844718933105,sleap-lablink-client-prod-vm-2,,,0,1788390738.0,1788390767.0,,,,,,1788390768.130938,,,
1788390780.035525,10,1,ghcr.io/talmolab/lablink-client-base-image:linux-amd64-test@sha256:1ec2fde6860186b3d45ac83890167258f83512955dbce65f072d4e8c310cb9de,0.37648844718933105,sleap-lablink-client-prod-vm-3,,,0,1788390738.0,1788390767.0,,,,,,1788390768.131762,,,
1788390780.035525,10,1,ghcr.io/talmolab/lablink-client-base-image:linux-amd64-test@sha256:1ec2fde6860186b3d45ac83890167258f83512955dbce65f072d4e8c310cb9de,0.37648844718933105,sleap-lablink-client-prod-vm-4,,,0,1788390738.0,1788390767.0,,,,,,1788390768.132688,,,
1788390780.035525,10,1,ghcr.io/talmolab/lablink-client-base-image:linux-amd64-test@sha256:1ec2fde6860186b3d45ac83890167258f83512955dbce65f072d4e8c310cb9de,0.37648844718933105,sleap-lablink-client-prod-vm-5,,,0,1788390738.0,1788390767.0,,,,,,1788390768.133418,,,
1788390780.035525,10,1,ghcr.io/talmolab/lablink-client-base-image:linux-amd64-test@sha256:1ec2fde6860186b3d45ac83890167258f83512955dbce65f072d4e8c310cb9de,0.37648844718933105,sleap-lablink-client-prod-vm-6,,,0,1788390738.0,1788390767.0,,,,,,1788390768.134149,,,
1788390780.035525,10,1,ghcr.io/talmolab/lablink-client-base-image:linux-amd64-test@sha256:1ec2fde6860186b3d45ac83890167258f83512955dbce65f072d4e8c310cb9de,0.37648844718933105,sleap-lablink-client-prod-vm-7,,,0,1788390738.0,1788390767.0,,,,,,1788390768.13509,,,
1788390780.035525,10,1,ghcr.io/talmolab/lablink-client-base-image:linux-amd64-test@sha256:1ec2fde6860186b3d45ac83890167258f83512955dbce65f072d4e8c310cb9de,0.37648844718933105,sleap-lablink-client-prod-vm-8,,,0,1788390738.0,1788390767.0,,,,,,1788390768.135877,,,
1788390780.035525,10,1,ghcr.io/talmolab/lablink-client-base-image:linux-amd64-test@sha256:1ec2fde6860186b3d45ac83890167258f83512955dbce65f072d4e8c310cb9de,0.37648844718933105,sleap-lablink-client-prod-vm-9,,,0,1788390738.0,1788390767.0,,,,,,1788390768.136603,,,
1788390785.055837,10,1,ghcr.io/talmolab/lablink-client-base-image:linux-amd64-test@sha256:1ec2fde6860186b3d45ac83890167258f83512955dbce65f072d4e8c310cb9de,0.37648844718933105,sleap-lablink-client-prod-vm-1,,,0,1788390738.0,1788390767.0,,,,,,1788390768.128852,,,
1788390785.055837,10,1,ghcr.io/talmolab/lablink-client-base-image:linux-amd64-test@sha256:1ec2fde6860186b3d45ac83890167258f83512955dbce65f072d4e8c310cb9de,0.37648844718933105,sleap-lablink-client-prod-vm-10,,,0,1788390738.0,1788390767.0,,,,,,1788390768.130117,,,
1788390785.055837,10,1,ghcr.io/talmolab/lablink-client-base-image:linux-amd64-test@sha256:1ec2fde6860186b3d45ac83890167258f83512955dbce65f072d4e8c310cb9de,0.37648844718933105,sleap-lablink-client-prod-vm-2,,,0,1788390738.0,1788390767.0,,,,,,1788390768.130938,,,
1788390785.055837,10,1,ghcr.io/talmolab/lablink-client-base-image:linux-amd64-test@sha256:1ec2fde6860186b3d45ac83890167258f83512955dbce65f072d4e8c310cb9de,0.37648844718933105,sleap-lablink-client-prod-vm-3,,,0,1788390738.0,1788390767.0,,,,,,1788390768.131762,,,
1788390785.055837,10,1,ghcr.io/talmolab/lablink-client-base-image:linux-amd64-test@sha256:1ec2fde6860186b3d45ac83890167258f83512955dbce65f072d4e8c310cb9de,0.37648844718933105,sleap-lablink-client-prod-vm-4,,,0,1788390738.0,1788390767.0,,,,,,1788390768.132688,,,
1788390785.055837,10,1,ghcr.io/talmolab/lablink-client-base-image:linux-amd64-test@sha256:1ec2fde6860186b3d45ac83890167258f83512955dbce65f072d4e8c310cb9de,0.37648844718933105,sleap-lablink-client-prod-vm-5,,,0,1788390738.0,1788390767.0,,,,,,1788390768.133418,,,
1788390785.055837,10,1,ghcr.io/talmolab/lablink-client-base-image:linux-amd64-test@sha256:1ec2fde6860186b3d45ac83890167258f83512955dbce65f072d4e8c310cb9de,0.37648844718933105,sleap-lablink-client-prod-vm-6,,,0,1788390738.0,1788390767.0,,,,,,1788390768.134149,,,
1788390785.055837,10,1,ghcr.io/talmolab/lablink-client-base-image:linux-amd64-test@sha256:1ec2fde6860186b3d45ac83890167258f83512955dbce65f072d4e8c310cb9de,0.37648844718933105,sleap-lablink-client-prod-vm-7,,,0,1788390738.0,1788390767.0,,,,,,1788390768.13509,,,
1788390785.055837,10,1,ghcr.io/talmolab/lablink-client-base-image:linux-amd64-test@sha256:1ec2fde6860186b3d45ac83890167258f83512955dbce65f072d4e8c310cb9de,0.37648844718933105,sleap-lablink-client-prod-vm-8,,,0,1788390738.0,1788390767.0,,,,,,1788390768.135877,,,
1788390785.055837,10,1,ghcr.io/talmolab/lablink-client-base-image:linux-amd64-test@sha256:1ec2fde6860186b3d45ac83890167258f83512955dbce65f072d4e8c310cb9de,0.37648844718933105,sleap-lablink-client-prod-vm-9,,,0,1788390738.0,1788390767.0,,,,,,1788390768.136603,,,
1788390790.088851,10,1,ghcr.io/talmolab/lablink-client-base-image:linux-amd64-test@sha256:1ec2fde6860186b3d45ac83890167258f83512955dbce65f072d4e8c310cb9de,0.37648844718933105,sleap-lablink-client-prod-vm-1,,,0,1788390738.0,1788390767.0,,,,,,1788390768.128852,,,
1788390790.088851,10,1,ghcr.io/talmolab/lablink-client-base-image:linux-amd64-test@sha256:1ec2fde6860186b3d45ac83890167258f83512955dbce65f072d4e8c310cb9de,0.37648844718933105,sleap-lablink-client-prod-vm-10,,,0,1788390738.0,1788390767.0,,,,,,1788390768.130117,,,
1788390790.088851,10,1,ghcr.io/talmolab/lablink-client-base-image:linux-amd64-test@sha256:1ec2fde6860186b3d45ac83890167258f83512955dbce65f072d4e8c310cb9de,0.37648844718933105,sleap-lablink-client-prod-vm-2,,,0,1788390738.0,1788390767.0,,,,,,1788390768.130938,,,
1788390790.088851,10,1,ghcr.io/talmolab/lablink-client-base-image:linux-amd64-test@sha256:1ec2fde6860186b3d45ac83890167258f83512955dbce65f072d4e8c310cb9de,0.37648844718933105,sleap-lablink-client-prod-vm-3,,,0,1788390738.0,1788390767.0,,,,,,1788390768.131762,,,
1788390790.088851,10,1,ghcr.io/talmolab/lablink-client-base-image:linux-amd64-test@sha256:1ec2fde6860186b3d45ac83890167258f83512955dbce65f072d4e8c310cb9de,0.37648844718933105,sleap-lablink-client-prod-vm-4,,,0,1788390738.0,1788390767.0,,,,,,1788390768.132688,,,
1788390790.088851,10,1,ghcr.io/talmolab/lablink-client-base-image:linux-amd64-test@sha256:1ec2fde6860186b3d45ac83890167258f83512955dbce65f072d4e8c310cb9de,0.37648844718933105,sleap-lablink-client-prod-vm-5,,,0,1788390738.0,1788390767.0,,,,,,1788390768.133418,,,
1788390790.088851,10,1,ghcr.io/talmolab/lablink-client-base-image:linux-amd64-test@sha256:1ec2fde6860186b3d45ac83890167258f83512955dbce65f072d4e8c310cb9de,0.37648844718933105,sleap-lablink-client-prod-vm-6,,,0,1788390738.0,1788390767.0,,,,,,1788390768.134149,,,
1788390790.088851,10,1,ghcr.io/talmolab/lablink-client-base-image:linux-amd64-test@sha256:1ec2fde6860186b3d45ac83890167258f83512955dbce65f072d4e8c310cb9de,0.37648844718933105,sleap-lablink-client-prod-vm-7,,,0,1788390738.0,1788390767.0,,,,,,1788390768.13509,,,
1788390790.088851,10,1,ghcr.io/talmolab/lablink-client-base-image:linux-amd64-test@sha256:1ec2fde6860186b3d45ac83890167258f83512955dbce65f072d4e8c310cb9de,0.37648844718933105,sleap-lablink-client-prod-vm-8,,,0,1788390738.0,1788390767.0,,,,,,1788390768.135877,,,
1788390790.088851,10,1,ghcr.io/talmolab/lablink-client-base-image:linux-amd64-test@sha256:1ec2fde6860186b3d45ac83890167258f83512955dbce65f072d4e8c310cb9de,0.37648844718933105,sleap-lablink-client-prod-vm-9,,,0,1788390738.0,1788390767.0,,,,,,1788390768.136603,,,
1788390795.039147,10,1,ghcr.io/talmolab/lablink-client-base-image:linux-amd64-test@sha256:1ec2fde6860186b3d45ac83890167258f83512955dbce65f072d4e8c310cb9de,0.37648844718933105,sleap-lablink-client-prod-vm-1,,,0,1788390738.0,1788390767.0,,,,,,1788390768.128852,,,
1788390795.039147,10,1,ghcr.io/talmolab/lablink-client-base-image:linux-amd64-test@sha256:1ec2fde6860186b3d45ac83890167258f83512955dbce65f072d4e8c310cb9de,0.37648844718933105,sleap-lablink-client-prod-vm-10,,,0,1788390738.0,1788390767.0,,,,,,1788390768.130117,,,
1788390795.039147,10,1,ghcr.io/talmolab/lablink-client-base-image:linux-amd64-test@sha256:1ec2fde6860186b3d45ac83890167258f83512955dbce65f072d4e8c310cb9de,0.37648844718933105,sleap-lablink-client-prod-vm-2,,,0,1788390738.0,1788390767.0,,,,,,1788390768.130938,,,
1788390795.039147,10,1,ghcr.io/talmolab/lablink-client-base-image:linux-amd64-test@sha256:1ec2fde6860186b3d45ac83890167258f83512955dbce65f072d4e8c310cb9de,0.37648844718933105,sleap-lablink-client-prod-vm-3,,,0,1788390738.0,1788390767.0,,,,,,1788390768.131762,,,
1788390795.039147,10,1,ghcr.io/talmolab/lablink-client-base-image:linux-amd64-test@sha256:1ec2fde6860186b3d45ac83890167258f83512955dbce65f072d4e8c310cb9de,0.37648844718933105,sleap-lablink-client-prod-vm-4,,,0,1788390738.0,1788390767.0,,,,,,1788390768.132688,,,
1788390795.039147,10,1,ghcr.io/talmolab/lablink-client-base-image:linux-amd64-test@sha256:1ec2fde6860186b3d45ac83890167258f83512955dbce65f072d4e8c310cb9de,0.37648844718933105,sleap-lablink-client-prod-vm-5,,,0,1788390738.0,1788390767.0,,,,,,1788390768.133418,,,
1788390795.039147,10,1,ghcr.io/talmolab/lablink-client-base-image:linux-amd64-test@sha256:1ec2fde6860186b3d45ac83890167258f83512955dbce65f072d4e8c310cb9de,0.37648844718933105,sleap-lablink-client-prod-vm-6,,,0,1788390738.0,1788390767.0,,,,,,1788390768.134149,,,
1788390795.039147,10,1,ghcr.io/talmolab/lablink-client-base-image:linux-amd64-test@sha256:1ec2fde6860186b3d45ac83890167258f83512955dbce65f072d4e8c310cb9de,0.37648844718933105,sleap-lablink-client-prod-vm-7,,,0,1788390738.0,1788390767.0,,,,,,1788390768.13509,,,
1788390795.039147,10,1,ghcr.io/talmolab/lablink-client-base-image:linux-amd64-test@sha256:1ec2fde6860186b3d45ac83890167258f83512955dbce65f072d4e8c310cb9de,0.37648844718933105,sleap-lablink-client-prod-vm-8,,,0,1788390738.0,1788390767.0,,,,,,1788390768.135877,,,
1788390795.039147,10,1,ghcr.io/talmolab/lablink-client-base-image:linux-amd64-test@sha256:1ec2fde6860186b3d45ac83890167258f83512955dbce65f072d4e8c310cb9de,0.37648844718933105,sleap-lablink-client-prod-vm-9,,,0,1788390738.0,1788390767.0,,,,,,1788390768.136603,,,
1788390800.086449,10,1,ghcr.io/talmolab/lablink-client-base-image:linux-amd64-test@sha256:1ec2fde6860186b3d45ac83890167258f83512955dbce65f072d4e8c310cb9de,0.37648844718933105,sleap-lablink-client-prod-vm-1,,,0,1788390738.0,1788390767.0,,,,,,1788390768.128852,,,
1788390800.086449,10,1,ghcr.io/talmolab/lablink-client-base-image:linux-amd64-test@sha256:1ec2fde6860186b3d45ac83890167258f83512955dbce65f072d4e8c310cb9de,0.37648844718933105,sleap-lablink-client-prod-vm-10,,,0,1788390738.0,1788390767.0,,,,,,1788390768.130117,,,
1788390800.086449,10,1,ghcr.io/talmolab/lablink-client-base-image:linux-amd64-test@sha256:1ec2fde6860186b3d45ac83890167258f83512955dbce65f072d4e8c310cb9de,0.37648844718933105,sleap-lablink-client-prod-vm-2,,,0,1788390738.0,1788390767.0,,,,,,1788390768.130938,,,
1788390800.086449,10,1,ghcr.io/talmolab/lablink-client-base-image:linux-amd64-test@sha256:1ec2fde6860186b3d45ac83890167258f83512955dbce65f072d4e8c310cb9de,0.37648844718933105,sleap-lablink-client-prod-vm-3,,,0,1788390738.0,1788390767.0,,,,,,1788390768.131762,,,
1788390800.086449,10,1,ghcr.io/talmolab/lablink-client-base-image:linux-amd64-test@sha256:1ec2fde6860186b3d45ac83890167258f83512955dbce65f072d4e8c310cb9de,0.37648844718933105,sleap-lablink-client-prod-vm-4,,,0,1788390738.0,1788390767.0,,,,,,1788390768.132688,,,
1788390800.086449,10,1,ghcr.io/talmolab/lablink-client-base-image:linux-amd64-test@sha256:1ec2fde6860186b3d45ac83890167258f83512955dbce65f072d4e8c310cb9de,0.37648844718933105,sleap-lablink-client-prod-vm-5,,,0,1788390738.0,1788390767.0,,,,,,1788390768.133418,,,
1788390800.086449,10,1,ghcr.io/talmolab/lablink-client-base-image:linux-amd64-test@sha256:1ec2fde6860186b3d45ac83890167258f83512955dbce65f072d4e8c310cb9de,0.37648844718933105,sleap-lablink-client-prod-vm-6,,,0,1788390738.0,1788390767.0,,,,,,1788390768.134149,,,
1788390800.086449,10,1,ghcr.io/talmolab/lablink-client-base-image:linux-amd64-test@sha256:1ec2fde6860186b3d45ac83890167258f83512955dbce65f072d4e8c310cb9de,0.37648844718933105,sleap-lablink-client-prod-vm-7,,,0,1788390738.0,1788390767.0,,,,,,1788390768.13509,,,
1788390800.086449,10,1,ghcr.io/talmolab/lablink-client-base-image:linux-amd64-test@sha256:1ec2fde6860186b3d45ac83890167258f83512955dbce65f072d4e8c310cb9de,0.37648844718933105,sleap-lablink-client-prod-vm-8,,,0,1788390738.0,1788390767.0,,,,,,1788390768.135877,,,
1788390800.086449,10,1,ghcr.io/talmolab/lablink-client-base-image:linux-amd64-test@sha256:1ec2fde6860186b3d45ac83890167258f83512955dbce65f072d4e8c310cb9de,0.37648844718933105,sleap-lablink-client-prod-vm-9,,,0,1788390738.0,1788390767.0,,,,,,1788390768.136603,,,
1788390805.111113,10,1,ghcr.io/talmolab/lablink-client-base-image:linux-amd64-test@sha256:1ec2fde6860186b3d45ac83890167258f83512955dbce65f072d4e8c310cb9de,0.37648844718933105,sleap-lablink-client-prod-vm-1,,,0,1788390738.0,1788390767.0,,,,,,1788390768.128852,,,
1788390805.111113,10,1,ghcr.io/talmolab/lablink-client-base-image:linux-amd64-test@sha256:1ec2fde6860186b3d45ac83890167258f83512955dbce65f072d4e8c310cb9de,0.37648844718933105,sleap-lablink-client-prod-vm-10,,,0,1788390738.0,1788390767.0,,,,,,1788390768.130117,,,
1788390805.111113,10,1,ghcr.io/talmolab/lablink-client-base-image:linux-amd64-test@sha256:1ec2fde6860186b3d45ac83890167258f83512955dbce65f072d4e8c310cb9de,0.37648844718933105,sleap-lablink-client-prod-vm-2,,,0,1788390738.0,1788390767.0,,,,,,1788390768.130938,,,
1788390805.111113,10,1,ghcr.io/talmolab/lablink-client-base-image:linux-amd64-test@sha256:1ec2fde6860186b3d45ac83890167258f83512955dbce65f072d4e8c310cb9de,0.37648844718933105,sleap-lablink-client-prod-vm-3,,,0,1788390738.0,1788390767.0,,,,,,1788390768.131762,,,
1788390805.111113,10,1,ghcr.io/talmolab/lablink-client-base-image:linux-amd64-test@sha256:1ec2fde6860186b3d45ac83890167258f83512955dbce65f072d4e8c310cb9de,0.37648844718933105,sleap-lablink-client-prod-vm-4,,,0,1788390738.0,1788390767.0,,,,,,1788390768.132688,,,
1788390805.111113,10,1,ghcr.io/talmolab/lablink-client-base-image:linux-amd64-test@sha256:1ec2fde6860186b3d45ac83890167258f83512955dbce65f072d4e8c310cb9de,0.37648844718933105,sleap-lablink-client-prod-vm-5,,,0,1788390738.0,1788390767.0,,,,,,1788390768.133418,,,
1788390805.111113,10,1,ghcr.io/talmolab/lablink-client-base-image:linux-amd64-test@sha256:1ec2fde6860186b3d45ac83890167258f83512955dbce65f072d4e8c310cb9de,0.37648844718933105,sleap-lablink-client-prod-vm-6,,,0,1788390738.0,1788390767.0,,,,,,1788390768.134149,,,
1788390805.111113,10,1,ghcr.io/talmolab/lablink-client-base-image:linux-amd64-test@sha256:1ec2fde6860186b3d45ac83890167258f83512955dbce65f072d4e8c310cb9de,0.37648844718933105,sleap-lablink-client-prod-vm-7,,,0,1788390738.0,1788390767.0,,,,,,1788390768.13509,,,
1788390805.111113,10,1,ghcr.io/talmolab/lablink-client-base-image:linux-amd64-test@sha256:1ec2fde6860186b3d45ac83890167258f83512955dbce65f072d4e8c310cb9de,0.37648844718933105,sleap-lablink-client-prod-vm-8,,,0,1788390738.0,1788390767.0,,,,,,1788390768.135877,,,
1788390805.111113,10,1,ghcr.io/talmolab/lablink-client-base-image:linux-amd64-test@sha256:1ec2fde6860186b3d45ac83890167258f83512955dbce65f072d4e8c310cb9de,0.37648844718933105,sleap-lablink-client-prod-vm-9,,,0,1788390738.0,1788390767.0,,,,,,1788390768.136603,,,
1788390810.17678,10,1,ghcr.io/talmolab/lablink-client-base-image:linux-amd64-test@sha256:1ec2fde6860186b3d45ac83890167258f83512955dbce65f072d4e8c310cb9de,0.37648844718933105,sleap-lablink-client-prod-vm-1,,,0,1788390738.0,1788390767.0,,,,,,1788390768.128852,,,
1788390810.17678,10,1,ghcr.io/talmolab/lablink-client-base-image:linux-amd64-test@sha256:1ec2fde6860186b3d45ac83890167258f83512955dbce65f072d4e8c310cb9de,0.37648844718933105,sleap-lablink-client-prod-vm-10,,,0,1788390738.0,1788390767.0,,,,,,1788390768.130117,,,
1788390810.17678,10,1,ghcr.io/talmolab/lablink-client-base-image:linux-amd64-test@sha256:1ec2fde6860186b3d45ac83890167258f83512955dbce65f072d4e8c310cb9de,0.37648844718933105,sleap-lablink-client-prod-vm-2,,,0,1788390738.0,1788390767.0,,,,,,1788390768.130938,,,
1788390810.17678,10,1,ghcr.io/talmolab/lablink-client-base-image:linux-amd64-test@sha256:1ec2fde6860186b3d45ac83890167258f83512955dbce65f072d4e8c310cb9de,0.37648844718933105,sleap-lablink-client-prod-vm-3,,,0,1788390738.0,1788390767.0,,,,,,1788390768.131762,,,
1788390810.17678,10,1,ghcr.io/talmolab/lablink-client-base-image:linux-amd64-test@sha256:1ec2fde6860186b3d45ac83890167258f83512955dbce65f072d4e8c310cb9de,0.37648844718933105,sleap-lablink-client-prod-vm-4,,,0,1788390738.0,1788390767.0,,,,,,1788390768.132688,,,
1788390810.17678,10,1,ghcr.io/talmolab/lablink-client-base-image:linux-amd64-test@sha256:1ec2fde6860186b3d45ac83890167258f83512955dbce65f072d4e8c310cb9de,0.37648844718933105,sleap-lablink-client-prod-vm-5,,,0,1788390738.0,1788390767.0,,,,,,1788390768.133418,,,
1788390810.17678,10,1,ghcr.io/talmolab/lablink-client-base-image:linux-amd64-test@sha256:1ec2fde6860186b3d45ac83890167258f83512955dbce65f072d4e8c310cb9de,0.37648844718933105,sleap-lablink-client-prod-vm-6,,,0,1788390738.0,1788390767.0,,,,,,1788390768.134149,,,
1788390810.17678,10,1,ghcr.io/talmolab/lablink-client-base-image:linux-amd64-test@sha256:1ec2fde6860186b3d45ac83890167258f83512955dbce65f072d4e8c310cb9de,0.37648844718933105,sleap-lablink-client-prod-vm-7,,,0,1788390738.0,1788390767.0,,,,,,1788390768.13509,,,
1788390810.17678,10,1,ghcr.io/talmolab/lablink-client-base-image:linux-amd64-test@sha256:1ec2fde6860186b3d45ac83890167258f83512955dbce65f072d4e8c310cb9de,0.37648844718933105,sleap-lablink-client-prod-vm-8,,,0,1788390738.0,1788390767.0,,,,,,1788390768.135877,,,
1788390810.17678,10,1,ghcr.io/talmolab/lablink-client-base-image:linux-amd64-test@sha256:1ec2fde6860186b3d45ac83890167258f83512955dbce65f072d4e8c310cb9de,0.37648844718933105,sleap-lablink-client-prod-vm-9,,,0,1788390738.0,1788390767.0,,,,,,1788390768.136603,,,
1788390815.9973629,10,1,ghcr.io/talmolab/lablink-client-base-image:linux-amd64-test@sha256:1ec2fde6860186b3d45ac83890167258f83512955dbce65f072d4e8c310cb9de,0.37648844718933105,sleap-lablink-client-prod-vm-1,,,0,1788390738.0,1788390767.0,,,,,,1788390768.128852,,,i-0d4ebb2bfcef19f31
1788390815.9973629,10,1,ghcr.io/talmolab/lablink-client-base-image:linux-amd64-test@sha256:1ec2fde6860186b3d45ac83890167258f83512955dbce65f072d4e8c310cb9de,0.37648844718933105,sleap-lablink-client-prod-vm-10,initializing,,0,1788390738.0,1788390767.0,,,,,,1788390768.130117,,1788390815.582344,i-073b86b279423b5ed
1788390815.9973629,10,1,ghcr.io/talmolab/lablink-client-base-image:linux-amd64-test@sha256:1ec2fde6860186b3d45ac83890167258f83512955dbce65f072d4e8c310cb9de,0.37648844718933105,sleap-lablink-client-prod-vm-2,,,0,1788390738.0,1788390767.0,,,,,,1788390768.130938,,,i-02f122d3eea1c2ca0
1788390815.9973629,10,1,ghcr.io/talmolab/lablink-client-base-image:linux-amd64-test@sha256:1ec2fde6860186b3d45ac83890167258f83512955dbce65f072d4e8c310cb9de,0.37648844718933105,sleap-lablink-client-prod-vm-3,,,0,1788390738.0,1788390767.0,,,,,,1788390768.131762,,,i-04f09804c45834c8a
1788390815.9973629,10,1,ghcr.io/talmolab/lablink-client-base-image:linux-amd64-test@sha256:1ec2fde6860186b3d45ac83890167258f83512955dbce65f072d4e8c310cb9de,0.37648844718933105,sleap-lablink-client-prod-vm-4,initializing,,0,1788390738.0,1788390767.0,,,,,,1788390768.132688,,1788390814.685534,i-0b5a2f80e58b1f49e
1788390815.9973629,10,1,ghcr.io/talmolab/lablink-client-base-image:linux-amd64-test@sha256:1ec2fde6860186b3d45ac83890167258f83512955dbce65f072d4e8c310cb9de,0.37648844718933105,sleap-lablink-client-prod-vm-5,,,0,1788390738.0,1788390767.0,,,,,,1788390768.133418,,,i-011c62511afd69360
1788390815.9973629,10,1,ghcr.io/talmolab/lablink-client-base-image:linux-amd64-test@sha256:1ec2fde6860186b3d45ac83890167258f83512955dbce65f072d4e8c310cb9de,0.37648844718933105,sleap-lablink-client-prod-vm-6,,,0,1788390738.0,1788390767.0,,,,,,1788390768.134149,,,i-0cceae5b4237000da
1788390815.9973629,10,1,ghcr.io/talmolab/lablink-client-base-image:linux-amd64-test@sha256:1ec2fde6860186b3d45ac83890167258f83512955dbce65f072d4e8c310cb9de,0.37648844718933105,sleap-lablink-client-prod-vm-7,initializing,,0,1788390738.0,1788390767.0,,,,,,1788390768.13509,,1788390815.52614,i-04223bbc5c5f842c7
1788390815.9973629,10,1,ghcr.io/talmolab/lablink-client-base-image:linux-amd64-test@sha256:1ec2fde6860186b3d45ac83890167258f83512955dbce65f072d4e8c310cb9de,0.37648844718933105,sleap-lablink-client-prod-vm-8,initializing,,0,1788390738.0,1788390767.0,,,,,,1788390768.135877,,1788390810.521557,i-0798ccd89f26d7cda
1788390815.9973629,10,1,ghcr.io/talmolab/lablink-client-base-image:linux-amd64-test@sha256:1ec2fde6860186b3d45ac83890167258f83512955dbce65f072d4e8c310cb9de,0.37648844718933105,sleap-lablink-client-prod-vm-9,,,0,1788390738.0,1788390767.0,,,,,,1788390768.136603,,,i-0ae3bdc8eb0227987
1788390820.03599,10,1,ghcr.io/talmolab/lablink-client-base-image:linux-amd64-test@sha256:1ec2fde6860186b3d45ac83890167258f83512955dbce65f072d4e8c310cb9de,0.37648844718933105,sleap-lablink-client-prod-vm-1,initializing,,0,1788390738.0,1788390767.0,,,,,,1788390768.128852,,1788390816.282203,i-0d4ebb2bfcef19f31
1788390820.03599,10,1,ghcr.io/talmolab/lablink-client-base-image:linux-amd64-test@sha256:1ec2fde6860186b3d45ac83890167258f83512955dbce65f072d4e8c310cb9de,0.37648844718933105,sleap-lablink-client-prod-vm-10,initializing,,0,1788390738.0,1788390767.0,,,,,,1788390768.130117,,1788390815.582344,i-073b86b279423b5ed
1788390820.03599,10,1,ghcr.io/talmolab/lablink-client-base-image:linux-amd64-test@sha256:1ec2fde6860186b3d45ac83890167258f83512955dbce65f072d4e8c310cb9de,0.37648844718933105,sleap-lablink-client-prod-vm-2,initializing,,0,1788390738.0,1788390767.0,,,,,,1788390768.130938,,1788390816.209043,i-02f122d3eea1c2ca0
1788390820.03599,10,1,ghcr.io/talmolab/lablink-client-base-image:linux-amd64-test@sha256:1ec2fde6860186b3d45ac83890167258f83512955dbce65f072d4e8c310cb9de,0.37648844718933105,sleap-lablink-client-prod-vm-3,initializing,,0,1788390738.0,1788390767.0,,,,,,1788390768.131762,,1788390816.34752,i-04f09804c45834c8a
1788390820.03599,10,1,ghcr.io/talmolab/lablink-client-base-image:linux-amd64-test@sha256:1ec2fde6860186b3d45ac83890167258f83512955dbce65f072d4e8c310cb9de,0.37648844718933105,sleap-lablink-client-prod-vm-4,initializing,,0,1788390738.0,1788390767.0,,,,,,1788390768.132688,,1788390814.685534,i-0b5a2f80e58b1f49e
1788390820.03599,10,1,ghcr.io/talmolab/lablink-client-base-image:linux-amd64-test@sha256:1ec2fde6860186b3d45ac83890167258f83512955dbce65f072d4e8c310cb9de,0.37648844718933105,sleap-lablink-client-prod-vm-5,initializing,,0,1788390738.0,1788390767.0,,,,,,1788390768.133418,,1788390816.445024,i-011c62511afd69360
1788390820.03599,10,1,ghcr.io/talmolab/lablink-client-base-image:linux-amd64-test@sha256:1ec2fde6860186b3d45ac83890167258f83512955dbce65f072d4e8c310cb9de,0.37648844718933105,sleap-lablink-client-prod-vm-6,initializing,,0,1788390738.0,1788390767.0,,,,,,1788390768.134149,,1788390816.353452,i-0cceae5b4237000da
1788390820.03599,10,1,ghcr.io/talmolab/lablink-client-base-image:linux-amd64-test@sha256:1ec2fde6860186b3d45ac83890167258f83512955dbce65f072d4e8c310cb9de,0.37648844718933105,sleap-lablink-client-prod-vm-7,initializing,,0,1788390738.0,1788390767.0,,,,,,1788390768.13509,,1788390815.52614,i-04223bbc5c5f842c7
1788390820.03599,10,1,ghcr.io/talmolab/lablink-client-base-image:linux-amd64-test@sha256:1ec2fde6860186b3d45ac83890167258f83512955dbce65f072d4e8c310cb9de,0.37648844718933105,sleap-lablink-client-prod-vm-8,initializing,,0,1788390738.0,1788390767.0,,,,,,1788390768.135877,,1788390810.521557,i-0798ccd89f26d7cda
1788390820.03599,10,1,ghcr.io/talmolab/lablink-client-base-image:linux-amd64-test@sha256:1ec2fde6860186b3d45ac83890167258f83512955dbce65f072d4e8c310cb9de,0.37648844718933105,sleap-lablink-client-prod-vm-9,initializing,,0,1788390738.0,1788390767.0,,,,,,1788390768.136603,,1788390816.171433,i-0ae3bdc8eb0227987
1788390825.083273,10,1,ghcr.io/talmolab/lablink-client-base-image:linux-amd64-test@sha256:1ec2fde6860186b3d45ac83890167258f83512955dbce65f072d4e8c310cb9de,0.37648844718933105,sleap-lablink-client-prod-vm-1,initializing,,0,1788390738.0,1788390767.0,,,,,,1788390768.128852,,1788390816.282203,i-0d4ebb2bfcef19f31
1788390825.083273,10,1,ghcr.io/talmolab/lablink-client-base-image:linux-amd64-test@sha256:1ec2fde6860186b3d45ac83890167258f83512955dbce65f072d4e8c310cb9de,0.37648844718933105,sleap-lablink-client-prod-vm-10,initializing,,0,1788390738.0,1788390767.0,,,,,,1788390768.130117,,1788390815.582344,i-073b86b279423b5ed
1788390825.083273,10,1,ghcr.io/talmolab/lablink-client-base-image:linux-amd64-test@sha256:1ec2fde6860186b3d45ac83890167258f83512955dbce65f072d4e8c310cb9de,0.37648844718933105,sleap-lablink-client-prod-vm-2,initializing,,0,1788390738.0,1788390767.0,,,,,,1788390768.130938,,1788390816.209043,i-02f122d3eea1c2ca0
1788390825.083273,10,1,ghcr.io/talmolab/lablink-client-base-image:linux-amd64-test@sha256:1ec2fde6860186b3d45ac83890167258f83512955dbce65f072d4e8c310cb9de,0.37648844718933105,sleap-lablink-client-prod-vm-3,initializing,,0,1788390738.0,1788390767.0,,,,,,1788390768.131762,,1788390816.34752,i-04f09804c45834c8a
1788390825.083273,10,1,ghcr.io/talmolab/lablink-client-base-image:linux-amd64-test@sha256:1ec2fde6860186b3d45ac83890167258f83512955dbce65f072d4e8c310cb9de,0.37648844718933105,sleap-lablink-client-prod-vm-4,initializing,,0,1788390738.0,1788390767.0,,,,,,1788390768.132688,,1788390814.685534,i-0b5a2f80e58b1f49e
1788390825.083273,10,1,ghcr.io/talmolab/lablink-client-base-image:linux-amd64-test@sha256:1ec2fde6860186b3d45ac83890167258f83512955dbce65f072d4e8c310cb9de,0.37648844718933105,sleap-lablink-client-prod-vm-5,initializing,,0,1788390738.0,1788390767.0,,,,,,1788390768.133418,,1788390816.445024,i-011c62511afd69360
1788390825.083273,10,1,ghcr.io/talmolab/lablink-client-base-image:linux-amd64-test@sha256:1ec2fde6860186b3d45ac83890167258f83512955dbce65f072d4e8c310cb9de,0.37648844718933105,sleap-lablink-client-prod-vm-6,initializing,,0,1788390738.0,1788390767.0,,,,,,1788390768.134149,,1788390816.353452,i-0cceae5b4237000da
1788390825.083273,10,1,ghcr.io/talmolab/lablink-client-base-image:linux-amd64-test@sha256:1ec2fde6860186b3d45ac83890167258f83512955dbce65f072d4e8c310cb9de,0.37648844718933105,sleap-lablink-client-prod-vm-7,initializing,,0,1788390738.0,1788390767.0,,,,,,1788390768.13509,,1788390815.52614,i-04223bbc5c5f842c7
1788390825.083273,10,1,ghcr.io/talmolab/lablink-client-base-image:linux-amd64-test@sha256:1ec2fde6860186b3d45ac83890167258f83512955dbce65f072d4e8c310cb9de,0.37648844718933105,sleap-lablink-client-prod-vm-8,initializing,,0,1788390738.0,1788390767.0,,,,,,1788390768.135877,,1788390810.521557,i-0798ccd89f26d7cda
1788390825.083273,10,1,ghcr.io/talmolab/lablink-client-base-image:linux-amd64-test@sha256:1ec2fde6860186b3d45ac83890167258f83512955dbce65f072d4e8c310cb9de,0.37648844718933105,sleap-lablink-client-prod-vm-9,initializing,,0,1788390738.0,1788390767.0,,,,,,1788390768.136603,,1788390816.171433,i-0ae3bdc8eb0227987
1788390830.052814,10,1,ghcr.io/talmolab/lablink-client-base-image:linux-amd64-test@sha256:1ec2fde6860186b3d45ac83890167258f83512955dbce65f072d4e8c310cb9de,0.37648844718933105,sleap-lablink-client-prod-vm-1,initializing,,0,1788390738.0,1788390767.0,,,,,,1788390768.128852,,1788390816.282203,i-0d4ebb2bfcef19f31
1788390830.052814,10,1,ghcr.io/talmolab/lablink-client-base-image:linux-amd64-test@sha256:1ec2fde6860186b3d45ac83890167258f83512955dbce65f072d4e8c310cb9de,0.37648844718933105,sleap-lablink-client-prod-vm-10,initializing,,0,1788390738.0,1788390767.0,,,,,,1788390768.130117,,1788390815.582344,i-073b86b279423b5ed
1788390830.052814,10,1,ghcr.io/talmolab/lablink-client-base-image:linux-amd64-test@sha256:1ec2fde6860186b3d45ac83890167258f83512955dbce65f072d4e8c310cb9de,0.37648844718933105,sleap-lablink-client-prod-vm-2,initializing,,0,1788390738.0,1788390767.0,,,,,,1788390768.130938,,1788390816.209043,i-02f122d3eea1c2ca0
1788390830.052814,10,1,ghcr.io/talmolab/lablink-client-base-image:linux-amd64-test@sha256:1ec2fde6860186b3d45ac83890167258f83512955dbce65f072d4e8c310cb9de,0.37648844718933105,sleap-lablink-client-prod-vm-3,initializing,,0,1788390738.0,1788390767.0,,,,,,1788390768.131762,,1788390816.34752,i-04f09804c45834c8a
1788390830.052814,10,1,ghcr.io/talmolab/lablink-client-base-image:linux-amd64-test@sha256:1ec2fde6860186b3d45ac83890167258f83512955dbce65f072d4e8c310cb9de,0.37648844718933105,sleap-lablink-client-prod-vm-4,initializing,,0,1788390738.0,1788390767.0,,,,,,1788390768.132688,,1788390814.685534,i-0b5a2f80e58b1f49e
1788390830.052814,10,1,ghcr.io/talmolab/lablink-client-base-image:linux-amd64-test@sha256:1ec2fde6860186b3d45ac83890167258f83512955dbce65f072d4e8c310cb9de,0.37648844718933105,sleap-lablink-client-prod-vm-5,initializing,,0,1788390738.0,1788390767.0,,,,,,1788390768.133418,,1788390816.445024,i-011c62511afd69360
1788390830.052814,10,1,ghcr.io/talmolab/lablink-client-base-image:linux-amd64-test@sha256:1ec2fde6860186b3d45ac83890167258f83512955dbce65f072d4e8c310cb9de,0.37648844718933105,sleap-lablink-client-prod-vm-6,initializing,,0,1788390738.0,1788390767.0,,,,,,1788390768.134149,,1788390816.353452,i-0cceae5b4237000da
1788390830.052814,10,1,ghcr.io/talmolab/lablink-client-base-image:linux-amd64-test@sha256:1ec2fde6860186b3d45ac83890167258f83512955dbce65f072d4e8c310cb9de,0.37648844718933105,sleap-lablink-client-prod-vm-7,initializing,,0,1788390738.0,1788390767.0,,,,,,1788390768.13509,,1788390815.52614,i-04223bbc5c5f842c7
1788390830.052814,10,1,ghcr.io/talmolab/lablink-client-base-image:linux-amd64-test@sha256:1ec2fde6860186b3d45ac83890167258f83512955dbce65f072d4e8c310cb9de,0.37648844718933105,sleap-lablink-client-prod-vm-8,initializing,,0,1788390738.0,1788390767.0,,,,,,1788390768.135877,,1788390810.521557,i-0798ccd89f26d7cda
1788390830.052814,10,1,ghcr.io/talmolab/lablink-client-base-image:linux-amd64-test@sha256:1ec2fde6860186b3d45ac83890167258f83512955dbce65f072d4e8c310cb9de,0.37648844718933105,sleap-lablink-client-prod-vm-9,initializing,,0,1788390738.0,1788390767.0,,,,,,1788390768.136603,,1788390816.171433,i-0ae3bdc8eb0227987
1788390835.06894,10,1,ghcr.io/talmolab/lablink-client-base-image:linux-amd64-test@sha256:1ec2fde6860186b3d45ac83890167258f83512955dbce65f072d4e8c310cb9de,0.37648844718933105,sleap-lablink-client-prod-vm-1,initializing,,0,1788390738.0,1788390767.0,,,,,,1788390768.128852,,1788390816.282203,i-0d4ebb2bfcef19f31
1788390835.06894,10,1,ghcr.io/talmolab/lablink-client-base-image:linux-amd64-test@sha256:1ec2fde6860186b3d45ac83890167258f83512955dbce65f072d4e8c310cb9de,0.37648844718933105,sleap-lablink-client-prod-vm-10,initializing,,0,1788390738.0,1788390767.0,,,,,,1788390768.130117,,1788390815.582344,i-073b86b279423b5ed
1788390835.06894,10,1,ghcr.io/talmolab/lablink-client-base-image:linux-amd64-test@sha256:1ec2fde6860186b3d45ac83890167258f83512955dbce65f072d4e8c310cb9de,0.37648844718933105,sleap-lablink-client-prod-vm-2,initializing,,0,1788390738.0,1788390767.0,,,,,,1788390768.130938,,1788390816.209043,i-02f122d3eea1c2ca0
1788390835.06894,10,1,ghcr.io/talmolab/lablink-client-base-image:linux-amd64-test@sha256:1ec2fde6860186b3d45ac83890167258f83512955dbce65f072d4e8c310cb9de,0.37648844718933105,sleap-lablink-client-prod-vm-3,initializing,,0,1788390738.0,1788390767.0,,,,,,1788390768.131762,,1788390816.34752,i-04f09804c45834c8a
1788390835.06894,10,1,ghcr.io/talmolab/lablink-client-base-image:linux-amd64-test@sha256:1ec2fde6860186b3d45ac83890167258f83512955dbce65f072d4e8c310cb9de,0.37648844718933105,sleap-lablink-client-prod-vm-4,initializing,,0,1788390738.0,1788390767.0,,,,,,1788390768.132688,,1788390814.685534,i-0b5a2f80e58b1f49e
1788390835.06894,10,1,ghcr.io/talmolab/lablink-client-base-image:linux-amd64-test@sha256:1ec2fde6860186b3d45ac83890167258f83512955dbce65f072d4e8c310cb9de,0.37648844718933105,sleap-lablink-client-prod-vm-5,initializing,,0,1788390738.0,1788390767.0,,,,,,1788390768.133418,,1788390816.445024,i-011c62511afd69360
1788390835.06894,10,1,ghcr.io/talmolab/lablink-client-base-image:linux-amd64-test@sha256:1ec2fde6860186b3d45ac83890167258f83512955dbce65f072d4e8c310cb9de,0.37648844718933105,sleap-lablink-client-prod-vm-6,initializing,,0,1788390738.0,1788390767.0,,,,,,1788390768.134149,,1788390816.353452,i-0cceae5b4237000da
1788390835.06894,10,1,ghcr.io/talmolab/lablink-client-base-image:linux-amd64-test@sha256:1ec2fde6860186b3d45ac83890167258f83512955dbce65f072d4e8c310cb9de,0.37648844718933105,sleap-lablink-client-prod-vm-7,initializing,,0,1788390738.0,1788390767.0,,,,,,1788390768.13509,,1788390815.52614,i-04223bbc5c5f842c7
1788390835.06894,10,1,ghcr.io/talmolab/lablink-client-base-image:linux-amd64-test@sha256:1ec2fde6860186b3d45ac83890167258f83512955dbce65f072d4e8c310cb9de,0.37648844718933105,sleap-lablink-client-prod-vm-8,initializing,,0,1788390738.0,1788390767.0,,,,,,1788390768.135877,,1788390810.521557,i-0798ccd89f26d7cda
1788390835.06894,10,1,ghcr.io/talmolab/lablink-client-base-image:linux-amd64-test@sha256:1ec2fde6860186b3d45ac83890167258f83512955dbce65f072d4e8c310cb9de,0.37648844718933105,sleap-lablink-client-prod-vm-9,initializing,,0,1788390738.0,1788390767.0,,,,,,1788390768.136603,,1788390816.171433,i-0ae3bdc8eb0227987
1788390840.107648,10,1,ghcr.io/talmolab/lablink-client-base-image:linux-amd64-test@sha256:1ec2fde6860186b3d45ac83890167258f83512955dbce65f072d4e8c310cb9de,0.37648844718933105,sleap-lablink-client-prod-vm-1,error,,0,1788390738.0,1788390767.0,,,,,,1788390768.128852,,1788390838.655825,i-0d4ebb2bfcef19f31
1788390840.107648,10,1,ghcr.io/talmolab/lablink-client-base-image:linux-amd64-test@sha256:1ec2fde6860186b3d45ac83890167258f83512955dbce65f072d4e8c310cb9de,0.37648844718933105,sleap-lablink-client-prod-vm-10,error,,0,1788390738.0,1788390767.0,,,,,,1788390768.130117,,1788390836.194821,i-073b86b279423b5ed
1788390840.107648,10,1,ghcr.io/talmolab/lablink-client-base-image:linux-amd64-test@sha256:1ec2fde6860186b3d45ac83890167258f83512955dbce65f072d4e8c310cb9de,0.37648844718933105,sleap-lablink-client-prod-vm-2,initializing,,0,1788390738.0,1788390767.0,,,,,,1788390768.130938,,1788390816.209043,i-02f122d3eea1c2ca0
1788390840.107648,10,1,ghcr.io/talmolab/lablink-client-base-image:linux-amd64-test@sha256:1ec2fde6860186b3d45ac83890167258f83512955dbce65f072d4e8c310cb9de,0.37648844718933105,sleap-lablink-client-prod-vm-3,initializing,,0,1788390738.0,1788390767.0,,,,,,1788390768.131762,,1788390816.34752,i-04f09804c45834c8a
1788390840.107648,10,1,ghcr.io/talmolab/lablink-client-base-image:linux-amd64-test@sha256:1ec2fde6860186b3d45ac83890167258f83512955dbce65f072d4e8c310cb9de,0.37648844718933105,sleap-lablink-client-prod-vm-4,initializing,,0,1788390738.0,1788390767.0,,,,,,1788390768.132688,,1788390814.685534,i-0b5a2f80e58b1f49e
1788390840.107648,10,1,ghcr.io/talmolab/lablink-client-base-image:linux-amd64-test@sha256:1ec2fde6860186b3d45ac83890167258f83512955dbce65f072d4e8c310cb9de,0.37648844718933105,sleap-lablink-client-prod-vm-5,initializing,,0,1788390738.0,1788390767.0,,,,,,1788390768.133418,,1788390816.445024,i-011c62511afd69360
1788390840.107648,10,1,ghcr.io/talmolab/lablink-client-base-image:linux-amd64-test@sha256:1ec2fde6860186b3d45ac83890167258f83512955dbce65f072d4e8c310cb9de,0.37648844718933105,sleap-lablink-client-prod-vm-6,initializing,,0,1788390738.0,1788390767.0,,,,,,1788390768.134149,,1788390816.353452,i-0cceae5b4237000da
1788390840.107648,10,1,ghcr.io/talmolab/lablink-client-base-image:linux-amd64-test@sha256:1ec2fde6860186b3d45ac83890167258f83512955dbce65f072d4e8c310cb9de,0.37648844718933105,sleap-lablink-client-prod-vm-7,initializing,,0,1788390738.0,1788390767.0,,,,,,1788390768.13509,,1788390815.52614,i-04223bbc5c5f842c7
1788390840.107648,10,1,ghcr.io/talmolab/lablink-client-base-image:linux-amd64-test@sha256:1ec2fde6860186b3d45ac83890167258f83512955dbce65f072d4e8c310cb9de,0.37648844718933105,sleap-lablink-client-prod-vm-8,initializing,,0,1788390738.0,1788390767.0,,,,,,1788390768.135877,,1788390810.521557,i-0798ccd89f26d7cda
1788390840.107648,10,1,ghcr.io/talmolab/lablink-client-base-image:linux-amd64-test@sha256:1ec2fde6860186b3d45ac83890167258f83512955dbce65f072d4e8c310cb9de,0.37648844718933105,sleap-lablink-client-prod-vm-9,initializing,,0,1788390738.0,1788390767.0,,,,,,1788390768.136603,,1788390816.171433,i-0ae3bdc8eb0227987
1788390845.177946,10,1,ghcr.io/talmolab/lablink-client-base-image:linux-amd64-test@sha256:1ec2fde6860186b3d45ac83890167258f83512955dbce65f072d4e8c310cb9de,0.37648844718933105,sleap-lablink-client-prod-vm-1,error,,0,1788390738.0,1788390767.0,,,,,,1788390768.128852,,1788390838.655825,i-0d4ebb2bfcef19f31
1788390845.177946,10,1,ghcr.io/talmolab/lablink-client-base-image:linux-amd64-test@sha256:1ec2fde6860186b3d45ac83890167258f83512955dbce65f072d4e8c310cb9de,0.37648844718933105,sleap-lablink-client-prod-vm-10,error,,0,1788390738.0,1788390767.0,,,,,,1788390768.130117,,1788390836.194821,i-073b86b279423b5ed
1788390845.177946,10,1,ghcr.io/talmolab/lablink-client-base-image:linux-amd64-test@sha256:1ec2fde6860186b3d45ac83890167258f83512955dbce65f072d4e8c310cb9de,0.37648844718933105,sleap-lablink-client-prod-vm-2,initializing,,0,1788390738.0,1788390767.0,,,,,,1788390768.130938,,1788390816.209043,i-02f122d3eea1c2ca0
1788390845.177946,10,1,ghcr.io/talmolab/lablink-client-base-image:linux-amd64-test@sha256:1ec2fde6860186b3d45ac83890167258f83512955dbce65f072d4e8c310cb9de,0.37648844718933105,sleap-lablink-client-prod-vm-3,initializing,,0,1788390738.0,1788390767.0,,,,,,1788390768.131762,,1788390816.34752,i-04f09804c45834c8a
1788390845.177946,10,1,ghcr.io/talmolab/lablink-client-base-image:linux-amd64-test@sha256:1ec2fde6860186b3d45ac83890167258f83512955dbce65f072d4e8c310cb9de,0.37648844718933105,sleap-lablink-client-prod-vm-4,initializing,,0,1788390738.0,1788390767.0,,,,,,1788390768.132688,,1788390814.685534,i-0b5a2f80e58b1f49e
1788390845.177946,10,1,ghcr.io/talmolab/lablink-client-base-image:linux-amd64-test@sha256:1ec2fde6860186b3d45ac83890167258f83512955dbce65f072d4e8c310cb9de,0.37648844718933105,sleap-lablink-client-prod-vm-5,initializing,,0,1788390738.0,1788390767.0,,,,,,1788390768.133418,,1788390816.445024,i-011c62511afd69360
1788390845.177946,10,1,ghcr.io/talmolab/lablink-client-base-image:linux-amd64-test@sha256:1ec2fde6860186b3d45ac83890167258f83512955dbce65f072d4e8c310cb9de,0.37648844718933105,sleap-lablink-client-prod-vm-6,initializing,,0,1788390738.0,1788390767.0,,,,,,1788390768.134149,,1788390816.353452,i-0cceae5b4237000da
1788390845.177946,10,1,ghcr.io/talmolab/lablink-client-base-image:linux-amd64-test@sha256:1ec2fde6860186b3d45ac83890167258f83512955dbce65f072d4e8c310cb9de,0.37648844718933105,sleap-lablink-client-prod-vm-7,initializing,,0,1788390738.0,1788390767.0,,,,,,1788390768.13509,,1788390815.52614,i-04223bbc5c5f842c7
1788390845.177946,10,1,ghcr.io/talmolab/lablink-client-base-image:linux-amd64-test@sha256:1ec2fde6860186b3d45ac83890167258f83512955dbce65f072d4e8c310cb9de,0.37648844718933105,sleap-lablink-client-prod-vm-8,initializing,,0,1788390738.0,1788390767.0,,,,,,1788390768.135877,,1788390810.521557,i-0798ccd89f26d7cda
1788390845.177946,10,1,ghcr.io/talmolab/lablink-client-base-image:linux-amd64-test@sha256:1ec2fde6860186b3d45ac83890167258f83512955dbce65f072d4e8c310cb9de,0.37648844718933105,sleap-lablink-client-prod-vm-9,initializing,,0,1788390738.0,1788390767.0,,,,,,1788390768.136603,,1788390816.171433,i-0ae3bdc8eb0227987
1788390850.073323,10,1,ghcr.io/talmolab/lablink-client-base-image:linux-amd64-test@sha256:1ec2fde6860186b3d45ac83890167258f83512955dbce65f072d4e8c310cb9de,0.37648844718933105,sleap-lablink-client-prod-vm-1,error,,0,1788390738.0,1788390767.0,,,,,,1788390768.128852,,1788390838.655825,i-0d4ebb2bfcef19f31
1788390850.073323,10,1,ghcr.io/talmolab/lablink-client-base-image:linux-amd64-test@sha256:1ec2fde6860186b3d45ac83890167258f83512955dbce65f072d4e8c310cb9de,0.37648844718933105,sleap-lablink-client-prod-vm-10,error,,0,1788390738.0,1788390767.0,,,,,,1788390768.130117,,1788390836.194821,i-073b86b279423b5ed
1788390850.073323,10,1,ghcr.io/talmolab/lablink-client-base-image:linux-amd64-test@sha256:1ec2fde6860186b3d45ac83890167258f83512955dbce65f072d4e8c310cb9de,0.37648844718933105,sleap-lablink-client-prod-vm-2,initializing,,0,1788390738.0,1788390767.0,,,,,,1788390768.130938,,1788390816.209043,i-02f122d3eea1c2ca0
1788390850.073323,10,1,ghcr.io/talmolab/lablink-client-base-image:linux-amd64-test@sha256:1ec2fde6860186b3d45ac83890167258f83512955dbce65f072d4e8c310cb9de,0.37648844718933105,sleap-lablink-client-prod-vm-3,initializing,,0,1788390738.0,1788390767.0,,,,,,1788390768.131762,,1788390816.34752,i-04f09804c45834c8a
1788390850.073323,10,1,ghcr.io/talmolab/lablink-client-base-image:linux-amd64-test@sha256:1ec2fde6860186b3d45ac83890167258f83512955dbce65f072d4e8c310cb9de,0.37648844718933105,sleap-lablink-client-prod-vm-4,initializing,,0,1788390738.0,1788390767.0,,,,,,1788390768.132688,,1788390814.685534,i-0b5a2f80e58b1f49e
1788390850.073323,10,1,ghcr.io/talmolab/lablink-client-base-image:linux-amd64-test@sha256:1ec2fde6860186b3d45ac83890167258f83512955dbce65f072d4e8c310cb9de,0.37648844718933105,sleap-lablink-client-prod-vm-5,initializing,,0,1788390738.0,1788390767.0,,,,,,1788390768.133418,,1788390816.445024,i-011c62511afd69360
1788390850.073323,10,1,ghcr.io/talmolab/lablink-client-base-image:linux-amd64-test@sha256:1ec2fde6860186b3d45ac83890167258f83512955dbce65f072d4e8c310cb9de,0.37648844718933105,sleap-lablink-client-prod-vm-6,initializing,,0,1788390738.0,1788390767.0,,,,,,1788390768.134149,,1788390816.353452,i-0cceae5b4237000da
1788390850.073323,10,1,ghcr.io/talmolab/lablink-client-base-image:linux-amd64-test@sha256:1ec2fde6860186b3d45ac83890167258f83512955dbce65f072d4e8c310cb9de,0.37648844718933105,sleap-lablink-client-prod-vm-7,initializing,,0,1788390738.0,1788390767.0,,,,,,1788390768.13509,,1788390815.52614,i-04223bbc5c5f842c7
1788390850.073323,10,1,ghcr.io/talmolab/lablink-client-base-image:linux-amd64-test@sha256:1ec2fde6860186b3d45ac83890167258f83512955dbce65f072d4e8c310cb9de,0.37648844718933105,sleap-lablink-client-prod-vm-8,initializing,,0,1788390738.0,1788390767.0,,,,,,1788390768.135877,,1788390810.521557,i-0798ccd89f26d7cda
1788390850.073323,10,1,ghcr.io/talmolab/lablink-client-base-image:linux-amd64-test@sha256:1ec2fde6860186b3d45ac83890167258f83512955dbce65f072d4e8c310cb9de,0.37648844718933105,sleap-lablink-client-prod-vm-9,initializing,,0,1788390738.0,1788390767.0,,,,,,1788390768.136603,,1788390816.171433,i-0ae3bdc8eb0227987
1788390855.129479,10,1,ghcr.io/talmolab/lablink-client-base-image:linux-amd64-test@sha256:1ec2fde6860186b3d45ac83890167258f83512955dbce65f072d4e8c310cb9de,0.37648844718933105,sleap-lablink-client-prod-vm-1,error,,0,1788390738.0,1788390767.0,,,,,,1788390768.128852,,1788390838.655825,i-0d4ebb2bfcef19f31
1788390855.129479,10,1,ghcr.io/talmolab/lablink-client-base-image:linux-amd64-test@sha256:1ec2fde6860186b3d45ac83890167258f83512955dbce65f072d4e8c310cb9de,0.37648844718933105,sleap-lablink-client-prod-vm-10,error,,0,1788390738.0,1788390767.0,,,,,,1788390768.130117,,1788390836.194821,i-073b86b279423b5ed
1788390855.129479,10,1,ghcr.io/talmolab/lablink-client-base-image:linux-amd64-test@sha256:1ec2fde6860186b3d45ac83890167258f83512955dbce65f072d4e8c310cb9de,0.37648844718933105,sleap-lablink-client-prod-vm-2,initializing,,0,1788390738.0,1788390767.0,,,,,,1788390768.130938,,1788390816.209043,i-02f122d3eea1c2ca0
1788390855.129479,10,1,ghcr.io/talmolab/lablink-client-base-image:linux-amd64-test@sha256:1ec2fde6860186b3d45ac83890167258f83512955dbce65f072d4e8c310cb9de,0.37648844718933105,sleap-lablink-client-prod-vm-3,initializing,,0,1788390738.0,1788390767.0,,,,,,1788390768.131762,,1788390816.34752,i-04f09804c45834c8a
1788390855.129479,10,1,ghcr.io/talmolab/lablink-client-base-image:linux-amd64-test@sha256:1ec2fde6860186b3d45ac83890167258f83512955dbce65f072d4e8c310cb9de,0.37648844718933105,sleap-lablink-client-prod-vm-4,initializing,,0,1788390738.0,1788390767.0,,,,,,1788390768.132688,,1788390814.685534,i-0b5a2f80e58b1f49e
1788390855.129479,10,1,ghcr.io/talmolab/lablink-client-base-image:linux-amd64-test@sha256:1ec2fde6860186b3d45ac83890167258f83512955dbce65f072d4e8c310cb9de,0.37648844718933105,sleap-lablink-client-prod-vm-5,initializing,,0,1788390738.0,1788390767.0,,,,,,1788390768.133418,,1788390816.445024,i-011c62511afd69360
1788390855.129479,10,1,ghcr.io/talmolab/lablink-client-base-image:linux-amd64-test@sha256:1ec2fde6860186b3d45ac83890167258f83512955dbce65f072d4e8c310cb9de,0.37648844718933105,sleap-lablink-client-prod-vm-6,initializing,,0,1788390738.0,1788390767.0,,,,,,1788390768.134149,,1788390816.353452,i-0cceae5b4237000da
1788390855.129479,10,1,ghcr.io/talmolab/lablink-client-base-image:linux-amd64-test@sha256:1ec2fde6860186b3d45ac83890167258f83512955dbce65f072d4e8c310cb9de,0.37648844718933105,sleap-lablink-client-prod-vm-7,initializing,,0,1788390738.0,1788390767.0,,,,,,1788390768.13509,,1788390815.52614,i-04223bbc5c5f842c7
1788390855.129479,10,1,ghcr.io/talmolab/lablink-client-base-image:linux-amd64-test@sha256:1ec2fde6860186b3d45ac83890167258f83512955dbce65f072d4e8c310cb9de,0.37648844718933105,sleap-lablink-client-prod-vm-8,initializing,,0,1788390738.0,1788390767.0,,,,,,1788390768.135877,,1788390810.521557,i-0798ccd89f26d7cda
1788390855.129479,10,1,ghcr.io/talmolab/lablink-client-base-image:linux-amd64-test@sha256:1ec2fde6860186b3d45ac83890167258f83512955dbce65f072d4e8c310cb9de,0.37648844718933105,sleap-lablink-client-prod-vm-9,initializing,,0,1788390738.0,1788390767.0,,,,,,1788390768.136603,,1788390816.171433,i-0ae3bdc8eb0227987
1788390860.0366359,10,1,ghcr.io/talmolab/lablink-client-base-image:linux-amd64-test@sha256:1ec2fde6860186b3d45ac83890167258f83512955dbce65f072d4e8c310cb9de,0.37648844718933105,sleap-lablink-client-prod-vm-1,error,,0,1788390738.0,1788390767.0,,,,,,1788390768.128852,,1788390838.655825,i-0d4ebb2bfcef19f31
1788390860.0366359,10,1,ghcr.io/talmolab/lablink-client-base-image:linux-amd64-test@sha256:1ec2fde6860186b3d45ac83890167258f83512955dbce65f072d4e8c310cb9de,0.37648844718933105,sleap-lablink-client-prod-vm-10,error,,0,1788390738.0,1788390767.0,,,,,,1788390768.130117,,1788390836.194821,i-073b86b279423b5ed
1788390860.0366359,10,1,ghcr.io/talmolab/lablink-client-base-image:linux-amd64-test@sha256:1ec2fde6860186b3d45ac83890167258f83512955dbce65f072d4e8c310cb9de,0.37648844718933105,sleap-lablink-client-prod-vm-2,initializing,,0,1788390738.0,1788390767.0,,,,,,1788390768.130938,,1788390816.209043,i-02f122d3eea1c2ca0
1788390860.0366359,10,1,ghcr.io/talmolab/lablink-client-base-image:linux-amd64-test@sha256:1ec2fde6860186b3d45ac83890167258f83512955dbce65f072d4e8c310cb9de,0.37648844718933105,sleap-lablink-client-prod-vm-3,initializing,,0,1788390738.0,1788390767.0,,,,,,1788390768.131762,,1788390816.34752,i-04f09804c45834c8a
1788390860.0366359,10,1,ghcr.io/talmolab/lablink-client-base-image:linux-amd64-test@sha256:1ec2fde6860186b3d45ac83890167258f83512955dbce65f072d4e8c310cb9de,0.37648844718933105,sleap-lablink-client-prod-vm-4,initializing,,0,1788390738.0,1788390767.0,,,,,,1788390768.132688,,1788390814.685534,i-0b5a2f80e58b1f49e
1788390860.0366359,10,1,ghcr.io/talmolab/lablink-client-base-image:linux-amd64-test@sha256:1ec2fde6860186b3d45ac83890167258f83512955dbce65f072d4e8c310cb9de,0.37648844718933105,sleap-lablink-client-prod-vm-5,initializing,,0,1788390738.0,1788390767.0,,,,,,1788390768.133418,,1788390816.445024,i-011c62511afd69360
1788390860.0366359,10,1,ghcr.io/talmolab/lablink-client-base-image:linux-amd64-test@sha256:1ec2fde6860186b3d45ac83890167258f83512955dbce65f072d4e8c310cb9de,0.37648844718933105,sleap-lablink-client-prod-vm-6,initializing,,0,1788390738.0,1788390767.0,,,,,,1788390768.134149,,1788390816.353452,i-0cceae5b4237000da
1788390860.0366359,10,1,ghcr.io/talmolab/lablink-client-base-image:linux-amd64-test@sha256:1ec2fde6860186b3d45ac83890167258f83512955dbce65f072d4e8c310cb9de,0.37648844718933105,sleap-lablink-client-prod-vm-7,initializing,,0,1788390738.0,1788390767.0,,,,,,1788390768.13509,,1788390815.52614,i-04223bbc5c5f842c7
1788390860.0366359,10,1,ghcr.io/talmolab/lablink-client-base-image:linux-amd64-test@sha256:1ec2fde6860186b3d45ac83890167258f83512955dbce65f072d4e8c310cb9de,0.37648844718933105,sleap-lablink-client-prod-vm-8,initializing,,0,1788390738.0,1788390767.0,,,,,,1788390768.135877,,1788390810.521557,i-0798ccd89f26d7cda
1788390860.0366359,10,1,ghcr.io/talmolab/lablink-client-base-image:linux-amd64-test@sha256:1ec2fde6860186b3d45ac83890167258f83512955dbce65f072d4e8c310cb9de,0.37648844718933105,sleap-lablink-client-prod-vm-9,initializing,,0,1788390738.0,1788390767.0,,,,,,1788390768.136603,,1788390816.171433,i-0ae3bdc8eb0227987
1788390865.093313,10,1,ghcr.io/talmolab/lablink-client-base-image:linux-amd64-test@sha256:1ec2fde6860186b3d45ac83890167258f83512955dbce65f072d4e8c310cb9de,0.37648844718933105,sleap-lablink-client-prod-vm-1,error,,0,1788390738.0,1788390767.0,,,,,,1788390768.128852,,1788390838.655825,i-0d4ebb2bfcef19f31
1788390865.093313,10,1,ghcr.io/talmolab/lablink-client-base-image:linux-amd64-test@sha256:1ec2fde6860186b3d45ac83890167258f83512955dbce65f072d4e8c310cb9de,0.37648844718933105,sleap-lablink-client-prod-vm-10,error,,0,1788390738.0,1788390767.0,,,,,,1788390768.130117,,1788390836.194821,i-073b86b279423b5ed
1788390865.093313,10,1,ghcr.io/talmolab/lablink-client-base-image:linux-amd64-test@sha256:1ec2fde6860186b3d45ac83890167258f83512955dbce65f072d4e8c310cb9de,0.37648844718933105,sleap-lablink-client-prod-vm-2,initializing,,0,1788390738.0,1788390767.0,,,,,,1788390768.130938,,1788390816.209043,i-02f122d3eea1c2ca0
1788390865.093313,10,1,ghcr.io/talmolab/lablink-client-base-image:linux-amd64-test@sha256:1ec2fde6860186b3d45ac83890167258f83512955dbce65f072d4e8c310cb9de,0.37648844718933105,sleap-lablink-client-prod-vm-3,initializing,,0,1788390738.0,1788390767.0,,,,,,1788390768.131762,,1788390816.34752,i-04f09804c45834c8a
1788390865.093313,10,1,ghcr.io/talmolab/lablink-client-base-image:linux-amd64-test@sha256:1ec2fde6860186b3d45ac83890167258f83512955dbce65f072d4e8c310cb9de,0.37648844718933105,sleap-lablink-client-prod-vm-4,initializing,,0,1788390738.0,1788390767.0,,,,,,1788390768.132688,,1788390814.685534,i-0b5a2f80e58b1f49e
1788390865.093313,10,1,ghcr.io/talmolab/lablink-client-base-image:linux-amd64-test@sha256:1ec2fde6860186b3d45ac83890167258f83512955dbce65f072d4e8c310cb9de,0.37648844718933105,sleap-lablink-client-prod-vm-5,initializing,,0,1788390738.0,1788390767.0,,,,,,1788390768.133418,,1788390816.445024,i-011c62511afd69360
1788390865.093313,10,1,ghcr.io/talmolab/lablink-client-base-image:linux-amd64-test@sha256:1ec2fde6860186b3d45ac83890167258f83512955dbce65f072d4e8c310cb9de,0.37648844718933105,sleap-lablink-client-prod-vm-6,initializing,,0,1788390738.0,1788390767.0,,,,,,1788390768.134149,,1788390816.353452,i-0cceae5b4237000da
1788390865.093313,10,1,ghcr.io/talmolab/lablink-client-base-image:linux-amd64-test@sha256:1ec2fde6860186b3d45ac83890167258f83512955dbce65f072d4e8c310cb9de,0.37648844718933105,sleap-lablink-client-prod-vm-7,initializing,,0,1788390738.0,1788390767.0,,,,,,1788390768.13509,,1788390815.52614,i-04223bbc5c5f842c7
1788390865.093313,10,1,ghcr.io/talmolab/lablink-client-base-image:linux-amd64-test@sha256:1ec2fde6860186b3d45ac83890167258f83512955dbce65f072d4e8c310cb9de,0.37648844718933105,sleap-lablink-client-prod-vm-8,initializing,,0,1788390738.0,1788390767.0,,,,,,1788390768.135877,,1788390810.521557,i-0798ccd89f26d7cda
1788390865.093313,10,1,ghcr.io/talmolab/lablink-client-base-image:linux-amd64-test@sha256:1ec2fde6860186b3d45ac83890167258f83512955dbce65f072d4e8c310cb9de,0.37648844718933105,sleap-lablink-client-prod-vm-9,initializing,,0,1788390738.0,1788390767.0,,,,,,1788390768.136603,,1788390816.171433,i-0ae3bdc8eb0227987
1788390870.116423,10,1,ghcr.io/talmolab/lablink-client-base-image:linux-amd64-test@sha256:1ec2fde6860186b3d45ac83890167258f83512955dbce65f072d4e8c310cb9de,0.37648844718933105,sleap-lablink-client-prod-vm-1,error,,0,1788390738.0,1788390767.0,,,,,,1788390768.128852,,1788390838.655825,i-0d4ebb2bfcef19f31
1788390870.116423,10,1,ghcr.io/talmolab/lablink-client-base-image:linux-amd64-test@sha256:1ec2fde6860186b3d45ac83890167258f83512955dbce65f072d4e8c310cb9de,0.37648844718933105,sleap-lablink-client-prod-vm-10,error,,0,1788390738.0,1788390767.0,,,,,,1788390768.130117,,1788390836.194821,i-073b86b279423b5ed
1788390870.116423,10,1,ghcr.io/talmolab/lablink-client-base-image:linux-amd64-test@sha256:1ec2fde6860186b3d45ac83890167258f83512955dbce65f072d4e8c310cb9de,0.37648844718933105,sleap-lablink-client-prod-vm-2,initializing,,0,1788390738.0,1788390767.0,,,,,,1788390768.130938,,1788390816.209043,i-02f122d3eea1c2ca0
1788390870.116423,10,1,ghcr.io/talmolab/lablink-client-base-image:linux-amd64-test@sha256:1ec2fde6860186b3d45ac83890167258f83512955dbce65f072d4e8c310cb9de,0.37648844718933105,sleap-lablink-client-prod-vm-3,initializing,,0,1788390738.0,1788390767.0,,,,,,1788390768.131762,,1788390816.34752,i-04f09804c45834c8a
1788390870.116423,10,1,ghcr.io/talmolab/lablink-client-base-image:linux-amd64-test@sha256:1ec2fde6860186b3d45ac83890167258f83512955dbce65f072d4e8c310cb9de,0.37648844718933105,sleap-lablink-client-prod-vm-4,initializing,,0,1788390738.0,1788390767.0,,,,,,1788390768.132688,,1788390814.685534,i-0b5a2f80e58b1f49e
1788390870.116423,10,1,ghcr.io/talmolab/lablink-client-base-image:linux-amd64-test@sha256:1ec2fde6860186b3d45ac83890167258f83512955dbce65f072d4e8c310cb9de,0.37648844718933105,sleap-lablink-client-prod-vm-5,initializing,,0,1788390738.0,1788390767.0,,,,,,1788390768.133418,,1788390816.445024,i-011c62511afd69360
1788390870.116423,10,1,ghcr.io/talmolab/lablink-client-base-image:linux-amd64-test@sha256:1ec2fde6860186b3d45ac83890167258f83512955dbce65f072d4e8c310cb9de,0.37648844718933105,sleap-lablink-client-prod-vm-6,initializing,,0,1788390738.0,1788390767.0,,,,,,1788390768.134149,,1788390816.353452,i-0cceae5b4237000da
1788390870.116423,10,1,ghcr.io/talmolab/lablink-client-base-image:linux-amd64-test@sha256:1ec2fde6860186b3d45ac83890167258f83512955dbce65f072d4e8c310cb9de,0.37648844718933105,sleap-lablink-client-prod-vm-7,initializing,,0,1788390738.0,1788390767.0,,,,,,1788390768.13509,,1788390815.52614,i-04223bbc5c5f842c7
1788390870.116423,10,1,ghcr.io/talmolab/lablink-client-base-image:linux-amd64-test@sha256:1ec2fde6860186b3d45ac83890167258f83512955dbce65f072d4e8c310cb9de,0.37648844718933105,sleap-lablink-client-prod-vm-8,initializing,,0,1788390738.0,1788390767.0,,,,,,1788390768.135877,,1788390810.521557,i-0798ccd89f26d7cda
1788390870.116423,10,1,ghcr.io/talmolab/lablink-client-base-image:linux-amd64-test@sha256:1ec2fde6860186b3d45ac83890167258f83512955dbce65f072d4e8c310cb9de,0.37648844718933105,sleap-lablink-client-prod-vm-9,initializing,,0,1788390738.0,1788390767.0,,,,,,1788390768.136603,,1788390816.171433,i-0ae3bdc8eb0227987
1788390875.089469,10,1,ghcr.io/talmolab/lablink-client-base-image:linux-amd64-test@sha256:1ec2fde6860186b3d45ac83890167258f83512955dbce65f072d4e8c310cb9de,0.37648844718933105,sleap-lablink-client-prod-vm-1,error,,0,1788390738.0,1788390767.0,,,,,,1788390768.128852,,1788390838.655825,i-0d4ebb2bfcef19f31
1788390875.089469,10,1,ghcr.io/talmolab/lablink-client-base-image:linux-amd64-test@sha256:1ec2fde6860186b3d45ac83890167258f83512955dbce65f072d4e8c310cb9de,0.37648844718933105,sleap-lablink-client-prod-vm-10,error,,0,1788390738.0,1788390767.0,,,,,,1788390768.130117,,1788390836.194821,i-073b86b279423b5ed
1788390875.089469,10,1,ghcr.io/talmolab/lablink-client-base-image:linux-amd64-test@sha256:1ec2fde6860186b3d45ac83890167258f83512955dbce65f072d4e8c310cb9de,0.37648844718933105,sleap-lablink-client-prod-vm-2,initializing,,0,1788390738.0,1788390767.0,,,,,,1788390768.130938,,1788390816.209043,i-02f122d3eea1c2ca0
1788390875.089469,10,1,ghcr.io/talmolab/lablink-client-base-image:linux-amd64-test@sha256:1ec2fde6860186b3d45ac83890167258f83512955dbce65f072d4e8c310cb9de,0.37648844718933105,sleap-lablink-client-prod-vm-3,initializing,,0,1788390738.0,1788390767.0,,,,,,1788390768.131762,,1788390816.34752,i-04f09804c45834c8a
1788390875.089469,10,1,ghcr.io/talmolab/lablink-client-base-image:linux-amd64-test@sha256:1ec2fde6860186b3d45ac83890167258f83512955dbce65f072d4e8c310cb9de,0.37648844718933105,sleap-lablink-client-prod-vm-4,initializing,,0,1788390738.0,1788390767.0,,,,,,1788390768.132688,,1788390814.685534,i-0b5a2f80e58b1f49e
1788390875.089469,10,1,ghcr.io/talmolab/lablink-client-base-image:linux-amd64-test@sha256:1ec2fde6860186b3d45ac83890167258f83512955dbce65f072d4e8c310cb9de,0.37648844718933105,sleap-lablink-client-prod-vm-5,initializing,,0,1788390738.0,1788390767.0,,,,,,1788390768.133418,,1788390816.445024,i-011c62511afd69360
1788390875.089469,10,1,ghcr.io/talmolab/lablink-client-base-image:linux-amd64-test@sha256:1ec2fde6860186b3d45ac83890167258f83512955dbce65f072d4e8c310cb9de,0.37648844718933105,sleap-lablink-client-prod-vm-6,initializing,,0,1788390738.0,1788390767.0,,,,,,1788390768.134149,,1788390816.353452,i-0cceae5b4237000da
1788390875.089469,10,1,ghcr.io/talmolab/lablink-client-base-image:linux-amd64-test@sha256:1ec2fde6860186b3d45ac83890167258f83512955dbce65f072d4e8c310cb9de,0.37648844718933105,sleap-lablink-client-prod-vm-7,initializing,,0,1788390738.0,1788390767.0,,,,,,1788390768.13509,,1788390815.52614,i-04223bbc5c5f842c7
1788390875.089469,10,1,ghcr.io/talmolab/lablink-client-base-image:linux-amd64-test@sha256:1ec2fde6860186b3d45ac83890167258f83512955dbce65f072d4e8c310cb9de,0.37648844718933105,sleap-lablink-client-prod-vm-8,initializing,,0,1788390738.0,1788390767.0,,,,,,1788390768.135877,,1788390810.521557,i-0798ccd89f26d7cda
1788390875.089469,10,1,ghcr.io/talmolab/lablink-client-base-image:linux-amd64-test@sha256:1ec2fde6860186b3d45ac83890167258f83512955dbce65f072d4e8c310cb9de,0.37648844718933105,sleap-lablink-client-prod-vm-9,initializing,,0,1788390738.0,1788390767.0,,,,,,1788390768.136603,,1788390816.171433,i-0ae3bdc8eb0227987
1788390880.098774,10,1,ghcr.io/talmolab/lablink-client-base-image:linux-amd64-test@sha256:1ec2fde6860186b3d45ac83890167258f83512955dbce65f072d4e8c310cb9de,0.37648844718933105,sleap-lablink-client-prod-vm-1,error,,0,1788390738.0,1788390767.0,,,,,,1788390768.128852,,1788390838.655825,i-0d4ebb2bfcef19f31
1788390880.098774,10,1,ghcr.io/talmolab/lablink-client-base-image:linux-amd64-test@sha256:1ec2fde6860186b3d45ac83890167258f83512955dbce65f072d4e8c310cb9de,0.37648844718933105,sleap-lablink-client-prod-vm-10,rebooting,,1,1788390738.0,1788390767.0,,,,,,1788390768.130117,,1788390836.194821,i-073b86b279423b5ed
1788390880.098774,10,1,ghcr.io/talmolab/lablink-client-base-image:linux-amd64-test@sha256:1ec2fde6860186b3d45ac83890167258f83512955dbce65f072d4e8c310cb9de,0.37648844718933105,sleap-lablink-client-prod-vm-2,initializing,,0,1788390738.0,1788390767.0,,,,,,1788390768.130938,,1788390816.209043,i-02f122d3eea1c2ca0
1788390880.098774,10,1,ghcr.io/talmolab/lablink-client-base-image:linux-amd64-test@sha256:1ec2fde6860186b3d45ac83890167258f83512955dbce65f072d4e8c310cb9de,0.37648844718933105,sleap-lablink-client-prod-vm-3,initializing,,0,1788390738.0,1788390767.0,,,,,,1788390768.131762,,1788390816.34752,i-04f09804c45834c8a
1788390880.098774,10,1,ghcr.io/talmolab/lablink-client-base-image:linux-amd64-test@sha256:1ec2fde6860186b3d45ac83890167258f83512955dbce65f072d4e8c310cb9de,0.37648844718933105,sleap-lablink-client-prod-vm-4,initializing,,0,1788390738.0,1788390767.0,,,,,,1788390768.132688,,1788390814.685534,i-0b5a2f80e58b1f49e
1788390880.098774,10,1,ghcr.io/talmolab/lablink-client-base-image:linux-amd64-test@sha256:1ec2fde6860186b3d45ac83890167258f83512955dbce65f072d4e8c310cb9de,0.37648844718933105,sleap-lablink-client-prod-vm-5,initializing,,0,1788390738.0,1788390767.0,,,,,,1788390768.133418,,1788390816.445024,i-011c62511afd69360
1788390880.098774,10,1,ghcr.io/talmolab/lablink-client-base-image:linux-amd64-test@sha256:1ec2fde6860186b3d45ac83890167258f83512955dbce65f072d4e8c310cb9de,0.37648844718933105,sleap-lablink-client-prod-vm-6,initializing,,0,1788390738.0,1788390767.0,,,,,,1788390768.134149,,1788390816.353452,i-0cceae5b4237000da
1788390880.098774,10,1,ghcr.io/talmolab/lablink-client-base-image:linux-amd64-test@sha256:1ec2fde6860186b3d45ac83890167258f83512955dbce65f072d4e8c310cb9de,0.37648844718933105,sleap-lablink-client-prod-vm-7,initializing,,0,1788390738.0,1788390767.0,,,,,,1788390768.13509,,1788390815.52614,i-04223bbc5c5f842c7
1788390880.098774,10,1,ghcr.io/talmolab/lablink-client-base-image:linux-amd64-test@sha256:1ec2fde6860186b3d45ac83890167258f83512955dbce65f072d4e8c310cb9de,0.37648844718933105,sleap-lablink-client-prod-vm-8,initializing,,0,1788390738.0,1788390767.0,,,,,,1788390768.135877,,1788390810.521557,i-0798ccd89f26d7cda
1788390880.098774,10,1,ghcr.io/talmolab/lablink-client-base-image:linux-amd64-test@sha256:1ec2fde6860186b3d45ac83890167258f83512955dbce65f072d4e8c310cb9de,0.37648844718933105,sleap-lablink-client-prod-vm-9,initializing,,0,1788390738.0,1788390767.0,,,,,,1788390768.136603,,1788390816.171433,i-0ae3bdc8eb0227987
1788390885.1634712,10,1,ghcr.io/talmolab/lablink-client-base-image:linux-amd64-test@sha256:1ec2fde6860186b3d45ac83890167258f83512955dbce65f072d4e8c310cb9de,0.37648844718933105,sleap-lablink-client-prod-vm-1,rebooting,,1,1788390738.0,1788390767.0,,,,,,1788390768.128852,,1788390838.655825,i-0d4ebb2bfcef19f31
1788390885.1634712,10,1,ghcr.io/talmolab/lablink-client-base-image:linux-amd64-test@sha256:1ec2fde6860186b3d45ac83890167258f83512955dbce65f072d4e8c310cb9de,0.37648844718933105,sleap-lablink-client-prod-vm-10,rebooting,,1,1788390738.0,1788390767.0,,,,,,1788390768.130117,,1788390836.194821,i-073b86b279423b5ed
1788390885.1634712,10,1,ghcr.io/talmolab/lablink-client-base-image:linux-amd64-test@sha256:1ec2fde6860186b3d45ac83890167258f83512955dbce65f072d4e8c310cb9de,0.37648844718933105,sleap-lablink-client-prod-vm-2,initializing,,0,1788390738.0,1788390767.0,,,,,,1788390768.130938,,1788390816.209043,i-02f122d3eea1c2ca0
1788390885.1634712,10,1,ghcr.io/talmolab/lablink-client-base-image:linux-amd64-test@sha256:1ec2fde6860186b3d45ac83890167258f83512955dbce65f072d4e8c310cb9de,0.37648844718933105,sleap-lablink-client-prod-vm-3,initializing,,0,1788390738.0,1788390767.0,,,,,,1788390768.131762,,1788390816.34752,i-04f09804c45834c8a
1788390885.1634712,10,1,ghcr.io/talmolab/lablink-client-base-image:linux-amd64-test@sha256:1ec2fde6860186b3d45ac83890167258f83512955dbce65f072d4e8c310cb9de,0.37648844718933105,sleap-lablink-client-prod-vm-4,initializing,,0,1788390738.0,1788390767.0,,,,,,1788390768.132688,,1788390814.685534,i-0b5a2f80e58b1f49e
1788390885.1634712,10,1,ghcr.io/talmolab/lablink-client-base-image:linux-amd64-test@sha256:1ec2fde6860186b3d45ac83890167258f83512955dbce65f072d4e8c310cb9de,0.37648844718933105,sleap-lablink-client-prod-vm-5,initializing,,0,1788390738.0,1788390767.0,,,,,,1788390768.133418,,1788390816.445024,i-011c62511afd69360
1788390885.1634712,10,1,ghcr.io/talmolab/lablink-client-base-image:linux-amd64-test@sha256:1ec2fde6860186b3d45ac83890167258f83512955dbce65f072d4e8c310cb9de,0.37648844718933105,sleap-lablink-client-prod-vm-6,initializing,,0,1788390738.0,1788390767.0,,,,,,1788390768.134149,,1788390816.353452,i-0cceae5b4237000da
1788390885.1634712,10,1,ghcr.io/talmolab/lablink-client-base-image:linux-amd64-test@sha256:1ec2fde6860186b3d45ac83890167258f83512955dbce65f072d4e8c310cb9de,0.37648844718933105,sleap-lablink-client-prod-vm-7,initializing,,0,1788390738.0,1788390767.0,,,,,,1788390768.13509,,1788390815.52614,i-04223bbc5c5f842c7
1788390885.1634712,10,1,ghcr.io/talmolab/lablink-client-base-image:linux-amd64-test@sha256:1ec2fde6860186b3d45ac83890167258f83512955dbce65f072d4e8c310cb9de,0.37648844718933105,sleap-lablink-client-prod-vm-8,initializing,,0,1788390738.0,1788390767.0,,,,,,1788390768.135877,,1788390810.521557,i-0798ccd89f26d7cda
1788390885.1634712,10,1,ghcr.io/talmolab/lablink-client-base-image:linux-amd64-test@sha256:1ec2fde6860186b3d45ac83890167258f83512955dbce65f072d4e8c310cb9de,0.37648844718933105,sleap-lablink-client-prod-vm-9,initializing,,0,1788390738.0,1788390767.0,,,,,,1788390768.136603,,1788390816.171433,i-0ae3bdc8eb0227987
1788390890.128553,10,1,ghcr.io/talmolab/lablink-client-base-image:linux-amd64-test@sha256:1ec2fde6860186b3d45ac83890167258f83512955dbce65f072d4e8c310cb9de,0.37648844718933105,sleap-lablink-client-prod-vm-1,rebooting,,1,1788390738.0,1788390767.0,,,,,,1788390768.128852,,1788390838.655825,i-0d4ebb2bfcef19f31
1788390890.128553,10,1,ghcr.io/talmolab/lablink-client-base-image:linux-amd64-test@sha256:1ec2fde6860186b3d45ac83890167258f83512955dbce65f072d4e8c310cb9de,0.37648844718933105,sleap-lablink-client-prod-vm-10,rebooting,,1,1788390738.0,1788390767.0,,,,,,1788390768.130117,,1788390836.194821,i-073b86b279423b5ed
1788390890.128553,10,1,ghcr.io/talmolab/lablink-client-base-image:linux-amd64-test@sha256:1ec2fde6860186b3d45ac83890167258f83512955dbce65f072d4e8c310cb9de,0.37648844718933105,sleap-lablink-client-prod-vm-2,initializing,,0,1788390738.0,1788390767.0,,,,,,1788390768.130938,,1788390816.209043,i-02f122d3eea1c2ca0
1788390890.128553,10,1,ghcr.io/talmolab/lablink-client-base-image:linux-amd64-test@sha256:1ec2fde6860186b3d45ac83890167258f83512955dbce65f072d4e8c310cb9de,0.37648844718933105,sleap-lablink-client-prod-vm-3,initializing,,0,1788390738.0,1788390767.0,,,,,,1788390768.131762,,1788390816.34752,i-04f09804c45834c8a
1788390890.128553,10,1,ghcr.io/talmolab/lablink-client-base-image:linux-amd64-test@sha256:1ec2fde6860186b3d45ac83890167258f83512955dbce65f072d4e8c310cb9de,0.37648844718933105,sleap-lablink-client-prod-vm-4,initializing,,0,1788390738.0,1788390767.0,,,,,,1788390768.132688,,1788390814.685534,i-0b5a2f80e58b1f49e
1788390890.128553,10,1,ghcr.io/talmolab/lablink-client-base-image:linux-amd64-test@sha256:1ec2fde6860186b3d45ac83890167258f83512955dbce65f072d4e8c310cb9de,0.37648844718933105,sleap-lablink-client-prod-vm-5,initializing,,0,1788390738.0,1788390767.0,,,,,,1788390768.133418,,1788390816.445024,i-011c62511afd69360
1788390890.128553,10,1,ghcr.io/talmolab/lablink-client-base-image:linux-amd64-test@sha256:1ec2fde6860186b3d45ac83890167258f83512955dbce65f072d4e8c310cb9de,0.37648844718933105,sleap-lablink-client-prod-vm-6,initializing,,0,1788390738.0,1788390767.0,,,,,,1788390768.134149,,1788390816.353452,i-0cceae5b4237000da
1788390890.128553,10,1,ghcr.io/talmolab/lablink-client-base-image:linux-amd64-test@sha256:1ec2fde6860186b3d45ac83890167258f83512955dbce65f072d4e8c310cb9de,0.37648844718933105,sleap-lablink-client-prod-vm-7,initializing,,0,1788390738.0,1788390767.0,,,,,,1788390768.13509,,1788390815.52614,i-04223bbc5c5f842c7
1788390890.128553,10,1,ghcr.io/talmolab/lablink-client-base-image:linux-amd64-test@sha256:1ec2fde6860186b3d45ac83890167258f83512955dbce65f072d4e8c310cb9de,0.37648844718933105,sleap-lablink-client-prod-vm-8,initializing,,0,1788390738.0,1788390767.0,,,,,,1788390768.135877,,1788390810.521557,i-0798ccd89f26d7cda
1788390890.128553,10,1,ghcr.io/talmolab/lablink-client-base-image:linux-amd64-test@sha256:1ec2fde6860186b3d45ac83890167258f83512955dbce65f072d4e8c310cb9de,0.37648844718933105,sleap-lablink-client-prod-vm-9,initializing,,0,1788390738.0,1788390767.0,,,,,,1788390768.136603,,1788390816.171433,i-0ae3bdc8eb0227987
1788390895.098038,10,1,ghcr.io/talmolab/lablink-client-base-image:linux-amd64-test@sha256:1ec2fde6860186b3d45ac83890167258f83512955dbce65f072d4e8c310cb9de,0.37648844718933105,sleap-lablink-client-prod-vm-1,rebooting,,1,1788390738.0,1788390767.0,,,,,,1788390768.128852,,1788390838.655825,i-0d4ebb2bfcef19f31
1788390895.098038,10,1,ghcr.io/talmolab/lablink-client-base-image:linux-amd64-test@sha256:1ec2fde6860186b3d45ac83890167258f83512955dbce65f072d4e8c310cb9de,0.37648844718933105,sleap-lablink-client-prod-vm-10,rebooting,,1,1788390738.0,1788390767.0,,,,,,1788390768.130117,,1788390836.194821,i-073b86b279423b5ed
1788390895.098038,10,1,ghcr.io/talmolab/lablink-client-base-image:linux-amd64-test@sha256:1ec2fde6860186b3d45ac83890167258f83512955dbce65f072d4e8c310cb9de,0.37648844718933105,sleap-lablink-client-prod-vm-2,initializing,,0,1788390738.0,1788390767.0,,,,,,1788390768.130938,,1788390816.209043,i-02f122d3eea1c2ca0
1788390895.098038,10,1,ghcr.io/talmolab/lablink-client-base-image:linux-amd64-test@sha256:1ec2fde6860186b3d45ac83890167258f83512955dbce65f072d4e8c310cb9de,0.37648844718933105,sleap-lablink-client-prod-vm-3,initializing,,0,1788390738.0,1788390767.0,,,,,,1788390768.131762,,1788390816.34752,i-04f09804c45834c8a
1788390895.098038,10,1,ghcr.io/talmolab/lablink-client-base-image:linux-amd64-test@sha256:1ec2fde6860186b3d45ac83890167258f83512955dbce65f072d4e8c310cb9de,0.37648844718933105,sleap-lablink-client-prod-vm-4,initializing,,0,1788390738.0,1788390767.0,,,,,,1788390768.132688,,1788390814.685534,i-0b5a2f80e58b1f49e
1788390895.098038,10,1,ghcr.io/talmolab/lablink-client-base-image:linux-amd64-test@sha256:1ec2fde6860186b3d45ac83890167258f83512955dbce65f072d4e8c310cb9de,0.37648844718933105,sleap-lablink-client-prod-vm-5,initializing,,0,1788390738.0,1788390767.0,,,,,,1788390768.133418,,1788390816.445024,i-011c62511afd69360
1788390895.098038,10,1,ghcr.io/talmolab/lablink-client-base-image:linux-amd64-test@sha256:1ec2fde6860186b3d45ac83890167258f83512955dbce65f072d4e8c310cb9de,0.37648844718933105,sleap-lablink-client-prod-vm-6,initializing,,0,1788390738.0,1788390767.0,,,,,,1788390768.134149,,1788390816.353452,i-0cceae5b4237000da
1788390895.098038,10,1,ghcr.io/talmolab/lablink-client-base-image:linux-amd64-test@sha256:1ec2fde6860186b3d45ac83890167258f83512955dbce65f072d4e8c310cb9de,0.37648844718933105,sleap-lablink-client-prod-vm-7,initializing,,0,1788390738.0,1788390767.0,,,,,,1788390768.13509,,1788390815.52614,i-04223bbc5c5f842c7
1788390895.098038,10,1,ghcr.io/talmolab/lablink-client-base-image:linux-amd64-test@sha256:1ec2fde6860186b3d45ac83890167258f83512955dbce65f072d4e8c310cb9de,0.37648844718933105,sleap-lablink-client-prod-vm-8,initializing,,0,1788390738.0,1788390767.0,,,,,,1788390768.135877,,1788390810.521557,i-0798ccd89f26d7cda
1788390895.098038,10,1,ghcr.io/talmolab/lablink-client-base-image:linux-amd64-test@sha256:1ec2fde6860186b3d45ac83890167258f83512955dbce65f072d4e8c310cb9de,0.37648844718933105,sleap-lablink-client-prod-vm-9,initializing,,0,1788390738.0,1788390767.0,,,,,,1788390768.136603,,1788390816.171433,i-0ae3bdc8eb0227987
1788390900.190839,10,1,ghcr.io/talmolab/lablink-client-base-image:linux-amd64-test@sha256:1ec2fde6860186b3d45ac83890167258f83512955dbce65f072d4e8c310cb9de,0.37648844718933105,sleap-lablink-client-prod-vm-1,rebooting,,1,1788390738.0,1788390767.0,,,,,,1788390768.128852,,1788390838.655825,i-0d4ebb2bfcef19f31
1788390900.190839,10,1,ghcr.io/talmolab/lablink-client-base-image:linux-amd64-test@sha256:1ec2fde6860186b3d45ac83890167258f83512955dbce65f072d4e8c310cb9de,0.37648844718933105,sleap-lablink-client-prod-vm-10,rebooting,,1,1788390738.0,1788390767.0,,,,,,1788390768.130117,,1788390836.194821,i-073b86b279423b5ed
1788390900.190839,10,1,ghcr.io/talmolab/lablink-client-base-image:linux-amd64-test@sha256:1ec2fde6860186b3d45ac83890167258f83512955dbce65f072d4e8c310cb9de,0.37648844718933105,sleap-lablink-client-prod-vm-2,initializing,,0,1788390738.0,1788390767.0,,,,,,1788390768.130938,,1788390816.209043,i-02f122d3eea1c2ca0
1788390900.190839,10,1,ghcr.io/talmolab/lablink-client-base-image:linux-amd64-test@sha256:1ec2fde6860186b3d45ac83890167258f83512955dbce65f072d4e8c310cb9de,0.37648844718933105,sleap-lablink-client-prod-vm-3,initializing,,0,1788390738.0,1788390767.0,,,,,,1788390768.131762,,1788390816.34752,i-04f09804c45834c8a
1788390900.190839,10,1,ghcr.io/talmolab/lablink-client-base-image:linux-amd64-test@sha256:1ec2fde6860186b3d45ac83890167258f83512955dbce65f072d4e8c310cb9de,0.37648844718933105,sleap-lablink-client-prod-vm-4,initializing,,0,1788390738.0,1788390767.0,,,,,,1788390768.132688,,1788390814.685534,i-0b5a2f80e58b1f49e
1788390900.190839,10,1,ghcr.io/talmolab/lablink-client-base-image:linux-amd64-test@sha256:1ec2fde6860186b3d45ac83890167258f83512955dbce65f072d4e8c310cb9de,0.37648844718933105,sleap-lablink-client-prod-vm-5,initializing,,0,1788390738.0,1788390767.0,,,,,,1788390768.133418,,1788390816.445024,i-011c62511afd69360
1788390900.190839,10,1,ghcr.io/talmolab/lablink-client-base-image:linux-amd64-test@sha256:1ec2fde6860186b3d45ac83890167258f83512955dbce65f072d4e8c310cb9de,0.37648844718933105,sleap-lablink-client-prod-vm-6,initializing,,0,1788390738.0,1788390767.0,,,,,,1788390768.134149,,1788390816.353452,i-0cceae5b4237000da
1788390900.190839,10,1,ghcr.io/talmolab/lablink-client-base-image:linux-amd64-test@sha256:1ec2fde6860186b3d45ac83890167258f83512955dbce65f072d4e8c310cb9de,0.37648844718933105,sleap-lablink-client-prod-vm-7,initializing,,0,1788390738.0,1788390767.0,,,,,,1788390768.13509,,1788390815.52614,i-04223bbc5c5f842c7
1788390900.190839,10,1,ghcr.io/talmolab/lablink-client-base-image:linux-amd64-test@sha256:1ec2fde6860186b3d45ac83890167258f83512955dbce65f072d4e8c310cb9de,0.37648844718933105,sleap-lablink-client-prod-vm-8,initializing,,0,1788390738.0,1788390767.0,,,,,,1788390768.135877,,1788390810.521557,i-0798ccd89f26d7cda
1788390900.190839,10,1,ghcr.io/talmolab/lablink-client-base-image:linux-amd64-test@sha256:1ec2fde6860186b3d45ac83890167258f83512955dbce65f072d4e8c310cb9de,0.37648844718933105,sleap-lablink-client-prod-vm-9,initializing,,0,1788390738.0,1788390767.0,,,,,,1788390768.136603,,1788390816.171433,i-0ae3bdc8eb0227987
1788390905.147501,10,1,ghcr.io/talmolab/lablink-client-base-image:linux-amd64-test@sha256:1ec2fde6860186b3d45ac83890167258f83512955dbce65f072d4e8c310cb9de,0.37648844718933105,sleap-lablink-client-prod-vm-1,rebooting,,1,1788390738.0,1788390767.0,,,,,,1788390768.128852,,1788390838.655825,i-0d4ebb2bfcef19f31
1788390905.147501,10,1,ghcr.io/talmolab/lablink-client-base-image:linux-amd64-test@sha256:1ec2fde6860186b3d45ac83890167258f83512955dbce65f072d4e8c310cb9de,0.37648844718933105,sleap-lablink-client-prod-vm-10,initializing,,1,1788390738.0,1788390767.0,,,,,,1788390768.130117,,1788390903.88616,i-073b86b279423b5ed
1788390905.147501,10,1,ghcr.io/talmolab/lablink-client-base-image:linux-amd64-test@sha256:1ec2fde6860186b3d45ac83890167258f83512955dbce65f072d4e8c310cb9de,0.37648844718933105,sleap-lablink-client-prod-vm-2,initializing,,0,1788390738.0,1788390767.0,,,,,,1788390768.130938,,1788390816.209043,i-02f122d3eea1c2ca0
1788390905.147501,10,1,ghcr.io/talmolab/lablink-client-base-image:linux-amd64-test@sha256:1ec2fde6860186b3d45ac83890167258f83512955dbce65f072d4e8c310cb9de,0.37648844718933105,sleap-lablink-client-prod-vm-3,initializing,,0,1788390738.0,1788390767.0,,,,,,1788390768.131762,,1788390816.34752,i-04f09804c45834c8a
1788390905.147501,10,1,ghcr.io/talmolab/lablink-client-base-image:linux-amd64-test@sha256:1ec2fde6860186b3d45ac83890167258f83512955dbce65f072d4e8c310cb9de,0.37648844718933105,sleap-lablink-client-prod-vm-4,initializing,,0,1788390738.0,1788390767.0,,,,,,1788390768.132688,,1788390814.685534,i-0b5a2f80e58b1f49e
1788390905.147501,10,1,ghcr.io/talmolab/lablink-client-base-image:linux-amd64-test@sha256:1ec2fde6860186b3d45ac83890167258f83512955dbce65f072d4e8c310cb9de,0.37648844718933105,sleap-lablink-client-prod-vm-5,initializing,,0,1788390738.0,1788390767.0,,,,,,1788390768.133418,,1788390816.445024,i-011c62511afd69360
1788390905.147501,10,1,ghcr.io/talmolab/lablink-client-base-image:linux-amd64-test@sha256:1ec2fde6860186b3d45ac83890167258f83512955dbce65f072d4e8c310cb9de,0.37648844718933105,sleap-lablink-client-prod-vm-6,initializing,,0,1788390738.0,1788390767.0,,,,,,1788390768.134149,,1788390816.353452,i-0cceae5b4237000da
1788390905.147501,10,1,ghcr.io/talmolab/lablink-client-base-image:linux-amd64-test@sha256:1ec2fde6860186b3d45ac83890167258f83512955dbce65f072d4e8c310cb9de,0.37648844718933105,sleap-lablink-client-prod-vm-7,initializing,,0,1788390738.0,1788390767.0,,,,,,1788390768.13509,,1788390815.52614,i-04223bbc5c5f842c7
1788390905.147501,10,1,ghcr.io/talmolab/lablink-client-base-image:linux-amd64-test@sha256:1ec2fde6860186b3d45ac83890167258f83512955dbce65f072d4e8c310cb9de,0.37648844718933105,sleap-lablink-client-prod-vm-8,initializing,,0,1788390738.0,1788390767.0,,,,,,1788390768.135877,,1788390810.521557,i-0798ccd89f26d7cda
1788390905.147501,10,1,ghcr.io/talmolab/lablink-client-base-image:linux-amd64-test@sha256:1ec2fde6860186b3d45ac83890167258f83512955dbce65f072d4e8c310cb9de,0.37648844718933105,sleap-lablink-client-prod-vm-9,initializing,,0,1788390738.0,1788390767.0,,,,,,1788390768.136603,,1788390816.171433,i-0ae3bdc8eb0227987
1788390910.487678,10,1,ghcr.io/talmolab/lablink-client-base-image:linux-amd64-test@sha256:1ec2fde6860186b3d45ac83890167258f83512955dbce65f072d4e8c310cb9de,0.37648844718933105,sleap-lablink-client-prod-vm-1,initializing,,1,1788390738.0,1788390767.0,,,,,,1788390768.128852,,1788390908.495146,i-0d4ebb2bfcef19f31
1788390910.487678,10,1,ghcr.io/talmolab/lablink-client-base-image:linux-amd64-test@sha256:1ec2fde6860186b3d45ac83890167258f83512955dbce65f072d4e8c310cb9de,0.37648844718933105,sleap-lablink-client-prod-vm-10,initializing,,1,1788390738.0,1788390767.0,,,,,,1788390768.130117,,1788390903.88616,i-073b86b279423b5ed
1788390910.487678,10,1,ghcr.io/talmolab/lablink-client-base-image:linux-amd64-test@sha256:1ec2fde6860186b3d45ac83890167258f83512955dbce65f072d4e8c310cb9de,0.37648844718933105,sleap-lablink-client-prod-vm-2,initializing,,0,1788390738.0,1788390767.0,,,,,,1788390768.130938,,1788390816.209043,i-02f122d3eea1c2ca0
1788390910.487678,10,1,ghcr.io/talmolab/lablink-client-base-image:linux-amd64-test@sha256:1ec2fde6860186b3d45ac83890167258f83512955dbce65f072d4e8c310cb9de,0.37648844718933105,sleap-lablink-client-prod-vm-3,initializing,,0,1788390738.0,1788390767.0,,,,,,1788390768.131762,,1788390816.34752,i-04f09804c45834c8a
1788390910.487678,10,1,ghcr.io/talmolab/lablink-client-base-image:linux-amd64-test@sha256:1ec2fde6860186b3d45ac83890167258f83512955dbce65f072d4e8c310cb9de,0.37648844718933105,sleap-lablink-client-prod-vm-4,initializing,,0,1788390738.0,1788390767.0,,,,,,1788390768.132688,,1788390814.685534,i-0b5a2f80e58b1f49e
1788390910.487678,10,1,ghcr.io/talmolab/lablink-client-base-image:linux-amd64-test@sha256:1ec2fde6860186b3d45ac83890167258f83512955dbce65f072d4e8c310cb9de,0.37648844718933105,sleap-lablink-client-prod-vm-5,initializing,,0,1788390738.0,1788390767.0,,,,,,1788390768.133418,,1788390816.445024,i-011c62511afd69360
1788390910.487678,10,1,ghcr.io/talmolab/lablink-client-base-image:linux-amd64-test@sha256:1ec2fde6860186b3d45ac83890167258f83512955dbce65f072d4e8c310cb9de,0.37648844718933105,sleap-lablink-client-prod-vm-6,initializing,,0,1788390738.0,1788390767.0,,,,,,1788390768.134149,,1788390816.353452,i-0cceae5b4237000da
1788390910.487678,10,1,ghcr.io/talmolab/lablink-client-base-image:linux-amd64-test@sha256:1ec2fde6860186b3d45ac83890167258f83512955dbce65f072d4e8c310cb9de,0.37648844718933105,sleap-lablink-client-prod-vm-7,initializing,,0,1788390738.0,1788390767.0,,,,,,1788390768.13509,,1788390815.52614,i-04223bbc5c5f842c7
1788390910.487678,10,1,ghcr.io/talmolab/lablink-client-base-image:linux-amd64-test@sha256:1ec2fde6860186b3d45ac83890167258f83512955dbce65f072d4e8c310cb9de,0.37648844718933105,sleap-lablink-client-prod-vm-8,initializing,,0,1788390738.0,1788390767.0,,,,,,1788390768.135877,,1788390810.521557,i-0798ccd89f26d7cda
1788390910.487678,10,1,ghcr.io/talmolab/lablink-client-base-image:linux-amd64-test@sha256:1ec2fde6860186b3d45ac83890167258f83512955dbce65f072d4e8c310cb9de,0.37648844718933105,sleap-lablink-client-prod-vm-9,initializing,,0,1788390738.0,1788390767.0,,,,,,1788390768.136603,,1788390816.171433,i-0ae3bdc8eb0227987
1788390915.0997481,10,1,ghcr.io/talmolab/lablink-client-base-image:linux-amd64-test@sha256:1ec2fde6860186b3d45ac83890167258f83512955dbce65f072d4e8c310cb9de,0.37648844718933105,sleap-lablink-client-prod-vm-1,initializing,,1,1788390738.0,1788390767.0,,,,,,1788390768.128852,,1788390908.495146,i-0d4ebb2bfcef19f31
1788390915.0997481,10,1,ghcr.io/talmolab/lablink-client-base-image:linux-amd64-test@sha256:1ec2fde6860186b3d45ac83890167258f83512955dbce65f072d4e8c310cb9de,0.37648844718933105,sleap-lablink-client-prod-vm-10,initializing,,1,1788390738.0,1788390767.0,,,,,,1788390768.130117,,1788390903.88616,i-073b86b279423b5ed
1788390915.0997481,10,1,ghcr.io/talmolab/lablink-client-base-image:linux-amd64-test@sha256:1ec2fde6860186b3d45ac83890167258f83512955dbce65f072d4e8c310cb9de,0.37648844718933105,sleap-lablink-client-prod-vm-2,initializing,,0,1788390738.0,1788390767.0,,,,,,1788390768.130938,,1788390816.209043,i-02f122d3eea1c2ca0
1788390915.0997481,10,1,ghcr.io/talmolab/lablink-client-base-image:linux-amd64-test@sha256:1ec2fde6860186b3d45ac83890167258f83512955dbce65f072d4e8c310cb9de,0.37648844718933105,sleap-lablink-client-prod-vm-3,initializing,,0,1788390738.0,1788390767.0,,,,,,1788390768.131762,,1788390816.34752,i-04f09804c45834c8a
1788390915.0997481,10,1,ghcr.io/talmolab/lablink-client-base-image:linux-amd64-test@sha256:1ec2fde6860186b3d45ac83890167258f83512955dbce65f072d4e8c310cb9de,0.37648844718933105,sleap-lablink-client-prod-vm-4,initializing,,0,1788390738.0,1788390767.0,,,,,,1788390768.132688,,1788390814.685534,i-0b5a2f80e58b1f49e
1788390915.0997481,10,1,ghcr.io/talmolab/lablink-client-base-image:linux-amd64-test@sha256:1ec2fde6860186b3d45ac83890167258f83512955dbce65f072d4e8c310cb9de,0.37648844718933105,sleap-lablink-client-prod-vm-5,initializing,,0,1788390738.0,1788390767.0,,,,,,1788390768.133418,,1788390816.445024,i-011c62511afd69360
1788390915.0997481,10,1,ghcr.io/talmolab/lablink-client-base-image:linux-amd64-test@sha256:1ec2fde6860186b3d45ac83890167258f83512955dbce65f072d4e8c310cb9de,0.37648844718933105,sleap-lablink-client-prod-vm-6,initializing,,0,1788390738.0,1788390767.0,,,,,,1788390768.134149,,1788390816.353452,i-0cceae5b4237000da
1788390915.0997481,10,1,ghcr.io/talmolab/lablink-client-base-image:linux-amd64-test@sha256:1ec2fde6860186b3d45ac83890167258f83512955dbce65f072d4e8c310cb9de,0.37648844718933105,sleap-lablink-client-prod-vm-7,initializing,,0,1788390738.0,1788390767.0,,,,,,1788390768.13509,,1788390815.52614,i-04223bbc5c5f842c7
1788390915.0997481,10,1,ghcr.io/talmolab/lablink-client-base-image:linux-amd64-test@sha256:1ec2fde6860186b3d45ac83890167258f83512955dbce65f072d4e8c310cb9de,0.37648844718933105,sleap-lablink-client-prod-vm-8,initializing,,0,1788390738.0,1788390767.0,,,,,,1788390768.135877,,1788390810.521557,i-0798ccd89f26d7cda
1788390915.0997481,10,1,ghcr.io/talmolab/lablink-client-base-image:linux-amd64-test@sha256:1ec2fde6860186b3d45ac83890167258f83512955dbce65f072d4e8c310cb9de,0.37648844718933105,sleap-lablink-client-prod-vm-9,initializing,,0,1788390738.0,1788390767.0,,,,,,1788390768.136603,,1788390816.171433,i-0ae3bdc8eb0227987
1788390920.1448371,10,1,ghcr.io/talmolab/lablink-client-base-image:linux-amd64-test@sha256:1ec2fde6860186b3d45ac83890167258f83512955dbce65f072d4e8c310cb9de,0.37648844718933105,sleap-lablink-client-prod-vm-1,initializing,,1,1788390738.0,1788390767.0,,,,,,1788390768.128852,,1788390908.495146,i-0d4ebb2bfcef19f31
1788390920.1448371,10,1,ghcr.io/talmolab/lablink-client-base-image:linux-amd64-test@sha256:1ec2fde6860186b3d45ac83890167258f83512955dbce65f072d4e8c310cb9de,0.37648844718933105,sleap-lablink-client-prod-vm-10,initializing,,1,1788390738.0,1788390767.0,,,,,,1788390768.130117,,1788390903.88616,i-073b86b279423b5ed
1788390920.1448371,10,1,ghcr.io/talmolab/lablink-client-base-image:linux-amd64-test@sha256:1ec2fde6860186b3d45ac83890167258f83512955dbce65f072d4e8c310cb9de,0.37648844718933105,sleap-lablink-client-prod-vm-2,initializing,,0,1788390738.0,1788390767.0,,,,,,1788390768.130938,,1788390816.209043,i-02f122d3eea1c2ca0
1788390920.1448371,10,1,ghcr.io/talmolab/lablink-client-base-image:linux-amd64-test@sha256:1ec2fde6860186b3d45ac83890167258f83512955dbce65f072d4e8c310cb9de,0.37648844718933105,sleap-lablink-client-prod-vm-3,initializing,,0,1788390738.0,1788390767.0,,,,,,1788390768.131762,,1788390816.34752,i-04f09804c45834c8a
1788390920.1448371,10,1,ghcr.io/talmolab/lablink-client-base-image:linux-amd64-test@sha256:1ec2fde6860186b3d45ac83890167258f83512955dbce65f072d4e8c310cb9de,0.37648844718933105,sleap-lablink-client-prod-vm-4,initializing,,0,1788390738.0,1788390767.0,,,,,,1788390768.132688,,1788390814.685534,i-0b5a2f80e58b1f49e
1788390920.1448371,10,1,ghcr.io/talmolab/lablink-client-base-image:linux-amd64-test@sha256:1ec2fde6860186b3d45ac83890167258f83512955dbce65f072d4e8c310cb9de,0.37648844718933105,sleap-lablink-client-prod-vm-5,initializing,,0,1788390738.0,1788390767.0,,,,,,1788390768.133418,,1788390816.445024,i-011c62511afd69360
1788390920.1448371,10,1,ghcr.io/talmolab/lablink-client-base-image:linux-amd64-test@sha256:1ec2fde6860186b3d45ac83890167258f83512955dbce65f072d4e8c310cb9de,0.37648844718933105,sleap-lablink-client-prod-vm-6,initializing,,0,1788390738.0,1788390767.0,,,,,,1788390768.134149,,1788390816.353452,i-0cceae5b4237000da
1788390920.1448371,10,1,ghcr.io/talmolab/lablink-client-base-image:linux-amd64-test@sha256:1ec2fde6860186b3d45ac83890167258f83512955dbce65f072d4e8c310cb9de,0.37648844718933105,sleap-lablink-client-prod-vm-7,initializing,,0,1788390738.0,1788390767.0,,,,,,1788390768.13509,,1788390815.52614,i-04223bbc5c5f842c7
1788390920.1448371,10,1,ghcr.io/talmolab/lablink-client-base-image:linux-amd64-test@sha256:1ec2fde6860186b3d45ac83890167258f83512955dbce65f072d4e8c310cb9de,0.37648844718933105,sleap-lablink-client-prod-vm-8,initializing,,0,1788390738.0,1788390767.0,,,,,,1788390768.135877,,1788390810.521557,i-0798ccd89f26d7cda
1788390920.1448371,10,1,ghcr.io/talmolab/lablink-client-base-image:linux-amd64-test@sha256:1ec2fde6860186b3d45ac83890167258f83512955dbce65f072d4e8c310cb9de,0.37648844718933105,sleap-lablink-client-prod-vm-9,initializing,,0,1788390738.0,1788390767.0,,,,,,1788390768.136603,,1788390816.171433,i-0ae3bdc8eb0227987
1788390925.17297,10,1,ghcr.io/talmolab/lablink-client-base-image:linux-amd64-test@sha256:1ec2fde6860186b3d45ac83890167258f83512955dbce65f072d4e8c310cb9de,0.37648844718933105,sleap-lablink-client-prod-vm-1,initializing,,1,1788390738.0,1788390767.0,,,,,,1788390768.128852,,1788390908.495146,i-0d4ebb2bfcef19f31
1788390925.17297,10,1,ghcr.io/talmolab/lablink-client-base-image:linux-amd64-test@sha256:1ec2fde6860186b3d45ac83890167258f83512955dbce65f072d4e8c310cb9de,0.37648844718933105,sleap-lablink-client-prod-vm-10,initializing,,1,1788390738.0,1788390767.0,,,,,,1788390768.130117,,1788390903.88616,i-073b86b279423b5ed
1788390925.17297,10,1,ghcr.io/talmolab/lablink-client-base-image:linux-amd64-test@sha256:1ec2fde6860186b3d45ac83890167258f83512955dbce65f072d4e8c310cb9de,0.37648844718933105,sleap-lablink-client-prod-vm-2,initializing,,0,1788390738.0,1788390767.0,,,,,,1788390768.130938,,1788390816.209043,i-02f122d3eea1c2ca0
1788390925.17297,10,1,ghcr.io/talmolab/lablink-client-base-image:linux-amd64-test@sha256:1ec2fde6860186b3d45ac83890167258f83512955dbce65f072d4e8c310cb9de,0.37648844718933105,sleap-lablink-client-prod-vm-3,initializing,,0,1788390738.0,1788390767.0,,,,,,1788390768.131762,,1788390816.34752,i-04f09804c45834c8a
1788390925.17297,10,1,ghcr.io/talmolab/lablink-client-base-image:linux-amd64-test@sha256:1ec2fde6860186b3d45ac83890167258f83512955dbce65f072d4e8c310cb9de,0.37648844718933105,sleap-lablink-client-prod-vm-4,initializing,,0,1788390738.0,1788390767.0,,,,,,1788390768.132688,,1788390814.685534,i-0b5a2f80e58b1f49e
1788390925.17297,10,1,ghcr.io/talmolab/lablink-client-base-image:linux-amd64-test@sha256:1ec2fde6860186b3d45ac83890167258f83512955dbce65f072d4e8c310cb9de,0.37648844718933105,sleap-lablink-client-prod-vm-5,initializing,,0,1788390738.0,1788390767.0,,,,,,1788390768.133418,,1788390816.445024,i-011c62511afd69360
1788390925.17297,10,1,ghcr.io/talmolab/lablink-client-base-image:linux-amd64-test@sha256:1ec2fde6860186b3d45ac83890167258f83512955dbce65f072d4e8c310cb9de,0.37648844718933105,sleap-lablink-client-prod-vm-6,initializing,,0,1788390738.0,1788390767.0,,,,,,1788390768.134149,,1788390816.353452,i-0cceae5b4237000da
1788390925.17297,10,1,ghcr.io/talmolab/lablink-client-base-image:linux-amd64-test@sha256:1ec2fde6860186b3d45ac83890167258f83512955dbce65f072d4e8c310cb9de,0.37648844718933105,sleap-lablink-client-prod-vm-7,initializing,,0,1788390738.0,1788390767.0,,,,,,1788390768.13509,,1788390815.52614,i-04223bbc5c5f842c7
1788390925.17297,10,1,ghcr.io/talmolab/lablink-client-base-image:linux-amd64-test@sha256:1ec2fde6860186b3d45ac83890167258f83512955dbce65f072d4e8c310cb9de,0.37648844718933105,sleap-lablink-client-prod-vm-8,initializing,,0,1788390738.0,1788390767.0,,,,,,1788390768.135877,,1788390810.521557,i-0798ccd89f26d7cda
1788390925.17297,10,1,ghcr.io/talmolab/lablink-client-base-image:linux-amd64-test@sha256:1ec2fde6860186b3d45ac83890167258f83512955dbce65f072d4e8c310cb9de,0.37648844718933105,sleap-lablink-client-prod-vm-9,initializing,,0,1788390738.0,1788390767.0,,,,,,1788390768.136603,,1788390816.171433,i-0ae3bdc8eb0227987
1788390930.145601,10,1,ghcr.io/talmolab/lablink-client-base-image:linux-amd64-test@sha256:1ec2fde6860186b3d45ac83890167258f83512955dbce65f072d4e8c310cb9de,0.37648844718933105,sleap-lablink-client-prod-vm-1,initializing,,1,1788390738.0,1788390767.0,,,,,,1788390768.128852,,1788390908.495146,i-0d4ebb2bfcef19f31
1788390930.145601,10,1,ghcr.io/talmolab/lablink-client-base-image:linux-amd64-test@sha256:1ec2fde6860186b3d45ac83890167258f83512955dbce65f072d4e8c310cb9de,0.37648844718933105,sleap-lablink-client-prod-vm-10,initializing,,1,1788390738.0,1788390767.0,,,,,,1788390768.130117,,1788390903.88616,i-073b86b279423b5ed
1788390930.145601,10,1,ghcr.io/talmolab/lablink-client-base-image:linux-amd64-test@sha256:1ec2fde6860186b3d45ac83890167258f83512955dbce65f072d4e8c310cb9de,0.37648844718933105,sleap-lablink-client-prod-vm-2,initializing,,0,1788390738.0,1788390767.0,,,,,,1788390768.130938,,1788390816.209043,i-02f122d3eea1c2ca0
1788390930.145601,10,1,ghcr.io/talmolab/lablink-client-base-image:linux-amd64-test@sha256:1ec2fde6860186b3d45ac83890167258f83512955dbce65f072d4e8c310cb9de,0.37648844718933105,sleap-lablink-client-prod-vm-3,initializing,,0,1788390738.0,1788390767.0,,,,,,1788390768.131762,,1788390816.34752,i-04f09804c45834c8a
1788390930.145601,10,1,ghcr.io/talmolab/lablink-client-base-image:linux-amd64-test@sha256:1ec2fde6860186b3d45ac83890167258f83512955dbce65f072d4e8c310cb9de,0.37648844718933105,sleap-lablink-client-prod-vm-4,initializing,,0,1788390738.0,1788390767.0,,,,,,1788390768.132688,,1788390814.685534,i-0b5a2f80e58b1f49e
1788390930.145601,10,1,ghcr.io/talmolab/lablink-client-base-image:linux-amd64-test@sha256:1ec2fde6860186b3d45ac83890167258f83512955dbce65f072d4e8c310cb9de,0.37648844718933105,sleap-lablink-client-prod-vm-5,initializing,,0,1788390738.0,1788390767.0,,,,,,1788390768.133418,,1788390816.445024,i-011c62511afd69360
1788390930.145601,10,1,ghcr.io/talmolab/lablink-client-base-image:linux-amd64-test@sha256:1ec2fde6860186b3d45ac83890167258f83512955dbce65f072d4e8c310cb9de,0.37648844718933105,sleap-lablink-client-prod-vm-6,initializing,,0,1788390738.0,1788390767.0,,,,,,1788390768.134149,,1788390816.353452,i-0cceae5b4237000da
1788390930.145601,10,1,ghcr.io/talmolab/lablink-client-base-image:linux-amd64-test@sha256:1ec2fde6860186b3d45ac83890167258f83512955dbce65f072d4e8c310cb9de,0.37648844718933105,sleap-lablink-client-prod-vm-7,initializing,,0,1788390738.0,1788390767.0,,,,,,1788390768.13509,,1788390815.52614,i-04223bbc5c5f842c7
1788390930.145601,10,1,ghcr.io/talmolab/lablink-client-base-image:linux-amd64-test@sha256:1ec2fde6860186b3d45ac83890167258f83512955dbce65f072d4e8c310cb9de,0.37648844718933105,sleap-lablink-client-prod-vm-8,initializing,,0,1788390738.0,1788390767.0,,,,,,1788390768.135877,,1788390810.521557,i-0798ccd89f26d7cda
1788390930.145601,10,1,ghcr.io/talmolab/lablink-client-base-image:linux-amd64-test@sha256:1ec2fde6860186b3d45ac83890167258f83512955dbce65f072d4e8c310cb9de,0.37648844718933105,sleap-lablink-client-prod-vm-9,initializing,,0,1788390738.0,1788390767.0,,,,,,1788390768.136603,,1788390816.171433,i-0ae3bdc8eb0227987
1788390935.1576471,10,1,ghcr.io/talmolab/lablink-client-base-image:linux-amd64-test@sha256:1ec2fde6860186b3d45ac83890167258f83512955dbce65f072d4e8c310cb9de,0.37648844718933105,sleap-lablink-client-prod-vm-1,initializing,,1,1788390738.0,1788390767.0,,,,,,1788390768.128852,,1788390908.495146,i-0d4ebb2bfcef19f31
1788390935.1576471,10,1,ghcr.io/talmolab/lablink-client-base-image:linux-amd64-test@sha256:1ec2fde6860186b3d45ac83890167258f83512955dbce65f072d4e8c310cb9de,0.37648844718933105,sleap-lablink-client-prod-vm-10,initializing,,1,1788390738.0,1788390767.0,,,,,,1788390768.130117,,1788390903.88616,i-073b86b279423b5ed
1788390935.1576471,10,1,ghcr.io/talmolab/lablink-client-base-image:linux-amd64-test@sha256:1ec2fde6860186b3d45ac83890167258f83512955dbce65f072d4e8c310cb9de,0.37648844718933105,sleap-lablink-client-prod-vm-2,initializing,,0,1788390738.0,1788390767.0,,,,,,1788390768.130938,,1788390816.209043,i-02f122d3eea1c2ca0
1788390935.1576471,10,1,ghcr.io/talmolab/lablink-client-base-image:linux-amd64-test@sha256:1ec2fde6860186b3d45ac83890167258f83512955dbce65f072d4e8c310cb9de,0.37648844718933105,sleap-lablink-client-prod-vm-3,initializing,,0,1788390738.0,1788390767.0,,,,,,1788390768.131762,,1788390816.34752,i-04f09804c45834c8a
1788390935.1576471,10,1,ghcr.io/talmolab/lablink-client-base-image:linux-amd64-test@sha256:1ec2fde6860186b3d45ac83890167258f83512955dbce65f072d4e8c310cb9de,0.37648844718933105,sleap-lablink-client-prod-vm-4,initializing,,0,1788390738.0,1788390767.0,,,,,,1788390768.132688,,1788390814.685534,i-0b5a2f80e58b1f49e
1788390935.1576471,10,1,ghcr.io/talmolab/lablink-client-base-image:linux-amd64-test@sha256:1ec2fde6860186b3d45ac83890167258f83512955dbce65f072d4e8c310cb9de,0.37648844718933105,sleap-lablink-client-prod-vm-5,initializing,,0,1788390738.0,1788390767.0,,,,,,1788390768.133418,,1788390816.445024,i-011c62511afd69360
1788390935.1576471,10,1,ghcr.io/talmolab/lablink-client-base-image:linux-amd64-test@sha256:1ec2fde6860186b3d45ac83890167258f83512955dbce65f072d4e8c310cb9de,0.37648844718933105,sleap-lablink-client-prod-vm-6,initializing,,0,1788390738.0,1788390767.0,,,,,,1788390768.134149,,1788390816.353452,i-0cceae5b4237000da
1788390935.1576471,10,1,ghcr.io/talmolab/lablink-client-base-image:linux-amd64-test@sha256:1ec2fde6860186b3d45ac83890167258f83512955dbce65f072d4e8c310cb9de,0.37648844718933105,sleap-lablink-client-prod-vm-7,initializing,,0,1788390738.0,1788390767.0,,,,,,1788390768.13509,,1788390815.52614,i-04223bbc5c5f842c7
1788390935.1576471,10,1,ghcr.io/talmolab/lablink-client-base-image:linux-amd64-test@sha256:1ec2fde6860186b3d45ac83890167258f83512955dbce65f072d4e8c310cb9de,0.37648844718933105,sleap-lablink-client-prod-vm-8,initializing,,0,1788390738.0,1788390767.0,,,,,,1788390768.135877,,1788390810.521557,i-0798ccd89f26d7cda
1788390935.1576471,10,1,ghcr.io/talmolab/lablink-client-base-image:linux-amd64-test@sha256:1ec2fde6860186b3d45ac83890167258f83512955dbce65f072d4e8c310cb9de,0.37648844718933105,sleap-lablink-client-prod-vm-9,initializing,,0,1788390738.0,1788390767.0,,,,,,1788390768.136603,,1788390816.171433,i-0ae3bdc8eb0227987
1788390940.15314,10,1,ghcr.io/talmolab/lablink-client-base-image:linux-amd64-test@sha256:1ec2fde6860186b3d45ac83890167258f83512955dbce65f072d4e8c310cb9de,0.37648844718933105,sleap-lablink-client-prod-vm-1,initializing,,1,1788390738.0,1788390767.0,,,,,,1788390768.128852,,1788390908.495146,i-0d4ebb2bfcef19f31
1788390940.15314,10,1,ghcr.io/talmolab/lablink-client-base-image:linux-amd64-test@sha256:1ec2fde6860186b3d45ac83890167258f83512955dbce65f072d4e8c310cb9de,0.37648844718933105,sleap-lablink-client-prod-vm-10,initializing,,1,1788390738.0,1788390767.0,,,,,,1788390768.130117,,1788390903.88616,i-073b86b279423b5ed
1788390940.15314,10,1,ghcr.io/talmolab/lablink-client-base-image:linux-amd64-test@sha256:1ec2fde6860186b3d45ac83890167258f83512955dbce65f072d4e8c310cb9de,0.37648844718933105,sleap-lablink-client-prod-vm-2,initializing,,0,1788390738.0,1788390767.0,,,,,,1788390768.130938,,1788390816.209043,i-02f122d3eea1c2ca0
1788390940.15314,10,1,ghcr.io/talmolab/lablink-client-base-image:linux-amd64-test@sha256:1ec2fde6860186b3d45ac83890167258f83512955dbce65f072d4e8c310cb9de,0.37648844718933105,sleap-lablink-client-prod-vm-3,initializing,,0,1788390738.0,1788390767.0,,,,,,1788390768.131762,,1788390816.34752,i-04f09804c45834c8a
1788390940.15314,10,1,ghcr.io/talmolab/lablink-client-base-image:linux-amd64-test@sha256:1ec2fde6860186b3d45ac83890167258f83512955dbce65f072d4e8c310cb9de,0.37648844718933105,sleap-lablink-client-prod-vm-4,initializing,,0,1788390738.0,1788390767.0,,,,,,1788390768.132688,,1788390814.685534,i-0b5a2f80e58b1f49e
1788390940.15314,10,1,ghcr.io/talmolab/lablink-client-base-image:linux-amd64-test@sha256:1ec2fde6860186b3d45ac83890167258f83512955dbce65f072d4e8c310cb9de,0.37648844718933105,sleap-lablink-client-prod-vm-5,initializing,,0,1788390738.0,1788390767.0,,,,,,1788390768.133418,,1788390816.445024,i-011c62511afd69360
1788390940.15314,10,1,ghcr.io/talmolab/lablink-client-base-image:linux-amd64-test@sha256:1ec2fde6860186b3d45ac83890167258f83512955dbce65f072d4e8c310cb9de,0.37648844718933105,sleap-lablink-client-prod-vm-6,initializing,,0,1788390738.0,1788390767.0,,,,,,1788390768.134149,,1788390816.353452,i-0cceae5b4237000da
1788390940.15314,10,1,ghcr.io/talmolab/lablink-client-base-image:linux-amd64-test@sha256:1ec2fde6860186b3d45ac83890167258f83512955dbce65f072d4e8c310cb9de,0.37648844718933105,sleap-lablink-client-prod-vm-7,initializing,,0,1788390738.0,1788390767.0,,,,,,1788390768.13509,,1788390815.52614,i-04223bbc5c5f842c7
1788390940.15314,10,1,ghcr.io/talmolab/lablink-client-base-image:linux-amd64-test@sha256:1ec2fde6860186b3d45ac83890167258f83512955dbce65f072d4e8c310cb9de,0.37648844718933105,sleap-lablink-client-prod-vm-8,initializing,,0,1788390738.0,1788390767.0,,,,,,1788390768.135877,,1788390810.521557,i-0798ccd89f26d7cda
1788390940.15314,10,1,ghcr.io/talmolab/lablink-client-base-image:linux-amd64-test@sha256:1ec2fde6860186b3d45ac83890167258f83512955dbce65f072d4e8c310cb9de,0.37648844718933105,sleap-lablink-client-prod-vm-9,initializing,,0,1788390738.0,1788390767.0,,,,,,1788390768.136603,,1788390816.171433,i-0ae3bdc8eb0227987
1788390945.1453178,10,1,ghcr.io/talmolab/lablink-client-base-image:linux-amd64-test@sha256:1ec2fde6860186b3d45ac83890167258f83512955dbce65f072d4e8c310cb9de,0.37648844718933105,sleap-lablink-client-prod-vm-1,initializing,,1,1788390738.0,1788390767.0,,,,,,1788390768.128852,,1788390908.495146,i-0d4ebb2bfcef19f31
1788390945.1453178,10,1,ghcr.io/talmolab/lablink-client-base-image:linux-amd64-test@sha256:1ec2fde6860186b3d45ac83890167258f83512955dbce65f072d4e8c310cb9de,0.37648844718933105,sleap-lablink-client-prod-vm-10,initializing,,1,1788390738.0,1788390767.0,,,,,,1788390768.130117,,1788390903.88616,i-073b86b279423b5ed
1788390945.1453178,10,1,ghcr.io/talmolab/lablink-client-base-image:linux-amd64-test@sha256:1ec2fde6860186b3d45ac83890167258f83512955dbce65f072d4e8c310cb9de,0.37648844718933105,sleap-lablink-client-prod-vm-2,initializing,,0,1788390738.0,1788390767.0,,,,,,1788390768.130938,,1788390816.209043,i-02f122d3eea1c2ca0
1788390945.1453178,10,1,ghcr.io/talmolab/lablink-client-base-image:linux-amd64-test@sha256:1ec2fde6860186b3d45ac83890167258f83512955dbce65f072d4e8c310cb9de,0.37648844718933105,sleap-lablink-client-prod-vm-3,initializing,,0,1788390738.0,1788390767.0,,,,,,1788390768.131762,,1788390941.43362,i-04f09804c45834c8a
1788390945.1453178,10,1,ghcr.io/talmolab/lablink-client-base-image:linux-amd64-test@sha256:1ec2fde6860186b3d45ac83890167258f83512955dbce65f072d4e8c310cb9de,0.37648844718933105,sleap-lablink-client-prod-vm-4,initializing,,0,1788390738.0,1788390767.0,,,,,,1788390768.132688,,1788390814.685534,i-0b5a2f80e58b1f49e
1788390945.1453178,10,1,ghcr.io/talmolab/lablink-client-base-image:linux-amd64-test@sha256:1ec2fde6860186b3d45ac83890167258f83512955dbce65f072d4e8c310cb9de,0.37648844718933105,sleap-lablink-client-prod-vm-5,initializing,,0,1788390738.0,1788390767.0,,,,,,1788390768.133418,,1788390816.445024,i-011c62511afd69360
1788390945.1453178,10,1,ghcr.io/talmolab/lablink-client-base-image:linux-amd64-test@sha256:1ec2fde6860186b3d45ac83890167258f83512955dbce65f072d4e8c310cb9de,0.37648844718933105,sleap-lablink-client-prod-vm-6,initializing,,0,1788390738.0,1788390767.0,,,,,,1788390768.134149,,1788390816.353452,i-0cceae5b4237000da
1788390945.1453178,10,1,ghcr.io/talmolab/lablink-client-base-image:linux-amd64-test@sha256:1ec2fde6860186b3d45ac83890167258f83512955dbce65f072d4e8c310cb9de,0.37648844718933105,sleap-lablink-client-prod-vm-7,initializing,,0,1788390738.0,1788390767.0,,,,,,1788390768.13509,,1788390941.42039,i-04223bbc5c5f842c7
1788390945.1453178,10,1,ghcr.io/talmolab/lablink-client-base-image:linux-amd64-test@sha256:1ec2fde6860186b3d45ac83890167258f83512955dbce65f072d4e8c310cb9de,0.37648844718933105,sleap-lablink-client-prod-vm-8,initializing,,0,1788390738.0,1788390767.0,,,,,,1788390768.135877,,1788390941.416289,i-0798ccd89f26d7cda
1788390945.1453178,10,1,ghcr.io/talmolab/lablink-client-base-image:linux-amd64-test@sha256:1ec2fde6860186b3d45ac83890167258f83512955dbce65f072d4e8c310cb9de,0.37648844718933105,sleap-lablink-client-prod-vm-9,initializing,,0,1788390738.0,1788390767.0,,,,,,1788390768.136603,,1788390816.171433,i-0ae3bdc8eb0227987
1788390950.175777,10,1,ghcr.io/talmolab/lablink-client-base-image:linux-amd64-test@sha256:1ec2fde6860186b3d45ac83890167258f83512955dbce65f072d4e8c310cb9de,0.37648844718933105,sleap-lablink-client-prod-vm-1,initializing,,1,1788390738.0,1788390767.0,,,,,,1788390768.128852,,1788390908.495146,i-0d4ebb2bfcef19f31
1788390950.175777,10,1,ghcr.io/talmolab/lablink-client-base-image:linux-amd64-test@sha256:1ec2fde6860186b3d45ac83890167258f83512955dbce65f072d4e8c310cb9de,0.37648844718933105,sleap-lablink-client-prod-vm-10,initializing,,1,1788390738.0,1788390767.0,,,,,,1788390768.130117,,1788390903.88616,i-073b86b279423b5ed
1788390950.175777,10,1,ghcr.io/talmolab/lablink-client-base-image:linux-amd64-test@sha256:1ec2fde6860186b3d45ac83890167258f83512955dbce65f072d4e8c310cb9de,0.37648844718933105,sleap-lablink-client-prod-vm-2,initializing,,0,1788390738.0,1788390767.0,,,,,,1788390768.130938,,1788390949.31491,i-02f122d3eea1c2ca0
1788390950.175777,10,1,ghcr.io/talmolab/lablink-client-base-image:linux-amd64-test@sha256:1ec2fde6860186b3d45ac83890167258f83512955dbce65f072d4e8c310cb9de,0.37648844718933105,sleap-lablink-client-prod-vm-3,initializing,,0,1788390738.0,1788390767.0,,,,,,1788390768.131762,,1788390941.43362,i-04f09804c45834c8a
1788390950.175777,10,1,ghcr.io/talmolab/lablink-client-base-image:linux-amd64-test@sha256:1ec2fde6860186b3d45ac83890167258f83512955dbce65f072d4e8c310cb9de,0.37648844718933105,sleap-lablink-client-prod-vm-4,initializing,,0,1788390738.0,1788390767.0,,,,,,1788390768.132688,,1788390947.736547,i-0b5a2f80e58b1f49e
1788390950.175777,10,1,ghcr.io/talmolab/lablink-client-base-image:linux-amd64-test@sha256:1ec2fde6860186b3d45ac83890167258f83512955dbce65f072d4e8c310cb9de,0.37648844718933105,sleap-lablink-client-prod-vm-5,initializing,,0,1788390738.0,1788390767.0,,,,,,1788390768.133418,,1788390949.920566,i-011c62511afd69360
1788390950.175777,10,1,ghcr.io/talmolab/lablink-client-base-image:linux-amd64-test@sha256:1ec2fde6860186b3d45ac83890167258f83512955dbce65f072d4e8c310cb9de,0.37648844718933105,sleap-lablink-client-prod-vm-6,initializing,,0,1788390738.0,1788390767.0,,,,,,1788390768.134149,,1788390949.386626,i-0cceae5b4237000da
1788390950.175777,10,1,ghcr.io/talmolab/lablink-client-base-image:linux-amd64-test@sha256:1ec2fde6860186b3d45ac83890167258f83512955dbce65f072d4e8c310cb9de,0.37648844718933105,sleap-lablink-client-prod-vm-7,initializing,,0,1788390738.0,1788390767.0,,,,,,1788390768.13509,,1788390941.42039,i-04223bbc5c5f842c7
1788390950.175777,10,1,ghcr.io/talmolab/lablink-client-base-image:linux-amd64-test@sha256:1ec2fde6860186b3d45ac83890167258f83512955dbce65f072d4e8c310cb9de,0.37648844718933105,sleap-lablink-client-prod-vm-8,initializing,,0,1788390738.0,1788390767.0,,,,,,1788390768.135877,,1788390941.416289,i-0798ccd89f26d7cda
1788390950.175777,10,1,ghcr.io/talmolab/lablink-client-base-image:linux-amd64-test@sha256:1ec2fde6860186b3d45ac83890167258f83512955dbce65f072d4e8c310cb9de,0.37648844718933105,sleap-lablink-client-prod-vm-9,initializing,,0,1788390738.0,1788390767.0,,,,,,1788390768.136603,,1788390948.342064,i-0ae3bdc8eb0227987
1788390955.273064,10,1,ghcr.io/talmolab/lablink-client-base-image:linux-amd64-test@sha256:1ec2fde6860186b3d45ac83890167258f83512955dbce65f072d4e8c310cb9de,0.37648844718933105,sleap-lablink-client-prod-vm-1,initializing,,1,1788390738.0,1788390767.0,,,,,,1788390768.128852,,1788390908.495146,i-0d4ebb2bfcef19f31
1788390955.273064,10,1,ghcr.io/talmolab/lablink-client-base-image:linux-amd64-test@sha256:1ec2fde6860186b3d45ac83890167258f83512955dbce65f072d4e8c310cb9de,0.37648844718933105,sleap-lablink-client-prod-vm-10,initializing,,1,1788390738.0,1788390767.0,,,,,,1788390768.130117,,1788390903.88616,i-073b86b279423b5ed
1788390955.273064,10,1,ghcr.io/talmolab/lablink-client-base-image:linux-amd64-test@sha256:1ec2fde6860186b3d45ac83890167258f83512955dbce65f072d4e8c310cb9de,0.37648844718933105,sleap-lablink-client-prod-vm-2,initializing,,0,1788390738.0,1788390767.0,,,,,,1788390768.130938,,1788390949.31491,i-02f122d3eea1c2ca0
1788390955.273064,10,1,ghcr.io/talmolab/lablink-client-base-image:linux-amd64-test@sha256:1ec2fde6860186b3d45ac83890167258f83512955dbce65f072d4e8c310cb9de,0.37648844718933105,sleap-lablink-client-prod-vm-3,initializing,,0,1788390738.0,1788390767.0,,,,,,1788390768.131762,,1788390941.43362,i-04f09804c45834c8a
1788390955.273064,10,1,ghcr.io/talmolab/lablink-client-base-image:linux-amd64-test@sha256:1ec2fde6860186b3d45ac83890167258f83512955dbce65f072d4e8c310cb9de,0.37648844718933105,sleap-lablink-client-prod-vm-4,initializing,,0,1788390738.0,1788390767.0,,,,,,1788390768.132688,,1788390947.736547,i-0b5a2f80e58b1f49e
1788390955.273064,10,1,ghcr.io/talmolab/lablink-client-base-image:linux-amd64-test@sha256:1ec2fde6860186b3d45ac83890167258f83512955dbce65f072d4e8c310cb9de,0.37648844718933105,sleap-lablink-client-prod-vm-5,initializing,,0,1788390738.0,1788390767.0,,,,,,1788390768.133418,,1788390949.920566,i-011c62511afd69360
1788390955.273064,10,1,ghcr.io/talmolab/lablink-client-base-image:linux-amd64-test@sha256:1ec2fde6860186b3d45ac83890167258f83512955dbce65f072d4e8c310cb9de,0.37648844718933105,sleap-lablink-client-prod-vm-6,initializing,,0,1788390738.0,1788390767.0,,,,,,1788390768.134149,,1788390949.386626,i-0cceae5b4237000da
1788390955.273064,10,1,ghcr.io/talmolab/lablink-client-base-image:linux-amd64-test@sha256:1ec2fde6860186b3d45ac83890167258f83512955dbce65f072d4e8c310cb9de,0.37648844718933105,sleap-lablink-client-prod-vm-7,initializing,,0,1788390738.0,1788390767.0,,,,,,1788390768.13509,,1788390941.42039,i-04223bbc5c5f842c7
1788390955.273064,10,1,ghcr.io/talmolab/lablink-client-base-image:linux-amd64-test@sha256:1ec2fde6860186b3d45ac83890167258f83512955dbce65f072d4e8c310cb9de,0.37648844718933105,sleap-lablink-client-prod-vm-8,initializing,,0,1788390738.0,1788390767.0,,,,,,1788390768.135877,,1788390941.416289,i-0798ccd89f26d7cda
1788390955.273064,10,1,ghcr.io/talmolab/lablink-client-base-image:linux-amd64-test@sha256:1ec2fde6860186b3d45ac83890167258f83512955dbce65f072d4e8c310cb9de,0.37648844718933105,sleap-lablink-client-prod-vm-9,initializing,,0,1788390738.0,1788390767.0,,,,,,1788390768.136603,,1788390948.342064,i-0ae3bdc8eb0227987
1788390960.163478,10,1,ghcr.io/talmolab/lablink-client-base-image:linux-amd64-test@sha256:1ec2fde6860186b3d45ac83890167258f83512955dbce65f072d4e8c310cb9de,0.37648844718933105,sleap-lablink-client-prod-vm-1,initializing,,1,1788390738.0,1788390767.0,,,,,,1788390768.128852,,1788390908.495146,i-0d4ebb2bfcef19f31
1788390960.163478,10,1,ghcr.io/talmolab/lablink-client-base-image:linux-amd64-test@sha256:1ec2fde6860186b3d45ac83890167258f83512955dbce65f072d4e8c310cb9de,0.37648844718933105,sleap-lablink-client-prod-vm-10,initializing,,1,1788390738.0,1788390767.0,,,,,,1788390768.130117,,1788390903.88616,i-073b86b279423b5ed
1788390960.163478,10,1,ghcr.io/talmolab/lablink-client-base-image:linux-amd64-test@sha256:1ec2fde6860186b3d45ac83890167258f83512955dbce65f072d4e8c310cb9de,0.37648844718933105,sleap-lablink-client-prod-vm-2,initializing,,0,1788390738.0,1788390767.0,,,,,,1788390768.130938,,1788390949.31491,i-02f122d3eea1c2ca0
1788390960.163478,10,1,ghcr.io/talmolab/lablink-client-base-image:linux-amd64-test@sha256:1ec2fde6860186b3d45ac83890167258f83512955dbce65f072d4e8c310cb9de,0.37648844718933105,sleap-lablink-client-prod-vm-3,initializing,,0,1788390738.0,1788390767.0,,,,,,1788390768.131762,,1788390941.43362,i-04f09804c45834c8a
1788390960.163478,10,1,ghcr.io/talmolab/lablink-client-base-image:linux-amd64-test@sha256:1ec2fde6860186b3d45ac83890167258f83512955dbce65f072d4e8c310cb9de,0.37648844718933105,sleap-lablink-client-prod-vm-4,initializing,,0,1788390738.0,1788390767.0,,,,,,1788390768.132688,,1788390947.736547,i-0b5a2f80e58b1f49e
1788390960.163478,10,1,ghcr.io/talmolab/lablink-client-base-image:linux-amd64-test@sha256:1ec2fde6860186b3d45ac83890167258f83512955dbce65f072d4e8c310cb9de,0.37648844718933105,sleap-lablink-client-prod-vm-5,initializing,,0,1788390738.0,1788390767.0,,,,,,1788390768.133418,,1788390949.920566,i-011c62511afd69360
1788390960.163478,10,1,ghcr.io/talmolab/lablink-client-base-image:linux-amd64-test@sha256:1ec2fde6860186b3d45ac83890167258f83512955dbce65f072d4e8c310cb9de,0.37648844718933105,sleap-lablink-client-prod-vm-6,initializing,,0,1788390738.0,1788390767.0,,,,,,1788390768.134149,,1788390949.386626,i-0cceae5b4237000da
1788390960.163478,10,1,ghcr.io/talmolab/lablink-client-base-image:linux-amd64-test@sha256:1ec2fde6860186b3d45ac83890167258f83512955dbce65f072d4e8c310cb9de,0.37648844718933105,sleap-lablink-client-prod-vm-7,initializing,,0,1788390738.0,1788390767.0,,,,,,1788390768.13509,,1788390941.42039,i-04223bbc5c5f842c7
1788390960.163478,10,1,ghcr.io/talmolab/lablink-client-base-image:linux-amd64-test@sha256:1ec2fde6860186b3d45ac83890167258f83512955dbce65f072d4e8c310cb9de,0.37648844718933105,sleap-lablink-client-prod-vm-8,initializing,,0,1788390738.0,1788390767.0,,,,,,1788390768.135877,,1788390941.416289,i-0798ccd89f26d7cda
1788390960.163478,10,1,ghcr.io/talmolab/lablink-client-base-image:linux-amd64-test@sha256:1ec2fde6860186b3d45ac83890167258f83512955dbce65f072d4e8c310cb9de,0.37648844718933105,sleap-lablink-client-prod-vm-9,initializing,,0,1788390738.0,1788390767.0,,,,,,1788390768.136603,,1788390948.342064,i-0ae3bdc8eb0227987
1788390965.244076,10,1,ghcr.io/talmolab/lablink-client-base-image:linux-amd64-test@sha256:1ec2fde6860186b3d45ac83890167258f83512955dbce65f072d4e8c310cb9de,0.37648844718933105,sleap-lablink-client-prod-vm-1,initializing,,1,1788390738.0,1788390767.0,,,,,,1788390768.128852,,1788390908.495146,i-0d4ebb2bfcef19f31
1788390965.244076,10,1,ghcr.io/talmolab/lablink-client-base-image:linux-amd64-test@sha256:1ec2fde6860186b3d45ac83890167258f83512955dbce65f072d4e8c310cb9de,0.37648844718933105,sleap-lablink-client-prod-vm-10,initializing,,1,1788390738.0,1788390767.0,,,,,,1788390768.130117,,1788390903.88616,i-073b86b279423b5ed
1788390965.244076,10,1,ghcr.io/talmolab/lablink-client-base-image:linux-amd64-test@sha256:1ec2fde6860186b3d45ac83890167258f83512955dbce65f072d4e8c310cb9de,0.37648844718933105,sleap-lablink-client-prod-vm-2,initializing,,0,1788390738.0,1788390767.0,,,,,,1788390768.130938,,1788390949.31491,i-02f122d3eea1c2ca0
1788390965.244076,10,1,ghcr.io/talmolab/lablink-client-base-image:linux-amd64-test@sha256:1ec2fde6860186b3d45ac83890167258f83512955dbce65f072d4e8c310cb9de,0.37648844718933105,sleap-lablink-client-prod-vm-3,initializing,,0,1788390738.0,1788390767.0,,,,,,1788390768.131762,,1788390941.43362,i-04f09804c45834c8a
1788390965.244076,10,1,ghcr.io/talmolab/lablink-client-base-image:linux-amd64-test@sha256:1ec2fde6860186b3d45ac83890167258f83512955dbce65f072d4e8c310cb9de,0.37648844718933105,sleap-lablink-client-prod-vm-4,initializing,,0,1788390738.0,1788390767.0,,,,,,1788390768.132688,,1788390947.736547,i-0b5a2f80e58b1f49e
1788390965.244076,10,1,ghcr.io/talmolab/lablink-client-base-image:linux-amd64-test@sha256:1ec2fde6860186b3d45ac83890167258f83512955dbce65f072d4e8c310cb9de,0.37648844718933105,sleap-lablink-client-prod-vm-5,initializing,,0,1788390738.0,1788390767.0,,,,,,1788390768.133418,,1788390949.920566,i-011c62511afd69360
1788390965.244076,10,1,ghcr.io/talmolab/lablink-client-base-image:linux-amd64-test@sha256:1ec2fde6860186b3d45ac83890167258f83512955dbce65f072d4e8c310cb9de,0.37648844718933105,sleap-lablink-client-prod-vm-6,initializing,,0,1788390738.0,1788390767.0,,,,,,1788390768.134149,,1788390949.386626,i-0cceae5b4237000da
1788390965.244076,10,1,ghcr.io/talmolab/lablink-client-base-image:linux-amd64-test@sha256:1ec2fde6860186b3d45ac83890167258f83512955dbce65f072d4e8c310cb9de,0.37648844718933105,sleap-lablink-client-prod-vm-7,initializing,,0,1788390738.0,1788390767.0,,,,,,1788390768.13509,,1788390941.42039,i-04223bbc5c5f842c7
1788390965.244076,10,1,ghcr.io/talmolab/lablink-client-base-image:linux-amd64-test@sha256:1ec2fde6860186b3d45ac83890167258f83512955dbce65f072d4e8c310cb9de,0.37648844718933105,sleap-lablink-client-prod-vm-8,initializing,,0,1788390738.0,1788390767.0,,,,,,1788390768.135877,,1788390941.416289,i-0798ccd89f26d7cda
1788390965.244076,10,1,ghcr.io/talmolab/lablink-client-base-image:linux-amd64-test@sha256:1ec2fde6860186b3d45ac83890167258f83512955dbce65f072d4e8c310cb9de,0.37648844718933105,sleap-lablink-client-prod-vm-9,initializing,,0,1788390738.0,1788390767.0,,,,,,1788390768.136603,,1788390948.342064,i-0ae3bdc8eb0227987
1788390970.158853,10,1,ghcr.io/talmolab/lablink-client-base-image:linux-amd64-test@sha256:1ec2fde6860186b3d45ac83890167258f83512955dbce65f072d4e8c310cb9de,0.37648844718933105,sleap-lablink-client-prod-vm-1,initializing,,1,1788390738.0,1788390767.0,,,,,,1788390768.128852,,1788390908.495146,i-0d4ebb2bfcef19f31
1788390970.158853,10,1,ghcr.io/talmolab/lablink-client-base-image:linux-amd64-test@sha256:1ec2fde6860186b3d45ac83890167258f83512955dbce65f072d4e8c310cb9de,0.37648844718933105,sleap-lablink-client-prod-vm-10,initializing,,1,1788390738.0,1788390767.0,,,,,,1788390768.130117,,1788390903.88616,i-073b86b279423b5ed
1788390970.158853,10,1,ghcr.io/talmolab/lablink-client-base-image:linux-amd64-test@sha256:1ec2fde6860186b3d45ac83890167258f83512955dbce65f072d4e8c310cb9de,0.37648844718933105,sleap-lablink-client-prod-vm-2,initializing,,0,1788390738.0,1788390767.0,,,,,,1788390768.130938,,1788390949.31491,i-02f122d3eea1c2ca0
1788390970.158853,10,1,ghcr.io/talmolab/lablink-client-base-image:linux-amd64-test@sha256:1ec2fde6860186b3d45ac83890167258f83512955dbce65f072d4e8c310cb9de,0.37648844718933105,sleap-lablink-client-prod-vm-3,initializing,,0,1788390738.0,1788390767.0,,,,,,1788390768.131762,,1788390941.43362,i-04f09804c45834c8a
1788390970.158853,10,1,ghcr.io/talmolab/lablink-client-base-image:linux-amd64-test@sha256:1ec2fde6860186b3d45ac83890167258f83512955dbce65f072d4e8c310cb9de,0.37648844718933105,sleap-lablink-client-prod-vm-4,initializing,,0,1788390738.0,1788390767.0,,,,,,1788390768.132688,,1788390947.736547,i-0b5a2f80e58b1f49e
1788390970.158853,10,1,ghcr.io/talmolab/lablink-client-base-image:linux-amd64-test@sha256:1ec2fde6860186b3d45ac83890167258f83512955dbce65f072d4e8c310cb9de,0.37648844718933105,sleap-lablink-client-prod-vm-5,initializing,,0,1788390738.0,1788390767.0,,,,,,1788390768.133418,,1788390949.920566,i-011c62511afd69360
1788390970.158853,10,1,ghcr.io/talmolab/lablink-client-base-image:linux-amd64-test@sha256:1ec2fde6860186b3d45ac83890167258f83512955dbce65f072d4e8c310cb9de,0.37648844718933105,sleap-lablink-client-prod-vm-6,initializing,,0,1788390738.0,1788390767.0,,,,,,1788390768.134149,,1788390949.386626,i-0cceae5b4237000da
1788390970.158853,10,1,ghcr.io/talmolab/lablink-client-base-image:linux-amd64-test@sha256:1ec2fde6860186b3d45ac83890167258f83512955dbce65f072d4e8c310cb9de,0.37648844718933105,sleap-lablink-client-prod-vm-7,initializing,,0,1788390738.0,1788390767.0,,,,,,1788390768.13509,,1788390941.42039,i-04223bbc5c5f842c7
1788390970.158853,10,1,ghcr.io/talmolab/lablink-client-base-image:linux-amd64-test@sha256:1ec2fde6860186b3d45ac83890167258f83512955dbce65f072d4e8c310cb9de,0.37648844718933105,sleap-lablink-client-prod-vm-8,initializing,,0,1788390738.0,1788390767.0,,,,,,1788390768.135877,,1788390941.416289,i-0798ccd89f26d7cda
1788390970.158853,10,1,ghcr.io/talmolab/lablink-client-base-image:linux-amd64-test@sha256:1ec2fde6860186b3d45ac83890167258f83512955dbce65f072d4e8c310cb9de,0.37648844718933105,sleap-lablink-client-prod-vm-9,initializing,,0,1788390738.0,1788390767.0,,,,,,1788390768.136603,,1788390948.342064,i-0ae3bdc8eb0227987
1788390975.24352,10,1,ghcr.io/talmolab/lablink-client-base-image:linux-amd64-test@sha256:1ec2fde6860186b3d45ac83890167258f83512955dbce65f072d4e8c310cb9de,0.37648844718933105,sleap-lablink-client-prod-vm-1,initializing,,1,1788390738.0,1788390767.0,,,,,,1788390768.128852,,1788390908.495146,i-0d4ebb2bfcef19f31
1788390975.24352,10,1,ghcr.io/talmolab/lablink-client-base-image:linux-amd64-test@sha256:1ec2fde6860186b3d45ac83890167258f83512955dbce65f072d4e8c310cb9de,0.37648844718933105,sleap-lablink-client-prod-vm-10,initializing,,1,1788390738.0,1788390767.0,,,,,,1788390768.130117,,1788390903.88616,i-073b86b279423b5ed
1788390975.24352,10,1,ghcr.io/talmolab/lablink-client-base-image:linux-amd64-test@sha256:1ec2fde6860186b3d45ac83890167258f83512955dbce65f072d4e8c310cb9de,0.37648844718933105,sleap-lablink-client-prod-vm-2,initializing,,0,1788390738.0,1788390767.0,,,,,,1788390768.130938,,1788390949.31491,i-02f122d3eea1c2ca0
1788390975.24352,10,1,ghcr.io/talmolab/lablink-client-base-image:linux-amd64-test@sha256:1ec2fde6860186b3d45ac83890167258f83512955dbce65f072d4e8c310cb9de,0.37648844718933105,sleap-lablink-client-prod-vm-3,initializing,,0,1788390738.0,1788390767.0,,,,,,1788390768.131762,,1788390941.43362,i-04f09804c45834c8a
1788390975.24352,10,1,ghcr.io/talmolab/lablink-client-base-image:linux-amd64-test@sha256:1ec2fde6860186b3d45ac83890167258f83512955dbce65f072d4e8c310cb9de,0.37648844718933105,sleap-lablink-client-prod-vm-4,initializing,,0,1788390738.0,1788390767.0,,,,,,1788390768.132688,,1788390947.736547,i-0b5a2f80e58b1f49e
1788390975.24352,10,1,ghcr.io/talmolab/lablink-client-base-image:linux-amd64-test@sha256:1ec2fde6860186b3d45ac83890167258f83512955dbce65f072d4e8c310cb9de,0.37648844718933105,sleap-lablink-client-prod-vm-5,initializing,,0,1788390738.0,1788390767.0,,,,,,1788390768.133418,,1788390949.920566,i-011c62511afd69360
1788390975.24352,10,1,ghcr.io/talmolab/lablink-client-base-image:linux-amd64-test@sha256:1ec2fde6860186b3d45ac83890167258f83512955dbce65f072d4e8c310cb9de,0.37648844718933105,sleap-lablink-client-prod-vm-6,initializing,,0,1788390738.0,1788390767.0,,,,,,1788390768.134149,,1788390949.386626,i-0cceae5b4237000da
1788390975.24352,10,1,ghcr.io/talmolab/lablink-client-base-image:linux-amd64-test@sha256:1ec2fde6860186b3d45ac83890167258f83512955dbce65f072d4e8c310cb9de,0.37648844718933105,sleap-lablink-client-prod-vm-7,initializing,,0,1788390738.0,1788390767.0,,,,,,1788390768.13509,,1788390941.42039,i-04223bbc5c5f842c7
1788390975.24352,10,1,ghcr.io/talmolab/lablink-client-base-image:linux-amd64-test@sha256:1ec2fde6860186b3d45ac83890167258f83512955dbce65f072d4e8c310cb9de,0.37648844718933105,sleap-lablink-client-prod-vm-8,initializing,,0,1788390738.0,1788390767.0,,,,,,1788390768.135877,,1788390941.416289,i-0798ccd89f26d7cda
1788390975.24352,10,1,ghcr.io/talmolab/lablink-client-base-image:linux-amd64-test@sha256:1ec2fde6860186b3d45ac83890167258f83512955dbce65f072d4e8c310cb9de,0.37648844718933105,sleap-lablink-client-prod-vm-9,initializing,,0,1788390738.0,1788390767.0,,,,,,1788390768.136603,,1788390948.342064,i-0ae3bdc8eb0227987
1788390980.219775,10,1,ghcr.io/talmolab/lablink-client-base-image:linux-amd64-test@sha256:1ec2fde6860186b3d45ac83890167258f83512955dbce65f072d4e8c310cb9de,0.37648844718933105,sleap-lablink-client-prod-vm-1,initializing,,1,1788390738.0,1788390767.0,,,,,,1788390768.128852,,1788390908.495146,i-0d4ebb2bfcef19f31
1788390980.219775,10,1,ghcr.io/talmolab/lablink-client-base-image:linux-amd64-test@sha256:1ec2fde6860186b3d45ac83890167258f83512955dbce65f072d4e8c310cb9de,0.37648844718933105,sleap-lablink-client-prod-vm-10,initializing,,1,1788390738.0,1788390767.0,,,,,,1788390768.130117,,1788390903.88616,i-073b86b279423b5ed
1788390980.219775,10,1,ghcr.io/talmolab/lablink-client-base-image:linux-amd64-test@sha256:1ec2fde6860186b3d45ac83890167258f83512955dbce65f072d4e8c310cb9de,0.37648844718933105,sleap-lablink-client-prod-vm-2,initializing,,0,1788390738.0,1788390767.0,,,,,,1788390768.130938,,1788390949.31491,i-02f122d3eea1c2ca0
1788390980.219775,10,1,ghcr.io/talmolab/lablink-client-base-image:linux-amd64-test@sha256:1ec2fde6860186b3d45ac83890167258f83512955dbce65f072d4e8c310cb9de,0.37648844718933105,sleap-lablink-client-prod-vm-3,initializing,,0,1788390738.0,1788390767.0,,,,,,1788390768.131762,,1788390941.43362,i-04f09804c45834c8a
1788390980.219775,10,1,ghcr.io/talmolab/lablink-client-base-image:linux-amd64-test@sha256:1ec2fde6860186b3d45ac83890167258f83512955dbce65f072d4e8c310cb9de,0.37648844718933105,sleap-lablink-client-prod-vm-4,initializing,,0,1788390738.0,1788390767.0,,,,,,1788390768.132688,,1788390947.736547,i-0b5a2f80e58b1f49e
1788390980.219775,10,1,ghcr.io/talmolab/lablink-client-base-image:linux-amd64-test@sha256:1ec2fde6860186b3d45ac83890167258f83512955dbce65f072d4e8c310cb9de,0.37648844718933105,sleap-lablink-client-prod-vm-5,initializing,,0,1788390738.0,1788390767.0,,,,,,1788390768.133418,,1788390949.920566,i-011c62511afd69360
1788390980.219775,10,1,ghcr.io/talmolab/lablink-client-base-image:linux-amd64-test@sha256:1ec2fde6860186b3d45ac83890167258f83512955dbce65f072d4e8c310cb9de,0.37648844718933105,sleap-lablink-client-prod-vm-6,initializing,,0,1788390738.0,1788390767.0,,,,,,1788390768.134149,,1788390949.386626,i-0cceae5b4237000da
1788390980.219775,10,1,ghcr.io/talmolab/lablink-client-base-image:linux-amd64-test@sha256:1ec2fde6860186b3d45ac83890167258f83512955dbce65f072d4e8c310cb9de,0.37648844718933105,sleap-lablink-client-prod-vm-7,initializing,,0,1788390738.0,1788390767.0,,,,,,1788390768.13509,,1788390941.42039,i-04223bbc5c5f842c7
1788390980.219775,10,1,ghcr.io/talmolab/lablink-client-base-image:linux-amd64-test@sha256:1ec2fde6860186b3d45ac83890167258f83512955dbce65f072d4e8c310cb9de,0.37648844718933105,sleap-lablink-client-prod-vm-8,initializing,,0,1788390738.0,1788390767.0,,,,,,1788390768.135877,,1788390941.416289,i-0798ccd89f26d7cda
1788390980.219775,10,1,ghcr.io/talmolab/lablink-client-base-image:linux-amd64-test@sha256:1ec2fde6860186b3d45ac83890167258f83512955dbce65f072d4e8c310cb9de,0.37648844718933105,sleap-lablink-client-prod-vm-9,initializing,,0,1788390738.0,1788390767.0,,,,,,1788390768.136603,,1788390948.342064,i-0ae3bdc8eb0227987
1788390985.188977,10,1,ghcr.io/talmolab/lablink-client-base-image:linux-amd64-test@sha256:1ec2fde6860186b3d45ac83890167258f83512955dbce65f072d4e8c310cb9de,0.37648844718933105,sleap-lablink-client-prod-vm-1,initializing,,1,1788390738.0,1788390767.0,,,,,,1788390768.128852,,1788390908.495146,i-0d4ebb2bfcef19f31
1788390985.188977,10,1,ghcr.io/talmolab/lablink-client-base-image:linux-amd64-test@sha256:1ec2fde6860186b3d45ac83890167258f83512955dbce65f072d4e8c310cb9de,0.37648844718933105,sleap-lablink-client-prod-vm-10,initializing,,1,1788390738.0,1788390767.0,,,,,,1788390768.130117,,1788390903.88616,i-073b86b279423b5ed
1788390985.188977,10,1,ghcr.io/talmolab/lablink-client-base-image:linux-amd64-test@sha256:1ec2fde6860186b3d45ac83890167258f83512955dbce65f072d4e8c310cb9de,0.37648844718933105,sleap-lablink-client-prod-vm-2,initializing,,0,1788390738.0,1788390767.0,,,,,,1788390768.130938,,1788390949.31491,i-02f122d3eea1c2ca0
1788390985.188977,10,1,ghcr.io/talmolab/lablink-client-base-image:linux-amd64-test@sha256:1ec2fde6860186b3d45ac83890167258f83512955dbce65f072d4e8c310cb9de,0.37648844718933105,sleap-lablink-client-prod-vm-3,initializing,,0,1788390738.0,1788390767.0,,,,,,1788390768.131762,,1788390941.43362,i-04f09804c45834c8a
1788390985.188977,10,1,ghcr.io/talmolab/lablink-client-base-image:linux-amd64-test@sha256:1ec2fde6860186b3d45ac83890167258f83512955dbce65f072d4e8c310cb9de,0.37648844718933105,sleap-lablink-client-prod-vm-4,initializing,,0,1788390738.0,1788390767.0,,,,,,1788390768.132688,,1788390947.736547,i-0b5a2f80e58b1f49e
1788390985.188977,10,1,ghcr.io/talmolab/lablink-client-base-image:linux-amd64-test@sha256:1ec2fde6860186b3d45ac83890167258f83512955dbce65f072d4e8c310cb9de,0.37648844718933105,sleap-lablink-client-prod-vm-5,initializing,,0,1788390738.0,1788390767.0,,,,,,1788390768.133418,,1788390949.920566,i-011c62511afd69360
1788390985.188977,10,1,ghcr.io/talmolab/lablink-client-base-image:linux-amd64-test@sha256:1ec2fde6860186b3d45ac83890167258f83512955dbce65f072d4e8c310cb9de,0.37648844718933105,sleap-lablink-client-prod-vm-6,initializing,,0,1788390738.0,1788390767.0,,,,,,1788390768.134149,,1788390949.386626,i-0cceae5b4237000da
1788390985.188977,10,1,ghcr.io/talmolab/lablink-client-base-image:linux-amd64-test@sha256:1ec2fde6860186b3d45ac83890167258f83512955dbce65f072d4e8c310cb9de,0.37648844718933105,sleap-lablink-client-prod-vm-7,initializing,,0,1788390738.0,1788390767.0,,,,,,1788390768.13509,,1788390941.42039,i-04223bbc5c5f842c7
1788390985.188977,10,1,ghcr.io/talmolab/lablink-client-base-image:linux-amd64-test@sha256:1ec2fde6860186b3d45ac83890167258f83512955dbce65f072d4e8c310cb9de,0.37648844718933105,sleap-lablink-client-prod-vm-8,initializing,,0,1788390738.0,1788390767.0,,,,,,1788390768.135877,,1788390941.416289,i-0798ccd89f26d7cda
1788390985.188977,10,1,ghcr.io/talmolab/lablink-client-base-image:linux-amd64-test@sha256:1ec2fde6860186b3d45ac83890167258f83512955dbce65f072d4e8c310cb9de,0.37648844718933105,sleap-lablink-client-prod-vm-9,initializing,,0,1788390738.0,1788390767.0,,,,,,1788390768.136603,,1788390948.342064,i-0ae3bdc8eb0227987
1788390990.244571,10,1,ghcr.io/talmolab/lablink-client-base-image:linux-amd64-test@sha256:1ec2fde6860186b3d45ac83890167258f83512955dbce65f072d4e8c310cb9de,0.37648844718933105,sleap-lablink-client-prod-vm-1,initializing,,1,1788390738.0,1788390767.0,,,,,,1788390768.128852,,1788390908.495146,i-0d4ebb2bfcef19f31
1788390990.244571,10,1,ghcr.io/talmolab/lablink-client-base-image:linux-amd64-test@sha256:1ec2fde6860186b3d45ac83890167258f83512955dbce65f072d4e8c310cb9de,0.37648844718933105,sleap-lablink-client-prod-vm-10,initializing,,1,1788390738.0,1788390767.0,,,,,,1788390768.130117,,1788390903.88616,i-073b86b279423b5ed
1788390990.244571,10,1,ghcr.io/talmolab/lablink-client-base-image:linux-amd64-test@sha256:1ec2fde6860186b3d45ac83890167258f83512955dbce65f072d4e8c310cb9de,0.37648844718933105,sleap-lablink-client-prod-vm-2,initializing,,0,1788390738.0,1788390767.0,,,,,,1788390768.130938,,1788390949.31491,i-02f122d3eea1c2ca0
1788390990.244571,10,1,ghcr.io/talmolab/lablink-client-base-image:linux-amd64-test@sha256:1ec2fde6860186b3d45ac83890167258f83512955dbce65f072d4e8c310cb9de,0.37648844718933105,sleap-lablink-client-prod-vm-3,initializing,,0,1788390738.0,1788390767.0,,,,,,1788390768.131762,,1788390941.43362,i-04f09804c45834c8a
1788390990.244571,10,1,ghcr.io/talmolab/lablink-client-base-image:linux-amd64-test@sha256:1ec2fde6860186b3d45ac83890167258f83512955dbce65f072d4e8c310cb9de,0.37648844718933105,sleap-lablink-client-prod-vm-4,initializing,,0,1788390738.0,1788390767.0,,,,,,1788390768.132688,,1788390947.736547,i-0b5a2f80e58b1f49e
1788390990.244571,10,1,ghcr.io/talmolab/lablink-client-base-image:linux-amd64-test@sha256:1ec2fde6860186b3d45ac83890167258f83512955dbce65f072d4e8c310cb9de,0.37648844718933105,sleap-lablink-client-prod-vm-5,initializing,,0,1788390738.0,1788390767.0,,,,,,1788390768.133418,,1788390949.920566,i-011c62511afd69360
1788390990.244571,10,1,ghcr.io/talmolab/lablink-client-base-image:linux-amd64-test@sha256:1ec2fde6860186b3d45ac83890167258f83512955dbce65f072d4e8c310cb9de,0.37648844718933105,sleap-lablink-client-prod-vm-6,initializing,,0,1788390738.0,1788390767.0,,,,,,1788390768.134149,,1788390949.386626,i-0cceae5b4237000da
1788390990.244571,10,1,ghcr.io/talmolab/lablink-client-base-image:linux-amd64-test@sha256:1ec2fde6860186b3d45ac83890167258f83512955dbce65f072d4e8c310cb9de,0.37648844718933105,sleap-lablink-client-prod-vm-7,initializing,,0,1788390738.0,1788390767.0,,,,,,1788390768.13509,,1788390941.42039,i-04223bbc5c5f842c7
1788390990.244571,10,1,ghcr.io/talmolab/lablink-client-base-image:linux-amd64-test@sha256:1ec2fde6860186b3d45ac83890167258f83512955dbce65f072d4e8c310cb9de,0.37648844718933105,sleap-lablink-client-prod-vm-8,initializing,,0,1788390738.0,1788390767.0,,,,,,1788390768.135877,,1788390941.416289,i-0798ccd89f26d7cda
1788390990.244571,10,1,ghcr.io/talmolab/lablink-client-base-image:linux-amd64-test@sha256:1ec2fde6860186b3d45ac83890167258f83512955dbce65f072d4e8c310cb9de,0.37648844718933105,sleap-lablink-client-prod-vm-9,initializing,,0,1788390738.0,1788390767.0,,,,,,1788390768.136603,,1788390948.342064,i-0ae3bdc8eb0227987
1788390995.146982,10,1,ghcr.io/talmolab/lablink-client-base-image:linux-amd64-test@sha256:1ec2fde6860186b3d45ac83890167258f83512955dbce65f072d4e8c310cb9de,0.37648844718933105,sleap-lablink-client-prod-vm-1,initializing,,1,1788390738.0,1788390767.0,,,,,,1788390768.128852,,1788390908.495146,i-0d4ebb2bfcef19f31
1788390995.146982,10,1,ghcr.io/talmolab/lablink-client-base-image:linux-amd64-test@sha256:1ec2fde6860186b3d45ac83890167258f83512955dbce65f072d4e8c310cb9de,0.37648844718933105,sleap-lablink-client-prod-vm-10,initializing,,1,1788390738.0,1788390767.0,,,,,,1788390768.130117,,1788390903.88616,i-073b86b279423b5ed
1788390995.146982,10,1,ghcr.io/talmolab/lablink-client-base-image:linux-amd64-test@sha256:1ec2fde6860186b3d45ac83890167258f83512955dbce65f072d4e8c310cb9de,0.37648844718933105,sleap-lablink-client-prod-vm-2,initializing,,0,1788390738.0,1788390767.0,,,,,,1788390768.130938,,1788390949.31491,i-02f122d3eea1c2ca0
1788390995.146982,10,1,ghcr.io/talmolab/lablink-client-base-image:linux-amd64-test@sha256:1ec2fde6860186b3d45ac83890167258f83512955dbce65f072d4e8c310cb9de,0.37648844718933105,sleap-lablink-client-prod-vm-3,initializing,,0,1788390738.0,1788390767.0,,,,,,1788390768.131762,,1788390941.43362,i-04f09804c45834c8a
1788390995.146982,10,1,ghcr.io/talmolab/lablink-client-base-image:linux-amd64-test@sha256:1ec2fde6860186b3d45ac83890167258f83512955dbce65f072d4e8c310cb9de,0.37648844718933105,sleap-lablink-client-prod-vm-4,initializing,,0,1788390738.0,1788390767.0,,,,,,1788390768.132688,,1788390947.736547,i-0b5a2f80e58b1f49e
1788390995.146982,10,1,ghcr.io/talmolab/lablink-client-base-image:linux-amd64-test@sha256:1ec2fde6860186b3d45ac83890167258f83512955dbce65f072d4e8c310cb9de,0.37648844718933105,sleap-lablink-client-prod-vm-5,initializing,,0,1788390738.0,1788390767.0,,,,,,1788390768.133418,,1788390949.920566,i-011c62511afd69360
1788390995.146982,10,1,ghcr.io/talmolab/lablink-client-base-image:linux-amd64-test@sha256:1ec2fde6860186b3d45ac83890167258f83512955dbce65f072d4e8c310cb9de,0.37648844718933105,sleap-lablink-client-prod-vm-6,initializing,,0,1788390738.0,1788390767.0,,,,,,1788390768.134149,,1788390949.386626,i-0cceae5b4237000da
1788390995.146982,10,1,ghcr.io/talmolab/lablink-client-base-image:linux-amd64-test@sha256:1ec2fde6860186b3d45ac83890167258f83512955dbce65f072d4e8c310cb9de,0.37648844718933105,sleap-lablink-client-prod-vm-7,initializing,,0,1788390738.0,1788390767.0,,,,,,1788390768.13509,,1788390941.42039,i-04223bbc5c5f842c7
1788390995.146982,10,1,ghcr.io/talmolab/lablink-client-base-image:linux-amd64-test@sha256:1ec2fde6860186b3d45ac83890167258f83512955dbce65f072d4e8c310cb9de,0.37648844718933105,sleap-lablink-client-prod-vm-8,initializing,,0,1788390738.0,1788390767.0,,,,,,1788390768.135877,,1788390941.416289,i-0798ccd89f26d7cda
1788390995.146982,10,1,ghcr.io/talmolab/lablink-client-base-image:linux-amd64-test@sha256:1ec2fde6860186b3d45ac83890167258f83512955dbce65f072d4e8c310cb9de,0.37648844718933105,sleap-lablink-client-prod-vm-9,initializing,,0,1788390738.0,1788390767.0,,,,,,1788390768.136603,,1788390948.342064,i-0ae3bdc8eb0227987
1788391000.18665,10,1,ghcr.io/talmolab/lablink-client-base-image:linux-amd64-test@sha256:1ec2fde6860186b3d45ac83890167258f83512955dbce65f072d4e8c310cb9de,0.37648844718933105,sleap-lablink-client-prod-vm-1,initializing,,1,1788390738.0,1788390767.0,,,,,,1788390768.128852,,1788390908.495146,i-0d4ebb2bfcef19f31
1788391000.18665,10,1,ghcr.io/talmolab/lablink-client-base-image:linux-amd64-test@sha256:1ec2fde6860186b3d45ac83890167258f83512955dbce65f072d4e8c310cb9de,0.37648844718933105,sleap-lablink-client-prod-vm-10,initializing,,1,1788390738.0,1788390767.0,,,,,,1788390768.130117,,1788390903.88616,i-073b86b279423b5ed
1788391000.18665,10,1,ghcr.io/talmolab/lablink-client-base-image:linux-amd64-test@sha256:1ec2fde6860186b3d45ac83890167258f83512955dbce65f072d4e8c310cb9de,0.37648844718933105,sleap-lablink-client-prod-vm-2,initializing,,0,1788390738.0,1788390767.0,,,,,,1788390768.130938,,1788390949.31491,i-02f122d3eea1c2ca0
1788391000.18665,10,1,ghcr.io/talmolab/lablink-client-base-image:linux-amd64-test@sha256:1ec2fde6860186b3d45ac83890167258f83512955dbce65f072d4e8c310cb9de,0.37648844718933105,sleap-lablink-client-prod-vm-3,initializing,,0,1788390738.0,1788390767.0,,,,,,1788390768.131762,,1788390941.43362,i-04f09804c45834c8a
1788391000.18665,10,1,ghcr.io/talmolab/lablink-client-base-image:linux-amd64-test@sha256:1ec2fde6860186b3d45ac83890167258f83512955dbce65f072d4e8c310cb9de,0.37648844718933105,sleap-lablink-client-prod-vm-4,initializing,,0,1788390738.0,1788390767.0,,,,,,1788390768.132688,,1788390947.736547,i-0b5a2f80e58b1f49e
1788391000.18665,10,1,ghcr.io/talmolab/lablink-client-base-image:linux-amd64-test@sha256:1ec2fde6860186b3d45ac83890167258f83512955dbce65f072d4e8c310cb9de,0.37648844718933105,sleap-lablink-client-prod-vm-5,initializing,,0,1788390738.0,1788390767.0,,,,,,1788390768.133418,,1788390949.920566,i-011c62511afd69360
1788391000.18665,10,1,ghcr.io/talmolab/lablink-client-base-image:linux-amd64-test@sha256:1ec2fde6860186b3d45ac83890167258f83512955dbce65f072d4e8c310cb9de,0.37648844718933105,sleap-lablink-client-prod-vm-6,initializing,,0,1788390738.0,1788390767.0,,,,,,1788390768.134149,,1788390949.386626,i-0cceae5b4237000da
1788391000.18665,10,1,ghcr.io/talmolab/lablink-client-base-image:linux-amd64-test@sha256:1ec2fde6860186b3d45ac83890167258f83512955dbce65f072d4e8c310cb9de,0.37648844718933105,sleap-lablink-client-prod-vm-7,initializing,,0,1788390738.0,1788390767.0,,,,,,1788390768.13509,,1788390941.42039,i-04223bbc5c5f842c7
1788391000.18665,10,1,ghcr.io/talmolab/lablink-client-base-image:linux-amd64-test@sha256:1ec2fde6860186b3d45ac83890167258f83512955dbce65f072d4e8c310cb9de,0.37648844718933105,sleap-lablink-client-prod-vm-8,initializing,,0,1788390738.0,1788390767.0,,,,,,1788390768.135877,,1788390941.416289,i-0798ccd89f26d7cda
1788391000.18665,10,1,ghcr.io/talmolab/lablink-client-base-image:linux-amd64-test@sha256:1ec2fde6860186b3d45ac83890167258f83512955dbce65f072d4e8c310cb9de,0.37648844718933105,sleap-lablink-client-prod-vm-9,initializing,,0,1788390738.0,1788390767.0,,,,,,1788390768.136603,,1788390948.342064,i-0ae3bdc8eb0227987
1788391005.2075899,10,1,ghcr.io/talmolab/lablink-client-base-image:linux-amd64-test@sha256:1ec2fde6860186b3d45ac83890167258f83512955dbce65f072d4e8c310cb9de,0.37648844718933105,sleap-lablink-client-prod-vm-1,initializing,,1,1788390738.0,1788390767.0,,,,,,1788390768.128852,,1788390908.495146,i-0d4ebb2bfcef19f31
1788391005.2075899,10,1,ghcr.io/talmolab/lablink-client-base-image:linux-amd64-test@sha256:1ec2fde6860186b3d45ac83890167258f83512955dbce65f072d4e8c310cb9de,0.37648844718933105,sleap-lablink-client-prod-vm-10,initializing,,1,1788390738.0,1788390767.0,,,,,,1788390768.130117,,1788390903.88616,i-073b86b279423b5ed
1788391005.2075899,10,1,ghcr.io/talmolab/lablink-client-base-image:linux-amd64-test@sha256:1ec2fde6860186b3d45ac83890167258f83512955dbce65f072d4e8c310cb9de,0.37648844718933105,sleap-lablink-client-prod-vm-2,initializing,,0,1788390738.0,1788390767.0,,,,,,1788390768.130938,,1788390949.31491,i-02f122d3eea1c2ca0
1788391005.2075899,10,1,ghcr.io/talmolab/lablink-client-base-image:linux-amd64-test@sha256:1ec2fde6860186b3d45ac83890167258f83512955dbce65f072d4e8c310cb9de,0.37648844718933105,sleap-lablink-client-prod-vm-3,initializing,,0,1788390738.0,1788390767.0,1788390814.0,1788391004.0,,,219.0,1788390768.131762,,1788391004.418463,i-04f09804c45834c8a
1788391005.2075899,10,1,ghcr.io/talmolab/lablink-client-base-image:linux-amd64-test@sha256:1ec2fde6860186b3d45ac83890167258f83512955dbce65f072d4e8c310cb9de,0.37648844718933105,sleap-lablink-client-prod-vm-4,initializing,,0,1788390738.0,1788390767.0,,,,,,1788390768.132688,,1788390947.736547,i-0b5a2f80e58b1f49e
1788391005.2075899,10,1,ghcr.io/talmolab/lablink-client-base-image:linux-amd64-test@sha256:1ec2fde6860186b3d45ac83890167258f83512955dbce65f072d4e8c310cb9de,0.37648844718933105,sleap-lablink-client-prod-vm-5,initializing,,0,1788390738.0,1788390767.0,,,,,,1788390768.133418,,1788390949.920566,i-011c62511afd69360
1788391005.2075899,10,1,ghcr.io/talmolab/lablink-client-base-image:linux-amd64-test@sha256:1ec2fde6860186b3d45ac83890167258f83512955dbce65f072d4e8c310cb9de,0.37648844718933105,sleap-lablink-client-prod-vm-6,initializing,,0,1788390738.0,1788390767.0,,,,,,1788390768.134149,,1788390949.386626,i-0cceae5b4237000da
1788391005.2075899,10,1,ghcr.io/talmolab/lablink-client-base-image:linux-amd64-test@sha256:1ec2fde6860186b3d45ac83890167258f83512955dbce65f072d4e8c310cb9de,0.37648844718933105,sleap-lablink-client-prod-vm-7,initializing,,0,1788390738.0,1788390767.0,1788390813.0,1788391004.0,,,220.0,1788390768.13509,,1788391004.18429,i-04223bbc5c5f842c7
1788391005.2075899,10,1,ghcr.io/talmolab/lablink-client-base-image:linux-amd64-test@sha256:1ec2fde6860186b3d45ac83890167258f83512955dbce65f072d4e8c310cb9de,0.37648844718933105,sleap-lablink-client-prod-vm-8,initializing,,0,1788390738.0,1788390767.0,1788390809.0,1788391003.0,,,223.0,1788390768.135877,,1788391004.006276,i-0798ccd89f26d7cda
1788391005.2075899,10,1,ghcr.io/talmolab/lablink-client-base-image:linux-amd64-test@sha256:1ec2fde6860186b3d45ac83890167258f83512955dbce65f072d4e8c310cb9de,0.37648844718933105,sleap-lablink-client-prod-vm-9,initializing,,0,1788390738.0,1788390767.0,,,,,,1788390768.136603,,1788390948.342064,i-0ae3bdc8eb0227987
1788391010.325991,10,1,ghcr.io/talmolab/lablink-client-base-image:linux-amd64-test@sha256:1ec2fde6860186b3d45ac83890167258f83512955dbce65f072d4e8c310cb9de,0.37648844718933105,sleap-lablink-client-prod-vm-1,initializing,,1,1788390738.0,1788390767.0,,,,,,1788390768.128852,,1788390908.495146,i-0d4ebb2bfcef19f31
1788391010.325991,10,1,ghcr.io/talmolab/lablink-client-base-image:linux-amd64-test@sha256:1ec2fde6860186b3d45ac83890167258f83512955dbce65f072d4e8c310cb9de,0.37648844718933105,sleap-lablink-client-prod-vm-10,initializing,,1,1788390738.0,1788390767.0,,,,,,1788390768.130117,,1788390903.88616,i-073b86b279423b5ed
1788391010.325991,10,1,ghcr.io/talmolab/lablink-client-base-image:linux-amd64-test@sha256:1ec2fde6860186b3d45ac83890167258f83512955dbce65f072d4e8c310cb9de,0.37648844718933105,sleap-lablink-client-prod-vm-2,initializing,,0,1788390738.0,1788390767.0,,,,,,1788390768.130938,,1788390949.31491,i-02f122d3eea1c2ca0
1788391010.325991,10,1,ghcr.io/talmolab/lablink-client-base-image:linux-amd64-test@sha256:1ec2fde6860186b3d45ac83890167258f83512955dbce65f072d4e8c310cb9de,0.37648844718933105,sleap-lablink-client-prod-vm-3,initializing,,0,1788390738.0,1788390767.0,1788390814.0,1788391004.0,,,219.0,1788390768.131762,,1788391004.418463,i-04f09804c45834c8a
1788391010.325991,10,1,ghcr.io/talmolab/lablink-client-base-image:linux-amd64-test@sha256:1ec2fde6860186b3d45ac83890167258f83512955dbce65f072d4e8c310cb9de,0.37648844718933105,sleap-lablink-client-prod-vm-4,initializing,,0,1788390738.0,1788390767.0,,,,,,1788390768.132688,,1788390947.736547,i-0b5a2f80e58b1f49e
1788391010.325991,10,1,ghcr.io/talmolab/lablink-client-base-image:linux-amd64-test@sha256:1ec2fde6860186b3d45ac83890167258f83512955dbce65f072d4e8c310cb9de,0.37648844718933105,sleap-lablink-client-prod-vm-5,initializing,,0,1788390738.0,1788390767.0,,,,,,1788390768.133418,,1788390949.920566,i-011c62511afd69360
1788391010.325991,10,1,ghcr.io/talmolab/lablink-client-base-image:linux-amd64-test@sha256:1ec2fde6860186b3d45ac83890167258f83512955dbce65f072d4e8c310cb9de,0.37648844718933105,sleap-lablink-client-prod-vm-6,initializing,,0,1788390738.0,1788390767.0,,,,,,1788390768.134149,,1788390949.386626,i-0cceae5b4237000da
1788391010.325991,10,1,ghcr.io/talmolab/lablink-client-base-image:linux-amd64-test@sha256:1ec2fde6860186b3d45ac83890167258f83512955dbce65f072d4e8c310cb9de,0.37648844718933105,sleap-lablink-client-prod-vm-7,initializing,,0,1788390738.0,1788390767.0,1788390813.0,1788391004.0,,,220.0,1788390768.13509,,1788391004.18429,i-04223bbc5c5f842c7
1788391010.325991,10,1,ghcr.io/talmolab/lablink-client-base-image:linux-amd64-test@sha256:1ec2fde6860186b3d45ac83890167258f83512955dbce65f072d4e8c310cb9de,0.37648844718933105,sleap-lablink-client-prod-vm-8,initializing,,0,1788390738.0,1788390767.0,1788390809.0,1788391003.0,,,223.0,1788390768.135877,,1788391004.006276,i-0798ccd89f26d7cda
1788391010.325991,10,1,ghcr.io/talmolab/lablink-client-base-image:linux-amd64-test@sha256:1ec2fde6860186b3d45ac83890167258f83512955dbce65f072d4e8c310cb9de,0.37648844718933105,sleap-lablink-client-prod-vm-9,initializing,,0,1788390738.0,1788390767.0,,,,,,1788390768.136603,,1788390948.342064,i-0ae3bdc8eb0227987
1788391015.205716,10,1,ghcr.io/talmolab/lablink-client-base-image:linux-amd64-test@sha256:1ec2fde6860186b3d45ac83890167258f83512955dbce65f072d4e8c310cb9de,0.37648844718933105,sleap-lablink-client-prod-vm-1,initializing,,1,1788390738.0,1788390767.0,,,,,,1788390768.128852,,1788390908.495146,i-0d4ebb2bfcef19f31
1788391015.205716,10,1,ghcr.io/talmolab/lablink-client-base-image:linux-amd64-test@sha256:1ec2fde6860186b3d45ac83890167258f83512955dbce65f072d4e8c310cb9de,0.37648844718933105,sleap-lablink-client-prod-vm-10,initializing,,1,1788390738.0,1788390767.0,,,,,,1788390768.130117,,1788390903.88616,i-073b86b279423b5ed
1788391015.205716,10,1,ghcr.io/talmolab/lablink-client-base-image:linux-amd64-test@sha256:1ec2fde6860186b3d45ac83890167258f83512955dbce65f072d4e8c310cb9de,0.37648844718933105,sleap-lablink-client-prod-vm-2,initializing,,0,1788390738.0,1788390767.0,1788390813.0,1788391011.0,,,227.0,1788390768.130938,,1788391011.761008,i-02f122d3eea1c2ca0
1788391015.205716,10,1,ghcr.io/talmolab/lablink-client-base-image:linux-amd64-test@sha256:1ec2fde6860186b3d45ac83890167258f83512955dbce65f072d4e8c310cb9de,0.37648844718933105,sleap-lablink-client-prod-vm-3,initializing,,0,1788390738.0,1788390767.0,1788390814.0,1788391004.0,,,219.0,1788390768.131762,,1788391004.418463,i-04f09804c45834c8a
1788391015.205716,10,1,ghcr.io/talmolab/lablink-client-base-image:linux-amd64-test@sha256:1ec2fde6860186b3d45ac83890167258f83512955dbce65f072d4e8c310cb9de,0.37648844718933105,sleap-lablink-client-prod-vm-4,initializing,,0,1788390738.0,1788390767.0,1788390813.0,1788391010.0,,,226.0,1788390768.132688,,1788391010.669327,i-0b5a2f80e58b1f49e
1788391015.205716,10,1,ghcr.io/talmolab/lablink-client-base-image:linux-amd64-test@sha256:1ec2fde6860186b3d45ac83890167258f83512955dbce65f072d4e8c310cb9de,0.37648844718933105,sleap-lablink-client-prod-vm-5,initializing,,0,1788390738.0,1788390767.0,1788390814.0,1788391012.0,,,227.0,1788390768.133418,,1788391012.527117,i-011c62511afd69360
1788391015.205716,10,1,ghcr.io/talmolab/lablink-client-base-image:linux-amd64-test@sha256:1ec2fde6860186b3d45ac83890167258f83512955dbce65f072d4e8c310cb9de,0.37648844718933105,sleap-lablink-client-prod-vm-6,initializing,,0,1788390738.0,1788390767.0,1788390814.0,1788391011.0,,,226.0,1788390768.134149,,1788391012.016343,i-0cceae5b4237000da
1788391015.205716,10,1,ghcr.io/talmolab/lablink-client-base-image:linux-amd64-test@sha256:1ec2fde6860186b3d45ac83890167258f83512955dbce65f072d4e8c310cb9de,0.37648844718933105,sleap-lablink-client-prod-vm-7,initializing,,0,1788390738.0,1788390767.0,1788390813.0,1788391004.0,,,220.0,1788390768.13509,,1788391004.18429,i-04223bbc5c5f842c7
1788391015.205716,10,1,ghcr.io/talmolab/lablink-client-base-image:linux-amd64-test@sha256:1ec2fde6860186b3d45ac83890167258f83512955dbce65f072d4e8c310cb9de,0.37648844718933105,sleap-lablink-client-prod-vm-8,initializing,,0,1788390738.0,1788390767.0,1788390809.0,1788391003.0,,,223.0,1788390768.135877,,1788391004.006276,i-0798ccd89f26d7cda
1788391015.205716,10,1,ghcr.io/talmolab/lablink-client-base-image:linux-amd64-test@sha256:1ec2fde6860186b3d45ac83890167258f83512955dbce65f072d4e8c310cb9de,0.37648844718933105,sleap-lablink-client-prod-vm-9,initializing,,0,1788390738.0,1788390767.0,1788390813.0,1788391010.0,,,226.0,1788390768.136603,,1788391010.729006,i-0ae3bdc8eb0227987
1788391020.277898,10,1,ghcr.io/talmolab/lablink-client-base-image:linux-amd64-test@sha256:1ec2fde6860186b3d45ac83890167258f83512955dbce65f072d4e8c310cb9de,0.37648844718933105,sleap-lablink-client-prod-vm-1,initializing,,1,1788390738.0,1788390767.0,,,,,,1788390768.128852,,1788390908.495146,i-0d4ebb2bfcef19f31
1788391020.277898,10,1,ghcr.io/talmolab/lablink-client-base-image:linux-amd64-test@sha256:1ec2fde6860186b3d45ac83890167258f83512955dbce65f072d4e8c310cb9de,0.37648844718933105,sleap-lablink-client-prod-vm-10,initializing,,1,1788390738.0,1788390767.0,,,,,,1788390768.130117,,1788390903.88616,i-073b86b279423b5ed
1788391020.277898,10,1,ghcr.io/talmolab/lablink-client-base-image:linux-amd64-test@sha256:1ec2fde6860186b3d45ac83890167258f83512955dbce65f072d4e8c310cb9de,0.37648844718933105,sleap-lablink-client-prod-vm-2,running,Healthy,0,1788390738.0,1788390767.0,1788390813.0,1788391011.0,1788390949.0,1788391016.0,294.0,1788390768.130938,,1788391019.157774,i-02f122d3eea1c2ca0
1788391020.277898,10,1,ghcr.io/talmolab/lablink-client-base-image:linux-amd64-test@sha256:1ec2fde6860186b3d45ac83890167258f83512955dbce65f072d4e8c310cb9de,0.37648844718933105,sleap-lablink-client-prod-vm-3,running,Healthy,0,1788390738.0,1788390767.0,1788390814.0,1788391004.0,1788390941.0,1788391018.0,296.0,1788390768.131762,,1788391019.981365,i-04f09804c45834c8a
1788391020.277898,10,1,ghcr.io/talmolab/lablink-client-base-image:linux-amd64-test@sha256:1ec2fde6860186b3d45ac83890167258f83512955dbce65f072d4e8c310cb9de,0.37648844718933105,sleap-lablink-client-prod-vm-4,initializing,,0,1788390738.0,1788390767.0,1788390813.0,1788391010.0,,,226.0,1788390768.132688,,1788391010.669327,i-0b5a2f80e58b1f49e
1788391020.277898,10,1,ghcr.io/talmolab/lablink-client-base-image:linux-amd64-test@sha256:1ec2fde6860186b3d45ac83890167258f83512955dbce65f072d4e8c310cb9de,0.37648844718933105,sleap-lablink-client-prod-vm-5,initializing,,0,1788390738.0,1788390767.0,1788390814.0,1788391012.0,,,227.0,1788390768.133418,,1788391012.527117,i-011c62511afd69360
1788391020.277898,10,1,ghcr.io/talmolab/lablink-client-base-image:linux-amd64-test@sha256:1ec2fde6860186b3d45ac83890167258f83512955dbce65f072d4e8c310cb9de,0.37648844718933105,sleap-lablink-client-prod-vm-6,initializing,,0,1788390738.0,1788390767.0,1788390814.0,1788391011.0,,,226.0,1788390768.134149,,1788391012.016343,i-0cceae5b4237000da
1788391020.277898,10,1,ghcr.io/talmolab/lablink-client-base-image:linux-amd64-test@sha256:1ec2fde6860186b3d45ac83890167258f83512955dbce65f072d4e8c310cb9de,0.37648844718933105,sleap-lablink-client-prod-vm-7,running,Healthy,0,1788390738.0,1788390767.0,1788390813.0,1788391004.0,1788390941.0,1788391016.0,295.0,1788390768.13509,,1788391018.633089,i-04223bbc5c5f842c7
1788391020.277898,10,1,ghcr.io/talmolab/lablink-client-base-image:linux-amd64-test@sha256:1ec2fde6860186b3d45ac83890167258f83512955dbce65f072d4e8c310cb9de,0.37648844718933105,sleap-lablink-client-prod-vm-8,running,Healthy,0,1788390738.0,1788390767.0,1788390809.0,1788391003.0,1788390941.0,1788391017.0,299.0,1788390768.135877,,1788391018.680514,i-0798ccd89f26d7cda
1788391020.277898,10,1,ghcr.io/talmolab/lablink-client-base-image:linux-amd64-test@sha256:1ec2fde6860186b3d45ac83890167258f83512955dbce65f072d4e8c310cb9de,0.37648844718933105,sleap-lablink-client-prod-vm-9,initializing,,0,1788390738.0,1788390767.0,1788390813.0,1788391010.0,,,226.0,1788390768.136603,,1788391010.729006,i-0ae3bdc8eb0227987
1788391025.2092469,10,1,ghcr.io/talmolab/lablink-client-base-image:linux-amd64-test@sha256:1ec2fde6860186b3d45ac83890167258f83512955dbce65f072d4e8c310cb9de,0.37648844718933105,sleap-lablink-client-prod-vm-1,initializing,,1,1788390738.0,1788390767.0,,,,,,1788390768.128852,,1788390908.495146,i-0d4ebb2bfcef19f31
1788391025.2092469,10,1,ghcr.io/talmolab/lablink-client-base-image:linux-amd64-test@sha256:1ec2fde6860186b3d45ac83890167258f83512955dbce65f072d4e8c310cb9de,0.37648844718933105,sleap-lablink-client-prod-vm-10,initializing,,1,1788390738.0,1788390767.0,,,,,,1788390768.130117,,1788390903.88616,i-073b86b279423b5ed
1788391025.2092469,10,1,ghcr.io/talmolab/lablink-client-base-image:linux-amd64-test@sha256:1ec2fde6860186b3d45ac83890167258f83512955dbce65f072d4e8c310cb9de,0.37648844718933105,sleap-lablink-client-prod-vm-2,running,Healthy,0,1788390738.0,1788390767.0,1788390813.0,1788391011.0,1788390949.0,1788391016.0,294.0,1788390768.130938,,1788391019.157774,i-02f122d3eea1c2ca0
1788391025.2092469,10,1,ghcr.io/talmolab/lablink-client-base-image:linux-amd64-test@sha256:1ec2fde6860186b3d45ac83890167258f83512955dbce65f072d4e8c310cb9de,0.37648844718933105,sleap-lablink-client-prod-vm-3,running,Healthy,0,1788390738.0,1788390767.0,1788390814.0,1788391004.0,1788390941.0,1788391018.0,296.0,1788390768.131762,,1788391019.981365,i-04f09804c45834c8a
1788391025.2092469,10,1,ghcr.io/talmolab/lablink-client-base-image:linux-amd64-test@sha256:1ec2fde6860186b3d45ac83890167258f83512955dbce65f072d4e8c310cb9de,0.37648844718933105,sleap-lablink-client-prod-vm-4,running,Healthy,0,1788390738.0,1788390767.0,1788390813.0,1788391010.0,1788390947.0,1788391022.0,301.0,1788390768.132688,,1788391024.390067,i-0b5a2f80e58b1f49e
1788391025.2092469,10,1,ghcr.io/talmolab/lablink-client-base-image:linux-amd64-test@sha256:1ec2fde6860186b3d45ac83890167258f83512955dbce65f072d4e8c310cb9de,0.37648844718933105,sleap-lablink-client-prod-vm-5,running,,0,1788390738.0,1788390767.0,1788390814.0,1788391012.0,1788390949.0,1788391024.0,302.0,1788390768.133418,,1788391024.401403,i-011c62511afd69360
1788391025.2092469,10,1,ghcr.io/talmolab/lablink-client-base-image:linux-amd64-test@sha256:1ec2fde6860186b3d45ac83890167258f83512955dbce65f072d4e8c310cb9de,0.37648844718933105,sleap-lablink-client-prod-vm-6,running,Healthy,0,1788390738.0,1788390767.0,1788390814.0,1788391011.0,1788390949.0,1788391022.0,299.0,1788390768.134149,,1788391024.513109,i-0cceae5b4237000da
1788391025.2092469,10,1,ghcr.io/talmolab/lablink-client-base-image:linux-amd64-test@sha256:1ec2fde6860186b3d45ac83890167258f83512955dbce65f072d4e8c310cb9de,0.37648844718933105,sleap-lablink-client-prod-vm-7,running,Healthy,0,1788390738.0,1788390767.0,1788390813.0,1788391004.0,1788390941.0,1788391016.0,295.0,1788390768.13509,,1788391018.633089,i-04223bbc5c5f842c7
1788391025.2092469,10,1,ghcr.io/talmolab/lablink-client-base-image:linux-amd64-test@sha256:1ec2fde6860186b3d45ac83890167258f83512955dbce65f072d4e8c310cb9de,0.37648844718933105,sleap-lablink-client-prod-vm-8,running,Healthy,0,1788390738.0,1788390767.0,1788390809.0,1788391003.0,1788390941.0,1788391017.0,299.0,1788390768.135877,,1788391018.680514,i-0798ccd89f26d7cda
1788391025.2092469,10,1,ghcr.io/talmolab/lablink-client-base-image:linux-amd64-test@sha256:1ec2fde6860186b3d45ac83890167258f83512955dbce65f072d4e8c310cb9de,0.37648844718933105,sleap-lablink-client-prod-vm-9,running,Healthy,0,1788390738.0,1788390767.0,1788390813.0,1788391010.0,1788390948.0,1788391021.0,299.0,1788390768.136603,,1788391023.230121,i-0ae3bdc8eb0227987
1788391030.2631948,10,1,ghcr.io/talmolab/lablink-client-base-image:linux-amd64-test@sha256:1ec2fde6860186b3d45ac83890167258f83512955dbce65f072d4e8c310cb9de,0.37648844718933105,sleap-lablink-client-prod-vm-1,initializing,,1,1788390738.0,1788390767.0,,,,,,1788390768.128852,,1788390908.495146,i-0d4ebb2bfcef19f31
1788391030.2631948,10,1,ghcr.io/talmolab/lablink-client-base-image:linux-amd64-test@sha256:1ec2fde6860186b3d45ac83890167258f83512955dbce65f072d4e8c310cb9de,0.37648844718933105,sleap-lablink-client-prod-vm-10,initializing,,1,1788390738.0,1788390767.0,,,,,,1788390768.130117,,1788390903.88616,i-073b86b279423b5ed
1788391030.2631948,10,1,ghcr.io/talmolab/lablink-client-base-image:linux-amd64-test@sha256:1ec2fde6860186b3d45ac83890167258f83512955dbce65f072d4e8c310cb9de,0.37648844718933105,sleap-lablink-client-prod-vm-2,running,Healthy,0,1788390738.0,1788390767.0,1788390813.0,1788391011.0,1788390949.0,1788391016.0,294.0,1788390768.130938,,1788391019.157774,i-02f122d3eea1c2ca0
1788391030.2631948,10,1,ghcr.io/talmolab/lablink-client-base-image:linux-amd64-test@sha256:1ec2fde6860186b3d45ac83890167258f83512955dbce65f072d4e8c310cb9de,0.37648844718933105,sleap-lablink-client-prod-vm-3,running,Healthy,0,1788390738.0,1788390767.0,1788390814.0,1788391004.0,1788390941.0,1788391018.0,296.0,1788390768.131762,,1788391019.981365,i-04f09804c45834c8a
1788391030.2631948,10,1,ghcr.io/talmolab/lablink-client-base-image:linux-amd64-test@sha256:1ec2fde6860186b3d45ac83890167258f83512955dbce65f072d4e8c310cb9de,0.37648844718933105,sleap-lablink-client-prod-vm-4,running,Healthy,0,1788390738.0,1788390767.0,1788390813.0,1788391010.0,1788390947.0,1788391022.0,301.0,1788390768.132688,,1788391024.390067,i-0b5a2f80e58b1f49e
1788391030.2631948,10,1,ghcr.io/talmolab/lablink-client-base-image:linux-amd64-test@sha256:1ec2fde6860186b3d45ac83890167258f83512955dbce65f072d4e8c310cb9de,0.37648844718933105,sleap-lablink-client-prod-vm-5,running,Healthy,0,1788390738.0,1788390767.0,1788390814.0,1788391012.0,1788390949.0,1788391024.0,302.0,1788390768.133418,,1788391025.984717,i-011c62511afd69360
1788391030.2631948,10,1,ghcr.io/talmolab/lablink-client-base-image:linux-amd64-test@sha256:1ec2fde6860186b3d45ac83890167258f83512955dbce65f072d4e8c310cb9de,0.37648844718933105,sleap-lablink-client-prod-vm-6,running,Healthy,0,1788390738.0,1788390767.0,1788390814.0,1788391011.0,1788390949.0,1788391022.0,299.0,1788390768.134149,,1788391024.513109,i-0cceae5b4237000da
1788391030.2631948,10,1,ghcr.io/talmolab/lablink-client-base-image:linux-amd64-test@sha256:1ec2fde6860186b3d45ac83890167258f83512955dbce65f072d4e8c310cb9de,0.37648844718933105,sleap-lablink-client-prod-vm-7,running,Healthy,0,1788390738.0,1788390767.0,1788390813.0,1788391004.0,1788390941.0,1788391016.0,295.0,1788390768.13509,,1788391018.633089,i-04223bbc5c5f842c7
1788391030.2631948,10,1,ghcr.io/talmolab/lablink-client-base-image:linux-amd64-test@sha256:1ec2fde6860186b3d45ac83890167258f83512955dbce65f072d4e8c310cb9de,0.37648844718933105,sleap-lablink-client-prod-vm-8,running,Healthy,0,1788390738.0,1788390767.0,1788390809.0,1788391003.0,1788390941.0,1788391017.0,299.0,1788390768.135877,,1788391018.680514,i-0798ccd89f26d7cda
1788391030.2631948,10,1,ghcr.io/talmolab/lablink-client-base-image:linux-amd64-test@sha256:1ec2fde6860186b3d45ac83890167258f83512955dbce65f072d4e8c310cb9de,0.37648844718933105,sleap-lablink-client-prod-vm-9,running,Healthy,0,1788390738.0,1788390767.0,1788390813.0,1788391010.0,1788390948.0,1788391021.0,299.0,1788390768.136603,,1788391023.230121,i-0ae3bdc8eb0227987
1788391035.511554,10,1,ghcr.io/talmolab/lablink-client-base-image:linux-amd64-test@sha256:1ec2fde6860186b3d45ac83890167258f83512955dbce65f072d4e8c310cb9de,0.37648844718933105,sleap-lablink-client-prod-vm-1,initializing,,1,1788390738.0,1788390767.0,,,,,,1788390768.128852,,1788390908.495146,i-0d4ebb2bfcef19f31
1788391035.511554,10,1,ghcr.io/talmolab/lablink-client-base-image:linux-amd64-test@sha256:1ec2fde6860186b3d45ac83890167258f83512955dbce65f072d4e8c310cb9de,0.37648844718933105,sleap-lablink-client-prod-vm-10,initializing,,1,1788390738.0,1788390767.0,,,,,,1788390768.130117,,1788390903.88616,i-073b86b279423b5ed
1788391035.511554,10,1,ghcr.io/talmolab/lablink-client-base-image:linux-amd64-test@sha256:1ec2fde6860186b3d45ac83890167258f83512955dbce65f072d4e8c310cb9de,0.37648844718933105,sleap-lablink-client-prod-vm-2,running,Healthy,0,1788390738.0,1788390767.0,1788390813.0,1788391011.0,1788390949.0,1788391016.0,294.0,1788390768.130938,,1788391019.157774,i-02f122d3eea1c2ca0
1788391035.511554,10,1,ghcr.io/talmolab/lablink-client-base-image:linux-amd64-test@sha256:1ec2fde6860186b3d45ac83890167258f83512955dbce65f072d4e8c310cb9de,0.37648844718933105,sleap-lablink-client-prod-vm-3,running,Healthy,0,1788390738.0,1788390767.0,1788390814.0,1788391004.0,1788390941.0,1788391018.0,296.0,1788390768.131762,,1788391019.981365,i-04f09804c45834c8a
1788391035.511554,10,1,ghcr.io/talmolab/lablink-client-base-image:linux-amd64-test@sha256:1ec2fde6860186b3d45ac83890167258f83512955dbce65f072d4e8c310cb9de,0.37648844718933105,sleap-lablink-client-prod-vm-4,running,Healthy,0,1788390738.0,1788390767.0,1788390813.0,1788391010.0,1788390947.0,1788391022.0,301.0,1788390768.132688,,1788391024.390067,i-0b5a2f80e58b1f49e
1788391035.511554,10,1,ghcr.io/talmolab/lablink-client-base-image:linux-amd64-test@sha256:1ec2fde6860186b3d45ac83890167258f83512955dbce65f072d4e8c310cb9de,0.37648844718933105,sleap-lablink-client-prod-vm-5,running,Healthy,0,1788390738.0,1788390767.0,1788390814.0,1788391012.0,1788390949.0,1788391024.0,302.0,1788390768.133418,,1788391025.984717,i-011c62511afd69360
1788391035.511554,10,1,ghcr.io/talmolab/lablink-client-base-image:linux-amd64-test@sha256:1ec2fde6860186b3d45ac83890167258f83512955dbce65f072d4e8c310cb9de,0.37648844718933105,sleap-lablink-client-prod-vm-6,running,Healthy,0,1788390738.0,1788390767.0,1788390814.0,1788391011.0,1788390949.0,1788391022.0,299.0,1788390768.134149,,1788391024.513109,i-0cceae5b4237000da
1788391035.511554,10,1,ghcr.io/talmolab/lablink-client-base-image:linux-amd64-test@sha256:1ec2fde6860186b3d45ac83890167258f83512955dbce65f072d4e8c310cb9de,0.37648844718933105,sleap-lablink-client-prod-vm-7,running,Healthy,0,1788390738.0,1788390767.0,1788390813.0,1788391004.0,1788390941.0,1788391016.0,295.0,1788390768.13509,,1788391018.633089,i-04223bbc5c5f842c7
1788391035.511554,10,1,ghcr.io/talmolab/lablink-client-base-image:linux-amd64-test@sha256:1ec2fde6860186b3d45ac83890167258f83512955dbce65f072d4e8c310cb9de,0.37648844718933105,sleap-lablink-client-prod-vm-8,running,Healthy,0,1788390738.0,1788390767.0,1788390809.0,1788391003.0,1788390941.0,1788391017.0,299.0,1788390768.135877,,1788391018.680514,i-0798ccd89f26d7cda
1788391035.511554,10,1,ghcr.io/talmolab/lablink-client-base-image:linux-amd64-test@sha256:1ec2fde6860186b3d45ac83890167258f83512955dbce65f072d4e8c310cb9de,0.37648844718933105,sleap-lablink-client-prod-vm-9,running,Healthy,0,1788390738.0,1788390767.0,1788390813.0,1788391010.0,1788390948.0,1788391021.0,299.0,1788390768.136603,,1788391023.230121,i-0ae3bdc8eb0227987
1788391040.211183,10,1,ghcr.io/talmolab/lablink-client-base-image:linux-amd64-test@sha256:1ec2fde6860186b3d45ac83890167258f83512955dbce65f072d4e8c310cb9de,0.37648844718933105,sleap-lablink-client-prod-vm-1,initializing,,1,1788390738.0,1788390767.0,,,,,,1788390768.128852,,1788390908.495146,i-0d4ebb2bfcef19f31
1788391040.211183,10,1,ghcr.io/talmolab/lablink-client-base-image:linux-amd64-test@sha256:1ec2fde6860186b3d45ac83890167258f83512955dbce65f072d4e8c310cb9de,0.37648844718933105,sleap-lablink-client-prod-vm-10,initializing,,1,1788390738.0,1788390767.0,,,,,,1788390768.130117,,1788390903.88616,i-073b86b279423b5ed
1788391040.211183,10,1,ghcr.io/talmolab/lablink-client-base-image:linux-amd64-test@sha256:1ec2fde6860186b3d45ac83890167258f83512955dbce65f072d4e8c310cb9de,0.37648844718933105,sleap-lablink-client-prod-vm-2,running,Healthy,0,1788390738.0,1788390767.0,1788390813.0,1788391011.0,1788390949.0,1788391016.0,294.0,1788390768.130938,,1788391019.157774,i-02f122d3eea1c2ca0
1788391040.211183,10,1,ghcr.io/talmolab/lablink-client-base-image:linux-amd64-test@sha256:1ec2fde6860186b3d45ac83890167258f83512955dbce65f072d4e8c310cb9de,0.37648844718933105,sleap-lablink-client-prod-vm-3,running,Healthy,0,1788390738.0,1788390767.0,1788390814.0,1788391004.0,1788390941.0,1788391018.0,296.0,1788390768.131762,,1788391019.981365,i-04f09804c45834c8a
1788391040.211183,10,1,ghcr.io/talmolab/lablink-client-base-image:linux-amd64-test@sha256:1ec2fde6860186b3d45ac83890167258f83512955dbce65f072d4e8c310cb9de,0.37648844718933105,sleap-lablink-client-prod-vm-4,running,Healthy,0,1788390738.0,1788390767.0,1788390813.0,1788391010.0,1788390947.0,1788391022.0,301.0,1788390768.132688,,1788391024.390067,i-0b5a2f80e58b1f49e
1788391040.211183,10,1,ghcr.io/talmolab/lablink-client-base-image:linux-amd64-test@sha256:1ec2fde6860186b3d45ac83890167258f83512955dbce65f072d4e8c310cb9de,0.37648844718933105,sleap-lablink-client-prod-vm-5,running,Healthy,0,1788390738.0,1788390767.0,1788390814.0,1788391012.0,1788390949.0,1788391024.0,302.0,1788390768.133418,,1788391025.984717,i-011c62511afd69360
1788391040.211183,10,1,ghcr.io/talmolab/lablink-client-base-image:linux-amd64-test@sha256:1ec2fde6860186b3d45ac83890167258f83512955dbce65f072d4e8c310cb9de,0.37648844718933105,sleap-lablink-client-prod-vm-6,running,Healthy,0,1788390738.0,1788390767.0,1788390814.0,1788391011.0,1788390949.0,1788391022.0,299.0,1788390768.134149,,1788391024.513109,i-0cceae5b4237000da
1788391040.211183,10,1,ghcr.io/talmolab/lablink-client-base-image:linux-amd64-test@sha256:1ec2fde6860186b3d45ac83890167258f83512955dbce65f072d4e8c310cb9de,0.37648844718933105,sleap-lablink-client-prod-vm-7,running,Healthy,0,1788390738.0,1788390767.0,1788390813.0,1788391004.0,1788390941.0,1788391016.0,295.0,1788390768.13509,,1788391018.633089,i-04223bbc5c5f842c7
1788391040.211183,10,1,ghcr.io/talmolab/lablink-client-base-image:linux-amd64-test@sha256:1ec2fde6860186b3d45ac83890167258f83512955dbce65f072d4e8c310cb9de,0.37648844718933105,sleap-lablink-client-prod-vm-8,running,Healthy,0,1788390738.0,1788390767.0,1788390809.0,1788391003.0,1788390941.0,1788391017.0,299.0,1788390768.135877,,1788391018.680514,i-0798ccd89f26d7cda
1788391040.211183,10,1,ghcr.io/talmolab/lablink-client-base-image:linux-amd64-test@sha256:1ec2fde6860186b3d45ac83890167258f83512955dbce65f072d4e8c310cb9de,0.37648844718933105,sleap-lablink-client-prod-vm-9,running,Healthy,0,1788390738.0,1788390767.0,1788390813.0,1788391010.0,1788390948.0,1788391021.0,299.0,1788390768.136603,,1788391023.230121,i-0ae3bdc8eb0227987
1788391045.2363882,10,1,ghcr.io/talmolab/lablink-client-base-image:linux-amd64-test@sha256:1ec2fde6860186b3d45ac83890167258f83512955dbce65f072d4e8c310cb9de,0.37648844718933105,sleap-lablink-client-prod-vm-1,initializing,,1,1788390738.0,1788390767.0,,,,,,1788390768.128852,,1788390908.495146,i-0d4ebb2bfcef19f31
1788391045.2363882,10,1,ghcr.io/talmolab/lablink-client-base-image:linux-amd64-test@sha256:1ec2fde6860186b3d45ac83890167258f83512955dbce65f072d4e8c310cb9de,0.37648844718933105,sleap-lablink-client-prod-vm-10,initializing,,1,1788390738.0,1788390767.0,,,,,,1788390768.130117,,1788390903.88616,i-073b86b279423b5ed
1788391045.2363882,10,1,ghcr.io/talmolab/lablink-client-base-image:linux-amd64-test@sha256:1ec2fde6860186b3d45ac83890167258f83512955dbce65f072d4e8c310cb9de,0.37648844718933105,sleap-lablink-client-prod-vm-2,running,Healthy,0,1788390738.0,1788390767.0,1788390813.0,1788391011.0,1788390949.0,1788391016.0,294.0,1788390768.130938,,1788391019.157774,i-02f122d3eea1c2ca0
1788391045.2363882,10,1,ghcr.io/talmolab/lablink-client-base-image:linux-amd64-test@sha256:1ec2fde6860186b3d45ac83890167258f83512955dbce65f072d4e8c310cb9de,0.37648844718933105,sleap-lablink-client-prod-vm-3,running,Healthy,0,1788390738.0,1788390767.0,1788390814.0,1788391004.0,1788390941.0,1788391018.0,296.0,1788390768.131762,,1788391019.981365,i-04f09804c45834c8a
1788391045.2363882,10,1,ghcr.io/talmolab/lablink-client-base-image:linux-amd64-test@sha256:1ec2fde6860186b3d45ac83890167258f83512955dbce65f072d4e8c310cb9de,0.37648844718933105,sleap-lablink-client-prod-vm-4,running,Healthy,0,1788390738.0,1788390767.0,1788390813.0,1788391010.0,1788390947.0,1788391022.0,301.0,1788390768.132688,,1788391024.390067,i-0b5a2f80e58b1f49e
1788391045.2363882,10,1,ghcr.io/talmolab/lablink-client-base-image:linux-amd64-test@sha256:1ec2fde6860186b3d45ac83890167258f83512955dbce65f072d4e8c310cb9de,0.37648844718933105,sleap-lablink-client-prod-vm-5,running,Healthy,0,1788390738.0,1788390767.0,1788390814.0,1788391012.0,1788390949.0,1788391024.0,302.0,1788390768.133418,,1788391025.984717,i-011c62511afd69360
1788391045.2363882,10,1,ghcr.io/talmolab/lablink-client-base-image:linux-amd64-test@sha256:1ec2fde6860186b3d45ac83890167258f83512955dbce65f072d4e8c310cb9de,0.37648844718933105,sleap-lablink-client-prod-vm-6,running,Healthy,0,1788390738.0,1788390767.0,1788390814.0,1788391011.0,1788390949.0,1788391022.0,299.0,1788390768.134149,,1788391024.513109,i-0cceae5b4237000da
1788391045.2363882,10,1,ghcr.io/talmolab/lablink-client-base-image:linux-amd64-test@sha256:1ec2fde6860186b3d45ac83890167258f83512955dbce65f072d4e8c310cb9de,0.37648844718933105,sleap-lablink-client-prod-vm-7,running,Healthy,0,1788390738.0,1788390767.0,1788390813.0,1788391004.0,1788390941.0,1788391016.0,295.0,1788390768.13509,,1788391018.633089,i-04223bbc5c5f842c7
1788391045.2363882,10,1,ghcr.io/talmolab/lablink-client-base-image:linux-amd64-test@sha256:1ec2fde6860186b3d45ac83890167258f83512955dbce65f072d4e8c310cb9de,0.37648844718933105,sleap-lablink-client-prod-vm-8,running,Healthy,0,1788390738.0,1788390767.0,1788390809.0,1788391003.0,1788390941.0,1788391017.0,299.0,1788390768.135877,,1788391018.680514,i-0798ccd89f26d7cda
1788391045.2363882,10,1,ghcr.io/talmolab/lablink-client-base-image:linux-amd64-test@sha256:1ec2fde6860186b3d45ac83890167258f83512955dbce65f072d4e8c310cb9de,0.37648844718933105,sleap-lablink-client-prod-vm-9,running,Healthy,0,1788390738.0,1788390767.0,1788390813.0,1788391010.0,1788390948.0,1788391021.0,299.0,1788390768.136603,,1788391023.230121,i-0ae3bdc8eb0227987
1788391050.205982,10,1,ghcr.io/talmolab/lablink-client-base-image:linux-amd64-test@sha256:1ec2fde6860186b3d45ac83890167258f83512955dbce65f072d4e8c310cb9de,0.37648844718933105,sleap-lablink-client-prod-vm-1,initializing,,1,1788390738.0,1788390767.0,,,,,,1788390768.128852,,1788390908.495146,i-0d4ebb2bfcef19f31
1788391050.205982,10,1,ghcr.io/talmolab/lablink-client-base-image:linux-amd64-test@sha256:1ec2fde6860186b3d45ac83890167258f83512955dbce65f072d4e8c310cb9de,0.37648844718933105,sleap-lablink-client-prod-vm-10,initializing,,1,1788390738.0,1788390767.0,,,,,,1788390768.130117,,1788391046.197913,i-073b86b279423b5ed
1788391050.205982,10,1,ghcr.io/talmolab/lablink-client-base-image:linux-amd64-test@sha256:1ec2fde6860186b3d45ac83890167258f83512955dbce65f072d4e8c310cb9de,0.37648844718933105,sleap-lablink-client-prod-vm-2,running,Healthy,0,1788390738.0,1788390767.0,1788390813.0,1788391011.0,1788390949.0,1788391016.0,294.0,1788390768.130938,,1788391049.013492,i-02f122d3eea1c2ca0
1788391050.205982,10,1,ghcr.io/talmolab/lablink-client-base-image:linux-amd64-test@sha256:1ec2fde6860186b3d45ac83890167258f83512955dbce65f072d4e8c310cb9de,0.37648844718933105,sleap-lablink-client-prod-vm-3,running,Healthy,0,1788390738.0,1788390767.0,1788390814.0,1788391004.0,1788390941.0,1788391018.0,296.0,1788390768.131762,,1788391049.975458,i-04f09804c45834c8a
1788391050.205982,10,1,ghcr.io/talmolab/lablink-client-base-image:linux-amd64-test@sha256:1ec2fde6860186b3d45ac83890167258f83512955dbce65f072d4e8c310cb9de,0.37648844718933105,sleap-lablink-client-prod-vm-4,running,Healthy,0,1788390738.0,1788390767.0,1788390813.0,1788391010.0,1788390947.0,1788391022.0,301.0,1788390768.132688,,1788391024.390067,i-0b5a2f80e58b1f49e
1788391050.205982,10,1,ghcr.io/talmolab/lablink-client-base-image:linux-amd64-test@sha256:1ec2fde6860186b3d45ac83890167258f83512955dbce65f072d4e8c310cb9de,0.37648844718933105,sleap-lablink-client-prod-vm-5,running,Healthy,0,1788390738.0,1788390767.0,1788390814.0,1788391012.0,1788390949.0,1788391024.0,302.0,1788390768.133418,,1788391025.984717,i-011c62511afd69360
1788391050.205982,10,1,ghcr.io/talmolab/lablink-client-base-image:linux-amd64-test@sha256:1ec2fde6860186b3d45ac83890167258f83512955dbce65f072d4e8c310cb9de,0.37648844718933105,sleap-lablink-client-prod-vm-6,running,Healthy,0,1788390738.0,1788390767.0,1788390814.0,1788391011.0,1788390949.0,1788391022.0,299.0,1788390768.134149,,1788391024.513109,i-0cceae5b4237000da
1788391050.205982,10,1,ghcr.io/talmolab/lablink-client-base-image:linux-amd64-test@sha256:1ec2fde6860186b3d45ac83890167258f83512955dbce65f072d4e8c310cb9de,0.37648844718933105,sleap-lablink-client-prod-vm-7,running,Healthy,0,1788390738.0,1788390767.0,1788390813.0,1788391004.0,1788390941.0,1788391016.0,295.0,1788390768.13509,,1788391048.612647,i-04223bbc5c5f842c7
1788391050.205982,10,1,ghcr.io/talmolab/lablink-client-base-image:linux-amd64-test@sha256:1ec2fde6860186b3d45ac83890167258f83512955dbce65f072d4e8c310cb9de,0.37648844718933105,sleap-lablink-client-prod-vm-8,running,Healthy,0,1788390738.0,1788390767.0,1788390809.0,1788391003.0,1788390941.0,1788391017.0,299.0,1788390768.135877,,1788391048.583533,i-0798ccd89f26d7cda
1788391050.205982,10,1,ghcr.io/talmolab/lablink-client-base-image:linux-amd64-test@sha256:1ec2fde6860186b3d45ac83890167258f83512955dbce65f072d4e8c310cb9de,0.37648844718933105,sleap-lablink-client-prod-vm-9,running,Healthy,0,1788390738.0,1788390767.0,1788390813.0,1788391010.0,1788390948.0,1788391021.0,299.0,1788390768.136603,,1788391023.230121,i-0ae3bdc8eb0227987
1788391055.251193,10,1,ghcr.io/talmolab/lablink-client-base-image:linux-amd64-test@sha256:1ec2fde6860186b3d45ac83890167258f83512955dbce65f072d4e8c310cb9de,0.37648844718933105,sleap-lablink-client-prod-vm-1,initializing,,1,1788390738.0,1788390767.0,,,,,,1788390768.128852,,1788391050.776477,i-0d4ebb2bfcef19f31
1788391055.251193,10,1,ghcr.io/talmolab/lablink-client-base-image:linux-amd64-test@sha256:1ec2fde6860186b3d45ac83890167258f83512955dbce65f072d4e8c310cb9de,0.37648844718933105,sleap-lablink-client-prod-vm-10,initializing,,1,1788390738.0,1788390767.0,,,,,,1788390768.130117,,1788391046.197913,i-073b86b279423b5ed
1788391055.251193,10,1,ghcr.io/talmolab/lablink-client-base-image:linux-amd64-test@sha256:1ec2fde6860186b3d45ac83890167258f83512955dbce65f072d4e8c310cb9de,0.37648844718933105,sleap-lablink-client-prod-vm-2,running,Healthy,0,1788390738.0,1788390767.0,1788390813.0,1788391011.0,1788390949.0,1788391016.0,294.0,1788390768.130938,,1788391049.013492,i-02f122d3eea1c2ca0
1788391055.251193,10,1,ghcr.io/talmolab/lablink-client-base-image:linux-amd64-test@sha256:1ec2fde6860186b3d45ac83890167258f83512955dbce65f072d4e8c310cb9de,0.37648844718933105,sleap-lablink-client-prod-vm-3,running,Healthy,0,1788390738.0,1788390767.0,1788390814.0,1788391004.0,1788390941.0,1788391018.0,296.0,1788390768.131762,,1788391049.975458,i-04f09804c45834c8a
1788391055.251193,10,1,ghcr.io/talmolab/lablink-client-base-image:linux-amd64-test@sha256:1ec2fde6860186b3d45ac83890167258f83512955dbce65f072d4e8c310cb9de,0.37648844718933105,sleap-lablink-client-prod-vm-4,running,Healthy,0,1788390738.0,1788390767.0,1788390813.0,1788391010.0,1788390947.0,1788391022.0,301.0,1788390768.132688,,1788391054.410658,i-0b5a2f80e58b1f49e
1788391055.251193,10,1,ghcr.io/talmolab/lablink-client-base-image:linux-amd64-test@sha256:1ec2fde6860186b3d45ac83890167258f83512955dbce65f072d4e8c310cb9de,0.37648844718933105,sleap-lablink-client-prod-vm-5,running,Healthy,0,1788390738.0,1788390767.0,1788390814.0,1788391012.0,1788390949.0,1788391024.0,302.0,1788390768.133418,,1788391025.984717,i-011c62511afd69360
1788391055.251193,10,1,ghcr.io/talmolab/lablink-client-base-image:linux-amd64-test@sha256:1ec2fde6860186b3d45ac83890167258f83512955dbce65f072d4e8c310cb9de,0.37648844718933105,sleap-lablink-client-prod-vm-6,running,Healthy,0,1788390738.0,1788390767.0,1788390814.0,1788391011.0,1788390949.0,1788391022.0,299.0,1788390768.134149,,1788391054.445066,i-0cceae5b4237000da
1788391055.251193,10,1,ghcr.io/talmolab/lablink-client-base-image:linux-amd64-test@sha256:1ec2fde6860186b3d45ac83890167258f83512955dbce65f072d4e8c310cb9de,0.37648844718933105,sleap-lablink-client-prod-vm-7,running,Healthy,0,1788390738.0,1788390767.0,1788390813.0,1788391004.0,1788390941.0,1788391016.0,295.0,1788390768.13509,,1788391048.612647,i-04223bbc5c5f842c7
1788391055.251193,10,1,ghcr.io/talmolab/lablink-client-base-image:linux-amd64-test@sha256:1ec2fde6860186b3d45ac83890167258f83512955dbce65f072d4e8c310cb9de,0.37648844718933105,sleap-lablink-client-prod-vm-8,running,Healthy,0,1788390738.0,1788390767.0,1788390809.0,1788391003.0,1788390941.0,1788391017.0,299.0,1788390768.135877,,1788391048.583533,i-0798ccd89f26d7cda
1788391055.251193,10,1,ghcr.io/talmolab/lablink-client-base-image:linux-amd64-test@sha256:1ec2fde6860186b3d45ac83890167258f83512955dbce65f072d4e8c310cb9de,0.37648844718933105,sleap-lablink-client-prod-vm-9,running,Healthy,0,1788390738.0,1788390767.0,1788390813.0,1788391010.0,1788390948.0,1788391021.0,299.0,1788390768.136603,,1788391053.25108,i-0ae3bdc8eb0227987
1788391060.2180429,10,1,ghcr.io/talmolab/lablink-client-base-image:linux-amd64-test@sha256:1ec2fde6860186b3d45ac83890167258f83512955dbce65f072d4e8c310cb9de,0.37648844718933105,sleap-lablink-client-prod-vm-1,initializing,,1,1788390738.0,1788390767.0,,,,,,1788390768.128852,,1788391050.776477,i-0d4ebb2bfcef19f31
1788391060.2180429,10,1,ghcr.io/talmolab/lablink-client-base-image:linux-amd64-test@sha256:1ec2fde6860186b3d45ac83890167258f83512955dbce65f072d4e8c310cb9de,0.37648844718933105,sleap-lablink-client-prod-vm-10,initializing,,1,1788390738.0,1788390767.0,,,,,,1788390768.130117,,1788391046.197913,i-073b86b279423b5ed
1788391060.2180429,10,1,ghcr.io/talmolab/lablink-client-base-image:linux-amd64-test@sha256:1ec2fde6860186b3d45ac83890167258f83512955dbce65f072d4e8c310cb9de,0.37648844718933105,sleap-lablink-client-prod-vm-2,running,Healthy,0,1788390738.0,1788390767.0,1788390813.0,1788391011.0,1788390949.0,1788391016.0,294.0,1788390768.130938,,1788391049.013492,i-02f122d3eea1c2ca0
1788391060.2180429,10,1,ghcr.io/talmolab/lablink-client-base-image:linux-amd64-test@sha256:1ec2fde6860186b3d45ac83890167258f83512955dbce65f072d4e8c310cb9de,0.37648844718933105,sleap-lablink-client-prod-vm-3,running,Healthy,0,1788390738.0,1788390767.0,1788390814.0,1788391004.0,1788390941.0,1788391018.0,296.0,1788390768.131762,,1788391049.975458,i-04f09804c45834c8a
1788391060.2180429,10,1,ghcr.io/talmolab/lablink-client-base-image:linux-amd64-test@sha256:1ec2fde6860186b3d45ac83890167258f83512955dbce65f072d4e8c310cb9de,0.37648844718933105,sleap-lablink-client-prod-vm-4,running,Healthy,0,1788390738.0,1788390767.0,1788390813.0,1788391010.0,1788390947.0,1788391022.0,301.0,1788390768.132688,,1788391054.410658,i-0b5a2f80e58b1f49e
1788391060.2180429,10,1,ghcr.io/talmolab/lablink-client-base-image:linux-amd64-test@sha256:1ec2fde6860186b3d45ac83890167258f83512955dbce65f072d4e8c310cb9de,0.37648844718933105,sleap-lablink-client-prod-vm-5,running,Healthy,0,1788390738.0,1788390767.0,1788390814.0,1788391012.0,1788390949.0,1788391024.0,302.0,1788390768.133418,,1788391056.008545,i-011c62511afd69360
1788391060.2180429,10,1,ghcr.io/talmolab/lablink-client-base-image:linux-amd64-test@sha256:1ec2fde6860186b3d45ac83890167258f83512955dbce65f072d4e8c310cb9de,0.37648844718933105,sleap-lablink-client-prod-vm-6,running,Healthy,0,1788390738.0,1788390767.0,1788390814.0,1788391011.0,1788390949.0,1788391022.0,299.0,1788390768.134149,,1788391054.445066,i-0cceae5b4237000da
1788391060.2180429,10,1,ghcr.io/talmolab/lablink-client-base-image:linux-amd64-test@sha256:1ec2fde6860186b3d45ac83890167258f83512955dbce65f072d4e8c310cb9de,0.37648844718933105,sleap-lablink-client-prod-vm-7,running,Healthy,0,1788390738.0,1788390767.0,1788390813.0,1788391004.0,1788390941.0,1788391016.0,295.0,1788390768.13509,,1788391048.612647,i-04223bbc5c5f842c7
1788391060.2180429,10,1,ghcr.io/talmolab/lablink-client-base-image:linux-amd64-test@sha256:1ec2fde6860186b3d45ac83890167258f83512955dbce65f072d4e8c310cb9de,0.37648844718933105,sleap-lablink-client-prod-vm-8,running,Healthy,0,1788390738.0,1788390767.0,1788390809.0,1788391003.0,1788390941.0,1788391017.0,299.0,1788390768.135877,,1788391048.583533,i-0798ccd89f26d7cda
1788391060.2180429,10,1,ghcr.io/talmolab/lablink-client-base-image:linux-amd64-test@sha256:1ec2fde6860186b3d45ac83890167258f83512955dbce65f072d4e8c310cb9de,0.37648844718933105,sleap-lablink-client-prod-vm-9,running,Healthy,0,1788390738.0,1788390767.0,1788390813.0,1788391010.0,1788390948.0,1788391021.0,299.0,1788390768.136603,,1788391053.25108,i-0ae3bdc8eb0227987
1788391065.241232,10,1,ghcr.io/talmolab/lablink-client-base-image:linux-amd64-test@sha256:1ec2fde6860186b3d45ac83890167258f83512955dbce65f072d4e8c310cb9de,0.37648844718933105,sleap-lablink-client-prod-vm-1,initializing,,1,1788390738.0,1788390767.0,,,,,,1788390768.128852,,1788391050.776477,i-0d4ebb2bfcef19f31
1788391065.241232,10,1,ghcr.io/talmolab/lablink-client-base-image:linux-amd64-test@sha256:1ec2fde6860186b3d45ac83890167258f83512955dbce65f072d4e8c310cb9de,0.37648844718933105,sleap-lablink-client-prod-vm-10,initializing,,1,1788390738.0,1788390767.0,,,,,,1788390768.130117,,1788391046.197913,i-073b86b279423b5ed
1788391065.241232,10,1,ghcr.io/talmolab/lablink-client-base-image:linux-amd64-test@sha256:1ec2fde6860186b3d45ac83890167258f83512955dbce65f072d4e8c310cb9de,0.37648844718933105,sleap-lablink-client-prod-vm-2,running,Healthy,0,1788390738.0,1788390767.0,1788390813.0,1788391011.0,1788390949.0,1788391016.0,294.0,1788390768.130938,,1788391049.013492,i-02f122d3eea1c2ca0
1788391065.241232,10,1,ghcr.io/talmolab/lablink-client-base-image:linux-amd64-test@sha256:1ec2fde6860186b3d45ac83890167258f83512955dbce65f072d4e8c310cb9de,0.37648844718933105,sleap-lablink-client-prod-vm-3,running,Healthy,0,1788390738.0,1788390767.0,1788390814.0,1788391004.0,1788390941.0,1788391018.0,296.0,1788390768.131762,,1788391049.975458,i-04f09804c45834c8a
1788391065.241232,10,1,ghcr.io/talmolab/lablink-client-base-image:linux-amd64-test@sha256:1ec2fde6860186b3d45ac83890167258f83512955dbce65f072d4e8c310cb9de,0.37648844718933105,sleap-lablink-client-prod-vm-4,running,Healthy,0,1788390738.0,1788390767.0,1788390813.0,1788391010.0,1788390947.0,1788391022.0,301.0,1788390768.132688,,1788391054.410658,i-0b5a2f80e58b1f49e
1788391065.241232,10,1,ghcr.io/talmolab/lablink-client-base-image:linux-amd64-test@sha256:1ec2fde6860186b3d45ac83890167258f83512955dbce65f072d4e8c310cb9de,0.37648844718933105,sleap-lablink-client-prod-vm-5,running,Healthy,0,1788390738.0,1788390767.0,1788390814.0,1788391012.0,1788390949.0,1788391024.0,302.0,1788390768.133418,,1788391056.008545,i-011c62511afd69360
1788391065.241232,10,1,ghcr.io/talmolab/lablink-client-base-image:linux-amd64-test@sha256:1ec2fde6860186b3d45ac83890167258f83512955dbce65f072d4e8c310cb9de,0.37648844718933105,sleap-lablink-client-prod-vm-6,running,Healthy,0,1788390738.0,1788390767.0,1788390814.0,1788391011.0,1788390949.0,1788391022.0,299.0,1788390768.134149,,1788391054.445066,i-0cceae5b4237000da
1788391065.241232,10,1,ghcr.io/talmolab/lablink-client-base-image:linux-amd64-test@sha256:1ec2fde6860186b3d45ac83890167258f83512955dbce65f072d4e8c310cb9de,0.37648844718933105,sleap-lablink-client-prod-vm-7,running,Healthy,0,1788390738.0,1788390767.0,1788390813.0,1788391004.0,1788390941.0,1788391016.0,295.0,1788390768.13509,,1788391048.612647,i-04223bbc5c5f842c7
1788391065.241232,10,1,ghcr.io/talmolab/lablink-client-base-image:linux-amd64-test@sha256:1ec2fde6860186b3d45ac83890167258f83512955dbce65f072d4e8c310cb9de,0.37648844718933105,sleap-lablink-client-prod-vm-8,running,Healthy,0,1788390738.0,1788390767.0,1788390809.0,1788391003.0,1788390941.0,1788391017.0,299.0,1788390768.135877,,1788391048.583533,i-0798ccd89f26d7cda
1788391065.241232,10,1,ghcr.io/talmolab/lablink-client-base-image:linux-amd64-test@sha256:1ec2fde6860186b3d45ac83890167258f83512955dbce65f072d4e8c310cb9de,0.37648844718933105,sleap-lablink-client-prod-vm-9,running,Healthy,0,1788390738.0,1788390767.0,1788390813.0,1788391010.0,1788390948.0,1788391021.0,299.0,1788390768.136603,,1788391053.25108,i-0ae3bdc8eb0227987
1788391070.252064,10,1,ghcr.io/talmolab/lablink-client-base-image:linux-amd64-test@sha256:1ec2fde6860186b3d45ac83890167258f83512955dbce65f072d4e8c310cb9de,0.37648844718933105,sleap-lablink-client-prod-vm-1,initializing,,1,1788390738.0,1788390767.0,,,,,,1788390768.128852,,1788391050.776477,i-0d4ebb2bfcef19f31
1788391070.252064,10,1,ghcr.io/talmolab/lablink-client-base-image:linux-amd64-test@sha256:1ec2fde6860186b3d45ac83890167258f83512955dbce65f072d4e8c310cb9de,0.37648844718933105,sleap-lablink-client-prod-vm-10,initializing,,1,1788390738.0,1788390767.0,,,,,,1788390768.130117,,1788391046.197913,i-073b86b279423b5ed
1788391070.252064,10,1,ghcr.io/talmolab/lablink-client-base-image:linux-amd64-test@sha256:1ec2fde6860186b3d45ac83890167258f83512955dbce65f072d4e8c310cb9de,0.37648844718933105,sleap-lablink-client-prod-vm-2,running,Healthy,0,1788390738.0,1788390767.0,1788390813.0,1788391011.0,1788390949.0,1788391016.0,294.0,1788390768.130938,,1788391049.013492,i-02f122d3eea1c2ca0
1788391070.252064,10,1,ghcr.io/talmolab/lablink-client-base-image:linux-amd64-test@sha256:1ec2fde6860186b3d45ac83890167258f83512955dbce65f072d4e8c310cb9de,0.37648844718933105,sleap-lablink-client-prod-vm-3,running,Healthy,0,1788390738.0,1788390767.0,1788390814.0,1788391004.0,1788390941.0,1788391018.0,296.0,1788390768.131762,,1788391049.975458,i-04f09804c45834c8a
1788391070.252064,10,1,ghcr.io/talmolab/lablink-client-base-image:linux-amd64-test@sha256:1ec2fde6860186b3d45ac83890167258f83512955dbce65f072d4e8c310cb9de,0.37648844718933105,sleap-lablink-client-prod-vm-4,running,Healthy,0,1788390738.0,1788390767.0,1788390813.0,1788391010.0,1788390947.0,1788391022.0,301.0,1788390768.132688,,1788391054.410658,i-0b5a2f80e58b1f49e
1788391070.252064,10,1,ghcr.io/talmolab/lablink-client-base-image:linux-amd64-test@sha256:1ec2fde6860186b3d45ac83890167258f83512955dbce65f072d4e8c310cb9de,0.37648844718933105,sleap-lablink-client-prod-vm-5,running,Healthy,0,1788390738.0,1788390767.0,1788390814.0,1788391012.0,1788390949.0,1788391024.0,302.0,1788390768.133418,,1788391056.008545,i-011c62511afd69360
1788391070.252064,10,1,ghcr.io/talmolab/lablink-client-base-image:linux-amd64-test@sha256:1ec2fde6860186b3d45ac83890167258f83512955dbce65f072d4e8c310cb9de,0.37648844718933105,sleap-lablink-client-prod-vm-6,running,Healthy,0,1788390738.0,1788390767.0,1788390814.0,1788391011.0,1788390949.0,1788391022.0,299.0,1788390768.134149,,1788391054.445066,i-0cceae5b4237000da
1788391070.252064,10,1,ghcr.io/talmolab/lablink-client-base-image:linux-amd64-test@sha256:1ec2fde6860186b3d45ac83890167258f83512955dbce65f072d4e8c310cb9de,0.37648844718933105,sleap-lablink-client-prod-vm-7,running,Healthy,0,1788390738.0,1788390767.0,1788390813.0,1788391004.0,1788390941.0,1788391016.0,295.0,1788390768.13509,,1788391048.612647,i-04223bbc5c5f842c7
1788391070.252064,10,1,ghcr.io/talmolab/lablink-client-base-image:linux-amd64-test@sha256:1ec2fde6860186b3d45ac83890167258f83512955dbce65f072d4e8c310cb9de,0.37648844718933105,sleap-lablink-client-prod-vm-8,running,Healthy,0,1788390738.0,1788390767.0,1788390809.0,1788391003.0,1788390941.0,1788391017.0,299.0,1788390768.135877,,1788391048.583533,i-0798ccd89f26d7cda
1788391070.252064,10,1,ghcr.io/talmolab/lablink-client-base-image:linux-amd64-test@sha256:1ec2fde6860186b3d45ac83890167258f83512955dbce65f072d4e8c310cb9de,0.37648844718933105,sleap-lablink-client-prod-vm-9,running,Healthy,0,1788390738.0,1788390767.0,1788390813.0,1788391010.0,1788390948.0,1788391021.0,299.0,1788390768.136603,,1788391053.25108,i-0ae3bdc8eb0227987
1788391075.3396852,10,1,ghcr.io/talmolab/lablink-client-base-image:linux-amd64-test@sha256:1ec2fde6860186b3d45ac83890167258f83512955dbce65f072d4e8c310cb9de,0.37648844718933105,sleap-lablink-client-prod-vm-1,initializing,,1,1788390738.0,1788390767.0,,,,,,1788390768.128852,,1788391050.776477,i-0d4ebb2bfcef19f31
1788391075.3396852,10,1,ghcr.io/talmolab/lablink-client-base-image:linux-amd64-test@sha256:1ec2fde6860186b3d45ac83890167258f83512955dbce65f072d4e8c310cb9de,0.37648844718933105,sleap-lablink-client-prod-vm-10,initializing,,1,1788390738.0,1788390767.0,,,,,,1788390768.130117,,1788391046.197913,i-073b86b279423b5ed
1788391075.3396852,10,1,ghcr.io/talmolab/lablink-client-base-image:linux-amd64-test@sha256:1ec2fde6860186b3d45ac83890167258f83512955dbce65f072d4e8c310cb9de,0.37648844718933105,sleap-lablink-client-prod-vm-2,running,Healthy,0,1788390738.0,1788390767.0,1788390813.0,1788391011.0,1788390949.0,1788391016.0,294.0,1788390768.130938,,1788391049.013492,i-02f122d3eea1c2ca0
1788391075.3396852,10,1,ghcr.io/talmolab/lablink-client-base-image:linux-amd64-test@sha256:1ec2fde6860186b3d45ac83890167258f83512955dbce65f072d4e8c310cb9de,0.37648844718933105,sleap-lablink-client-prod-vm-3,running,Healthy,0,1788390738.0,1788390767.0,1788390814.0,1788391004.0,1788390941.0,1788391018.0,296.0,1788390768.131762,,1788391049.975458,i-04f09804c45834c8a
1788391075.3396852,10,1,ghcr.io/talmolab/lablink-client-base-image:linux-amd64-test@sha256:1ec2fde6860186b3d45ac83890167258f83512955dbce65f072d4e8c310cb9de,0.37648844718933105,sleap-lablink-client-prod-vm-4,running,Healthy,0,1788390738.0,1788390767.0,1788390813.0,1788391010.0,1788390947.0,1788391022.0,301.0,1788390768.132688,,1788391054.410658,i-0b5a2f80e58b1f49e
1788391075.3396852,10,1,ghcr.io/talmolab/lablink-client-base-image:linux-amd64-test@sha256:1ec2fde6860186b3d45ac83890167258f83512955dbce65f072d4e8c310cb9de,0.37648844718933105,sleap-lablink-client-prod-vm-5,running,Healthy,0,1788390738.0,1788390767.0,1788390814.0,1788391012.0,1788390949.0,1788391024.0,302.0,1788390768.133418,,1788391056.008545,i-011c62511afd69360
1788391075.3396852,10,1,ghcr.io/talmolab/lablink-client-base-image:linux-amd64-test@sha256:1ec2fde6860186b3d45ac83890167258f83512955dbce65f072d4e8c310cb9de,0.37648844718933105,sleap-lablink-client-prod-vm-6,running,Healthy,0,1788390738.0,1788390767.0,1788390814.0,1788391011.0,1788390949.0,1788391022.0,299.0,1788390768.134149,,1788391054.445066,i-0cceae5b4237000da
1788391075.3396852,10,1,ghcr.io/talmolab/lablink-client-base-image:linux-amd64-test@sha256:1ec2fde6860186b3d45ac83890167258f83512955dbce65f072d4e8c310cb9de,0.37648844718933105,sleap-lablink-client-prod-vm-7,running,Healthy,0,1788390738.0,1788390767.0,1788390813.0,1788391004.0,1788390941.0,1788391016.0,295.0,1788390768.13509,,1788391048.612647,i-04223bbc5c5f842c7
1788391075.3396852,10,1,ghcr.io/talmolab/lablink-client-base-image:linux-amd64-test@sha256:1ec2fde6860186b3d45ac83890167258f83512955dbce65f072d4e8c310cb9de,0.37648844718933105,sleap-lablink-client-prod-vm-8,running,Healthy,0,1788390738.0,1788390767.0,1788390809.0,1788391003.0,1788390941.0,1788391017.0,299.0,1788390768.135877,,1788391048.583533,i-0798ccd89f26d7cda
1788391075.3396852,10,1,ghcr.io/talmolab/lablink-client-base-image:linux-amd64-test@sha256:1ec2fde6860186b3d45ac83890167258f83512955dbce65f072d4e8c310cb9de,0.37648844718933105,sleap-lablink-client-prod-vm-9,running,Healthy,0,1788390738.0,1788390767.0,1788390813.0,1788391010.0,1788390948.0,1788391021.0,299.0,1788390768.136603,,1788391053.25108,i-0ae3bdc8eb0227987
1788391080.3581219,10,1,ghcr.io/talmolab/lablink-client-base-image:linux-amd64-test@sha256:1ec2fde6860186b3d45ac83890167258f83512955dbce65f072d4e8c310cb9de,0.37648844718933105,sleap-lablink-client-prod-vm-1,initializing,,1,1788390738.0,1788390767.0,,,,,,1788390768.128852,,1788391050.776477,i-0d4ebb2bfcef19f31
1788391080.3581219,10,1,ghcr.io/talmolab/lablink-client-base-image:linux-amd64-test@sha256:1ec2fde6860186b3d45ac83890167258f83512955dbce65f072d4e8c310cb9de,0.37648844718933105,sleap-lablink-client-prod-vm-10,initializing,,1,1788390738.0,1788390767.0,,,,,,1788390768.130117,,1788391046.197913,i-073b86b279423b5ed
1788391080.3581219,10,1,ghcr.io/talmolab/lablink-client-base-image:linux-amd64-test@sha256:1ec2fde6860186b3d45ac83890167258f83512955dbce65f072d4e8c310cb9de,0.37648844718933105,sleap-lablink-client-prod-vm-2,running,Healthy,0,1788390738.0,1788390767.0,1788390813.0,1788391011.0,1788390949.0,1788391016.0,294.0,1788390768.130938,,1788391079.183354,i-02f122d3eea1c2ca0
1788391080.3581219,10,1,ghcr.io/talmolab/lablink-client-base-image:linux-amd64-test@sha256:1ec2fde6860186b3d45ac83890167258f83512955dbce65f072d4e8c310cb9de,0.37648844718933105,sleap-lablink-client-prod-vm-3,running,Healthy,0,1788390738.0,1788390767.0,1788390814.0,1788391004.0,1788390941.0,1788391018.0,296.0,1788390768.131762,,1788391080.197692,i-04f09804c45834c8a
1788391080.3581219,10,1,ghcr.io/talmolab/lablink-client-base-image:linux-amd64-test@sha256:1ec2fde6860186b3d45ac83890167258f83512955dbce65f072d4e8c310cb9de,0.37648844718933105,sleap-lablink-client-prod-vm-4,running,Healthy,0,1788390738.0,1788390767.0,1788390813.0,1788391010.0,1788390947.0,1788391022.0,301.0,1788390768.132688,,1788391054.410658,i-0b5a2f80e58b1f49e
1788391080.3581219,10,1,ghcr.io/talmolab/lablink-client-base-image:linux-amd64-test@sha256:1ec2fde6860186b3d45ac83890167258f83512955dbce65f072d4e8c310cb9de,0.37648844718933105,sleap-lablink-client-prod-vm-5,running,Healthy,0,1788390738.0,1788390767.0,1788390814.0,1788391012.0,1788390949.0,1788391024.0,302.0,1788390768.133418,,1788391056.008545,i-011c62511afd69360
1788391080.3581219,10,1,ghcr.io/talmolab/lablink-client-base-image:linux-amd64-test@sha256:1ec2fde6860186b3d45ac83890167258f83512955dbce65f072d4e8c310cb9de,0.37648844718933105,sleap-lablink-client-prod-vm-6,running,Healthy,0,1788390738.0,1788390767.0,1788390814.0,1788391011.0,1788390949.0,1788391022.0,299.0,1788390768.134149,,1788391054.445066,i-0cceae5b4237000da
1788391080.3581219,10,1,ghcr.io/talmolab/lablink-client-base-image:linux-amd64-test@sha256:1ec2fde6860186b3d45ac83890167258f83512955dbce65f072d4e8c310cb9de,0.37648844718933105,sleap-lablink-client-prod-vm-7,running,Healthy,0,1788390738.0,1788390767.0,1788390813.0,1788391004.0,1788390941.0,1788391016.0,295.0,1788390768.13509,,1788391078.90185,i-04223bbc5c5f842c7
1788391080.3581219,10,1,ghcr.io/talmolab/lablink-client-base-image:linux-amd64-test@sha256:1ec2fde6860186b3d45ac83890167258f83512955dbce65f072d4e8c310cb9de,0.37648844718933105,sleap-lablink-client-prod-vm-8,running,Healthy,0,1788390738.0,1788390767.0,1788390809.0,1788391003.0,1788390941.0,1788391017.0,299.0,1788390768.135877,,1788391078.871436,i-0798ccd89f26d7cda
1788391080.3581219,10,1,ghcr.io/talmolab/lablink-client-base-image:linux-amd64-test@sha256:1ec2fde6860186b3d45ac83890167258f83512955dbce65f072d4e8c310cb9de,0.37648844718933105,sleap-lablink-client-prod-vm-9,running,Healthy,0,1788390738.0,1788390767.0,1788390813.0,1788391010.0,1788390948.0,1788391021.0,299.0,1788390768.136603,,1788391053.25108,i-0ae3bdc8eb0227987
1788391085.29735,10,1,ghcr.io/talmolab/lablink-client-base-image:linux-amd64-test@sha256:1ec2fde6860186b3d45ac83890167258f83512955dbce65f072d4e8c310cb9de,0.37648844718933105,sleap-lablink-client-prod-vm-1,initializing,,1,1788390738.0,1788390767.0,,,,,,1788390768.128852,,1788391050.776477,i-0d4ebb2bfcef19f31
1788391085.29735,10,1,ghcr.io/talmolab/lablink-client-base-image:linux-amd64-test@sha256:1ec2fde6860186b3d45ac83890167258f83512955dbce65f072d4e8c310cb9de,0.37648844718933105,sleap-lablink-client-prod-vm-10,initializing,,1,1788390738.0,1788390767.0,,,,,,1788390768.130117,,1788391046.197913,i-073b86b279423b5ed
1788391085.29735,10,1,ghcr.io/talmolab/lablink-client-base-image:linux-amd64-test@sha256:1ec2fde6860186b3d45ac83890167258f83512955dbce65f072d4e8c310cb9de,0.37648844718933105,sleap-lablink-client-prod-vm-2,running,Healthy,0,1788390738.0,1788390767.0,1788390813.0,1788391011.0,1788390949.0,1788391016.0,294.0,1788390768.130938,,1788391079.183354,i-02f122d3eea1c2ca0
1788391085.29735,10,1,ghcr.io/talmolab/lablink-client-base-image:linux-amd64-test@sha256:1ec2fde6860186b3d45ac83890167258f83512955dbce65f072d4e8c310cb9de,0.37648844718933105,sleap-lablink-client-prod-vm-3,running,Healthy,0,1788390738.0,1788390767.0,1788390814.0,1788391004.0,1788390941.0,1788391018.0,296.0,1788390768.131762,,1788391080.197692,i-04f09804c45834c8a
1788391085.29735,10,1,ghcr.io/talmolab/lablink-client-base-image:linux-amd64-test@sha256:1ec2fde6860186b3d45ac83890167258f83512955dbce65f072d4e8c310cb9de,0.37648844718933105,sleap-lablink-client-prod-vm-4,running,Healthy,0,1788390738.0,1788390767.0,1788390813.0,1788391010.0,1788390947.0,1788391022.0,301.0,1788390768.132688,,1788391084.700188,i-0b5a2f80e58b1f49e
1788391085.29735,10,1,ghcr.io/talmolab/lablink-client-base-image:linux-amd64-test@sha256:1ec2fde6860186b3d45ac83890167258f83512955dbce65f072d4e8c310cb9de,0.37648844718933105,sleap-lablink-client-prod-vm-5,running,Healthy,0,1788390738.0,1788390767.0,1788390814.0,1788391012.0,1788390949.0,1788391024.0,302.0,1788390768.133418,,1788391056.008545,i-011c62511afd69360
1788391085.29735,10,1,ghcr.io/talmolab/lablink-client-base-image:linux-amd64-test@sha256:1ec2fde6860186b3d45ac83890167258f83512955dbce65f072d4e8c310cb9de,0.37648844718933105,sleap-lablink-client-prod-vm-6,running,Healthy,0,1788390738.0,1788390767.0,1788390814.0,1788391011.0,1788390949.0,1788391022.0,299.0,1788390768.134149,,1788391084.740771,i-0cceae5b4237000da
1788391085.29735,10,1,ghcr.io/talmolab/lablink-client-base-image:linux-amd64-test@sha256:1ec2fde6860186b3d45ac83890167258f83512955dbce65f072d4e8c310cb9de,0.37648844718933105,sleap-lablink-client-prod-vm-7,running,Healthy,0,1788390738.0,1788390767.0,1788390813.0,1788391004.0,1788390941.0,1788391016.0,295.0,1788390768.13509,,1788391078.90185,i-04223bbc5c5f842c7
1788391085.29735,10,1,ghcr.io/talmolab/lablink-client-base-image:linux-amd64-test@sha256:1ec2fde6860186b3d45ac83890167258f83512955dbce65f072d4e8c310cb9de,0.37648844718933105,sleap-lablink-client-prod-vm-8,running,Healthy,0,1788390738.0,1788390767.0,1788390809.0,1788391003.0,1788390941.0,1788391017.0,299.0,1788390768.135877,,1788391078.871436,i-0798ccd89f26d7cda
1788391085.29735,10,1,ghcr.io/talmolab/lablink-client-base-image:linux-amd64-test@sha256:1ec2fde6860186b3d45ac83890167258f83512955dbce65f072d4e8c310cb9de,0.37648844718933105,sleap-lablink-client-prod-vm-9,running,Healthy,0,1788390738.0,1788390767.0,1788390813.0,1788391010.0,1788390948.0,1788391021.0,299.0,1788390768.136603,,1788391083.422984,i-0ae3bdc8eb0227987
1788391090.207472,10,1,ghcr.io/talmolab/lablink-client-base-image:linux-amd64-test@sha256:1ec2fde6860186b3d45ac83890167258f83512955dbce65f072d4e8c310cb9de,0.37648844718933105,sleap-lablink-client-prod-vm-1,initializing,,1,1788390738.0,1788390767.0,,,,,,1788390768.128852,,1788391050.776477,i-0d4ebb2bfcef19f31
1788391090.207472,10,1,ghcr.io/talmolab/lablink-client-base-image:linux-amd64-test@sha256:1ec2fde6860186b3d45ac83890167258f83512955dbce65f072d4e8c310cb9de,0.37648844718933105,sleap-lablink-client-prod-vm-10,initializing,,1,1788390738.0,1788390767.0,,,,,,1788390768.130117,,1788391046.197913,i-073b86b279423b5ed
1788391090.207472,10,1,ghcr.io/talmolab/lablink-client-base-image:linux-amd64-test@sha256:1ec2fde6860186b3d45ac83890167258f83512955dbce65f072d4e8c310cb9de,0.37648844718933105,sleap-lablink-client-prod-vm-2,running,Healthy,0,1788390738.0,1788390767.0,1788390813.0,1788391011.0,1788390949.0,1788391016.0,294.0,1788390768.130938,,1788391079.183354,i-02f122d3eea1c2ca0
1788391090.207472,10,1,ghcr.io/talmolab/lablink-client-base-image:linux-amd64-test@sha256:1ec2fde6860186b3d45ac83890167258f83512955dbce65f072d4e8c310cb9de,0.37648844718933105,sleap-lablink-client-prod-vm-3,running,Healthy,0,1788390738.0,1788390767.0,1788390814.0,1788391004.0,1788390941.0,1788391018.0,296.0,1788390768.131762,,1788391080.197692,i-04f09804c45834c8a
1788391090.207472,10,1,ghcr.io/talmolab/lablink-client-base-image:linux-amd64-test@sha256:1ec2fde6860186b3d45ac83890167258f83512955dbce65f072d4e8c310cb9de,0.37648844718933105,sleap-lablink-client-prod-vm-4,running,Healthy,0,1788390738.0,1788390767.0,1788390813.0,1788391010.0,1788390947.0,1788391022.0,301.0,1788390768.132688,,1788391084.700188,i-0b5a2f80e58b1f49e
1788391090.207472,10,1,ghcr.io/talmolab/lablink-client-base-image:linux-amd64-test@sha256:1ec2fde6860186b3d45ac83890167258f83512955dbce65f072d4e8c310cb9de,0.37648844718933105,sleap-lablink-client-prod-vm-5,running,Healthy,0,1788390738.0,1788390767.0,1788390814.0,1788391012.0,1788390949.0,1788391024.0,302.0,1788390768.133418,,1788391086.256486,i-011c62511afd69360
1788391090.207472,10,1,ghcr.io/talmolab/lablink-client-base-image:linux-amd64-test@sha256:1ec2fde6860186b3d45ac83890167258f83512955dbce65f072d4e8c310cb9de,0.37648844718933105,sleap-lablink-client-prod-vm-6,running,Healthy,0,1788390738.0,1788390767.0,1788390814.0,1788391011.0,1788390949.0,1788391022.0,299.0,1788390768.134149,,1788391084.740771,i-0cceae5b4237000da
1788391090.207472,10,1,ghcr.io/talmolab/lablink-client-base-image:linux-amd64-test@sha256:1ec2fde6860186b3d45ac83890167258f83512955dbce65f072d4e8c310cb9de,0.37648844718933105,sleap-lablink-client-prod-vm-7,running,Healthy,0,1788390738.0,1788390767.0,1788390813.0,1788391004.0,1788390941.0,1788391016.0,295.0,1788390768.13509,,1788391078.90185,i-04223bbc5c5f842c7
1788391090.207472,10,1,ghcr.io/talmolab/lablink-client-base-image:linux-amd64-test@sha256:1ec2fde6860186b3d45ac83890167258f83512955dbce65f072d4e8c310cb9de,0.37648844718933105,sleap-lablink-client-prod-vm-8,running,Healthy,0,1788390738.0,1788390767.0,1788390809.0,1788391003.0,1788390941.0,1788391017.0,299.0,1788390768.135877,,1788391078.871436,i-0798ccd89f26d7cda
1788391090.207472,10,1,ghcr.io/talmolab/lablink-client-base-image:linux-amd64-test@sha256:1ec2fde6860186b3d45ac83890167258f83512955dbce65f072d4e8c310cb9de,0.37648844718933105,sleap-lablink-client-prod-vm-9,running,Healthy,0,1788390738.0,1788390767.0,1788390813.0,1788391010.0,1788390948.0,1788391021.0,299.0,1788390768.136603,,1788391083.422984,i-0ae3bdc8eb0227987
1788391095.260625,10,1,ghcr.io/talmolab/lablink-client-base-image:linux-amd64-test@sha256:1ec2fde6860186b3d45ac83890167258f83512955dbce65f072d4e8c310cb9de,0.37648844718933105,sleap-lablink-client-prod-vm-1,initializing,,1,1788390738.0,1788390767.0,,,,,,1788390768.128852,,1788391050.776477,i-0d4ebb2bfcef19f31
1788391095.260625,10,1,ghcr.io/talmolab/lablink-client-base-image:linux-amd64-test@sha256:1ec2fde6860186b3d45ac83890167258f83512955dbce65f072d4e8c310cb9de,0.37648844718933105,sleap-lablink-client-prod-vm-10,initializing,,1,1788390738.0,1788390767.0,,,,,,1788390768.130117,,1788391046.197913,i-073b86b279423b5ed
1788391095.260625,10,1,ghcr.io/talmolab/lablink-client-base-image:linux-amd64-test@sha256:1ec2fde6860186b3d45ac83890167258f83512955dbce65f072d4e8c310cb9de,0.37648844718933105,sleap-lablink-client-prod-vm-2,running,Healthy,0,1788390738.0,1788390767.0,1788390813.0,1788391011.0,1788390949.0,1788391016.0,294.0,1788390768.130938,,1788391079.183354,i-02f122d3eea1c2ca0
1788391095.260625,10,1,ghcr.io/talmolab/lablink-client-base-image:linux-amd64-test@sha256:1ec2fde6860186b3d45ac83890167258f83512955dbce65f072d4e8c310cb9de,0.37648844718933105,sleap-lablink-client-prod-vm-3,running,Healthy,0,1788390738.0,1788390767.0,1788390814.0,1788391004.0,1788390941.0,1788391018.0,296.0,1788390768.131762,,1788391080.197692,i-04f09804c45834c8a
1788391095.260625,10,1,ghcr.io/talmolab/lablink-client-base-image:linux-amd64-test@sha256:1ec2fde6860186b3d45ac83890167258f83512955dbce65f072d4e8c310cb9de,0.37648844718933105,sleap-lablink-client-prod-vm-4,running,Healthy,0,1788390738.0,1788390767.0,1788390813.0,1788391010.0,1788390947.0,1788391022.0,301.0,1788390768.132688,,1788391084.700188,i-0b5a2f80e58b1f49e
1788391095.260625,10,1,ghcr.io/talmolab/lablink-client-base-image:linux-amd64-test@sha256:1ec2fde6860186b3d45ac83890167258f83512955dbce65f072d4e8c310cb9de,0.37648844718933105,sleap-lablink-client-prod-vm-5,running,Healthy,0,1788390738.0,1788390767.0,1788390814.0,1788391012.0,1788390949.0,1788391024.0,302.0,1788390768.133418,,1788391086.256486,i-011c62511afd69360
1788391095.260625,10,1,ghcr.io/talmolab/lablink-client-base-image:linux-amd64-test@sha256:1ec2fde6860186b3d45ac83890167258f83512955dbce65f072d4e8c310cb9de,0.37648844718933105,sleap-lablink-client-prod-vm-6,running,Healthy,0,1788390738.0,1788390767.0,1788390814.0,1788391011.0,1788390949.0,1788391022.0,299.0,1788390768.134149,,1788391084.740771,i-0cceae5b4237000da
1788391095.260625,10,1,ghcr.io/talmolab/lablink-client-base-image:linux-amd64-test@sha256:1ec2fde6860186b3d45ac83890167258f83512955dbce65f072d4e8c310cb9de,0.37648844718933105,sleap-lablink-client-prod-vm-7,running,Healthy,0,1788390738.0,1788390767.0,1788390813.0,1788391004.0,1788390941.0,1788391016.0,295.0,1788390768.13509,,1788391078.90185,i-04223bbc5c5f842c7
1788391095.260625,10,1,ghcr.io/talmolab/lablink-client-base-image:linux-amd64-test@sha256:1ec2fde6860186b3d45ac83890167258f83512955dbce65f072d4e8c310cb9de,0.37648844718933105,sleap-lablink-client-prod-vm-8,running,Healthy,0,1788390738.0,1788390767.0,1788390809.0,1788391003.0,1788390941.0,1788391017.0,299.0,1788390768.135877,,1788391078.871436,i-0798ccd89f26d7cda
1788391095.260625,10,1,ghcr.io/talmolab/lablink-client-base-image:linux-amd64-test@sha256:1ec2fde6860186b3d45ac83890167258f83512955dbce65f072d4e8c310cb9de,0.37648844718933105,sleap-lablink-client-prod-vm-9,running,Healthy,0,1788390738.0,1788390767.0,1788390813.0,1788391010.0,1788390948.0,1788391021.0,299.0,1788390768.136603,,1788391083.422984,i-0ae3bdc8eb0227987
1788391100.282567,10,1,ghcr.io/talmolab/lablink-client-base-image:linux-amd64-test@sha256:1ec2fde6860186b3d45ac83890167258f83512955dbce65f072d4e8c310cb9de,0.37648844718933105,sleap-lablink-client-prod-vm-1,initializing,,1,1788390738.0,1788390767.0,,,,,,1788390768.128852,,1788391050.776477,i-0d4ebb2bfcef19f31
1788391100.282567,10,1,ghcr.io/talmolab/lablink-client-base-image:linux-amd64-test@sha256:1ec2fde6860186b3d45ac83890167258f83512955dbce65f072d4e8c310cb9de,0.37648844718933105,sleap-lablink-client-prod-vm-10,initializing,,1,1788390738.0,1788390767.0,,,,,,1788390768.130117,,1788391046.197913,i-073b86b279423b5ed
1788391100.282567,10,1,ghcr.io/talmolab/lablink-client-base-image:linux-amd64-test@sha256:1ec2fde6860186b3d45ac83890167258f83512955dbce65f072d4e8c310cb9de,0.37648844718933105,sleap-lablink-client-prod-vm-2,running,Healthy,0,1788390738.0,1788390767.0,1788390813.0,1788391011.0,1788390949.0,1788391016.0,294.0,1788390768.130938,,1788391079.183354,i-02f122d3eea1c2ca0
1788391100.282567,10,1,ghcr.io/talmolab/lablink-client-base-image:linux-amd64-test@sha256:1ec2fde6860186b3d45ac83890167258f83512955dbce65f072d4e8c310cb9de,0.37648844718933105,sleap-lablink-client-prod-vm-3,running,Healthy,0,1788390738.0,1788390767.0,1788390814.0,1788391004.0,1788390941.0,1788391018.0,296.0,1788390768.131762,,1788391080.197692,i-04f09804c45834c8a
1788391100.282567,10,1,ghcr.io/talmolab/lablink-client-base-image:linux-amd64-test@sha256:1ec2fde6860186b3d45ac83890167258f83512955dbce65f072d4e8c310cb9de,0.37648844718933105,sleap-lablink-client-prod-vm-4,running,Healthy,0,1788390738.0,1788390767.0,1788390813.0,1788391010.0,1788390947.0,1788391022.0,301.0,1788390768.132688,,1788391084.700188,i-0b5a2f80e58b1f49e
1788391100.282567,10,1,ghcr.io/talmolab/lablink-client-base-image:linux-amd64-test@sha256:1ec2fde6860186b3d45ac83890167258f83512955dbce65f072d4e8c310cb9de,0.37648844718933105,sleap-lablink-client-prod-vm-5,running,Healthy,0,1788390738.0,1788390767.0,1788390814.0,1788391012.0,1788390949.0,1788391024.0,302.0,1788390768.133418,,1788391086.256486,i-011c62511afd69360
1788391100.282567,10,1,ghcr.io/talmolab/lablink-client-base-image:linux-amd64-test@sha256:1ec2fde6860186b3d45ac83890167258f83512955dbce65f072d4e8c310cb9de,0.37648844718933105,sleap-lablink-client-prod-vm-6,running,Healthy,0,1788390738.0,1788390767.0,1788390814.0,1788391011.0,1788390949.0,1788391022.0,299.0,1788390768.134149,,1788391084.740771,i-0cceae5b4237000da
1788391100.282567,10,1,ghcr.io/talmolab/lablink-client-base-image:linux-amd64-test@sha256:1ec2fde6860186b3d45ac83890167258f83512955dbce65f072d4e8c310cb9de,0.37648844718933105,sleap-lablink-client-prod-vm-7,running,Healthy,0,1788390738.0,1788390767.0,1788390813.0,1788391004.0,1788390941.0,1788391016.0,295.0,1788390768.13509,,1788391078.90185,i-04223bbc5c5f842c7
1788391100.282567,10,1,ghcr.io/talmolab/lablink-client-base-image:linux-amd64-test@sha256:1ec2fde6860186b3d45ac83890167258f83512955dbce65f072d4e8c310cb9de,0.37648844718933105,sleap-lablink-client-prod-vm-8,running,Healthy,0,1788390738.0,1788390767.0,1788390809.0,1788391003.0,1788390941.0,1788391017.0,299.0,1788390768.135877,,1788391078.871436,i-0798ccd89f26d7cda
1788391100.282567,10,1,ghcr.io/talmolab/lablink-client-base-image:linux-amd64-test@sha256:1ec2fde6860186b3d45ac83890167258f83512955dbce65f072d4e8c310cb9de,0.37648844718933105,sleap-lablink-client-prod-vm-9,running,Healthy,0,1788390738.0,1788390767.0,1788390813.0,1788391010.0,1788390948.0,1788391021.0,299.0,1788390768.136603,,1788391083.422984,i-0ae3bdc8eb0227987
1788391105.260202,10,1,ghcr.io/talmolab/lablink-client-base-image:linux-amd64-test@sha256:1ec2fde6860186b3d45ac83890167258f83512955dbce65f072d4e8c310cb9de,0.37648844718933105,sleap-lablink-client-prod-vm-1,initializing,,1,1788390738.0,1788390767.0,,,,,,1788390768.128852,,1788391050.776477,i-0d4ebb2bfcef19f31
1788391105.260202,10,1,ghcr.io/talmolab/lablink-client-base-image:linux-amd64-test@sha256:1ec2fde6860186b3d45ac83890167258f83512955dbce65f072d4e8c310cb9de,0.37648844718933105,sleap-lablink-client-prod-vm-10,initializing,,1,1788390738.0,1788390767.0,,,,,,1788390768.130117,,1788391046.197913,i-073b86b279423b5ed
1788391105.260202,10,1,ghcr.io/talmolab/lablink-client-base-image:linux-amd64-test@sha256:1ec2fde6860186b3d45ac83890167258f83512955dbce65f072d4e8c310cb9de,0.37648844718933105,sleap-lablink-client-prod-vm-2,running,Healthy,0,1788390738.0,1788390767.0,1788390813.0,1788391011.0,1788390949.0,1788391016.0,294.0,1788390768.130938,,1788391079.183354,i-02f122d3eea1c2ca0
1788391105.260202,10,1,ghcr.io/talmolab/lablink-client-base-image:linux-amd64-test@sha256:1ec2fde6860186b3d45ac83890167258f83512955dbce65f072d4e8c310cb9de,0.37648844718933105,sleap-lablink-client-prod-vm-3,running,Healthy,0,1788390738.0,1788390767.0,1788390814.0,1788391004.0,1788390941.0,1788391018.0,296.0,1788390768.131762,,1788391080.197692,i-04f09804c45834c8a
1788391105.260202,10,1,ghcr.io/talmolab/lablink-client-base-image:linux-amd64-test@sha256:1ec2fde6860186b3d45ac83890167258f83512955dbce65f072d4e8c310cb9de,0.37648844718933105,sleap-lablink-client-prod-vm-4,running,Healthy,0,1788390738.0,1788390767.0,1788390813.0,1788391010.0,1788390947.0,1788391022.0,301.0,1788390768.132688,,1788391084.700188,i-0b5a2f80e58b1f49e
1788391105.260202,10,1,ghcr.io/talmolab/lablink-client-base-image:linux-amd64-test@sha256:1ec2fde6860186b3d45ac83890167258f83512955dbce65f072d4e8c310cb9de,0.37648844718933105,sleap-lablink-client-prod-vm-5,running,Healthy,0,1788390738.0,1788390767.0,1788390814.0,1788391012.0,1788390949.0,1788391024.0,302.0,1788390768.133418,,1788391086.256486,i-011c62511afd69360
1788391105.260202,10,1,ghcr.io/talmolab/lablink-client-base-image:linux-amd64-test@sha256:1ec2fde6860186b3d45ac83890167258f83512955dbce65f072d4e8c310cb9de,0.37648844718933105,sleap-lablink-client-prod-vm-6,running,Healthy,0,1788390738.0,1788390767.0,1788390814.0,1788391011.0,1788390949.0,1788391022.0,299.0,1788390768.134149,,1788391084.740771,i-0cceae5b4237000da
1788391105.260202,10,1,ghcr.io/talmolab/lablink-client-base-image:linux-amd64-test@sha256:1ec2fde6860186b3d45ac83890167258f83512955dbce65f072d4e8c310cb9de,0.37648844718933105,sleap-lablink-client-prod-vm-7,running,Healthy,0,1788390738.0,1788390767.0,1788390813.0,1788391004.0,1788390941.0,1788391016.0,295.0,1788390768.13509,,1788391078.90185,i-04223bbc5c5f842c7
1788391105.260202,10,1,ghcr.io/talmolab/lablink-client-base-image:linux-amd64-test@sha256:1ec2fde6860186b3d45ac83890167258f83512955dbce65f072d4e8c310cb9de,0.37648844718933105,sleap-lablink-client-prod-vm-8,running,Healthy,0,1788390738.0,1788390767.0,1788390809.0,1788391003.0,1788390941.0,1788391017.0,299.0,1788390768.135877,,1788391078.871436,i-0798ccd89f26d7cda
1788391105.260202,10,1,ghcr.io/talmolab/lablink-client-base-image:linux-amd64-test@sha256:1ec2fde6860186b3d45ac83890167258f83512955dbce65f072d4e8c310cb9de,0.37648844718933105,sleap-lablink-client-prod-vm-9,running,Healthy,0,1788390738.0,1788390767.0,1788390813.0,1788391010.0,1788390948.0,1788391021.0,299.0,1788390768.136603,,1788391083.422984,i-0ae3bdc8eb0227987
1788391110.26091,10,1,ghcr.io/talmolab/lablink-client-base-image:linux-amd64-test@sha256:1ec2fde6860186b3d45ac83890167258f83512955dbce65f072d4e8c310cb9de,0.37648844718933105,sleap-lablink-client-prod-vm-1,initializing,,1,1788390738.0,1788390767.0,,,,,,1788390768.128852,,1788391050.776477,i-0d4ebb2bfcef19f31
1788391110.26091,10,1,ghcr.io/talmolab/lablink-client-base-image:linux-amd64-test@sha256:1ec2fde6860186b3d45ac83890167258f83512955dbce65f072d4e8c310cb9de,0.37648844718933105,sleap-lablink-client-prod-vm-10,initializing,,1,1788390738.0,1788390767.0,1788390902.0,1788391108.0,,,235.0,1788390768.130117,,1788391108.853643,i-073b86b279423b5ed
1788391110.26091,10,1,ghcr.io/talmolab/lablink-client-base-image:linux-amd64-test@sha256:1ec2fde6860186b3d45ac83890167258f83512955dbce65f072d4e8c310cb9de,0.37648844718933105,sleap-lablink-client-prod-vm-2,running,Healthy,0,1788390738.0,1788390767.0,1788390813.0,1788391011.0,1788390949.0,1788391016.0,294.0,1788390768.130938,,1788391109.203248,i-02f122d3eea1c2ca0
1788391110.26091,10,1,ghcr.io/talmolab/lablink-client-base-image:linux-amd64-test@sha256:1ec2fde6860186b3d45ac83890167258f83512955dbce65f072d4e8c310cb9de,0.37648844718933105,sleap-lablink-client-prod-vm-3,running,Healthy,0,1788390738.0,1788390767.0,1788390814.0,1788391004.0,1788390941.0,1788391018.0,296.0,1788390768.131762,,1788391110.221852,i-04f09804c45834c8a
1788391110.26091,10,1,ghcr.io/talmolab/lablink-client-base-image:linux-amd64-test@sha256:1ec2fde6860186b3d45ac83890167258f83512955dbce65f072d4e8c310cb9de,0.37648844718933105,sleap-lablink-client-prod-vm-4,running,Healthy,0,1788390738.0,1788390767.0,1788390813.0,1788391010.0,1788390947.0,1788391022.0,301.0,1788390768.132688,,1788391084.700188,i-0b5a2f80e58b1f49e
1788391110.26091,10,1,ghcr.io/talmolab/lablink-client-base-image:linux-amd64-test@sha256:1ec2fde6860186b3d45ac83890167258f83512955dbce65f072d4e8c310cb9de,0.37648844718933105,sleap-lablink-client-prod-vm-5,running,Healthy,0,1788390738.0,1788390767.0,1788390814.0,1788391012.0,1788390949.0,1788391024.0,302.0,1788390768.133418,,1788391086.256486,i-011c62511afd69360
1788391110.26091,10,1,ghcr.io/talmolab/lablink-client-base-image:linux-amd64-test@sha256:1ec2fde6860186b3d45ac83890167258f83512955dbce65f072d4e8c310cb9de,0.37648844718933105,sleap-lablink-client-prod-vm-6,running,Healthy,0,1788390738.0,1788390767.0,1788390814.0,1788391011.0,1788390949.0,1788391022.0,299.0,1788390768.134149,,1788391084.740771,i-0cceae5b4237000da
1788391110.26091,10,1,ghcr.io/talmolab/lablink-client-base-image:linux-amd64-test@sha256:1ec2fde6860186b3d45ac83890167258f83512955dbce65f072d4e8c310cb9de,0.37648844718933105,sleap-lablink-client-prod-vm-7,running,Healthy,0,1788390738.0,1788390767.0,1788390813.0,1788391004.0,1788390941.0,1788391016.0,295.0,1788390768.13509,,1788391108.921378,i-04223bbc5c5f842c7
1788391110.26091,10,1,ghcr.io/talmolab/lablink-client-base-image:linux-amd64-test@sha256:1ec2fde6860186b3d45ac83890167258f83512955dbce65f072d4e8c310cb9de,0.37648844718933105,sleap-lablink-client-prod-vm-8,running,Healthy,0,1788390738.0,1788390767.0,1788390809.0,1788391003.0,1788390941.0,1788391017.0,299.0,1788390768.135877,,1788391108.893678,i-0798ccd89f26d7cda
1788391110.26091,10,1,ghcr.io/talmolab/lablink-client-base-image:linux-amd64-test@sha256:1ec2fde6860186b3d45ac83890167258f83512955dbce65f072d4e8c310cb9de,0.37648844718933105,sleap-lablink-client-prod-vm-9,running,Healthy,0,1788390738.0,1788390767.0,1788390813.0,1788391010.0,1788390948.0,1788391021.0,299.0,1788390768.136603,,1788391083.422984,i-0ae3bdc8eb0227987
1788391115.275824,10,1,ghcr.io/talmolab/lablink-client-base-image:linux-amd64-test@sha256:1ec2fde6860186b3d45ac83890167258f83512955dbce65f072d4e8c310cb9de,0.37648844718933105,sleap-lablink-client-prod-vm-1,initializing,,1,1788390738.0,1788390767.0,1788390905.0,1788391113.0,,,237.0,1788390768.128852,,1788391113.16889,i-0d4ebb2bfcef19f31
1788391115.275824,10,1,ghcr.io/talmolab/lablink-client-base-image:linux-amd64-test@sha256:1ec2fde6860186b3d45ac83890167258f83512955dbce65f072d4e8c310cb9de,0.37648844718933105,sleap-lablink-client-prod-vm-10,running,,1,1788390738.0,1788390767.0,1788390902.0,1788391108.0,1788391046.0,1788391114.0,303.0,1788390768.130117,,1788391114.992003,i-073b86b279423b5ed
1788391115.275824,10,1,ghcr.io/talmolab/lablink-client-base-image:linux-amd64-test@sha256:1ec2fde6860186b3d45ac83890167258f83512955dbce65f072d4e8c310cb9de,0.37648844718933105,sleap-lablink-client-prod-vm-2,running,Healthy,0,1788390738.0,1788390767.0,1788390813.0,1788391011.0,1788390949.0,1788391016.0,294.0,1788390768.130938,,1788391109.203248,i-02f122d3eea1c2ca0
1788391115.275824,10,1,ghcr.io/talmolab/lablink-client-base-image:linux-amd64-test@sha256:1ec2fde6860186b3d45ac83890167258f83512955dbce65f072d4e8c310cb9de,0.37648844718933105,sleap-lablink-client-prod-vm-3,running,Healthy,0,1788390738.0,1788390767.0,1788390814.0,1788391004.0,1788390941.0,1788391018.0,296.0,1788390768.131762,,1788391110.221852,i-04f09804c45834c8a
1788391115.275824,10,1,ghcr.io/talmolab/lablink-client-base-image:linux-amd64-test@sha256:1ec2fde6860186b3d45ac83890167258f83512955dbce65f072d4e8c310cb9de,0.37648844718933105,sleap-lablink-client-prod-vm-4,running,Healthy,0,1788390738.0,1788390767.0,1788390813.0,1788391010.0,1788390947.0,1788391022.0,301.0,1788390768.132688,,1788391114.726391,i-0b5a2f80e58b1f49e
1788391115.275824,10,1,ghcr.io/talmolab/lablink-client-base-image:linux-amd64-test@sha256:1ec2fde6860186b3d45ac83890167258f83512955dbce65f072d4e8c310cb9de,0.37648844718933105,sleap-lablink-client-prod-vm-5,running,Healthy,0,1788390738.0,1788390767.0,1788390814.0,1788391012.0,1788390949.0,1788391024.0,302.0,1788390768.133418,,1788391086.256486,i-011c62511afd69360
1788391115.275824,10,1,ghcr.io/talmolab/lablink-client-base-image:linux-amd64-test@sha256:1ec2fde6860186b3d45ac83890167258f83512955dbce65f072d4e8c310cb9de,0.37648844718933105,sleap-lablink-client-prod-vm-6,running,Healthy,0,1788390738.0,1788390767.0,1788390814.0,1788391011.0,1788390949.0,1788391022.0,299.0,1788390768.134149,,1788391114.827082,i-0cceae5b4237000da
1788391115.275824,10,1,ghcr.io/talmolab/lablink-client-base-image:linux-amd64-test@sha256:1ec2fde6860186b3d45ac83890167258f83512955dbce65f072d4e8c310cb9de,0.37648844718933105,sleap-lablink-client-prod-vm-7,running,Healthy,0,1788390738.0,1788390767.0,1788390813.0,1788391004.0,1788390941.0,1788391016.0,295.0,1788390768.13509,,1788391108.921378,i-04223bbc5c5f842c7
1788391115.275824,10,1,ghcr.io/talmolab/lablink-client-base-image:linux-amd64-test@sha256:1ec2fde6860186b3d45ac83890167258f83512955dbce65f072d4e8c310cb9de,0.37648844718933105,sleap-lablink-client-prod-vm-8,running,Healthy,0,1788390738.0,1788390767.0,1788390809.0,1788391003.0,1788390941.0,1788391017.0,299.0,1788390768.135877,,1788391108.893678,i-0798ccd89f26d7cda
1788391115.275824,10,1,ghcr.io/talmolab/lablink-client-base-image:linux-amd64-test@sha256:1ec2fde6860186b3d45ac83890167258f83512955dbce65f072d4e8c310cb9de,0.37648844718933105,sleap-lablink-client-prod-vm-9,running,Healthy,0,1788390738.0,1788390767.0,1788390813.0,1788391010.0,1788390948.0,1788391021.0,299.0,1788390768.136603,,1788391113.492191,i-0ae3bdc8eb0227987
1788391120.292746,10,1,ghcr.io/talmolab/lablink-client-base-image:linux-amd64-test@sha256:1ec2fde6860186b3d45ac83890167258f83512955dbce65f072d4e8c310cb9de,0.37648844718933105,sleap-lablink-client-prod-vm-1,initializing,,1,1788390738.0,1788390767.0,1788390905.0,1788391113.0,,,237.0,1788390768.128852,,1788391113.16889,i-0d4ebb2bfcef19f31
1788391120.292746,10,1,ghcr.io/talmolab/lablink-client-base-image:linux-amd64-test@sha256:1ec2fde6860186b3d45ac83890167258f83512955dbce65f072d4e8c310cb9de,0.37648844718933105,sleap-lablink-client-prod-vm-10,running,Healthy,1,1788390738.0,1788390767.0,1788390902.0,1788391108.0,1788391046.0,1788391114.0,303.0,1788390768.130117,,1788391117.305921,i-073b86b279423b5ed
1788391120.292746,10,1,ghcr.io/talmolab/lablink-client-base-image:linux-amd64-test@sha256:1ec2fde6860186b3d45ac83890167258f83512955dbce65f072d4e8c310cb9de,0.37648844718933105,sleap-lablink-client-prod-vm-2,running,Healthy,0,1788390738.0,1788390767.0,1788390813.0,1788391011.0,1788390949.0,1788391016.0,294.0,1788390768.130938,,1788391109.203248,i-02f122d3eea1c2ca0
1788391120.292746,10,1,ghcr.io/talmolab/lablink-client-base-image:linux-amd64-test@sha256:1ec2fde6860186b3d45ac83890167258f83512955dbce65f072d4e8c310cb9de,0.37648844718933105,sleap-lablink-client-prod-vm-3,running,Healthy,0,1788390738.0,1788390767.0,1788390814.0,1788391004.0,1788390941.0,1788391018.0,296.0,1788390768.131762,,1788391110.221852,i-04f09804c45834c8a
1788391120.292746,10,1,ghcr.io/talmolab/lablink-client-base-image:linux-amd64-test@sha256:1ec2fde6860186b3d45ac83890167258f83512955dbce65f072d4e8c310cb9de,0.37648844718933105,sleap-lablink-client-prod-vm-4,running,Healthy,0,1788390738.0,1788390767.0,1788390813.0,1788391010.0,1788390947.0,1788391022.0,301.0,1788390768.132688,,1788391114.726391,i-0b5a2f80e58b1f49e
1788391120.292746,10,1,ghcr.io/talmolab/lablink-client-base-image:linux-amd64-test@sha256:1ec2fde6860186b3d45ac83890167258f83512955dbce65f072d4e8c310cb9de,0.37648844718933105,sleap-lablink-client-prod-vm-5,running,Healthy,0,1788390738.0,1788390767.0,1788390814.0,1788391012.0,1788390949.0,1788391024.0,302.0,1788390768.133418,,1788391116.327155,i-011c62511afd69360
1788391120.292746,10,1,ghcr.io/talmolab/lablink-client-base-image:linux-amd64-test@sha256:1ec2fde6860186b3d45ac83890167258f83512955dbce65f072d4e8c310cb9de,0.37648844718933105,sleap-lablink-client-prod-vm-6,running,Healthy,0,1788390738.0,1788390767.0,1788390814.0,1788391011.0,1788390949.0,1788391022.0,299.0,1788390768.134149,,1788391114.827082,i-0cceae5b4237000da
1788391120.292746,10,1,ghcr.io/talmolab/lablink-client-base-image:linux-amd64-test@sha256:1ec2fde6860186b3d45ac83890167258f83512955dbce65f072d4e8c310cb9de,0.37648844718933105,sleap-lablink-client-prod-vm-7,running,Healthy,0,1788390738.0,1788390767.0,1788390813.0,1788391004.0,1788390941.0,1788391016.0,295.0,1788390768.13509,,1788391108.921378,i-04223bbc5c5f842c7
1788391120.292746,10,1,ghcr.io/talmolab/lablink-client-base-image:linux-amd64-test@sha256:1ec2fde6860186b3d45ac83890167258f83512955dbce65f072d4e8c310cb9de,0.37648844718933105,sleap-lablink-client-prod-vm-8,running,Healthy,0,1788390738.0,1788390767.0,1788390809.0,1788391003.0,1788390941.0,1788391017.0,299.0,1788390768.135877,,1788391108.893678,i-0798ccd89f26d7cda
1788391120.292746,10,1,ghcr.io/talmolab/lablink-client-base-image:linux-amd64-test@sha256:1ec2fde6860186b3d45ac83890167258f83512955dbce65f072d4e8c310cb9de,0.37648844718933105,sleap-lablink-client-prod-vm-9,running,Healthy,0,1788390738.0,1788390767.0,1788390813.0,1788391010.0,1788390948.0,1788391021.0,299.0,1788390768.136603,,1788391113.492191,i-0ae3bdc8eb0227987
1788391125.324769,10,1,ghcr.io/talmolab/lablink-client-base-image:linux-amd64-test@sha256:1ec2fde6860186b3d45ac83890167258f83512955dbce65f072d4e8c310cb9de,0.37648844718933105,sleap-lablink-client-prod-vm-1,running,,1,1788390738.0,1788390767.0,1788390905.0,1788391113.0,1788391050.0,1788391124.0,311.0,1788390768.128852,,1788391125.123326,i-0d4ebb2bfcef19f31
1788391125.324769,10,1,ghcr.io/talmolab/lablink-client-base-image:linux-amd64-test@sha256:1ec2fde6860186b3d45ac83890167258f83512955dbce65f072d4e8c310cb9de,0.37648844718933105,sleap-lablink-client-prod-vm-10,running,Healthy,1,1788390738.0,1788390767.0,1788390902.0,1788391108.0,1788391046.0,1788391114.0,303.0,1788390768.130117,,1788391117.305921,i-073b86b279423b5ed
1788391125.324769,10,1,ghcr.io/talmolab/lablink-client-base-image:linux-amd64-test@sha256:1ec2fde6860186b3d45ac83890167258f83512955dbce65f072d4e8c310cb9de,0.37648844718933105,sleap-lablink-client-prod-vm-2,running,Healthy,0,1788390738.0,1788390767.0,1788390813.0,1788391011.0,1788390949.0,1788391016.0,294.0,1788390768.130938,,1788391109.203248,i-02f122d3eea1c2ca0
1788391125.324769,10,1,ghcr.io/talmolab/lablink-client-base-image:linux-amd64-test@sha256:1ec2fde6860186b3d45ac83890167258f83512955dbce65f072d4e8c310cb9de,0.37648844718933105,sleap-lablink-client-prod-vm-3,running,Healthy,0,1788390738.0,1788390767.0,1788390814.0,1788391004.0,1788390941.0,1788391018.0,296.0,1788390768.131762,,1788391110.221852,i-04f09804c45834c8a
1788391125.324769,10,1,ghcr.io/talmolab/lablink-client-base-image:linux-amd64-test@sha256:1ec2fde6860186b3d45ac83890167258f83512955dbce65f072d4e8c310cb9de,0.37648844718933105,sleap-lablink-client-prod-vm-4,running,Healthy,0,1788390738.0,1788390767.0,1788390813.0,1788391010.0,1788390947.0,1788391022.0,301.0,1788390768.132688,,1788391114.726391,i-0b5a2f80e58b1f49e
1788391125.324769,10,1,ghcr.io/talmolab/lablink-client-base-image:linux-amd64-test@sha256:1ec2fde6860186b3d45ac83890167258f83512955dbce65f072d4e8c310cb9de,0.37648844718933105,sleap-lablink-client-prod-vm-5,running,Healthy,0,1788390738.0,1788390767.0,1788390814.0,1788391012.0,1788390949.0,1788391024.0,302.0,1788390768.133418,,1788391116.327155,i-011c62511afd69360
1788391125.324769,10,1,ghcr.io/talmolab/lablink-client-base-image:linux-amd64-test@sha256:1ec2fde6860186b3d45ac83890167258f83512955dbce65f072d4e8c310cb9de,0.37648844718933105,sleap-lablink-client-prod-vm-6,running,Healthy,0,1788390738.0,1788390767.0,1788390814.0,1788391011.0,1788390949.0,1788391022.0,299.0,1788390768.134149,,1788391114.827082,i-0cceae5b4237000da
1788391125.324769,10,1,ghcr.io/talmolab/lablink-client-base-image:linux-amd64-test@sha256:1ec2fde6860186b3d45ac83890167258f83512955dbce65f072d4e8c310cb9de,0.37648844718933105,sleap-lablink-client-prod-vm-7,running,Healthy,0,1788390738.0,1788390767.0,1788390813.0,1788391004.0,1788390941.0,1788391016.0,295.0,1788390768.13509,,1788391108.921378,i-04223bbc5c5f842c7
1788391125.324769,10,1,ghcr.io/talmolab/lablink-client-base-image:linux-amd64-test@sha256:1ec2fde6860186b3d45ac83890167258f83512955dbce65f072d4e8c310cb9de,0.37648844718933105,sleap-lablink-client-prod-vm-8,running,Healthy,0,1788390738.0,1788390767.0,1788390809.0,1788391003.0,1788390941.0,1788391017.0,299.0,1788390768.135877,,1788391108.893678,i-0798ccd89f26d7cda
1788391125.324769,10,1,ghcr.io/talmolab/lablink-client-base-image:linux-amd64-test@sha256:1ec2fde6860186b3d45ac83890167258f83512955dbce65f072d4e8c310cb9de,0.37648844718933105,sleap-lablink-client-prod-vm-9,running,Healthy,0,1788390738.0,1788390767.0,1788390813.0,1788391010.0,1788390948.0,1788391021.0,299.0,1788390768.136603,,1788391113.492191,i-0ae3bdc8eb0227987
1788391130.390226,10,1,ghcr.io/talmolab/lablink-client-base-image:linux-amd64-test@sha256:1ec2fde6860186b3d45ac83890167258f83512955dbce65f072d4e8c310cb9de,0.37648844718933105,sleap-lablink-client-prod-vm-1,running,Healthy,1,1788390738.0,1788390767.0,1788390905.0,1788391113.0,1788391050.0,1788391124.0,311.0,1788390768.128852,1788391127.40029,1788391126.67591,i-0d4ebb2bfcef19f31
1788391130.390226,10,1,ghcr.io/talmolab/lablink-client-base-image:linux-amd64-test@sha256:1ec2fde6860186b3d45ac83890167258f83512955dbce65f072d4e8c310cb9de,0.37648844718933105,sleap-lablink-client-prod-vm-10,running,Healthy,1,1788390738.0,1788390767.0,1788390902.0,1788391108.0,1788391046.0,1788391114.0,303.0,1788390768.130117,1788391127.408882,1788391117.305921,i-073b86b279423b5ed
1788391130.390226,10,1,ghcr.io/talmolab/lablink-client-base-image:linux-amd64-test@sha256:1ec2fde6860186b3d45ac83890167258f83512955dbce65f072d4e8c310cb9de,0.37648844718933105,sleap-lablink-client-prod-vm-2,running,Healthy,0,1788390738.0,1788390767.0,1788390813.0,1788391011.0,1788390949.0,1788391016.0,294.0,1788390768.130938,1788391127.407519,1788391109.203248,i-02f122d3eea1c2ca0
1788391130.390226,10,1,ghcr.io/talmolab/lablink-client-base-image:linux-amd64-test@sha256:1ec2fde6860186b3d45ac83890167258f83512955dbce65f072d4e8c310cb9de,0.37648844718933105,sleap-lablink-client-prod-vm-3,running,Healthy,0,1788390738.0,1788390767.0,1788390814.0,1788391004.0,1788390941.0,1788391018.0,296.0,1788390768.131762,1788391127.452474,1788391110.221852,i-04f09804c45834c8a
1788391130.390226,10,1,ghcr.io/talmolab/lablink-client-base-image:linux-amd64-test@sha256:1ec2fde6860186b3d45ac83890167258f83512955dbce65f072d4e8c310cb9de,0.37648844718933105,sleap-lablink-client-prod-vm-4,running,Healthy,0,1788390738.0,1788390767.0,1788390813.0,1788391010.0,1788390947.0,1788391022.0,301.0,1788390768.132688,1788391127.453282,1788391114.726391,i-0b5a2f80e58b1f49e
1788391130.390226,10,1,ghcr.io/talmolab/lablink-client-base-image:linux-amd64-test@sha256:1ec2fde6860186b3d45ac83890167258f83512955dbce65f072d4e8c310cb9de,0.37648844718933105,sleap-lablink-client-prod-vm-5,running,Healthy,0,1788390738.0,1788390767.0,1788390814.0,1788391012.0,1788390949.0,1788391024.0,302.0,1788390768.133418,1788391127.470972,1788391116.327155,i-011c62511afd69360
1788391130.390226,10,1,ghcr.io/talmolab/lablink-client-base-image:linux-amd64-test@sha256:1ec2fde6860186b3d45ac83890167258f83512955dbce65f072d4e8c310cb9de,0.37648844718933105,sleap-lablink-client-prod-vm-6,running,Healthy,0,1788390738.0,1788390767.0,1788390814.0,1788391011.0,1788390949.0,1788391022.0,299.0,1788390768.134149,1788391127.454231,1788391114.827082,i-0cceae5b4237000da
1788391130.390226,10,1,ghcr.io/talmolab/lablink-client-base-image:linux-amd64-test@sha256:1ec2fde6860186b3d45ac83890167258f83512955dbce65f072d4e8c310cb9de,0.37648844718933105,sleap-lablink-client-prod-vm-7,running,Healthy,0,1788390738.0,1788390767.0,1788390813.0,1788391004.0,1788390941.0,1788391016.0,295.0,1788390768.13509,1788391127.485072,1788391108.921378,i-04223bbc5c5f842c7
1788391130.390226,10,1,ghcr.io/talmolab/lablink-client-base-image:linux-amd64-test@sha256:1ec2fde6860186b3d45ac83890167258f83512955dbce65f072d4e8c310cb9de,0.37648844718933105,sleap-lablink-client-prod-vm-8,running,Healthy,0,1788390738.0,1788390767.0,1788390809.0,1788391003.0,1788390941.0,1788391017.0,299.0,1788390768.135877,1788391127.491438,1788391108.893678,i-0798ccd89f26d7cda
1788391130.390226,10,1,ghcr.io/talmolab/lablink-client-base-image:linux-amd64-test@sha256:1ec2fde6860186b3d45ac83890167258f83512955dbce65f072d4e8c310cb9de,0.37648844718933105,sleap-lablink-client-prod-vm-9,running,Healthy,0,1788390738.0,1788390767.0,1788390813.0,1788391010.0,1788390948.0,1788391021.0,299.0,1788390768.136603,1788391127.503832,1788391113.492191,i-0ae3bdc8eb0227987
1788391135.2655811,10,1,ghcr.io/talmolab/lablink-client-base-image:linux-amd64-test@sha256:1ec2fde6860186b3d45ac83890167258f83512955dbce65f072d4e8c310cb9de,0.37648844718933105,sleap-lablink-client-prod-vm-1,running,Healthy,1,1788390738.0,1788390767.0,1788390905.0,1788391113.0,1788391050.0,1788391124.0,311.0,1788390768.128852,1788391127.40029,1788391126.67591,i-0d4ebb2bfcef19f31
1788391135.2655811,10,1,ghcr.io/talmolab/lablink-client-base-image:linux-amd64-test@sha256:1ec2fde6860186b3d45ac83890167258f83512955dbce65f072d4e8c310cb9de,0.37648844718933105,sleap-lablink-client-prod-vm-10,running,Healthy,1,1788390738.0,1788390767.0,1788390902.0,1788391108.0,1788391046.0,1788391114.0,303.0,1788390768.130117,1788391127.408882,1788391117.305921,i-073b86b279423b5ed
1788391135.2655811,10,1,ghcr.io/talmolab/lablink-client-base-image:linux-amd64-test@sha256:1ec2fde6860186b3d45ac83890167258f83512955dbce65f072d4e8c310cb9de,0.37648844718933105,sleap-lablink-client-prod-vm-2,running,Healthy,0,1788390738.0,1788390767.0,1788390813.0,1788391011.0,1788390949.0,1788391016.0,294.0,1788390768.130938,1788391127.407519,1788391109.203248,i-02f122d3eea1c2ca0
1788391135.2655811,10,1,ghcr.io/talmolab/lablink-client-base-image:linux-amd64-test@sha256:1ec2fde6860186b3d45ac83890167258f83512955dbce65f072d4e8c310cb9de,0.37648844718933105,sleap-lablink-client-prod-vm-3,running,Healthy,0,1788390738.0,1788390767.0,1788390814.0,1788391004.0,1788390941.0,1788391018.0,296.0,1788390768.131762,1788391127.452474,1788391110.221852,i-04f09804c45834c8a
1788391135.2655811,10,1,ghcr.io/talmolab/lablink-client-base-image:linux-amd64-test@sha256:1ec2fde6860186b3d45ac83890167258f83512955dbce65f072d4e8c310cb9de,0.37648844718933105,sleap-lablink-client-prod-vm-4,running,Healthy,0,1788390738.0,1788390767.0,1788390813.0,1788391010.0,1788390947.0,1788391022.0,301.0,1788390768.132688,1788391127.453282,1788391114.726391,i-0b5a2f80e58b1f49e
1788391135.2655811,10,1,ghcr.io/talmolab/lablink-client-base-image:linux-amd64-test@sha256:1ec2fde6860186b3d45ac83890167258f83512955dbce65f072d4e8c310cb9de,0.37648844718933105,sleap-lablink-client-prod-vm-5,running,Healthy,0,1788390738.0,1788390767.0,1788390814.0,1788391012.0,1788390949.0,1788391024.0,302.0,1788390768.133418,1788391127.470972,1788391116.327155,i-011c62511afd69360
1788391135.2655811,10,1,ghcr.io/talmolab/lablink-client-base-image:linux-amd64-test@sha256:1ec2fde6860186b3d45ac83890167258f83512955dbce65f072d4e8c310cb9de,0.37648844718933105,sleap-lablink-client-prod-vm-6,running,Healthy,0,1788390738.0,1788390767.0,1788390814.0,1788391011.0,1788390949.0,1788391022.0,299.0,1788390768.134149,1788391127.454231,1788391114.827082,i-0cceae5b4237000da
1788391135.2655811,10,1,ghcr.io/talmolab/lablink-client-base-image:linux-amd64-test@sha256:1ec2fde6860186b3d45ac83890167258f83512955dbce65f072d4e8c310cb9de,0.37648844718933105,sleap-lablink-client-prod-vm-7,running,Healthy,0,1788390738.0,1788390767.0,1788390813.0,1788391004.0,1788390941.0,1788391016.0,295.0,1788390768.13509,1788391127.485072,1788391108.921378,i-04223bbc5c5f842c7
1788391135.2655811,10,1,ghcr.io/talmolab/lablink-client-base-image:linux-amd64-test@sha256:1ec2fde6860186b3d45ac83890167258f83512955dbce65f072d4e8c310cb9de,0.37648844718933105,sleap-lablink-client-prod-vm-8,running,Healthy,0,1788390738.0,1788390767.0,1788390809.0,1788391003.0,1788390941.0,1788391017.0,299.0,1788390768.135877,1788391127.491438,1788391108.893678,i-0798ccd89f26d7cda
1788391135.2655811,10,1,ghcr.io/talmolab/lablink-client-base-image:linux-amd64-test@sha256:1ec2fde6860186b3d45ac83890167258f83512955dbce65f072d4e8c310cb9de,0.37648844718933105,sleap-lablink-client-prod-vm-9,running,Healthy,0,1788390738.0,1788390767.0,1788390813.0,1788391010.0,1788390948.0,1788391021.0,299.0,1788390768.136603,1788391127.503832,1788391113.492191,i-0ae3bdc8eb0227987
1788391140.4496908,10,1,ghcr.io/talmolab/lablink-client-base-image:linux-amd64-test@sha256:1ec2fde6860186b3d45ac83890167258f83512955dbce65f072d4e8c310cb9de,0.37648844718933105,sleap-lablink-client-prod-vm-1,running,Healthy,1,1788390738.0,1788390767.0,1788390905.0,1788391113.0,1788391050.0,1788391124.0,311.0,1788390768.128852,1788391127.40029,1788391126.67591,i-0d4ebb2bfcef19f31
1788391140.4496908,10,1,ghcr.io/talmolab/lablink-client-base-image:linux-amd64-test@sha256:1ec2fde6860186b3d45ac83890167258f83512955dbce65f072d4e8c310cb9de,0.37648844718933105,sleap-lablink-client-prod-vm-10,running,Healthy,1,1788390738.0,1788390767.0,1788390902.0,1788391108.0,1788391046.0,1788391114.0,303.0,1788390768.130117,1788391127.408882,1788391117.305921,i-073b86b279423b5ed
1788391140.4496908,10,1,ghcr.io/talmolab/lablink-client-base-image:linux-amd64-test@sha256:1ec2fde6860186b3d45ac83890167258f83512955dbce65f072d4e8c310cb9de,0.37648844718933105,sleap-lablink-client-prod-vm-2,running,Healthy,0,1788390738.0,1788390767.0,1788390813.0,1788391011.0,1788390949.0,1788391016.0,294.0,1788390768.130938,1788391127.407519,1788391139.396794,i-02f122d3eea1c2ca0
1788391140.4496908,10,1,ghcr.io/talmolab/lablink-client-base-image:linux-amd64-test@sha256:1ec2fde6860186b3d45ac83890167258f83512955dbce65f072d4e8c310cb9de,0.37648844718933105,sleap-lablink-client-prod-vm-3,running,Healthy,0,1788390738.0,1788390767.0,1788390814.0,1788391004.0,1788390941.0,1788391018.0,296.0,1788390768.131762,1788391127.452474,1788391110.221852,i-04f09804c45834c8a
1788391140.4496908,10,1,ghcr.io/talmolab/lablink-client-base-image:linux-amd64-test@sha256:1ec2fde6860186b3d45ac83890167258f83512955dbce65f072d4e8c310cb9de,0.37648844718933105,sleap-lablink-client-prod-vm-4,running,Healthy,0,1788390738.0,1788390767.0,1788390813.0,1788391010.0,1788390947.0,1788391022.0,301.0,1788390768.132688,1788391127.453282,1788391114.726391,i-0b5a2f80e58b1f49e
1788391140.4496908,10,1,ghcr.io/talmolab/lablink-client-base-image:linux-amd64-test@sha256:1ec2fde6860186b3d45ac83890167258f83512955dbce65f072d4e8c310cb9de,0.37648844718933105,sleap-lablink-client-prod-vm-5,running,Healthy,0,1788390738.0,1788390767.0,1788390814.0,1788391012.0,1788390949.0,1788391024.0,302.0,1788390768.133418,1788391127.470972,1788391116.327155,i-011c62511afd69360
1788391140.4496908,10,1,ghcr.io/talmolab/lablink-client-base-image:linux-amd64-test@sha256:1ec2fde6860186b3d45ac83890167258f83512955dbce65f072d4e8c310cb9de,0.37648844718933105,sleap-lablink-client-prod-vm-6,running,Healthy,0,1788390738.0,1788390767.0,1788390814.0,1788391011.0,1788390949.0,1788391022.0,299.0,1788390768.134149,1788391127.454231,1788391114.827082,i-0cceae5b4237000da
1788391140.4496908,10,1,ghcr.io/talmolab/lablink-client-base-image:linux-amd64-test@sha256:1ec2fde6860186b3d45ac83890167258f83512955dbce65f072d4e8c310cb9de,0.37648844718933105,sleap-lablink-client-prod-vm-7,running,Healthy,0,1788390738.0,1788390767.0,1788390813.0,1788391004.0,1788390941.0,1788391016.0,295.0,1788390768.13509,1788391127.485072,1788391139.211459,i-04223bbc5c5f842c7
1788391140.4496908,10,1,ghcr.io/talmolab/lablink-client-base-image:linux-amd64-test@sha256:1ec2fde6860186b3d45ac83890167258f83512955dbce65f072d4e8c310cb9de,0.37648844718933105,sleap-lablink-client-prod-vm-8,running,Healthy,0,1788390738.0,1788390767.0,1788390809.0,1788391003.0,1788390941.0,1788391017.0,299.0,1788390768.135877,1788391127.491438,1788391139.140743,i-0798ccd89f26d7cda
1788391140.4496908,10,1,ghcr.io/talmolab/lablink-client-base-image:linux-amd64-test@sha256:1ec2fde6860186b3d45ac83890167258f83512955dbce65f072d4e8c310cb9de,0.37648844718933105,sleap-lablink-client-prod-vm-9,running,Healthy,0,1788390738.0,1788390767.0,1788390813.0,1788391010.0,1788390948.0,1788391021.0,299.0,1788390768.136603,1788391127.503832,1788391113.492191,i-0ae3bdc8eb0227987
1788391145.384468,10,1,ghcr.io/talmolab/lablink-client-base-image:linux-amd64-test@sha256:1ec2fde6860186b3d45ac83890167258f83512955dbce65f072d4e8c310cb9de,0.37648844718933105,sleap-lablink-client-prod-vm-1,running,Healthy,1,1788390738.0,1788390767.0,1788390905.0,1788391113.0,1788391050.0,1788391124.0,311.0,1788390768.128852,1788391127.40029,1788391126.67591,i-0d4ebb2bfcef19f31
1788391145.384468,10,1,ghcr.io/talmolab/lablink-client-base-image:linux-amd64-test@sha256:1ec2fde6860186b3d45ac83890167258f83512955dbce65f072d4e8c310cb9de,0.37648844718933105,sleap-lablink-client-prod-vm-10,running,Healthy,1,1788390738.0,1788390767.0,1788390902.0,1788391108.0,1788391046.0,1788391114.0,303.0,1788390768.130117,1788391127.408882,1788391117.305921,i-073b86b279423b5ed
1788391145.384468,10,1,ghcr.io/talmolab/lablink-client-base-image:linux-amd64-test@sha256:1ec2fde6860186b3d45ac83890167258f83512955dbce65f072d4e8c310cb9de,0.37648844718933105,sleap-lablink-client-prod-vm-2,running,Healthy,0,1788390738.0,1788390767.0,1788390813.0,1788391011.0,1788390949.0,1788391016.0,294.0,1788390768.130938,1788391127.407519,1788391139.396794,i-02f122d3eea1c2ca0
1788391145.384468,10,1,ghcr.io/talmolab/lablink-client-base-image:linux-amd64-test@sha256:1ec2fde6860186b3d45ac83890167258f83512955dbce65f072d4e8c310cb9de,0.37648844718933105,sleap-lablink-client-prod-vm-3,running,Healthy,0,1788390738.0,1788390767.0,1788390814.0,1788391004.0,1788390941.0,1788391018.0,296.0,1788390768.131762,1788391127.452474,1788391140.511936,i-04f09804c45834c8a
1788391145.384468,10,1,ghcr.io/talmolab/lablink-client-base-image:linux-amd64-test@sha256:1ec2fde6860186b3d45ac83890167258f83512955dbce65f072d4e8c310cb9de,0.37648844718933105,sleap-lablink-client-prod-vm-4,running,Healthy,0,1788390738.0,1788390767.0,1788390813.0,1788391010.0,1788390947.0,1788391022.0,301.0,1788390768.132688,1788391127.453282,1788391144.95124,i-0b5a2f80e58b1f49e
1788391145.384468,10,1,ghcr.io/talmolab/lablink-client-base-image:linux-amd64-test@sha256:1ec2fde6860186b3d45ac83890167258f83512955dbce65f072d4e8c310cb9de,0.37648844718933105,sleap-lablink-client-prod-vm-5,running,Healthy,0,1788390738.0,1788390767.0,1788390814.0,1788391012.0,1788390949.0,1788391024.0,302.0,1788390768.133418,1788391127.470972,1788391116.327155,i-011c62511afd69360
1788391145.384468,10,1,ghcr.io/talmolab/lablink-client-base-image:linux-amd64-test@sha256:1ec2fde6860186b3d45ac83890167258f83512955dbce65f072d4e8c310cb9de,0.37648844718933105,sleap-lablink-client-prod-vm-6,running,Healthy,0,1788390738.0,1788390767.0,1788390814.0,1788391011.0,1788390949.0,1788391022.0,299.0,1788390768.134149,1788391127.454231,1788391145.073594,i-0cceae5b4237000da
1788391145.384468,10,1,ghcr.io/talmolab/lablink-client-base-image:linux-amd64-test@sha256:1ec2fde6860186b3d45ac83890167258f83512955dbce65f072d4e8c310cb9de,0.37648844718933105,sleap-lablink-client-prod-vm-7,running,Healthy,0,1788390738.0,1788390767.0,1788390813.0,1788391004.0,1788390941.0,1788391016.0,295.0,1788390768.13509,1788391127.485072,1788391139.211459,i-04223bbc5c5f842c7
1788391145.384468,10,1,ghcr.io/talmolab/lablink-client-base-image:linux-amd64-test@sha256:1ec2fde6860186b3d45ac83890167258f83512955dbce65f072d4e8c310cb9de,0.37648844718933105,sleap-lablink-client-prod-vm-8,running,Healthy,0,1788390738.0,1788390767.0,1788390809.0,1788391003.0,1788390941.0,1788391017.0,299.0,1788390768.135877,1788391127.491438,1788391139.140743,i-0798ccd89f26d7cda
1788391145.384468,10,1,ghcr.io/talmolab/lablink-client-base-image:linux-amd64-test@sha256:1ec2fde6860186b3d45ac83890167258f83512955dbce65f072d4e8c310cb9de,0.37648844718933105,sleap-lablink-client-prod-vm-9,running,Healthy,0,1788390738.0,1788390767.0,1788390813.0,1788391010.0,1788390948.0,1788391021.0,299.0,1788390768.136603,1788391127.503832,1788391143.66532,i-0ae3bdc8eb0227987
1788391150.31058,10,1,ghcr.io/talmolab/lablink-client-base-image:linux-amd64-test@sha256:1ec2fde6860186b3d45ac83890167258f83512955dbce65f072d4e8c310cb9de,0.37648844718933105,sleap-lablink-client-prod-vm-1,running,Healthy,1,1788390738.0,1788390767.0,1788390905.0,1788391113.0,1788391050.0,1788391124.0,311.0,1788390768.128852,1788391127.40029,1788391126.67591,i-0d4ebb2bfcef19f31
1788391150.31058,10,1,ghcr.io/talmolab/lablink-client-base-image:linux-amd64-test@sha256:1ec2fde6860186b3d45ac83890167258f83512955dbce65f072d4e8c310cb9de,0.37648844718933105,sleap-lablink-client-prod-vm-10,running,Healthy,1,1788390738.0,1788390767.0,1788390902.0,1788391108.0,1788391046.0,1788391114.0,303.0,1788390768.130117,1788391127.408882,1788391147.295088,i-073b86b279423b5ed
1788391150.31058,10,1,ghcr.io/talmolab/lablink-client-base-image:linux-amd64-test@sha256:1ec2fde6860186b3d45ac83890167258f83512955dbce65f072d4e8c310cb9de,0.37648844718933105,sleap-lablink-client-prod-vm-2,running,Healthy,0,1788390738.0,1788390767.0,1788390813.0,1788391011.0,1788390949.0,1788391016.0,294.0,1788390768.130938,1788391127.407519,1788391139.396794,i-02f122d3eea1c2ca0
1788391150.31058,10,1,ghcr.io/talmolab/lablink-client-base-image:linux-amd64-test@sha256:1ec2fde6860186b3d45ac83890167258f83512955dbce65f072d4e8c310cb9de,0.37648844718933105,sleap-lablink-client-prod-vm-3,running,Healthy,0,1788390738.0,1788390767.0,1788390814.0,1788391004.0,1788390941.0,1788391018.0,296.0,1788390768.131762,1788391127.452474,1788391140.511936,i-04f09804c45834c8a
1788391150.31058,10,1,ghcr.io/talmolab/lablink-client-base-image:linux-amd64-test@sha256:1ec2fde6860186b3d45ac83890167258f83512955dbce65f072d4e8c310cb9de,0.37648844718933105,sleap-lablink-client-prod-vm-4,running,Healthy,0,1788390738.0,1788390767.0,1788390813.0,1788391010.0,1788390947.0,1788391022.0,301.0,1788390768.132688,1788391127.453282,1788391144.95124,i-0b5a2f80e58b1f49e
1788391150.31058,10,1,ghcr.io/talmolab/lablink-client-base-image:linux-amd64-test@sha256:1ec2fde6860186b3d45ac83890167258f83512955dbce65f072d4e8c310cb9de,0.37648844718933105,sleap-lablink-client-prod-vm-5,running,Healthy,0,1788390738.0,1788390767.0,1788390814.0,1788391012.0,1788390949.0,1788391024.0,302.0,1788390768.133418,1788391127.470972,1788391146.495638,i-011c62511afd69360
1788391150.31058,10,1,ghcr.io/talmolab/lablink-client-base-image:linux-amd64-test@sha256:1ec2fde6860186b3d45ac83890167258f83512955dbce65f072d4e8c310cb9de,0.37648844718933105,sleap-lablink-client-prod-vm-6,running,Healthy,0,1788390738.0,1788390767.0,1788390814.0,1788391011.0,1788390949.0,1788391022.0,299.0,1788390768.134149,1788391127.454231,1788391145.073594,i-0cceae5b4237000da
1788391150.31058,10,1,ghcr.io/talmolab/lablink-client-base-image:linux-amd64-test@sha256:1ec2fde6860186b3d45ac83890167258f83512955dbce65f072d4e8c310cb9de,0.37648844718933105,sleap-lablink-client-prod-vm-7,running,Healthy,0,1788390738.0,1788390767.0,1788390813.0,1788391004.0,1788390941.0,1788391016.0,295.0,1788390768.13509,1788391127.485072,1788391139.211459,i-04223bbc5c5f842c7
1788391150.31058,10,1,ghcr.io/talmolab/lablink-client-base-image:linux-amd64-test@sha256:1ec2fde6860186b3d45ac83890167258f83512955dbce65f072d4e8c310cb9de,0.37648844718933105,sleap-lablink-client-prod-vm-8,running,Healthy,0,1788390738.0,1788390767.0,1788390809.0,1788391003.0,1788390941.0,1788391017.0,299.0,1788390768.135877,1788391127.491438,1788391139.140743,i-0798ccd89f26d7cda
1788391150.31058,10,1,ghcr.io/talmolab/lablink-client-base-image:linux-amd64-test@sha256:1ec2fde6860186b3d45ac83890167258f83512955dbce65f072d4e8c310cb9de,0.37648844718933105,sleap-lablink-client-prod-vm-9,running,Healthy,0,1788390738.0,1788390767.0,1788390813.0,1788391010.0,1788390948.0,1788391021.0,299.0,1788390768.136603,1788391127.503832,1788391143.66532,i-0ae3bdc8eb0227987
1788391155.335733,10,1,ghcr.io/talmolab/lablink-client-base-image:linux-amd64-test@sha256:1ec2fde6860186b3d45ac83890167258f83512955dbce65f072d4e8c310cb9de,0.37648844718933105,sleap-lablink-client-prod-vm-1,running,Healthy,1,1788390738.0,1788390767.0,1788390905.0,1788391113.0,1788391050.0,1788391124.0,311.0,1788390768.128852,1788391127.40029,1788391126.67591,i-0d4ebb2bfcef19f31
1788391155.335733,10,1,ghcr.io/talmolab/lablink-client-base-image:linux-amd64-test@sha256:1ec2fde6860186b3d45ac83890167258f83512955dbce65f072d4e8c310cb9de,0.37648844718933105,sleap-lablink-client-prod-vm-10,running,Healthy,1,1788390738.0,1788390767.0,1788390902.0,1788391108.0,1788391046.0,1788391114.0,303.0,1788390768.130117,1788391127.408882,1788391147.295088,i-073b86b279423b5ed
1788391155.335733,10,1,ghcr.io/talmolab/lablink-client-base-image:linux-amd64-test@sha256:1ec2fde6860186b3d45ac83890167258f83512955dbce65f072d4e8c310cb9de,0.37648844718933105,sleap-lablink-client-prod-vm-2,running,Healthy,0,1788390738.0,1788390767.0,1788390813.0,1788391011.0,1788390949.0,1788391016.0,294.0,1788390768.130938,1788391127.407519,1788391139.396794,i-02f122d3eea1c2ca0
1788391155.335733,10,1,ghcr.io/talmolab/lablink-client-base-image:linux-amd64-test@sha256:1ec2fde6860186b3d45ac83890167258f83512955dbce65f072d4e8c310cb9de,0.37648844718933105,sleap-lablink-client-prod-vm-3,running,Healthy,0,1788390738.0,1788390767.0,1788390814.0,1788391004.0,1788390941.0,1788391018.0,296.0,1788390768.131762,1788391127.452474,1788391140.511936,i-04f09804c45834c8a
1788391155.335733,10,1,ghcr.io/talmolab/lablink-client-base-image:linux-amd64-test@sha256:1ec2fde6860186b3d45ac83890167258f83512955dbce65f072d4e8c310cb9de,0.37648844718933105,sleap-lablink-client-prod-vm-4,running,Healthy,0,1788390738.0,1788390767.0,1788390813.0,1788391010.0,1788390947.0,1788391022.0,301.0,1788390768.132688,1788391127.453282,1788391144.95124,i-0b5a2f80e58b1f49e
1788391155.335733,10,1,ghcr.io/talmolab/lablink-client-base-image:linux-amd64-test@sha256:1ec2fde6860186b3d45ac83890167258f83512955dbce65f072d4e8c310cb9de,0.37648844718933105,sleap-lablink-client-prod-vm-5,running,Healthy,0,1788390738.0,1788390767.0,1788390814.0,1788391012.0,1788390949.0,1788391024.0,302.0,1788390768.133418,1788391127.470972,1788391146.495638,i-011c62511afd69360
1788391155.335733,10,1,ghcr.io/talmolab/lablink-client-base-image:linux-amd64-test@sha256:1ec2fde6860186b3d45ac83890167258f83512955dbce65f072d4e8c310cb9de,0.37648844718933105,sleap-lablink-client-prod-vm-6,running,Healthy,0,1788390738.0,1788390767.0,1788390814.0,1788391011.0,1788390949.0,1788391022.0,299.0,1788390768.134149,1788391127.454231,1788391145.073594,i-0cceae5b4237000da
1788391155.335733,10,1,ghcr.io/talmolab/lablink-client-base-image:linux-amd64-test@sha256:1ec2fde6860186b3d45ac83890167258f83512955dbce65f072d4e8c310cb9de,0.37648844718933105,sleap-lablink-client-prod-vm-7,running,Healthy,0,1788390738.0,1788390767.0,1788390813.0,1788391004.0,1788390941.0,1788391016.0,295.0,1788390768.13509,1788391127.485072,1788391139.211459,i-04223bbc5c5f842c7
1788391155.335733,10,1,ghcr.io/talmolab/lablink-client-base-image:linux-amd64-test@sha256:1ec2fde6860186b3d45ac83890167258f83512955dbce65f072d4e8c310cb9de,0.37648844718933105,sleap-lablink-client-prod-vm-8,running,Healthy,0,1788390738.0,1788390767.0,1788390809.0,1788391003.0,1788390941.0,1788391017.0,299.0,1788390768.135877,1788391127.491438,1788391139.140743,i-0798ccd89f26d7cda
1788391155.335733,10,1,ghcr.io/talmolab/lablink-client-base-image:linux-amd64-test@sha256:1ec2fde6860186b3d45ac83890167258f83512955dbce65f072d4e8c310cb9de,0.37648844718933105,sleap-lablink-client-prod-vm-9,running,Healthy,0,1788390738.0,1788390767.0,1788390813.0,1788391010.0,1788390948.0,1788391021.0,299.0,1788390768.136603,1788391127.503832,1788391143.66532,i-0ae3bdc8eb0227987
1788391160.574434,10,1,ghcr.io/talmolab/lablink-client-base-image:linux-amd64-test@sha256:1ec2fde6860186b3d45ac83890167258f83512955dbce65f072d4e8c310cb9de,0.37648844718933105,sleap-lablink-client-prod-vm-1,running,Healthy,1,1788390738.0,1788390767.0,1788390905.0,1788391113.0,1788391050.0,1788391124.0,311.0,1788390768.128852,1788391127.40029,1788391156.623975,i-0d4ebb2bfcef19f31
1788391160.574434,10,1,ghcr.io/talmolab/lablink-client-base-image:linux-amd64-test@sha256:1ec2fde6860186b3d45ac83890167258f83512955dbce65f072d4e8c310cb9de,0.37648844718933105,sleap-lablink-client-prod-vm-10,running,Healthy,1,1788390738.0,1788390767.0,1788390902.0,1788391108.0,1788391046.0,1788391114.0,303.0,1788390768.130117,1788391127.408882,1788391147.295088,i-073b86b279423b5ed
1788391160.574434,10,1,ghcr.io/talmolab/lablink-client-base-image:linux-amd64-test@sha256:1ec2fde6860186b3d45ac83890167258f83512955dbce65f072d4e8c310cb9de,0.37648844718933105,sleap-lablink-client-prod-vm-2,running,Healthy,0,1788390738.0,1788390767.0,1788390813.0,1788391011.0,1788390949.0,1788391016.0,294.0,1788390768.130938,1788391127.407519,1788391139.396794,i-02f122d3eea1c2ca0
1788391160.574434,10,1,ghcr.io/talmolab/lablink-client-base-image:linux-amd64-test@sha256:1ec2fde6860186b3d45ac83890167258f83512955dbce65f072d4e8c310cb9de,0.37648844718933105,sleap-lablink-client-prod-vm-3,running,Healthy,0,1788390738.0,1788390767.0,1788390814.0,1788391004.0,1788390941.0,1788391018.0,296.0,1788390768.131762,1788391127.452474,1788391140.511936,i-04f09804c45834c8a
1788391160.574434,10,1,ghcr.io/talmolab/lablink-client-base-image:linux-amd64-test@sha256:1ec2fde6860186b3d45ac83890167258f83512955dbce65f072d4e8c310cb9de,0.37648844718933105,sleap-lablink-client-prod-vm-4,running,Healthy,0,1788390738.0,1788390767.0,1788390813.0,1788391010.0,1788390947.0,1788391022.0,301.0,1788390768.132688,1788391127.453282,1788391144.95124,i-0b5a2f80e58b1f49e
1788391160.574434,10,1,ghcr.io/talmolab/lablink-client-base-image:linux-amd64-test@sha256:1ec2fde6860186b3d45ac83890167258f83512955dbce65f072d4e8c310cb9de,0.37648844718933105,sleap-lablink-client-prod-vm-5,running,Healthy,0,1788390738.0,1788390767.0,1788390814.0,1788391012.0,1788390949.0,1788391024.0,302.0,1788390768.133418,1788391127.470972,1788391146.495638,i-011c62511afd69360
1788391160.574434,10,1,ghcr.io/talmolab/lablink-client-base-image:linux-amd64-test@sha256:1ec2fde6860186b3d45ac83890167258f83512955dbce65f072d4e8c310cb9de,0.37648844718933105,sleap-lablink-client-prod-vm-6,running,Healthy,0,1788390738.0,1788390767.0,1788390814.0,1788391011.0,1788390949.0,1788391022.0,299.0,1788390768.134149,1788391127.454231,1788391145.073594,i-0cceae5b4237000da
1788391160.574434,10,1,ghcr.io/talmolab/lablink-client-base-image:linux-amd64-test@sha256:1ec2fde6860186b3d45ac83890167258f83512955dbce65f072d4e8c310cb9de,0.37648844718933105,sleap-lablink-client-prod-vm-7,running,Healthy,0,1788390738.0,1788390767.0,1788390813.0,1788391004.0,1788390941.0,1788391016.0,295.0,1788390768.13509,1788391127.485072,1788391139.211459,i-04223bbc5c5f842c7
1788391160.574434,10,1,ghcr.io/talmolab/lablink-client-base-image:linux-amd64-test@sha256:1ec2fde6860186b3d45ac83890167258f83512955dbce65f072d4e8c310cb9de,0.37648844718933105,sleap-lablink-client-prod-vm-8,running,Healthy,0,1788390738.0,1788390767.0,1788390809.0,1788391003.0,1788390941.0,1788391017.0,299.0,1788390768.135877,1788391127.491438,1788391139.140743,i-0798ccd89f26d7cda
1788391160.574434,10,1,ghcr.io/talmolab/lablink-client-base-image:linux-amd64-test@sha256:1ec2fde6860186b3d45ac83890167258f83512955dbce65f072d4e8c310cb9de,0.37648844718933105,sleap-lablink-client-prod-vm-9,running,Healthy,0,1788390738.0,1788390767.0,1788390813.0,1788391010.0,1788390948.0,1788391021.0,299.0,1788390768.136603,1788391127.503832,1788391143.66532,i-0ae3bdc8eb0227987
1788391165.291764,10,1,ghcr.io/talmolab/lablink-client-base-image:linux-amd64-test@sha256:1ec2fde6860186b3d45ac83890167258f83512955dbce65f072d4e8c310cb9de,0.37648844718933105,sleap-lablink-client-prod-vm-1,running,Healthy,1,1788390738.0,1788390767.0,1788390905.0,1788391113.0,1788391050.0,1788391124.0,311.0,1788390768.128852,1788391127.40029,1788391156.623975,i-0d4ebb2bfcef19f31
1788391165.291764,10,1,ghcr.io/talmolab/lablink-client-base-image:linux-amd64-test@sha256:1ec2fde6860186b3d45ac83890167258f83512955dbce65f072d4e8c310cb9de,0.37648844718933105,sleap-lablink-client-prod-vm-10,running,Healthy,1,1788390738.0,1788390767.0,1788390902.0,1788391108.0,1788391046.0,1788391114.0,303.0,1788390768.130117,1788391127.408882,1788391147.295088,i-073b86b279423b5ed
1788391165.291764,10,1,ghcr.io/talmolab/lablink-client-base-image:linux-amd64-test@sha256:1ec2fde6860186b3d45ac83890167258f83512955dbce65f072d4e8c310cb9de,0.37648844718933105,sleap-lablink-client-prod-vm-2,running,Healthy,0,1788390738.0,1788390767.0,1788390813.0,1788391011.0,1788390949.0,1788391016.0,294.0,1788390768.130938,1788391127.407519,1788391139.396794,i-02f122d3eea1c2ca0
1788391165.291764,10,1,ghcr.io/talmolab/lablink-client-base-image:linux-amd64-test@sha256:1ec2fde6860186b3d45ac83890167258f83512955dbce65f072d4e8c310cb9de,0.37648844718933105,sleap-lablink-client-prod-vm-3,running,Healthy,0,1788390738.0,1788390767.0,1788390814.0,1788391004.0,1788390941.0,1788391018.0,296.0,1788390768.131762,1788391127.452474,1788391140.511936,i-04f09804c45834c8a
1788391165.291764,10,1,ghcr.io/talmolab/lablink-client-base-image:linux-amd64-test@sha256:1ec2fde6860186b3d45ac83890167258f83512955dbce65f072d4e8c310cb9de,0.37648844718933105,sleap-lablink-client-prod-vm-4,running,Healthy,0,1788390738.0,1788390767.0,1788390813.0,1788391010.0,1788390947.0,1788391022.0,301.0,1788390768.132688,1788391127.453282,1788391144.95124,i-0b5a2f80e58b1f49e
1788391165.291764,10,1,ghcr.io/talmolab/lablink-client-base-image:linux-amd64-test@sha256:1ec2fde6860186b3d45ac83890167258f83512955dbce65f072d4e8c310cb9de,0.37648844718933105,sleap-lablink-client-prod-vm-5,running,Healthy,0,1788390738.0,1788390767.0,1788390814.0,1788391012.0,1788390949.0,1788391024.0,302.0,1788390768.133418,1788391127.470972,1788391146.495638,i-011c62511afd69360
1788391165.291764,10,1,ghcr.io/talmolab/lablink-client-base-image:linux-amd64-test@sha256:1ec2fde6860186b3d45ac83890167258f83512955dbce65f072d4e8c310cb9de,0.37648844718933105,sleap-lablink-client-prod-vm-6,running,Healthy,0,1788390738.0,1788390767.0,1788390814.0,1788391011.0,1788390949.0,1788391022.0,299.0,1788390768.134149,1788391127.454231,1788391145.073594,i-0cceae5b4237000da
1788391165.291764,10,1,ghcr.io/talmolab/lablink-client-base-image:linux-amd64-test@sha256:1ec2fde6860186b3d45ac83890167258f83512955dbce65f072d4e8c310cb9de,0.37648844718933105,sleap-lablink-client-prod-vm-7,running,Healthy,0,1788390738.0,1788390767.0,1788390813.0,1788391004.0,1788390941.0,1788391016.0,295.0,1788390768.13509,1788391127.485072,1788391139.211459,i-04223bbc5c5f842c7
1788391165.291764,10,1,ghcr.io/talmolab/lablink-client-base-image:linux-amd64-test@sha256:1ec2fde6860186b3d45ac83890167258f83512955dbce65f072d4e8c310cb9de,0.37648844718933105,sleap-lablink-client-prod-vm-8,running,Healthy,0,1788390738.0,1788390767.0,1788390809.0,1788391003.0,1788390941.0,1788391017.0,299.0,1788390768.135877,1788391127.491438,1788391139.140743,i-0798ccd89f26d7cda
1788391165.291764,10,1,ghcr.io/talmolab/lablink-client-base-image:linux-amd64-test@sha256:1ec2fde6860186b3d45ac83890167258f83512955dbce65f072d4e8c310cb9de,0.37648844718933105,sleap-lablink-client-prod-vm-9,running,Healthy,0,1788390738.0,1788390767.0,1788390813.0,1788391010.0,1788390948.0,1788391021.0,299.0,1788390768.136603,1788391127.503832,1788391143.66532,i-0ae3bdc8eb0227987
1788391170.316309,10,1,ghcr.io/talmolab/lablink-client-base-image:linux-amd64-test@sha256:1ec2fde6860186b3d45ac83890167258f83512955dbce65f072d4e8c310cb9de,0.37648844718933105,sleap-lablink-client-prod-vm-1,running,Healthy,1,1788390738.0,1788390767.0,1788390905.0,1788391113.0,1788391050.0,1788391124.0,311.0,1788390768.128852,1788391127.40029,1788391156.623975,i-0d4ebb2bfcef19f31
1788391170.316309,10,1,ghcr.io/talmolab/lablink-client-base-image:linux-amd64-test@sha256:1ec2fde6860186b3d45ac83890167258f83512955dbce65f072d4e8c310cb9de,0.37648844718933105,sleap-lablink-client-prod-vm-10,running,Healthy,1,1788390738.0,1788390767.0,1788390902.0,1788391108.0,1788391046.0,1788391114.0,303.0,1788390768.130117,1788391127.408882,1788391147.295088,i-073b86b279423b5ed
1788391170.316309,10,1,ghcr.io/talmolab/lablink-client-base-image:linux-amd64-test@sha256:1ec2fde6860186b3d45ac83890167258f83512955dbce65f072d4e8c310cb9de,0.37648844718933105,sleap-lablink-client-prod-vm-2,running,Healthy,0,1788390738.0,1788390767.0,1788390813.0,1788391011.0,1788390949.0,1788391016.0,294.0,1788390768.130938,1788391127.407519,1788391169.41758,i-02f122d3eea1c2ca0
1788391170.316309,10,1,ghcr.io/talmolab/lablink-client-base-image:linux-amd64-test@sha256:1ec2fde6860186b3d45ac83890167258f83512955dbce65f072d4e8c310cb9de,0.37648844718933105,sleap-lablink-client-prod-vm-3,running,Healthy,0,1788390738.0,1788390767.0,1788390814.0,1788391004.0,1788390941.0,1788391018.0,296.0,1788390768.131762,1788391127.452474,1788391140.511936,i-04f09804c45834c8a
1788391170.316309,10,1,ghcr.io/talmolab/lablink-client-base-image:linux-amd64-test@sha256:1ec2fde6860186b3d45ac83890167258f83512955dbce65f072d4e8c310cb9de,0.37648844718933105,sleap-lablink-client-prod-vm-4,running,Healthy,0,1788390738.0,1788390767.0,1788390813.0,1788391010.0,1788390947.0,1788391022.0,301.0,1788390768.132688,1788391127.453282,1788391144.95124,i-0b5a2f80e58b1f49e
1788391170.316309,10,1,ghcr.io/talmolab/lablink-client-base-image:linux-amd64-test@sha256:1ec2fde6860186b3d45ac83890167258f83512955dbce65f072d4e8c310cb9de,0.37648844718933105,sleap-lablink-client-prod-vm-5,running,Healthy,0,1788390738.0,1788390767.0,1788390814.0,1788391012.0,1788390949.0,1788391024.0,302.0,1788390768.133418,1788391127.470972,1788391146.495638,i-011c62511afd69360
1788391170.316309,10,1,ghcr.io/talmolab/lablink-client-base-image:linux-amd64-test@sha256:1ec2fde6860186b3d45ac83890167258f83512955dbce65f072d4e8c310cb9de,0.37648844718933105,sleap-lablink-client-prod-vm-6,running,Healthy,0,1788390738.0,1788390767.0,1788390814.0,1788391011.0,1788390949.0,1788391022.0,299.0,1788390768.134149,1788391127.454231,1788391145.073594,i-0cceae5b4237000da
1788391170.316309,10,1,ghcr.io/talmolab/lablink-client-base-image:linux-amd64-test@sha256:1ec2fde6860186b3d45ac83890167258f83512955dbce65f072d4e8c310cb9de,0.37648844718933105,sleap-lablink-client-prod-vm-7,running,Healthy,0,1788390738.0,1788390767.0,1788390813.0,1788391004.0,1788390941.0,1788391016.0,295.0,1788390768.13509,1788391127.485072,1788391169.231307,i-04223bbc5c5f842c7
1788391170.316309,10,1,ghcr.io/talmolab/lablink-client-base-image:linux-amd64-test@sha256:1ec2fde6860186b3d45ac83890167258f83512955dbce65f072d4e8c310cb9de,0.37648844718933105,sleap-lablink-client-prod-vm-8,running,Healthy,0,1788390738.0,1788390767.0,1788390809.0,1788391003.0,1788390941.0,1788391017.0,299.0,1788390768.135877,1788391127.491438,1788391169.163295,i-0798ccd89f26d7cda
1788391170.316309,10,1,ghcr.io/talmolab/lablink-client-base-image:linux-amd64-test@sha256:1ec2fde6860186b3d45ac83890167258f83512955dbce65f072d4e8c310cb9de,0.37648844718933105,sleap-lablink-client-prod-vm-9,running,Healthy,0,1788390738.0,1788390767.0,1788390813.0,1788391010.0,1788390948.0,1788391021.0,299.0,1788390768.136603,1788391127.503832,1788391143.66532,i-0ae3bdc8eb0227987
1788391175.3464441,10,1,ghcr.io/talmolab/lablink-client-base-image:linux-amd64-test@sha256:1ec2fde6860186b3d45ac83890167258f83512955dbce65f072d4e8c310cb9de,0.37648844718933105,sleap-lablink-client-prod-vm-1,running,Healthy,1,1788390738.0,1788390767.0,1788390905.0,1788391113.0,1788391050.0,1788391124.0,311.0,1788390768.128852,1788391127.40029,1788391156.623975,i-0d4ebb2bfcef19f31
1788391175.3464441,10,1,ghcr.io/talmolab/lablink-client-base-image:linux-amd64-test@sha256:1ec2fde6860186b3d45ac83890167258f83512955dbce65f072d4e8c310cb9de,0.37648844718933105,sleap-lablink-client-prod-vm-10,running,Healthy,1,1788390738.0,1788390767.0,1788390902.0,1788391108.0,1788391046.0,1788391114.0,303.0,1788390768.130117,1788391127.408882,1788391147.295088,i-073b86b279423b5ed
1788391175.3464441,10,1,ghcr.io/talmolab/lablink-client-base-image:linux-amd64-test@sha256:1ec2fde6860186b3d45ac83890167258f83512955dbce65f072d4e8c310cb9de,0.37648844718933105,sleap-lablink-client-prod-vm-2,running,Healthy,0,1788390738.0,1788390767.0,1788390813.0,1788391011.0,1788390949.0,1788391016.0,294.0,1788390768.130938,1788391127.407519,1788391169.41758,i-02f122d3eea1c2ca0
1788391175.3464441,10,1,ghcr.io/talmolab/lablink-client-base-image:linux-amd64-test@sha256:1ec2fde6860186b3d45ac83890167258f83512955dbce65f072d4e8c310cb9de,0.37648844718933105,sleap-lablink-client-prod-vm-3,running,Healthy,0,1788390738.0,1788390767.0,1788390814.0,1788391004.0,1788390941.0,1788391018.0,296.0,1788390768.131762,1788391127.452474,1788391170.532097,i-04f09804c45834c8a
1788391175.3464441,10,1,ghcr.io/talmolab/lablink-client-base-image:linux-amd64-test@sha256:1ec2fde6860186b3d45ac83890167258f83512955dbce65f072d4e8c310cb9de,0.37648844718933105,sleap-lablink-client-prod-vm-4,running,Healthy,0,1788390738.0,1788390767.0,1788390813.0,1788391010.0,1788390947.0,1788391022.0,301.0,1788390768.132688,1788391127.453282,1788391174.973674,i-0b5a2f80e58b1f49e
1788391175.3464441,10,1,ghcr.io/talmolab/lablink-client-base-image:linux-amd64-test@sha256:1ec2fde6860186b3d45ac83890167258f83512955dbce65f072d4e8c310cb9de,0.37648844718933105,sleap-lablink-client-prod-vm-5,running,Healthy,0,1788390738.0,1788390767.0,1788390814.0,1788391012.0,1788390949.0,1788391024.0,302.0,1788390768.133418,1788391127.470972,1788391146.495638,i-011c62511afd69360
1788391175.3464441,10,1,ghcr.io/talmolab/lablink-client-base-image:linux-amd64-test@sha256:1ec2fde6860186b3d45ac83890167258f83512955dbce65f072d4e8c310cb9de,0.37648844718933105,sleap-lablink-client-prod-vm-6,running,Healthy,0,1788390738.0,1788390767.0,1788390814.0,1788391011.0,1788390949.0,1788391022.0,299.0,1788390768.134149,1788391127.454231,1788391175.094984,i-0cceae5b4237000da
1788391175.3464441,10,1,ghcr.io/talmolab/lablink-client-base-image:linux-amd64-test@sha256:1ec2fde6860186b3d45ac83890167258f83512955dbce65f072d4e8c310cb9de,0.37648844718933105,sleap-lablink-client-prod-vm-7,running,Healthy,0,1788390738.0,1788390767.0,1788390813.0,1788391004.0,1788390941.0,1788391016.0,295.0,1788390768.13509,1788391127.485072,1788391169.231307,i-04223bbc5c5f842c7
1788391175.3464441,10,1,ghcr.io/talmolab/lablink-client-base-image:linux-amd64-test@sha256:1ec2fde6860186b3d45ac83890167258f83512955dbce65f072d4e8c310cb9de,0.37648844718933105,sleap-lablink-client-prod-vm-8,running,Healthy,0,1788390738.0,1788390767.0,1788390809.0,1788391003.0,1788390941.0,1788391017.0,299.0,1788390768.135877,1788391127.491438,1788391169.163295,i-0798ccd89f26d7cda
1788391175.3464441,10,1,ghcr.io/talmolab/lablink-client-base-image:linux-amd64-test@sha256:1ec2fde6860186b3d45ac83890167258f83512955dbce65f072d4e8c310cb9de,0.37648844718933105,sleap-lablink-client-prod-vm-9,running,Healthy,0,1788390738.0,1788390767.0,1788390813.0,1788391010.0,1788390948.0,1788391021.0,299.0,1788390768.136603,1788391127.503832,1788391173.686703,i-0ae3bdc8eb0227987
1788391180.3208709,10,1,ghcr.io/talmolab/lablink-client-base-image:linux-amd64-test@sha256:1ec2fde6860186b3d45ac83890167258f83512955dbce65f072d4e8c310cb9de,0.37648844718933105,sleap-lablink-client-prod-vm-1,running,Healthy,1,1788390738.0,1788390767.0,1788390905.0,1788391113.0,1788391050.0,1788391124.0,311.0,1788390768.128852,1788391127.40029,1788391156.623975,i-0d4ebb2bfcef19f31
1788391180.3208709,10,1,ghcr.io/talmolab/lablink-client-base-image:linux-amd64-test@sha256:1ec2fde6860186b3d45ac83890167258f83512955dbce65f072d4e8c310cb9de,0.37648844718933105,sleap-lablink-client-prod-vm-10,running,Healthy,1,1788390738.0,1788390767.0,1788390902.0,1788391108.0,1788391046.0,1788391114.0,303.0,1788390768.130117,1788391127.408882,1788391177.466121,i-073b86b279423b5ed
1788391180.3208709,10,1,ghcr.io/talmolab/lablink-client-base-image:linux-amd64-test@sha256:1ec2fde6860186b3d45ac83890167258f83512955dbce65f072d4e8c310cb9de,0.37648844718933105,sleap-lablink-client-prod-vm-2,running,Healthy,0,1788390738.0,1788390767.0,1788390813.0,1788391011.0,1788390949.0,1788391016.0,294.0,1788390768.130938,1788391127.407519,1788391169.41758,i-02f122d3eea1c2ca0
1788391180.3208709,10,1,ghcr.io/talmolab/lablink-client-base-image:linux-amd64-test@sha256:1ec2fde6860186b3d45ac83890167258f83512955dbce65f072d4e8c310cb9de,0.37648844718933105,sleap-lablink-client-prod-vm-3,running,Healthy,0,1788390738.0,1788390767.0,1788390814.0,1788391004.0,1788390941.0,1788391018.0,296.0,1788390768.131762,1788391127.452474,1788391170.532097,i-04f09804c45834c8a
1788391180.3208709,10,1,ghcr.io/talmolab/lablink-client-base-image:linux-amd64-test@sha256:1ec2fde6860186b3d45ac83890167258f83512955dbce65f072d4e8c310cb9de,0.37648844718933105,sleap-lablink-client-prod-vm-4,running,Healthy,0,1788390738.0,1788390767.0,1788390813.0,1788391010.0,1788390947.0,1788391022.0,301.0,1788390768.132688,1788391127.453282,1788391174.973674,i-0b5a2f80e58b1f49e
1788391180.3208709,10,1,ghcr.io/talmolab/lablink-client-base-image:linux-amd64-test@sha256:1ec2fde6860186b3d45ac83890167258f83512955dbce65f072d4e8c310cb9de,0.37648844718933105,sleap-lablink-client-prod-vm-5,running,Healthy,0,1788390738.0,1788390767.0,1788390814.0,1788391012.0,1788390949.0,1788391024.0,302.0,1788390768.133418,1788391127.470972,1788391176.518518,i-011c62511afd69360
1788391180.3208709,10,1,ghcr.io/talmolab/lablink-client-base-image:linux-amd64-test@sha256:1ec2fde6860186b3d45ac83890167258f83512955dbce65f072d4e8c310cb9de,0.37648844718933105,sleap-lablink-client-prod-vm-6,running,Healthy,0,1788390738.0,1788390767.0,1788390814.0,1788391011.0,1788390949.0,1788391022.0,299.0,1788390768.134149,1788391127.454231,1788391175.094984,i-0cceae5b4237000da
1788391180.3208709,10,1,ghcr.io/talmolab/lablink-client-base-image:linux-amd64-test@sha256:1ec2fde6860186b3d45ac83890167258f83512955dbce65f072d4e8c310cb9de,0.37648844718933105,sleap-lablink-client-prod-vm-7,running,Healthy,0,1788390738.0,1788390767.0,1788390813.0,1788391004.0,1788390941.0,1788391016.0,295.0,1788390768.13509,1788391127.485072,1788391169.231307,i-04223bbc5c5f842c7
1788391180.3208709,10,1,ghcr.io/talmolab/lablink-client-base-image:linux-amd64-test@sha256:1ec2fde6860186b3d45ac83890167258f83512955dbce65f072d4e8c310cb9de,0.37648844718933105,sleap-lablink-client-prod-vm-8,running,Healthy,0,1788390738.0,1788390767.0,1788390809.0,1788391003.0,1788390941.0,1788391017.0,299.0,1788390768.135877,1788391127.491438,1788391169.163295,i-0798ccd89f26d7cda
1788391180.3208709,10,1,ghcr.io/talmolab/lablink-client-base-image:linux-amd64-test@sha256:1ec2fde6860186b3d45ac83890167258f83512955dbce65f072d4e8c310cb9de,0.37648844718933105,sleap-lablink-client-prod-vm-9,running,Healthy,0,1788390738.0,1788390767.0,1788390813.0,1788391010.0,1788390948.0,1788391021.0,299.0,1788390768.136603,1788391127.503832,1788391173.686703,i-0ae3bdc8eb0227987
1788391185.4425972,10,1,ghcr.io/talmolab/lablink-client-base-image:linux-amd64-test@sha256:1ec2fde6860186b3d45ac83890167258f83512955dbce65f072d4e8c310cb9de,0.37648844718933105,sleap-lablink-client-prod-vm-1,running,Healthy,1,1788390738.0,1788390767.0,1788390905.0,1788391113.0,1788391050.0,1788391124.0,311.0,1788390768.128852,1788391127.40029,1788391156.623975,i-0d4ebb2bfcef19f31
1788391185.4425972,10,1,ghcr.io/talmolab/lablink-client-base-image:linux-amd64-test@sha256:1ec2fde6860186b3d45ac83890167258f83512955dbce65f072d4e8c310cb9de,0.37648844718933105,sleap-lablink-client-prod-vm-10,running,Healthy,1,1788390738.0,1788390767.0,1788390902.0,1788391108.0,1788391046.0,1788391114.0,303.0,1788390768.130117,1788391127.408882,1788391177.466121,i-073b86b279423b5ed
1788391185.4425972,10,1,ghcr.io/talmolab/lablink-client-base-image:linux-amd64-test@sha256:1ec2fde6860186b3d45ac83890167258f83512955dbce65f072d4e8c310cb9de,0.37648844718933105,sleap-lablink-client-prod-vm-2,running,Healthy,0,1788390738.0,1788390767.0,1788390813.0,1788391011.0,1788390949.0,1788391016.0,294.0,1788390768.130938,1788391127.407519,1788391169.41758,i-02f122d3eea1c2ca0
1788391185.4425972,10,1,ghcr.io/talmolab/lablink-client-base-image:linux-amd64-test@sha256:1ec2fde6860186b3d45ac83890167258f83512955dbce65f072d4e8c310cb9de,0.37648844718933105,sleap-lablink-client-prod-vm-3,running,Healthy,0,1788390738.0,1788390767.0,1788390814.0,1788391004.0,1788390941.0,1788391018.0,296.0,1788390768.131762,1788391127.452474,1788391170.532097,i-04f09804c45834c8a
1788391185.4425972,10,1,ghcr.io/talmolab/lablink-client-base-image:linux-amd64-test@sha256:1ec2fde6860186b3d45ac83890167258f83512955dbce65f072d4e8c310cb9de,0.37648844718933105,sleap-lablink-client-prod-vm-4,running,Healthy,0,1788390738.0,1788390767.0,1788390813.0,1788391010.0,1788390947.0,1788391022.0,301.0,1788390768.132688,1788391127.453282,1788391174.973674,i-0b5a2f80e58b1f49e
1788391185.4425972,10,1,ghcr.io/talmolab/lablink-client-base-image:linux-amd64-test@sha256:1ec2fde6860186b3d45ac83890167258f83512955dbce65f072d4e8c310cb9de,0.37648844718933105,sleap-lablink-client-prod-vm-5,running,Healthy,0,1788390738.0,1788390767.0,1788390814.0,1788391012.0,1788390949.0,1788391024.0,302.0,1788390768.133418,1788391127.470972,1788391176.518518,i-011c62511afd69360
1788391185.4425972,10,1,ghcr.io/talmolab/lablink-client-base-image:linux-amd64-test@sha256:1ec2fde6860186b3d45ac83890167258f83512955dbce65f072d4e8c310cb9de,0.37648844718933105,sleap-lablink-client-prod-vm-6,running,Healthy,0,1788390738.0,1788390767.0,1788390814.0,1788391011.0,1788390949.0,1788391022.0,299.0,1788390768.134149,1788391127.454231,1788391175.094984,i-0cceae5b4237000da
1788391185.4425972,10,1,ghcr.io/talmolab/lablink-client-base-image:linux-amd64-test@sha256:1ec2fde6860186b3d45ac83890167258f83512955dbce65f072d4e8c310cb9de,0.37648844718933105,sleap-lablink-client-prod-vm-7,running,Healthy,0,1788390738.0,1788390767.0,1788390813.0,1788391004.0,1788390941.0,1788391016.0,295.0,1788390768.13509,1788391127.485072,1788391169.231307,i-04223bbc5c5f842c7
1788391185.4425972,10,1,ghcr.io/talmolab/lablink-client-base-image:linux-amd64-test@sha256:1ec2fde6860186b3d45ac83890167258f83512955dbce65f072d4e8c310cb9de,0.37648844718933105,sleap-lablink-client-prod-vm-8,running,Healthy,0,1788390738.0,1788390767.0,1788390809.0,1788391003.0,1788390941.0,1788391017.0,299.0,1788390768.135877,1788391127.491438,1788391169.163295,i-0798ccd89f26d7cda
1788391185.4425972,10,1,ghcr.io/talmolab/lablink-client-base-image:linux-amd64-test@sha256:1ec2fde6860186b3d45ac83890167258f83512955dbce65f072d4e8c310cb9de,0.37648844718933105,sleap-lablink-client-prod-vm-9,running,Healthy,0,1788390738.0,1788390767.0,1788390813.0,1788391010.0,1788390948.0,1788391021.0,299.0,1788390768.136603,1788391127.503832,1788391173.686703,i-0ae3bdc8eb0227987
1788391190.4626749,10,1,ghcr.io/talmolab/lablink-client-base-image:linux-amd64-test@sha256:1ec2fde6860186b3d45ac83890167258f83512955dbce65f072d4e8c310cb9de,0.37648844718933105,sleap-lablink-client-prod-vm-1,running,Healthy,1,1788390738.0,1788390767.0,1788390905.0,1788391113.0,1788391050.0,1788391124.0,311.0,1788390768.128852,1788391127.40029,1788391186.803896,i-0d4ebb2bfcef19f31
1788391190.4626749,10,1,ghcr.io/talmolab/lablink-client-base-image:linux-amd64-test@sha256:1ec2fde6860186b3d45ac83890167258f83512955dbce65f072d4e8c310cb9de,0.37648844718933105,sleap-lablink-client-prod-vm-10,running,Healthy,1,1788390738.0,1788390767.0,1788390902.0,1788391108.0,1788391046.0,1788391114.0,303.0,1788390768.130117,1788391127.408882,1788391177.466121,i-073b86b279423b5ed
1788391190.4626749,10,1,ghcr.io/talmolab/lablink-client-base-image:linux-amd64-test@sha256:1ec2fde6860186b3d45ac83890167258f83512955dbce65f072d4e8c310cb9de,0.37648844718933105,sleap-lablink-client-prod-vm-2,running,Healthy,0,1788390738.0,1788390767.0,1788390813.0,1788391011.0,1788390949.0,1788391016.0,294.0,1788390768.130938,1788391127.407519,1788391169.41758,i-02f122d3eea1c2ca0
1788391190.4626749,10,1,ghcr.io/talmolab/lablink-client-base-image:linux-amd64-test@sha256:1ec2fde6860186b3d45ac83890167258f83512955dbce65f072d4e8c310cb9de,0.37648844718933105,sleap-lablink-client-prod-vm-3,running,Healthy,0,1788390738.0,1788390767.0,1788390814.0,1788391004.0,1788390941.0,1788391018.0,296.0,1788390768.131762,1788391127.452474,1788391170.532097,i-04f09804c45834c8a
1788391190.4626749,10,1,ghcr.io/talmolab/lablink-client-base-image:linux-amd64-test@sha256:1ec2fde6860186b3d45ac83890167258f83512955dbce65f072d4e8c310cb9de,0.37648844718933105,sleap-lablink-client-prod-vm-4,running,Healthy,0,1788390738.0,1788390767.0,1788390813.0,1788391010.0,1788390947.0,1788391022.0,301.0,1788390768.132688,1788391127.453282,1788391174.973674,i-0b5a2f80e58b1f49e
1788391190.4626749,10,1,ghcr.io/talmolab/lablink-client-base-image:linux-amd64-test@sha256:1ec2fde6860186b3d45ac83890167258f83512955dbce65f072d4e8c310cb9de,0.37648844718933105,sleap-lablink-client-prod-vm-5,running,Healthy,0,1788390738.0,1788390767.0,1788390814.0,1788391012.0,1788390949.0,1788391024.0,302.0,1788390768.133418,1788391127.470972,1788391176.518518,i-011c62511afd69360
1788391190.4626749,10,1,ghcr.io/talmolab/lablink-client-base-image:linux-amd64-test@sha256:1ec2fde6860186b3d45ac83890167258f83512955dbce65f072d4e8c310cb9de,0.37648844718933105,sleap-lablink-client-prod-vm-6,running,Healthy,0,1788390738.0,1788390767.0,1788390814.0,1788391011.0,1788390949.0,1788391022.0,299.0,1788390768.134149,1788391127.454231,1788391175.094984,i-0cceae5b4237000da
1788391190.4626749,10,1,ghcr.io/talmolab/lablink-client-base-image:linux-amd64-test@sha256:1ec2fde6860186b3d45ac83890167258f83512955dbce65f072d4e8c310cb9de,0.37648844718933105,sleap-lablink-client-prod-vm-7,running,Healthy,0,1788390738.0,1788390767.0,1788390813.0,1788391004.0,1788390941.0,1788391016.0,295.0,1788390768.13509,1788391127.485072,1788391169.231307,i-04223bbc5c5f842c7
1788391190.4626749,10,1,ghcr.io/talmolab/lablink-client-base-image:linux-amd64-test@sha256:1ec2fde6860186b3d45ac83890167258f83512955dbce65f072d4e8c310cb9de,0.37648844718933105,sleap-lablink-client-prod-vm-8,running,Healthy,0,1788390738.0,1788390767.0,1788390809.0,1788391003.0,1788390941.0,1788391017.0,299.0,1788390768.135877,1788391127.491438,1788391169.163295,i-0798ccd89f26d7cda
1788391190.4626749,10,1,ghcr.io/talmolab/lablink-client-base-image:linux-amd64-test@sha256:1ec2fde6860186b3d45ac83890167258f83512955dbce65f072d4e8c310cb9de,0.37648844718933105,sleap-lablink-client-prod-vm-9,running,Healthy,0,1788390738.0,1788390767.0,1788390813.0,1788391010.0,1788390948.0,1788391021.0,299.0,1788390768.136603,1788391127.503832,1788391173.686703,i-0ae3bdc8eb0227987
1788391195.3943639,10,1,ghcr.io/talmolab/lablink-client-base-image:linux-amd64-test@sha256:1ec2fde6860186b3d45ac83890167258f83512955dbce65f072d4e8c310cb9de,0.37648844718933105,sleap-lablink-client-prod-vm-1,running,Healthy,1,1788390738.0,1788390767.0,1788390905.0,1788391113.0,1788391050.0,1788391124.0,311.0,1788390768.128852,1788391127.40029,1788391186.803896,i-0d4ebb2bfcef19f31
1788391195.3943639,10,1,ghcr.io/talmolab/lablink-client-base-image:linux-amd64-test@sha256:1ec2fde6860186b3d45ac83890167258f83512955dbce65f072d4e8c310cb9de,0.37648844718933105,sleap-lablink-client-prod-vm-10,running,Healthy,1,1788390738.0,1788390767.0,1788390902.0,1788391108.0,1788391046.0,1788391114.0,303.0,1788390768.130117,1788391127.408882,1788391177.466121,i-073b86b279423b5ed
1788391195.3943639,10,1,ghcr.io/talmolab/lablink-client-base-image:linux-amd64-test@sha256:1ec2fde6860186b3d45ac83890167258f83512955dbce65f072d4e8c310cb9de,0.37648844718933105,sleap-lablink-client-prod-vm-2,running,Healthy,0,1788390738.0,1788390767.0,1788390813.0,1788391011.0,1788390949.0,1788391016.0,294.0,1788390768.130938,1788391127.407519,1788391169.41758,i-02f122d3eea1c2ca0
1788391195.3943639,10,1,ghcr.io/talmolab/lablink-client-base-image:linux-amd64-test@sha256:1ec2fde6860186b3d45ac83890167258f83512955dbce65f072d4e8c310cb9de,0.37648844718933105,sleap-lablink-client-prod-vm-3,running,Healthy,0,1788390738.0,1788390767.0,1788390814.0,1788391004.0,1788390941.0,1788391018.0,296.0,1788390768.131762,1788391127.452474,1788391170.532097,i-04f09804c45834c8a
1788391195.3943639,10,1,ghcr.io/talmolab/lablink-client-base-image:linux-amd64-test@sha256:1ec2fde6860186b3d45ac83890167258f83512955dbce65f072d4e8c310cb9de,0.37648844718933105,sleap-lablink-client-prod-vm-4,running,Healthy,0,1788390738.0,1788390767.0,1788390813.0,1788391010.0,1788390947.0,1788391022.0,301.0,1788390768.132688,1788391127.453282,1788391174.973674,i-0b5a2f80e58b1f49e
1788391195.3943639,10,1,ghcr.io/talmolab/lablink-client-base-image:linux-amd64-test@sha256:1ec2fde6860186b3d45ac83890167258f83512955dbce65f072d4e8c310cb9de,0.37648844718933105,sleap-lablink-client-prod-vm-5,running,Healthy,0,1788390738.0,1788390767.0,1788390814.0,1788391012.0,1788390949.0,1788391024.0,302.0,1788390768.133418,1788391127.470972,1788391176.518518,i-011c62511afd69360
1788391195.3943639,10,1,ghcr.io/talmolab/lablink-client-base-image:linux-amd64-test@sha256:1ec2fde6860186b3d45ac83890167258f83512955dbce65f072d4e8c310cb9de,0.37648844718933105,sleap-lablink-client-prod-vm-6,running,Healthy,0,1788390738.0,1788390767.0,1788390814.0,1788391011.0,1788390949.0,1788391022.0,299.0,1788390768.134149,1788391127.454231,1788391175.094984,i-0cceae5b4237000da
1788391195.3943639,10,1,ghcr.io/talmolab/lablink-client-base-image:linux-amd64-test@sha256:1ec2fde6860186b3d45ac83890167258f83512955dbce65f072d4e8c310cb9de,0.37648844718933105,sleap-lablink-client-prod-vm-7,running,Healthy,0,1788390738.0,1788390767.0,1788390813.0,1788391004.0,1788390941.0,1788391016.0,295.0,1788390768.13509,1788391127.485072,1788391169.231307,i-04223bbc5c5f842c7
1788391195.3943639,10,1,ghcr.io/talmolab/lablink-client-base-image:linux-amd64-test@sha256:1ec2fde6860186b3d45ac83890167258f83512955dbce65f072d4e8c310cb9de,0.37648844718933105,sleap-lablink-client-prod-vm-8,running,Healthy,0,1788390738.0,1788390767.0,1788390809.0,1788391003.0,1788390941.0,1788391017.0,299.0,1788390768.135877,1788391127.491438,1788391169.163295,i-0798ccd89f26d7cda
1788391195.3943639,10,1,ghcr.io/talmolab/lablink-client-base-image:linux-amd64-test@sha256:1ec2fde6860186b3d45ac83890167258f83512955dbce65f072d4e8c310cb9de,0.37648844718933105,sleap-lablink-client-prod-vm-9,running,Healthy,0,1788390738.0,1788390767.0,1788390813.0,1788391010.0,1788390948.0,1788391021.0,299.0,1788390768.136603,1788391127.503832,1788391173.686703,i-0ae3bdc8eb0227987
1788391200.315138,10,1,ghcr.io/talmolab/lablink-client-base-image:linux-amd64-test@sha256:1ec2fde6860186b3d45ac83890167258f83512955dbce65f072d4e8c310cb9de,0.37648844718933105,sleap-lablink-client-prod-vm-1,running,Healthy,1,1788390738.0,1788390767.0,1788390905.0,1788391113.0,1788391050.0,1788391124.0,311.0,1788390768.128852,1788391127.40029,1788391186.803896,i-0d4ebb2bfcef19f31
1788391200.315138,10,1,ghcr.io/talmolab/lablink-client-base-image:linux-amd64-test@sha256:1ec2fde6860186b3d45ac83890167258f83512955dbce65f072d4e8c310cb9de,0.37648844718933105,sleap-lablink-client-prod-vm-10,running,Healthy,1,1788390738.0,1788390767.0,1788390902.0,1788391108.0,1788391046.0,1788391114.0,303.0,1788390768.130117,1788391127.408882,1788391177.466121,i-073b86b279423b5ed
1788391200.315138,10,1,ghcr.io/talmolab/lablink-client-base-image:linux-amd64-test@sha256:1ec2fde6860186b3d45ac83890167258f83512955dbce65f072d4e8c310cb9de,0.37648844718933105,sleap-lablink-client-prod-vm-2,running,Healthy,0,1788390738.0,1788390767.0,1788390813.0,1788391011.0,1788390949.0,1788391016.0,294.0,1788390768.130938,1788391127.407519,1788391199.626381,i-02f122d3eea1c2ca0
1788391200.315138,10,1,ghcr.io/talmolab/lablink-client-base-image:linux-amd64-test@sha256:1ec2fde6860186b3d45ac83890167258f83512955dbce65f072d4e8c310cb9de,0.37648844718933105,sleap-lablink-client-prod-vm-3,running,Healthy,0,1788390738.0,1788390767.0,1788390814.0,1788391004.0,1788390941.0,1788391018.0,296.0,1788390768.131762,1788391127.452474,1788391170.532097,i-04f09804c45834c8a
1788391200.315138,10,1,ghcr.io/talmolab/lablink-client-base-image:linux-amd64-test@sha256:1ec2fde6860186b3d45ac83890167258f83512955dbce65f072d4e8c310cb9de,0.37648844718933105,sleap-lablink-client-prod-vm-4,running,Healthy,0,1788390738.0,1788390767.0,1788390813.0,1788391010.0,1788390947.0,1788391022.0,301.0,1788390768.132688,1788391127.453282,1788391174.973674,i-0b5a2f80e58b1f49e
1788391200.315138,10,1,ghcr.io/talmolab/lablink-client-base-image:linux-amd64-test@sha256:1ec2fde6860186b3d45ac83890167258f83512955dbce65f072d4e8c310cb9de,0.37648844718933105,sleap-lablink-client-prod-vm-5,running,Healthy,0,1788390738.0,1788390767.0,1788390814.0,1788391012.0,1788390949.0,1788391024.0,302.0,1788390768.133418,1788391127.470972,1788391176.518518,i-011c62511afd69360
1788391200.315138,10,1,ghcr.io/talmolab/lablink-client-base-image:linux-amd64-test@sha256:1ec2fde6860186b3d45ac83890167258f83512955dbce65f072d4e8c310cb9de,0.37648844718933105,sleap-lablink-client-prod-vm-6,running,Healthy,0,1788390738.0,1788390767.0,1788390814.0,1788391011.0,1788390949.0,1788391022.0,299.0,1788390768.134149,1788391127.454231,1788391175.094984,i-0cceae5b4237000da
1788391200.315138,10,1,ghcr.io/talmolab/lablink-client-base-image:linux-amd64-test@sha256:1ec2fde6860186b3d45ac83890167258f83512955dbce65f072d4e8c310cb9de,0.37648844718933105,sleap-lablink-client-prod-vm-7,running,Healthy,0,1788390738.0,1788390767.0,1788390813.0,1788391004.0,1788390941.0,1788391016.0,295.0,1788390768.13509,1788391127.485072,1788391199.520702,i-04223bbc5c5f842c7
1788391200.315138,10,1,ghcr.io/talmolab/lablink-client-base-image:linux-amd64-test@sha256:1ec2fde6860186b3d45ac83890167258f83512955dbce65f072d4e8c310cb9de,0.37648844718933105,sleap-lablink-client-prod-vm-8,running,Healthy,0,1788390738.0,1788390767.0,1788390809.0,1788391003.0,1788390941.0,1788391017.0,299.0,1788390768.135877,1788391127.491438,1788391199.408696,i-0798ccd89f26d7cda
1788391200.315138,10,1,ghcr.io/talmolab/lablink-client-base-image:linux-amd64-test@sha256:1ec2fde6860186b3d45ac83890167258f83512955dbce65f072d4e8c310cb9de,0.37648844718933105,sleap-lablink-client-prod-vm-9,running,Healthy,0,1788390738.0,1788390767.0,1788390813.0,1788391010.0,1788390948.0,1788391021.0,299.0,1788390768.136603,1788391127.503832,1788391173.686703,i-0ae3bdc8eb0227987
1788391205.416373,10,1,ghcr.io/talmolab/lablink-client-base-image:linux-amd64-test@sha256:1ec2fde6860186b3d45ac83890167258f83512955dbce65f072d4e8c310cb9de,0.37648844718933105,sleap-lablink-client-prod-vm-1,running,Healthy,1,1788390738.0,1788390767.0,1788390905.0,1788391113.0,1788391050.0,1788391124.0,311.0,1788390768.128852,1788391127.40029,1788391186.803896,i-0d4ebb2bfcef19f31
1788391205.416373,10,1,ghcr.io/talmolab/lablink-client-base-image:linux-amd64-test@sha256:1ec2fde6860186b3d45ac83890167258f83512955dbce65f072d4e8c310cb9de,0.37648844718933105,sleap-lablink-client-prod-vm-10,running,Healthy,1,1788390738.0,1788390767.0,1788390902.0,1788391108.0,1788391046.0,1788391114.0,303.0,1788390768.130117,1788391127.408882,1788391177.466121,i-073b86b279423b5ed
1788391205.416373,10,1,ghcr.io/talmolab/lablink-client-base-image:linux-amd64-test@sha256:1ec2fde6860186b3d45ac83890167258f83512955dbce65f072d4e8c310cb9de,0.37648844718933105,sleap-lablink-client-prod-vm-2,running,Healthy,0,1788390738.0,1788390767.0,1788390813.0,1788391011.0,1788390949.0,1788391016.0,294.0,1788390768.130938,1788391127.407519,1788391199.626381,i-02f122d3eea1c2ca0
1788391205.416373,10,1,ghcr.io/talmolab/lablink-client-base-image:linux-amd64-test@sha256:1ec2fde6860186b3d45ac83890167258f83512955dbce65f072d4e8c310cb9de,0.37648844718933105,sleap-lablink-client-prod-vm-3,running,Healthy,0,1788390738.0,1788390767.0,1788390814.0,1788391004.0,1788390941.0,1788391018.0,296.0,1788390768.131762,1788391127.452474,1788391200.716257,i-04f09804c45834c8a
1788391205.416373,10,1,ghcr.io/talmolab/lablink-client-base-image:linux-amd64-test@sha256:1ec2fde6860186b3d45ac83890167258f83512955dbce65f072d4e8c310cb9de,0.37648844718933105,sleap-lablink-client-prod-vm-4,running,Healthy,0,1788390738.0,1788390767.0,1788390813.0,1788391010.0,1788390947.0,1788391022.0,301.0,1788390768.132688,1788391127.453282,1788391205.210584,i-0b5a2f80e58b1f49e
1788391205.416373,10,1,ghcr.io/talmolab/lablink-client-base-image:linux-amd64-test@sha256:1ec2fde6860186b3d45ac83890167258f83512955dbce65f072d4e8c310cb9de,0.37648844718933105,sleap-lablink-client-prod-vm-5,running,Healthy,0,1788390738.0,1788390767.0,1788390814.0,1788391012.0,1788390949.0,1788391024.0,302.0,1788390768.133418,1788391127.470972,1788391176.518518,i-011c62511afd69360
1788391205.416373,10,1,ghcr.io/talmolab/lablink-client-base-image:linux-amd64-test@sha256:1ec2fde6860186b3d45ac83890167258f83512955dbce65f072d4e8c310cb9de,0.37648844718933105,sleap-lablink-client-prod-vm-6,running,Healthy,0,1788390738.0,1788390767.0,1788390814.0,1788391011.0,1788390949.0,1788391022.0,299.0,1788390768.134149,1788391127.454231,1788391205.393481,i-0cceae5b4237000da
1788391205.416373,10,1,ghcr.io/talmolab/lablink-client-base-image:linux-amd64-test@sha256:1ec2fde6860186b3d45ac83890167258f83512955dbce65f072d4e8c310cb9de,0.37648844718933105,sleap-lablink-client-prod-vm-7,running,Healthy,0,1788390738.0,1788390767.0,1788390813.0,1788391004.0,1788390941.0,1788391016.0,295.0,1788390768.13509,1788391127.485072,1788391199.520702,i-04223bbc5c5f842c7
1788391205.416373,10,1,ghcr.io/talmolab/lablink-client-base-image:linux-amd64-test@sha256:1ec2fde6860186b3d45ac83890167258f83512955dbce65f072d4e8c310cb9de,0.37648844718933105,sleap-lablink-client-prod-vm-8,running,Healthy,0,1788390738.0,1788390767.0,1788390809.0,1788391003.0,1788390941.0,1788391017.0,299.0,1788390768.135877,1788391127.491438,1788391199.408696,i-0798ccd89f26d7cda
1788391205.416373,10,1,ghcr.io/talmolab/lablink-client-base-image:linux-amd64-test@sha256:1ec2fde6860186b3d45ac83890167258f83512955dbce65f072d4e8c310cb9de,0.37648844718933105,sleap-lablink-client-prod-vm-9,running,Healthy,0,1788390738.0,1788390767.0,1788390813.0,1788391010.0,1788390948.0,1788391021.0,299.0,1788390768.136603,1788391127.503832,1788391203.858818,i-0ae3bdc8eb0227987
1788391210.381938,10,1,ghcr.io/talmolab/lablink-client-base-image:linux-amd64-test@sha256:1ec2fde6860186b3d45ac83890167258f83512955dbce65f072d4e8c310cb9de,0.37648844718933105,sleap-lablink-client-prod-vm-1,running,Healthy,1,1788390738.0,1788390767.0,1788390905.0,1788391113.0,1788391050.0,1788391124.0,311.0,1788390768.128852,1788391127.40029,1788391186.803896,i-0d4ebb2bfcef19f31
1788391210.381938,10,1,ghcr.io/talmolab/lablink-client-base-image:linux-amd64-test@sha256:1ec2fde6860186b3d45ac83890167258f83512955dbce65f072d4e8c310cb9de,0.37648844718933105,sleap-lablink-client-prod-vm-10,running,Healthy,1,1788390738.0,1788390767.0,1788390902.0,1788391108.0,1788391046.0,1788391114.0,303.0,1788390768.130117,1788391127.408882,1788391207.487109,i-073b86b279423b5ed
1788391210.381938,10,1,ghcr.io/talmolab/lablink-client-base-image:linux-amd64-test@sha256:1ec2fde6860186b3d45ac83890167258f83512955dbce65f072d4e8c310cb9de,0.37648844718933105,sleap-lablink-client-prod-vm-2,running,Healthy,0,1788390738.0,1788390767.0,1788390813.0,1788391011.0,1788390949.0,1788391016.0,294.0,1788390768.130938,1788391127.407519,1788391199.626381,i-02f122d3eea1c2ca0
1788391210.381938,10,1,ghcr.io/talmolab/lablink-client-base-image:linux-amd64-test@sha256:1ec2fde6860186b3d45ac83890167258f83512955dbce65f072d4e8c310cb9de,0.37648844718933105,sleap-lablink-client-prod-vm-3,running,Healthy,0,1788390738.0,1788390767.0,1788390814.0,1788391004.0,1788390941.0,1788391018.0,296.0,1788390768.131762,1788391127.452474,1788391200.716257,i-04f09804c45834c8a
1788391210.381938,10,1,ghcr.io/talmolab/lablink-client-base-image:linux-amd64-test@sha256:1ec2fde6860186b3d45ac83890167258f83512955dbce65f072d4e8c310cb9de,0.37648844718933105,sleap-lablink-client-prod-vm-4,running,Healthy,0,1788390738.0,1788390767.0,1788390813.0,1788391010.0,1788390947.0,1788391022.0,301.0,1788390768.132688,1788391127.453282,1788391205.210584,i-0b5a2f80e58b1f49e
1788391210.381938,10,1,ghcr.io/talmolab/lablink-client-base-image:linux-amd64-test@sha256:1ec2fde6860186b3d45ac83890167258f83512955dbce65f072d4e8c310cb9de,0.37648844718933105,sleap-lablink-client-prod-vm-5,running,Healthy,0,1788390738.0,1788390767.0,1788390814.0,1788391012.0,1788390949.0,1788391024.0,302.0,1788390768.133418,1788391127.470972,1788391206.691658,i-011c62511afd69360
1788391210.381938,10,1,ghcr.io/talmolab/lablink-client-base-image:linux-amd64-test@sha256:1ec2fde6860186b3d45ac83890167258f83512955dbce65f072d4e8c310cb9de,0.37648844718933105,sleap-lablink-client-prod-vm-6,running,Healthy,0,1788390738.0,1788390767.0,1788390814.0,1788391011.0,1788390949.0,1788391022.0,299.0,1788390768.134149,1788391127.454231,1788391205.393481,i-0cceae5b4237000da
1788391210.381938,10,1,ghcr.io/talmolab/lablink-client-base-image:linux-amd64-test@sha256:1ec2fde6860186b3d45ac83890167258f83512955dbce65f072d4e8c310cb9de,0.37648844718933105,sleap-lablink-client-prod-vm-7,running,Healthy,0,1788390738.0,1788390767.0,1788390813.0,1788391004.0,1788390941.0,1788391016.0,295.0,1788390768.13509,1788391127.485072,1788391199.520702,i-04223bbc5c5f842c7
1788391210.381938,10,1,ghcr.io/talmolab/lablink-client-base-image:linux-amd64-test@sha256:1ec2fde6860186b3d45ac83890167258f83512955dbce65f072d4e8c310cb9de,0.37648844718933105,sleap-lablink-client-prod-vm-8,running,Healthy,0,1788390738.0,1788390767.0,1788390809.0,1788391003.0,1788390941.0,1788391017.0,299.0,1788390768.135877,1788391127.491438,1788391199.408696,i-0798ccd89f26d7cda
1788391210.381938,10,1,ghcr.io/talmolab/lablink-client-base-image:linux-amd64-test@sha256:1ec2fde6860186b3d45ac83890167258f83512955dbce65f072d4e8c310cb9de,0.37648844718933105,sleap-lablink-client-prod-vm-9,running,Healthy,0,1788390738.0,1788390767.0,1788390813.0,1788391010.0,1788390948.0,1788391021.0,299.0,1788390768.136603,1788391127.503832,1788391203.858818,i-0ae3bdc8eb0227987
1788391215.3489358,10,1,ghcr.io/talmolab/lablink-client-base-image:linux-amd64-test@sha256:1ec2fde6860186b3d45ac83890167258f83512955dbce65f072d4e8c310cb9de,0.37648844718933105,sleap-lablink-client-prod-vm-1,running,Healthy,1,1788390738.0,1788390767.0,1788390905.0,1788391113.0,1788391050.0,1788391124.0,311.0,1788390768.128852,1788391127.40029,1788391186.803896,i-0d4ebb2bfcef19f31
1788391215.3489358,10,1,ghcr.io/talmolab/lablink-client-base-image:linux-amd64-test@sha256:1ec2fde6860186b3d45ac83890167258f83512955dbce65f072d4e8c310cb9de,0.37648844718933105,sleap-lablink-client-prod-vm-10,running,Healthy,1,1788390738.0,1788390767.0,1788390902.0,1788391108.0,1788391046.0,1788391114.0,303.0,1788390768.130117,1788391127.408882,1788391207.487109,i-073b86b279423b5ed
1788391215.3489358,10,1,ghcr.io/talmolab/lablink-client-base-image:linux-amd64-test@sha256:1ec2fde6860186b3d45ac83890167258f83512955dbce65f072d4e8c310cb9de,0.37648844718933105,sleap-lablink-client-prod-vm-2,running,Healthy,0,1788390738.0,1788390767.0,1788390813.0,1788391011.0,1788390949.0,1788391016.0,294.0,1788390768.130938,1788391127.407519,1788391199.626381,i-02f122d3eea1c2ca0
1788391215.3489358,10,1,ghcr.io/talmolab/lablink-client-base-image:linux-amd64-test@sha256:1ec2fde6860186b3d45ac83890167258f83512955dbce65f072d4e8c310cb9de,0.37648844718933105,sleap-lablink-client-prod-vm-3,running,Healthy,0,1788390738.0,1788390767.0,1788390814.0,1788391004.0,1788390941.0,1788391018.0,296.0,1788390768.131762,1788391127.452474,1788391200.716257,i-04f09804c45834c8a
1788391215.3489358,10,1,ghcr.io/talmolab/lablink-client-base-image:linux-amd64-test@sha256:1ec2fde6860186b3d45ac83890167258f83512955dbce65f072d4e8c310cb9de,0.37648844718933105,sleap-lablink-client-prod-vm-4,running,Healthy,0,1788390738.0,1788390767.0,1788390813.0,1788391010.0,1788390947.0,1788391022.0,301.0,1788390768.132688,1788391127.453282,1788391205.210584,i-0b5a2f80e58b1f49e
1788391215.3489358,10,1,ghcr.io/talmolab/lablink-client-base-image:linux-amd64-test@sha256:1ec2fde6860186b3d45ac83890167258f83512955dbce65f072d4e8c310cb9de,0.37648844718933105,sleap-lablink-client-prod-vm-5,running,Healthy,0,1788390738.0,1788390767.0,1788390814.0,1788391012.0,1788390949.0,1788391024.0,302.0,1788390768.133418,1788391127.470972,1788391206.691658,i-011c62511afd69360
1788391215.3489358,10,1,ghcr.io/talmolab/lablink-client-base-image:linux-amd64-test@sha256:1ec2fde6860186b3d45ac83890167258f83512955dbce65f072d4e8c310cb9de,0.37648844718933105,sleap-lablink-client-prod-vm-6,running,Healthy,0,1788390738.0,1788390767.0,1788390814.0,1788391011.0,1788390949.0,1788391022.0,299.0,1788390768.134149,1788391127.454231,1788391205.393481,i-0cceae5b4237000da
1788391215.3489358,10,1,ghcr.io/talmolab/lablink-client-base-image:linux-amd64-test@sha256:1ec2fde6860186b3d45ac83890167258f83512955dbce65f072d4e8c310cb9de,0.37648844718933105,sleap-lablink-client-prod-vm-7,running,Healthy,0,1788390738.0,1788390767.0,1788390813.0,1788391004.0,1788390941.0,1788391016.0,295.0,1788390768.13509,1788391127.485072,1788391199.520702,i-04223bbc5c5f842c7
1788391215.3489358,10,1,ghcr.io/talmolab/lablink-client-base-image:linux-amd64-test@sha256:1ec2fde6860186b3d45ac83890167258f83512955dbce65f072d4e8c310cb9de,0.37648844718933105,sleap-lablink-client-prod-vm-8,running,Healthy,0,1788390738.0,1788390767.0,1788390809.0,1788391003.0,1788390941.0,1788391017.0,299.0,1788390768.135877,1788391127.491438,1788391199.408696,i-0798ccd89f26d7cda
1788391215.3489358,10,1,ghcr.io/talmolab/lablink-client-base-image:linux-amd64-test@sha256:1ec2fde6860186b3d45ac83890167258f83512955dbce65f072d4e8c310cb9de,0.37648844718933105,sleap-lablink-client-prod-vm-9,running,Healthy,0,1788390738.0,1788390767.0,1788390813.0,1788391010.0,1788390948.0,1788391021.0,299.0,1788390768.136603,1788391127.503832,1788391203.858818,i-0ae3bdc8eb0227987
1788391220.3511732,10,1,ghcr.io/talmolab/lablink-client-base-image:linux-amd64-test@sha256:1ec2fde6860186b3d45ac83890167258f83512955dbce65f072d4e8c310cb9de,0.37648844718933105,sleap-lablink-client-prod-vm-1,running,Healthy,1,1788390738.0,1788390767.0,1788390905.0,1788391113.0,1788391050.0,1788391124.0,311.0,1788390768.128852,1788391127.40029,1788391216.826719,i-0d4ebb2bfcef19f31
1788391220.3511732,10,1,ghcr.io/talmolab/lablink-client-base-image:linux-amd64-test@sha256:1ec2fde6860186b3d45ac83890167258f83512955dbce65f072d4e8c310cb9de,0.37648844718933105,sleap-lablink-client-prod-vm-10,running,Healthy,1,1788390738.0,1788390767.0,1788390902.0,1788391108.0,1788391046.0,1788391114.0,303.0,1788390768.130117,1788391127.408882,1788391207.487109,i-073b86b279423b5ed
1788391220.3511732,10,1,ghcr.io/talmolab/lablink-client-base-image:linux-amd64-test@sha256:1ec2fde6860186b3d45ac83890167258f83512955dbce65f072d4e8c310cb9de,0.37648844718933105,sleap-lablink-client-prod-vm-2,running,Healthy,0,1788390738.0,1788390767.0,1788390813.0,1788391011.0,1788390949.0,1788391016.0,294.0,1788390768.130938,1788391127.407519,1788391199.626381,i-02f122d3eea1c2ca0
1788391220.3511732,10,1,ghcr.io/talmolab/lablink-client-base-image:linux-amd64-test@sha256:1ec2fde6860186b3d45ac83890167258f83512955dbce65f072d4e8c310cb9de,0.37648844718933105,sleap-lablink-client-prod-vm-3,running,Healthy,0,1788390738.0,1788390767.0,1788390814.0,1788391004.0,1788390941.0,1788391018.0,296.0,1788390768.131762,1788391127.452474,1788391200.716257,i-04f09804c45834c8a
1788391220.3511732,10,1,ghcr.io/talmolab/lablink-client-base-image:linux-amd64-test@sha256:1ec2fde6860186b3d45ac83890167258f83512955dbce65f072d4e8c310cb9de,0.37648844718933105,sleap-lablink-client-prod-vm-4,running,Healthy,0,1788390738.0,1788390767.0,1788390813.0,1788391010.0,1788390947.0,1788391022.0,301.0,1788390768.132688,1788391127.453282,1788391205.210584,i-0b5a2f80e58b1f49e
1788391220.3511732,10,1,ghcr.io/talmolab/lablink-client-base-image:linux-amd64-test@sha256:1ec2fde6860186b3d45ac83890167258f83512955dbce65f072d4e8c310cb9de,0.37648844718933105,sleap-lablink-client-prod-vm-5,running,Healthy,0,1788390738.0,1788390767.0,1788390814.0,1788391012.0,1788390949.0,1788391024.0,302.0,1788390768.133418,1788391127.470972,1788391206.691658,i-011c62511afd69360
1788391220.3511732,10,1,ghcr.io/talmolab/lablink-client-base-image:linux-amd64-test@sha256:1ec2fde6860186b3d45ac83890167258f83512955dbce65f072d4e8c310cb9de,0.37648844718933105,sleap-lablink-client-prod-vm-6,running,Healthy,0,1788390738.0,1788390767.0,1788390814.0,1788391011.0,1788390949.0,1788391022.0,299.0,1788390768.134149,1788391127.454231,1788391205.393481,i-0cceae5b4237000da
1788391220.3511732,10,1,ghcr.io/talmolab/lablink-client-base-image:linux-amd64-test@sha256:1ec2fde6860186b3d45ac83890167258f83512955dbce65f072d4e8c310cb9de,0.37648844718933105,sleap-lablink-client-prod-vm-7,running,Healthy,0,1788390738.0,1788390767.0,1788390813.0,1788391004.0,1788390941.0,1788391016.0,295.0,1788390768.13509,1788391127.485072,1788391199.520702,i-04223bbc5c5f842c7
1788391220.3511732,10,1,ghcr.io/talmolab/lablink-client-base-image:linux-amd64-test@sha256:1ec2fde6860186b3d45ac83890167258f83512955dbce65f072d4e8c310cb9de,0.37648844718933105,sleap-lablink-client-prod-vm-8,running,Healthy,0,1788390738.0,1788390767.0,1788390809.0,1788391003.0,1788390941.0,1788391017.0,299.0,1788390768.135877,1788391127.491438,1788391199.408696,i-0798ccd89f26d7cda
1788391220.3511732,10,1,ghcr.io/talmolab/lablink-client-base-image:linux-amd64-test@sha256:1ec2fde6860186b3d45ac83890167258f83512955dbce65f072d4e8c310cb9de,0.37648844718933105,sleap-lablink-client-prod-vm-9,running,Healthy,0,1788390738.0,1788390767.0,1788390813.0,1788391010.0,1788390948.0,1788391021.0,299.0,1788390768.136603,1788391127.503832,1788391203.858818,i-0ae3bdc8eb0227987
1788391225.317634,10,1,ghcr.io/talmolab/lablink-client-base-image:linux-amd64-test@sha256:1ec2fde6860186b3d45ac83890167258f83512955dbce65f072d4e8c310cb9de,0.37648844718933105,sleap-lablink-client-prod-vm-1,running,Healthy,1,1788390738.0,1788390767.0,1788390905.0,1788391113.0,1788391050.0,1788391124.0,311.0,1788390768.128852,1788391127.40029,1788391216.826719,i-0d4ebb2bfcef19f31
1788391225.317634,10,1,ghcr.io/talmolab/lablink-client-base-image:linux-amd64-test@sha256:1ec2fde6860186b3d45ac83890167258f83512955dbce65f072d4e8c310cb9de,0.37648844718933105,sleap-lablink-client-prod-vm-10,running,Healthy,1,1788390738.0,1788390767.0,1788390902.0,1788391108.0,1788391046.0,1788391114.0,303.0,1788390768.130117,1788391127.408882,1788391207.487109,i-073b86b279423b5ed
1788391225.317634,10,1,ghcr.io/talmolab/lablink-client-base-image:linux-amd64-test@sha256:1ec2fde6860186b3d45ac83890167258f83512955dbce65f072d4e8c310cb9de,0.37648844718933105,sleap-lablink-client-prod-vm-2,running,Healthy,0,1788390738.0,1788390767.0,1788390813.0,1788391011.0,1788390949.0,1788391016.0,294.0,1788390768.130938,1788391127.407519,1788391199.626381,i-02f122d3eea1c2ca0
1788391225.317634,10,1,ghcr.io/talmolab/lablink-client-base-image:linux-amd64-test@sha256:1ec2fde6860186b3d45ac83890167258f83512955dbce65f072d4e8c310cb9de,0.37648844718933105,sleap-lablink-client-prod-vm-3,running,Healthy,0,1788390738.0,1788390767.0,1788390814.0,1788391004.0,1788390941.0,1788391018.0,296.0,1788390768.131762,1788391127.452474,1788391200.716257,i-04f09804c45834c8a
1788391225.317634,10,1,ghcr.io/talmolab/lablink-client-base-image:linux-amd64-test@sha256:1ec2fde6860186b3d45ac83890167258f83512955dbce65f072d4e8c310cb9de,0.37648844718933105,sleap-lablink-client-prod-vm-4,running,Healthy,0,1788390738.0,1788390767.0,1788390813.0,1788391010.0,1788390947.0,1788391022.0,301.0,1788390768.132688,1788391127.453282,1788391205.210584,i-0b5a2f80e58b1f49e
1788391225.317634,10,1,ghcr.io/talmolab/lablink-client-base-image:linux-amd64-test@sha256:1ec2fde6860186b3d45ac83890167258f83512955dbce65f072d4e8c310cb9de,0.37648844718933105,sleap-lablink-client-prod-vm-5,running,Healthy,0,1788390738.0,1788390767.0,1788390814.0,1788391012.0,1788390949.0,1788391024.0,302.0,1788390768.133418,1788391127.470972,1788391206.691658,i-011c62511afd69360
1788391225.317634,10,1,ghcr.io/talmolab/lablink-client-base-image:linux-amd64-test@sha256:1ec2fde6860186b3d45ac83890167258f83512955dbce65f072d4e8c310cb9de,0.37648844718933105,sleap-lablink-client-prod-vm-6,running,Healthy,0,1788390738.0,1788390767.0,1788390814.0,1788391011.0,1788390949.0,1788391022.0,299.0,1788390768.134149,1788391127.454231,1788391205.393481,i-0cceae5b4237000da
1788391225.317634,10,1,ghcr.io/talmolab/lablink-client-base-image:linux-amd64-test@sha256:1ec2fde6860186b3d45ac83890167258f83512955dbce65f072d4e8c310cb9de,0.37648844718933105,sleap-lablink-client-prod-vm-7,running,Healthy,0,1788390738.0,1788390767.0,1788390813.0,1788391004.0,1788390941.0,1788391016.0,295.0,1788390768.13509,1788391127.485072,1788391199.520702,i-04223bbc5c5f842c7
1788391225.317634,10,1,ghcr.io/talmolab/lablink-client-base-image:linux-amd64-test@sha256:1ec2fde6860186b3d45ac83890167258f83512955dbce65f072d4e8c310cb9de,0.37648844718933105,sleap-lablink-client-prod-vm-8,running,Healthy,0,1788390738.0,1788390767.0,1788390809.0,1788391003.0,1788390941.0,1788391017.0,299.0,1788390768.135877,1788391127.491438,1788391199.408696,i-0798ccd89f26d7cda
1788391225.317634,10,1,ghcr.io/talmolab/lablink-client-base-image:linux-amd64-test@sha256:1ec2fde6860186b3d45ac83890167258f83512955dbce65f072d4e8c310cb9de,0.37648844718933105,sleap-lablink-client-prod-vm-9,running,Healthy,0,1788390738.0,1788390767.0,1788390813.0,1788391010.0,1788390948.0,1788391021.0,299.0,1788390768.136603,1788391127.503832,1788391203.858818,i-0ae3bdc8eb0227987
1788391230.35278,10,1,ghcr.io/talmolab/lablink-client-base-image:linux-amd64-test@sha256:1ec2fde6860186b3d45ac83890167258f83512955dbce65f072d4e8c310cb9de,0.37648844718933105,sleap-lablink-client-prod-vm-1,running,Healthy,1,1788390738.0,1788390767.0,1788390905.0,1788391113.0,1788391050.0,1788391124.0,311.0,1788390768.128852,1788391127.40029,1788391216.826719,i-0d4ebb2bfcef19f31
1788391230.35278,10,1,ghcr.io/talmolab/lablink-client-base-image:linux-amd64-test@sha256:1ec2fde6860186b3d45ac83890167258f83512955dbce65f072d4e8c310cb9de,0.37648844718933105,sleap-lablink-client-prod-vm-10,running,Healthy,1,1788390738.0,1788390767.0,1788390902.0,1788391108.0,1788391046.0,1788391114.0,303.0,1788390768.130117,1788391127.408882,1788391207.487109,i-073b86b279423b5ed
1788391230.35278,10,1,ghcr.io/talmolab/lablink-client-base-image:linux-amd64-test@sha256:1ec2fde6860186b3d45ac83890167258f83512955dbce65f072d4e8c310cb9de,0.37648844718933105,sleap-lablink-client-prod-vm-2,running,Healthy,0,1788390738.0,1788390767.0,1788390813.0,1788391011.0,1788390949.0,1788391016.0,294.0,1788390768.130938,1788391127.407519,1788391229.647815,i-02f122d3eea1c2ca0
1788391230.35278,10,1,ghcr.io/talmolab/lablink-client-base-image:linux-amd64-test@sha256:1ec2fde6860186b3d45ac83890167258f83512955dbce65f072d4e8c310cb9de,0.37648844718933105,sleap-lablink-client-prod-vm-3,running,Healthy,0,1788390738.0,1788390767.0,1788390814.0,1788391004.0,1788390941.0,1788391018.0,296.0,1788390768.131762,1788391127.452474,1788391200.716257,i-04f09804c45834c8a
1788391230.35278,10,1,ghcr.io/talmolab/lablink-client-base-image:linux-amd64-test@sha256:1ec2fde6860186b3d45ac83890167258f83512955dbce65f072d4e8c310cb9de,0.37648844718933105,sleap-lablink-client-prod-vm-4,running,Healthy,0,1788390738.0,1788390767.0,1788390813.0,1788391010.0,1788390947.0,1788391022.0,301.0,1788390768.132688,1788391127.453282,1788391205.210584,i-0b5a2f80e58b1f49e
1788391230.35278,10,1,ghcr.io/talmolab/lablink-client-base-image:linux-amd64-test@sha256:1ec2fde6860186b3d45ac83890167258f83512955dbce65f072d4e8c310cb9de,0.37648844718933105,sleap-lablink-client-prod-vm-5,running,Healthy,0,1788390738.0,1788390767.0,1788390814.0,1788391012.0,1788390949.0,1788391024.0,302.0,1788390768.133418,1788391127.470972,1788391206.691658,i-011c62511afd69360
1788391230.35278,10,1,ghcr.io/talmolab/lablink-client-base-image:linux-amd64-test@sha256:1ec2fde6860186b3d45ac83890167258f83512955dbce65f072d4e8c310cb9de,0.37648844718933105,sleap-lablink-client-prod-vm-6,running,Healthy,0,1788390738.0,1788390767.0,1788390814.0,1788391011.0,1788390949.0,1788391022.0,299.0,1788390768.134149,1788391127.454231,1788391205.393481,i-0cceae5b4237000da
1788391230.35278,10,1,ghcr.io/talmolab/lablink-client-base-image:linux-amd64-test@sha256:1ec2fde6860186b3d45ac83890167258f83512955dbce65f072d4e8c310cb9de,0.37648844718933105,sleap-lablink-client-prod-vm-7,running,Healthy,0,1788390738.0,1788390767.0,1788390813.0,1788391004.0,1788390941.0,1788391016.0,295.0,1788390768.13509,1788391127.485072,1788391229.5414,i-04223bbc5c5f842c7
1788391230.35278,10,1,ghcr.io/talmolab/lablink-client-base-image:linux-amd64-test@sha256:1ec2fde6860186b3d45ac83890167258f83512955dbce65f072d4e8c310cb9de,0.37648844718933105,sleap-lablink-client-prod-vm-8,running,Healthy,0,1788390738.0,1788390767.0,1788390809.0,1788391003.0,1788390941.0,1788391017.0,299.0,1788390768.135877,1788391127.491438,1788391229.428847,i-0798ccd89f26d7cda
1788391230.35278,10,1,ghcr.io/talmolab/lablink-client-base-image:linux-amd64-test@sha256:1ec2fde6860186b3d45ac83890167258f83512955dbce65f072d4e8c310cb9de,0.37648844718933105,sleap-lablink-client-prod-vm-9,running,Healthy,0,1788390738.0,1788390767.0,1788390813.0,1788391010.0,1788390948.0,1788391021.0,299.0,1788390768.136603,1788391127.503832,1788391203.858818,i-0ae3bdc8eb0227987
1788391235.372204,10,1,ghcr.io/talmolab/lablink-client-base-image:linux-amd64-test@sha256:1ec2fde6860186b3d45ac83890167258f83512955dbce65f072d4e8c310cb9de,0.37648844718933105,sleap-lablink-client-prod-vm-1,running,Healthy,1,1788390738.0,1788390767.0,1788390905.0,1788391113.0,1788391050.0,1788391124.0,311.0,1788390768.128852,1788391127.40029,1788391216.826719,i-0d4ebb2bfcef19f31
1788391235.372204,10,1,ghcr.io/talmolab/lablink-client-base-image:linux-amd64-test@sha256:1ec2fde6860186b3d45ac83890167258f83512955dbce65f072d4e8c310cb9de,0.37648844718933105,sleap-lablink-client-prod-vm-10,running,Healthy,1,1788390738.0,1788390767.0,1788390902.0,1788391108.0,1788391046.0,1788391114.0,303.0,1788390768.130117,1788391127.408882,1788391207.487109,i-073b86b279423b5ed
1788391235.372204,10,1,ghcr.io/talmolab/lablink-client-base-image:linux-amd64-test@sha256:1ec2fde6860186b3d45ac83890167258f83512955dbce65f072d4e8c310cb9de,0.37648844718933105,sleap-lablink-client-prod-vm-2,running,Healthy,0,1788390738.0,1788390767.0,1788390813.0,1788391011.0,1788390949.0,1788391016.0,294.0,1788390768.130938,1788391127.407519,1788391229.647815,i-02f122d3eea1c2ca0
1788391235.372204,10,1,ghcr.io/talmolab/lablink-client-base-image:linux-amd64-test@sha256:1ec2fde6860186b3d45ac83890167258f83512955dbce65f072d4e8c310cb9de,0.37648844718933105,sleap-lablink-client-prod-vm-3,running,Healthy,0,1788390738.0,1788390767.0,1788390814.0,1788391004.0,1788390941.0,1788391018.0,296.0,1788390768.131762,1788391127.452474,1788391230.736775,i-04f09804c45834c8a
1788391235.372204,10,1,ghcr.io/talmolab/lablink-client-base-image:linux-amd64-test@sha256:1ec2fde6860186b3d45ac83890167258f83512955dbce65f072d4e8c310cb9de,0.37648844718933105,sleap-lablink-client-prod-vm-4,running,Healthy,0,1788390738.0,1788390767.0,1788390813.0,1788391010.0,1788390947.0,1788391022.0,301.0,1788390768.132688,1788391127.453282,1788391235.231795,i-0b5a2f80e58b1f49e
1788391235.372204,10,1,ghcr.io/talmolab/lablink-client-base-image:linux-amd64-test@sha256:1ec2fde6860186b3d45ac83890167258f83512955dbce65f072d4e8c310cb9de,0.37648844718933105,sleap-lablink-client-prod-vm-5,running,Healthy,0,1788390738.0,1788390767.0,1788390814.0,1788391012.0,1788390949.0,1788391024.0,302.0,1788390768.133418,1788391127.470972,1788391206.691658,i-011c62511afd69360
1788391235.372204,10,1,ghcr.io/talmolab/lablink-client-base-image:linux-amd64-test@sha256:1ec2fde6860186b3d45ac83890167258f83512955dbce65f072d4e8c310cb9de,0.37648844718933105,sleap-lablink-client-prod-vm-6,running,Healthy,0,1788390738.0,1788390767.0,1788390814.0,1788391011.0,1788390949.0,1788391022.0,299.0,1788390768.134149,1788391127.454231,1788391205.393481,i-0cceae5b4237000da
1788391235.372204,10,1,ghcr.io/talmolab/lablink-client-base-image:linux-amd64-test@sha256:1ec2fde6860186b3d45ac83890167258f83512955dbce65f072d4e8c310cb9de,0.37648844718933105,sleap-lablink-client-prod-vm-7,running,Healthy,0,1788390738.0,1788390767.0,1788390813.0,1788391004.0,1788390941.0,1788391016.0,295.0,1788390768.13509,1788391127.485072,1788391229.5414,i-04223bbc5c5f842c7
1788391235.372204,10,1,ghcr.io/talmolab/lablink-client-base-image:linux-amd64-test@sha256:1ec2fde6860186b3d45ac83890167258f83512955dbce65f072d4e8c310cb9de,0.37648844718933105,sleap-lablink-client-prod-vm-8,running,Healthy,0,1788390738.0,1788390767.0,1788390809.0,1788391003.0,1788390941.0,1788391017.0,299.0,1788390768.135877,1788391127.491438,1788391229.428847,i-0798ccd89f26d7cda
1788391235.372204,10,1,ghcr.io/talmolab/lablink-client-base-image:linux-amd64-test@sha256:1ec2fde6860186b3d45ac83890167258f83512955dbce65f072d4e8c310cb9de,0.37648844718933105,sleap-lablink-client-prod-vm-9,running,Healthy,0,1788390738.0,1788390767.0,1788390813.0,1788391010.0,1788390948.0,1788391021.0,299.0,1788390768.136603,1788391127.503832,1788391233.880041,i-0ae3bdc8eb0227987
1788391240.3534122,10,1,ghcr.io/talmolab/lablink-client-base-image:linux-amd64-test@sha256:1ec2fde6860186b3d45ac83890167258f83512955dbce65f072d4e8c310cb9de,0.37648844718933105,sleap-lablink-client-prod-vm-1,running,Healthy,1,1788390738.0,1788390767.0,1788390905.0,1788391113.0,1788391050.0,1788391124.0,311.0,1788390768.128852,1788391127.40029,1788391216.826719,i-0d4ebb2bfcef19f31
1788391240.3534122,10,1,ghcr.io/talmolab/lablink-client-base-image:linux-amd64-test@sha256:1ec2fde6860186b3d45ac83890167258f83512955dbce65f072d4e8c310cb9de,0.37648844718933105,sleap-lablink-client-prod-vm-10,running,Healthy,1,1788390738.0,1788390767.0,1788390902.0,1788391108.0,1788391046.0,1788391114.0,303.0,1788390768.130117,1788391127.408882,1788391237.659525,i-073b86b279423b5ed
1788391240.3534122,10,1,ghcr.io/talmolab/lablink-client-base-image:linux-amd64-test@sha256:1ec2fde6860186b3d45ac83890167258f83512955dbce65f072d4e8c310cb9de,0.37648844718933105,sleap-lablink-client-prod-vm-2,running,Healthy,0,1788390738.0,1788390767.0,1788390813.0,1788391011.0,1788390949.0,1788391016.0,294.0,1788390768.130938,1788391127.407519,1788391229.647815,i-02f122d3eea1c2ca0
1788391240.3534122,10,1,ghcr.io/talmolab/lablink-client-base-image:linux-amd64-test@sha256:1ec2fde6860186b3d45ac83890167258f83512955dbce65f072d4e8c310cb9de,0.37648844718933105,sleap-lablink-client-prod-vm-3,running,Healthy,0,1788390738.0,1788390767.0,1788390814.0,1788391004.0,1788390941.0,1788391018.0,296.0,1788390768.131762,1788391127.452474,1788391230.736775,i-04f09804c45834c8a
1788391240.3534122,10,1,ghcr.io/talmolab/lablink-client-base-image:linux-amd64-test@sha256:1ec2fde6860186b3d45ac83890167258f83512955dbce65f072d4e8c310cb9de,0.37648844718933105,sleap-lablink-client-prod-vm-4,running,Healthy,0,1788390738.0,1788390767.0,1788390813.0,1788391010.0,1788390947.0,1788391022.0,301.0,1788390768.132688,1788391127.453282,1788391235.231795,i-0b5a2f80e58b1f49e
1788391240.3534122,10,1,ghcr.io/talmolab/lablink-client-base-image:linux-amd64-test@sha256:1ec2fde6860186b3d45ac83890167258f83512955dbce65f072d4e8c310cb9de,0.37648844718933105,sleap-lablink-client-prod-vm-5,running,Healthy,0,1788390738.0,1788390767.0,1788390814.0,1788391012.0,1788390949.0,1788391024.0,302.0,1788390768.133418,1788391127.470972,1788391236.713391,i-011c62511afd69360
1788391240.3534122,10,1,ghcr.io/talmolab/lablink-client-base-image:linux-amd64-test@sha256:1ec2fde6860186b3d45ac83890167258f83512955dbce65f072d4e8c310cb9de,0.37648844718933105,sleap-lablink-client-prod-vm-6,running,Healthy,0,1788390738.0,1788390767.0,1788390814.0,1788391011.0,1788390949.0,1788391022.0,299.0,1788390768.134149,1788391127.454231,1788391235.415437,i-0cceae5b4237000da
1788391240.3534122,10,1,ghcr.io/talmolab/lablink-client-base-image:linux-amd64-test@sha256:1ec2fde6860186b3d45ac83890167258f83512955dbce65f072d4e8c310cb9de,0.37648844718933105,sleap-lablink-client-prod-vm-7,running,Healthy,0,1788390738.0,1788390767.0,1788390813.0,1788391004.0,1788390941.0,1788391016.0,295.0,1788390768.13509,1788391127.485072,1788391229.5414,i-04223bbc5c5f842c7
1788391240.3534122,10,1,ghcr.io/talmolab/lablink-client-base-image:linux-amd64-test@sha256:1ec2fde6860186b3d45ac83890167258f83512955dbce65f072d4e8c310cb9de,0.37648844718933105,sleap-lablink-client-prod-vm-8,running,Healthy,0,1788390738.0,1788390767.0,1788390809.0,1788391003.0,1788390941.0,1788391017.0,299.0,1788390768.135877,1788391127.491438,1788391229.428847,i-0798ccd89f26d7cda
1788391240.3534122,10,1,ghcr.io/talmolab/lablink-client-base-image:linux-amd64-test@sha256:1ec2fde6860186b3d45ac83890167258f83512955dbce65f072d4e8c310cb9de,0.37648844718933105,sleap-lablink-client-prod-vm-9,running,Healthy,0,1788390738.0,1788390767.0,1788390813.0,1788391010.0,1788390948.0,1788391021.0,299.0,1788390768.136603,1788391127.503832,1788391233.880041,i-0ae3bdc8eb0227987
1788391245.365233,10,1,ghcr.io/talmolab/lablink-client-base-image:linux-amd64-test@sha256:1ec2fde6860186b3d45ac83890167258f83512955dbce65f072d4e8c310cb9de,0.37648844718933105,sleap-lablink-client-prod-vm-1,running,Healthy,1,1788390738.0,1788390767.0,1788390905.0,1788391113.0,1788391050.0,1788391124.0,311.0,1788390768.128852,1788391127.40029,1788391216.826719,i-0d4ebb2bfcef19f31
1788391245.365233,10,1,ghcr.io/talmolab/lablink-client-base-image:linux-amd64-test@sha256:1ec2fde6860186b3d45ac83890167258f83512955dbce65f072d4e8c310cb9de,0.37648844718933105,sleap-lablink-client-prod-vm-10,running,Healthy,1,1788390738.0,1788390767.0,1788390902.0,1788391108.0,1788391046.0,1788391114.0,303.0,1788390768.130117,1788391127.408882,1788391237.659525,i-073b86b279423b5ed
1788391245.365233,10,1,ghcr.io/talmolab/lablink-client-base-image:linux-amd64-test@sha256:1ec2fde6860186b3d45ac83890167258f83512955dbce65f072d4e8c310cb9de,0.37648844718933105,sleap-lablink-client-prod-vm-2,running,Healthy,0,1788390738.0,1788390767.0,1788390813.0,1788391011.0,1788390949.0,1788391016.0,294.0,1788390768.130938,1788391127.407519,1788391229.647815,i-02f122d3eea1c2ca0
1788391245.365233,10,1,ghcr.io/talmolab/lablink-client-base-image:linux-amd64-test@sha256:1ec2fde6860186b3d45ac83890167258f83512955dbce65f072d4e8c310cb9de,0.37648844718933105,sleap-lablink-client-prod-vm-3,running,Healthy,0,1788390738.0,1788390767.0,1788390814.0,1788391004.0,1788390941.0,1788391018.0,296.0,1788390768.131762,1788391127.452474,1788391230.736775,i-04f09804c45834c8a
1788391245.365233,10,1,ghcr.io/talmolab/lablink-client-base-image:linux-amd64-test@sha256:1ec2fde6860186b3d45ac83890167258f83512955dbce65f072d4e8c310cb9de,0.37648844718933105,sleap-lablink-client-prod-vm-4,running,Healthy,0,1788390738.0,1788390767.0,1788390813.0,1788391010.0,1788390947.0,1788391022.0,301.0,1788390768.132688,1788391127.453282,1788391235.231795,i-0b5a2f80e58b1f49e
1788391245.365233,10,1,ghcr.io/talmolab/lablink-client-base-image:linux-amd64-test@sha256:1ec2fde6860186b3d45ac83890167258f83512955dbce65f072d4e8c310cb9de,0.37648844718933105,sleap-lablink-client-prod-vm-5,running,Healthy,0,1788390738.0,1788390767.0,1788390814.0,1788391012.0,1788390949.0,1788391024.0,302.0,1788390768.133418,1788391127.470972,1788391236.713391,i-011c62511afd69360
1788391245.365233,10,1,ghcr.io/talmolab/lablink-client-base-image:linux-amd64-test@sha256:1ec2fde6860186b3d45ac83890167258f83512955dbce65f072d4e8c310cb9de,0.37648844718933105,sleap-lablink-client-prod-vm-6,running,Healthy,0,1788390738.0,1788390767.0,1788390814.0,1788391011.0,1788390949.0,1788391022.0,299.0,1788390768.134149,1788391127.454231,1788391235.415437,i-0cceae5b4237000da
1788391245.365233,10,1,ghcr.io/talmolab/lablink-client-base-image:linux-amd64-test@sha256:1ec2fde6860186b3d45ac83890167258f83512955dbce65f072d4e8c310cb9de,0.37648844718933105,sleap-lablink-client-prod-vm-7,running,Healthy,0,1788390738.0,1788390767.0,1788390813.0,1788391004.0,1788390941.0,1788391016.0,295.0,1788390768.13509,1788391127.485072,1788391229.5414,i-04223bbc5c5f842c7
1788391245.365233,10,1,ghcr.io/talmolab/lablink-client-base-image:linux-amd64-test@sha256:1ec2fde6860186b3d45ac83890167258f83512955dbce65f072d4e8c310cb9de,0.37648844718933105,sleap-lablink-client-prod-vm-8,running,Healthy,0,1788390738.0,1788390767.0,1788390809.0,1788391003.0,1788390941.0,1788391017.0,299.0,1788390768.135877,1788391127.491438,1788391229.428847,i-0798ccd89f26d7cda
1788391245.365233,10,1,ghcr.io/talmolab/lablink-client-base-image:linux-amd64-test@sha256:1ec2fde6860186b3d45ac83890167258f83512955dbce65f072d4e8c310cb9de,0.37648844718933105,sleap-lablink-client-prod-vm-9,running,Healthy,0,1788390738.0,1788390767.0,1788390813.0,1788391010.0,1788390948.0,1788391021.0,299.0,1788390768.136603,1788391127.503832,1788391233.880041,i-0ae3bdc8eb0227987
1788391250.45435,10,1,ghcr.io/talmolab/lablink-client-base-image:linux-amd64-test@sha256:1ec2fde6860186b3d45ac83890167258f83512955dbce65f072d4e8c310cb9de,0.37648844718933105,sleap-lablink-client-prod-vm-1,running,Healthy,1,1788390738.0,1788390767.0,1788390905.0,1788391113.0,1788391050.0,1788391124.0,311.0,1788390768.128852,1788391127.40029,1788391246.997118,i-0d4ebb2bfcef19f31
1788391250.45435,10,1,ghcr.io/talmolab/lablink-client-base-image:linux-amd64-test@sha256:1ec2fde6860186b3d45ac83890167258f83512955dbce65f072d4e8c310cb9de,0.37648844718933105,sleap-lablink-client-prod-vm-10,running,Healthy,1,1788390738.0,1788390767.0,1788390902.0,1788391108.0,1788391046.0,1788391114.0,303.0,1788390768.130117,1788391127.408882,1788391237.659525,i-073b86b279423b5ed
1788391250.45435,10,1,ghcr.io/talmolab/lablink-client-base-image:linux-amd64-test@sha256:1ec2fde6860186b3d45ac83890167258f83512955dbce65f072d4e8c310cb9de,0.37648844718933105,sleap-lablink-client-prod-vm-2,running,Healthy,0,1788390738.0,1788390767.0,1788390813.0,1788391011.0,1788390949.0,1788391016.0,294.0,1788390768.130938,1788391127.407519,1788391229.647815,i-02f122d3eea1c2ca0
1788391250.45435,10,1,ghcr.io/talmolab/lablink-client-base-image:linux-amd64-test@sha256:1ec2fde6860186b3d45ac83890167258f83512955dbce65f072d4e8c310cb9de,0.37648844718933105,sleap-lablink-client-prod-vm-3,running,Healthy,0,1788390738.0,1788390767.0,1788390814.0,1788391004.0,1788390941.0,1788391018.0,296.0,1788390768.131762,1788391127.452474,1788391230.736775,i-04f09804c45834c8a
1788391250.45435,10,1,ghcr.io/talmolab/lablink-client-base-image:linux-amd64-test@sha256:1ec2fde6860186b3d45ac83890167258f83512955dbce65f072d4e8c310cb9de,0.37648844718933105,sleap-lablink-client-prod-vm-4,running,Healthy,0,1788390738.0,1788390767.0,1788390813.0,1788391010.0,1788390947.0,1788391022.0,301.0,1788390768.132688,1788391127.453282,1788391235.231795,i-0b5a2f80e58b1f49e
1788391250.45435,10,1,ghcr.io/talmolab/lablink-client-base-image:linux-amd64-test@sha256:1ec2fde6860186b3d45ac83890167258f83512955dbce65f072d4e8c310cb9de,0.37648844718933105,sleap-lablink-client-prod-vm-5,running,Healthy,0,1788390738.0,1788390767.0,1788390814.0,1788391012.0,1788390949.0,1788391024.0,302.0,1788390768.133418,1788391127.470972,1788391236.713391,i-011c62511afd69360
1788391250.45435,10,1,ghcr.io/talmolab/lablink-client-base-image:linux-amd64-test@sha256:1ec2fde6860186b3d45ac83890167258f83512955dbce65f072d4e8c310cb9de,0.37648844718933105,sleap-lablink-client-prod-vm-6,running,Healthy,0,1788390738.0,1788390767.0,1788390814.0,1788391011.0,1788390949.0,1788391022.0,299.0,1788390768.134149,1788391127.454231,1788391235.415437,i-0cceae5b4237000da
1788391250.45435,10,1,ghcr.io/talmolab/lablink-client-base-image:linux-amd64-test@sha256:1ec2fde6860186b3d45ac83890167258f83512955dbce65f072d4e8c310cb9de,0.37648844718933105,sleap-lablink-client-prod-vm-7,running,Healthy,0,1788390738.0,1788390767.0,1788390813.0,1788391004.0,1788390941.0,1788391016.0,295.0,1788390768.13509,1788391127.485072,1788391229.5414,i-04223bbc5c5f842c7
1788391250.45435,10,1,ghcr.io/talmolab/lablink-client-base-image:linux-amd64-test@sha256:1ec2fde6860186b3d45ac83890167258f83512955dbce65f072d4e8c310cb9de,0.37648844718933105,sleap-lablink-client-prod-vm-8,running,Healthy,0,1788390738.0,1788390767.0,1788390809.0,1788391003.0,1788390941.0,1788391017.0,299.0,1788390768.135877,1788391127.491438,1788391229.428847,i-0798ccd89f26d7cda
1788391250.45435,10,1,ghcr.io/talmolab/lablink-client-base-image:linux-amd64-test@sha256:1ec2fde6860186b3d45ac83890167258f83512955dbce65f072d4e8c310cb9de,0.37648844718933105,sleap-lablink-client-prod-vm-9,running,Healthy,0,1788390738.0,1788390767.0,1788390813.0,1788391010.0,1788390948.0,1788391021.0,299.0,1788390768.136603,1788391127.503832,1788391233.880041,i-0ae3bdc8eb0227987
1788391255.372064,10,1,ghcr.io/talmolab/lablink-client-base-image:linux-amd64-test@sha256:1ec2fde6860186b3d45ac83890167258f83512955dbce65f072d4e8c310cb9de,0.37648844718933105,sleap-lablink-client-prod-vm-1,running,Healthy,1,1788390738.0,1788390767.0,1788390905.0,1788391113.0,1788391050.0,1788391124.0,311.0,1788390768.128852,1788391127.40029,1788391246.997118,i-0d4ebb2bfcef19f31
1788391255.372064,10,1,ghcr.io/talmolab/lablink-client-base-image:linux-amd64-test@sha256:1ec2fde6860186b3d45ac83890167258f83512955dbce65f072d4e8c310cb9de,0.37648844718933105,sleap-lablink-client-prod-vm-10,running,Healthy,1,1788390738.0,1788390767.0,1788390902.0,1788391108.0,1788391046.0,1788391114.0,303.0,1788390768.130117,1788391127.408882,1788391237.659525,i-073b86b279423b5ed
1788391255.372064,10,1,ghcr.io/talmolab/lablink-client-base-image:linux-amd64-test@sha256:1ec2fde6860186b3d45ac83890167258f83512955dbce65f072d4e8c310cb9de,0.37648844718933105,sleap-lablink-client-prod-vm-2,running,Healthy,0,1788390738.0,1788390767.0,1788390813.0,1788391011.0,1788390949.0,1788391016.0,294.0,1788390768.130938,1788391127.407519,1788391229.647815,i-02f122d3eea1c2ca0
1788391255.372064,10,1,ghcr.io/talmolab/lablink-client-base-image:linux-amd64-test@sha256:1ec2fde6860186b3d45ac83890167258f83512955dbce65f072d4e8c310cb9de,0.37648844718933105,sleap-lablink-client-prod-vm-3,running,Healthy,0,1788390738.0,1788390767.0,1788390814.0,1788391004.0,1788390941.0,1788391018.0,296.0,1788390768.131762,1788391127.452474,1788391230.736775,i-04f09804c45834c8a
1788391255.372064,10,1,ghcr.io/talmolab/lablink-client-base-image:linux-amd64-test@sha256:1ec2fde6860186b3d45ac83890167258f83512955dbce65f072d4e8c310cb9de,0.37648844718933105,sleap-lablink-client-prod-vm-4,running,Healthy,0,1788390738.0,1788390767.0,1788390813.0,1788391010.0,1788390947.0,1788391022.0,301.0,1788390768.132688,1788391127.453282,1788391235.231795,i-0b5a2f80e58b1f49e
1788391255.372064,10,1,ghcr.io/talmolab/lablink-client-base-image:linux-amd64-test@sha256:1ec2fde6860186b3d45ac83890167258f83512955dbce65f072d4e8c310cb9de,0.37648844718933105,sleap-lablink-client-prod-vm-5,running,Healthy,0,1788390738.0,1788390767.0,1788390814.0,1788391012.0,1788390949.0,1788391024.0,302.0,1788390768.133418,1788391127.470972,1788391236.713391,i-011c62511afd69360
1788391255.372064,10,1,ghcr.io/talmolab/lablink-client-base-image:linux-amd64-test@sha256:1ec2fde6860186b3d45ac83890167258f83512955dbce65f072d4e8c310cb9de,0.37648844718933105,sleap-lablink-client-prod-vm-6,running,Healthy,0,1788390738.0,1788390767.0,1788390814.0,1788391011.0,1788390949.0,1788391022.0,299.0,1788390768.134149,1788391127.454231,1788391235.415437,i-0cceae5b4237000da
1788391255.372064,10,1,ghcr.io/talmolab/lablink-client-base-image:linux-amd64-test@sha256:1ec2fde6860186b3d45ac83890167258f83512955dbce65f072d4e8c310cb9de,0.37648844718933105,sleap-lablink-client-prod-vm-7,running,Healthy,0,1788390738.0,1788390767.0,1788390813.0,1788391004.0,1788390941.0,1788391016.0,295.0,1788390768.13509,1788391127.485072,1788391229.5414,i-04223bbc5c5f842c7
1788391255.372064,10,1,ghcr.io/talmolab/lablink-client-base-image:linux-amd64-test@sha256:1ec2fde6860186b3d45ac83890167258f83512955dbce65f072d4e8c310cb9de,0.37648844718933105,sleap-lablink-client-prod-vm-8,running,Healthy,0,1788390738.0,1788390767.0,1788390809.0,1788391003.0,1788390941.0,1788391017.0,299.0,1788390768.135877,1788391127.491438,1788391229.428847,i-0798ccd89f26d7cda
1788391255.372064,10,1,ghcr.io/talmolab/lablink-client-base-image:linux-amd64-test@sha256:1ec2fde6860186b3d45ac83890167258f83512955dbce65f072d4e8c310cb9de,0.37648844718933105,sleap-lablink-client-prod-vm-9,running,Healthy,0,1788390738.0,1788390767.0,1788390813.0,1788391010.0,1788390948.0,1788391021.0,299.0,1788390768.136603,1788391127.503832,1788391233.880041,i-0ae3bdc8eb0227987
1788391260.4092538,10,1,ghcr.io/talmolab/lablink-client-base-image:linux-amd64-test@sha256:1ec2fde6860186b3d45ac83890167258f83512955dbce65f072d4e8c310cb9de,0.37648844718933105,sleap-lablink-client-prod-vm-1,running,Healthy,1,1788390738.0,1788390767.0,1788390905.0,1788391113.0,1788391050.0,1788391124.0,311.0,1788390768.128852,1788391127.40029,1788391246.997118,i-0d4ebb2bfcef19f31
1788391260.4092538,10,1,ghcr.io/talmolab/lablink-client-base-image:linux-amd64-test@sha256:1ec2fde6860186b3d45ac83890167258f83512955dbce65f072d4e8c310cb9de,0.37648844718933105,sleap-lablink-client-prod-vm-10,running,Healthy,1,1788390738.0,1788390767.0,1788390902.0,1788391108.0,1788391046.0,1788391114.0,303.0,1788390768.130117,1788391127.408882,1788391237.659525,i-073b86b279423b5ed
1788391260.4092538,10,1,ghcr.io/talmolab/lablink-client-base-image:linux-amd64-test@sha256:1ec2fde6860186b3d45ac83890167258f83512955dbce65f072d4e8c310cb9de,0.37648844718933105,sleap-lablink-client-prod-vm-2,running,Healthy,0,1788390738.0,1788390767.0,1788390813.0,1788391011.0,1788390949.0,1788391016.0,294.0,1788390768.130938,1788391127.407519,1788391259.914436,i-02f122d3eea1c2ca0
1788391260.4092538,10,1,ghcr.io/talmolab/lablink-client-base-image:linux-amd64-test@sha256:1ec2fde6860186b3d45ac83890167258f83512955dbce65f072d4e8c310cb9de,0.37648844718933105,sleap-lablink-client-prod-vm-3,running,Healthy,0,1788390738.0,1788390767.0,1788390814.0,1788391004.0,1788390941.0,1788391018.0,296.0,1788390768.131762,1788391127.452474,1788391230.736775,i-04f09804c45834c8a
1788391260.4092538,10,1,ghcr.io/talmolab/lablink-client-base-image:linux-amd64-test@sha256:1ec2fde6860186b3d45ac83890167258f83512955dbce65f072d4e8c310cb9de,0.37648844718933105,sleap-lablink-client-prod-vm-4,running,Healthy,0,1788390738.0,1788390767.0,1788390813.0,1788391010.0,1788390947.0,1788391022.0,301.0,1788390768.132688,1788391127.453282,1788391235.231795,i-0b5a2f80e58b1f49e
1788391260.4092538,10,1,ghcr.io/talmolab/lablink-client-base-image:linux-amd64-test@sha256:1ec2fde6860186b3d45ac83890167258f83512955dbce65f072d4e8c310cb9de,0.37648844718933105,sleap-lablink-client-prod-vm-5,running,Healthy,0,1788390738.0,1788390767.0,1788390814.0,1788391012.0,1788390949.0,1788391024.0,302.0,1788390768.133418,1788391127.470972,1788391236.713391,i-011c62511afd69360
1788391260.4092538,10,1,ghcr.io/talmolab/lablink-client-base-image:linux-amd64-test@sha256:1ec2fde6860186b3d45ac83890167258f83512955dbce65f072d4e8c310cb9de,0.37648844718933105,sleap-lablink-client-prod-vm-6,running,Healthy,0,1788390738.0,1788390767.0,1788390814.0,1788391011.0,1788390949.0,1788391022.0,299.0,1788390768.134149,1788391127.454231,1788391235.415437,i-0cceae5b4237000da
1788391260.4092538,10,1,ghcr.io/talmolab/lablink-client-base-image:linux-amd64-test@sha256:1ec2fde6860186b3d45ac83890167258f83512955dbce65f072d4e8c310cb9de,0.37648844718933105,sleap-lablink-client-prod-vm-7,running,Healthy,0,1788390738.0,1788390767.0,1788390813.0,1788391004.0,1788390941.0,1788391016.0,295.0,1788390768.13509,1788391127.485072,1788391259.816821,i-04223bbc5c5f842c7
1788391260.4092538,10,1,ghcr.io/talmolab/lablink-client-base-image:linux-amd64-test@sha256:1ec2fde6860186b3d45ac83890167258f83512955dbce65f072d4e8c310cb9de,0.37648844718933105,sleap-lablink-client-prod-vm-8,running,Healthy,0,1788390738.0,1788390767.0,1788390809.0,1788391003.0,1788390941.0,1788391017.0,299.0,1788390768.135877,1788391127.491438,1788391259.630183,i-0798ccd89f26d7cda
1788391260.4092538,10,1,ghcr.io/talmolab/lablink-client-base-image:linux-amd64-test@sha256:1ec2fde6860186b3d45ac83890167258f83512955dbce65f072d4e8c310cb9de,0.37648844718933105,sleap-lablink-client-prod-vm-9,running,Healthy,0,1788390738.0,1788390767.0,1788390813.0,1788391010.0,1788390948.0,1788391021.0,299.0,1788390768.136603,1788391127.503832,1788391233.880041,i-0ae3bdc8eb0227987
1788391265.548956,10,1,ghcr.io/talmolab/lablink-client-base-image:linux-amd64-test@sha256:1ec2fde6860186b3d45ac83890167258f83512955dbce65f072d4e8c310cb9de,0.37648844718933105,sleap-lablink-client-prod-vm-1,running,Healthy,1,1788390738.0,1788390767.0,1788390905.0,1788391113.0,1788391050.0,1788391124.0,311.0,1788390768.128852,1788391127.40029,1788391246.997118,i-0d4ebb2bfcef19f31
1788391265.548956,10,1,ghcr.io/talmolab/lablink-client-base-image:linux-amd64-test@sha256:1ec2fde6860186b3d45ac83890167258f83512955dbce65f072d4e8c310cb9de,0.37648844718933105,sleap-lablink-client-prod-vm-10,running,Healthy,1,1788390738.0,1788390767.0,1788390902.0,1788391108.0,1788391046.0,1788391114.0,303.0,1788390768.130117,1788391127.408882,1788391237.659525,i-073b86b279423b5ed
1788391265.548956,10,1,ghcr.io/talmolab/lablink-client-base-image:linux-amd64-test@sha256:1ec2fde6860186b3d45ac83890167258f83512955dbce65f072d4e8c310cb9de,0.37648844718933105,sleap-lablink-client-prod-vm-2,running,Healthy,0,1788390738.0,1788390767.0,1788390813.0,1788391011.0,1788390949.0,1788391016.0,294.0,1788390768.130938,1788391127.407519,1788391259.914436,i-02f122d3eea1c2ca0
1788391265.548956,10,1,ghcr.io/talmolab/lablink-client-base-image:linux-amd64-test@sha256:1ec2fde6860186b3d45ac83890167258f83512955dbce65f072d4e8c310cb9de,0.37648844718933105,sleap-lablink-client-prod-vm-3,running,Healthy,0,1788390738.0,1788390767.0,1788390814.0,1788391004.0,1788390941.0,1788391018.0,296.0,1788390768.131762,1788391127.452474,1788391260.916238,i-04f09804c45834c8a
1788391265.548956,10,1,ghcr.io/talmolab/lablink-client-base-image:linux-amd64-test@sha256:1ec2fde6860186b3d45ac83890167258f83512955dbce65f072d4e8c310cb9de,0.37648844718933105,sleap-lablink-client-prod-vm-4,running,Healthy,0,1788390738.0,1788390767.0,1788390813.0,1788391010.0,1788390947.0,1788391022.0,301.0,1788390768.132688,1788391127.453282,1788391265.513889,i-0b5a2f80e58b1f49e
1788391265.548956,10,1,ghcr.io/talmolab/lablink-client-base-image:linux-amd64-test@sha256:1ec2fde6860186b3d45ac83890167258f83512955dbce65f072d4e8c310cb9de,0.37648844718933105,sleap-lablink-client-prod-vm-5,running,Healthy,0,1788390738.0,1788390767.0,1788390814.0,1788391012.0,1788390949.0,1788391024.0,302.0,1788390768.133418,1788391127.470972,1788391236.713391,i-011c62511afd69360
1788391265.548956,10,1,ghcr.io/talmolab/lablink-client-base-image:linux-amd64-test@sha256:1ec2fde6860186b3d45ac83890167258f83512955dbce65f072d4e8c310cb9de,0.37648844718933105,sleap-lablink-client-prod-vm-6,running,Healthy,0,1788390738.0,1788390767.0,1788390814.0,1788391011.0,1788390949.0,1788391022.0,299.0,1788390768.134149,1788391127.454231,1788391235.415437,i-0cceae5b4237000da
1788391265.548956,10,1,ghcr.io/talmolab/lablink-client-base-image:linux-amd64-test@sha256:1ec2fde6860186b3d45ac83890167258f83512955dbce65f072d4e8c310cb9de,0.37648844718933105,sleap-lablink-client-prod-vm-7,running,Healthy,0,1788390738.0,1788390767.0,1788390813.0,1788391004.0,1788390941.0,1788391016.0,295.0,1788390768.13509,1788391127.485072,1788391259.816821,i-04223bbc5c5f842c7
1788391265.548956,10,1,ghcr.io/talmolab/lablink-client-base-image:linux-amd64-test@sha256:1ec2fde6860186b3d45ac83890167258f83512955dbce65f072d4e8c310cb9de,0.37648844718933105,sleap-lablink-client-prod-vm-8,running,Healthy,0,1788390738.0,1788390767.0,1788390809.0,1788391003.0,1788390941.0,1788391017.0,299.0,1788390768.135877,1788391127.491438,1788391259.630183,i-0798ccd89f26d7cda
1788391265.548956,10,1,ghcr.io/talmolab/lablink-client-base-image:linux-amd64-test@sha256:1ec2fde6860186b3d45ac83890167258f83512955dbce65f072d4e8c310cb9de,0.37648844718933105,sleap-lablink-client-prod-vm-9,running,Healthy,0,1788390738.0,1788390767.0,1788390813.0,1788391010.0,1788390948.0,1788391021.0,299.0,1788390768.136603,1788391127.503832,1788391264.050477,i-0ae3bdc8eb0227987
1788391270.369846,10,1,ghcr.io/talmolab/lablink-client-base-image:linux-amd64-test@sha256:1ec2fde6860186b3d45ac83890167258f83512955dbce65f072d4e8c310cb9de,0.37648844718933105,sleap-lablink-client-prod-vm-1,running,Healthy,1,1788390738.0,1788390767.0,1788390905.0,1788391113.0,1788391050.0,1788391124.0,311.0,1788390768.128852,1788391127.40029,1788391246.997118,i-0d4ebb2bfcef19f31
1788391270.369846,10,1,ghcr.io/talmolab/lablink-client-base-image:linux-amd64-test@sha256:1ec2fde6860186b3d45ac83890167258f83512955dbce65f072d4e8c310cb9de,0.37648844718933105,sleap-lablink-client-prod-vm-10,running,Healthy,1,1788390738.0,1788390767.0,1788390902.0,1788391108.0,1788391046.0,1788391114.0,303.0,1788390768.130117,1788391127.408882,1788391267.680755,i-073b86b279423b5ed
1788391270.369846,10,1,ghcr.io/talmolab/lablink-client-base-image:linux-amd64-test@sha256:1ec2fde6860186b3d45ac83890167258f83512955dbce65f072d4e8c310cb9de,0.37648844718933105,sleap-lablink-client-prod-vm-2,running,Healthy,0,1788390738.0,1788390767.0,1788390813.0,1788391011.0,1788390949.0,1788391016.0,294.0,1788390768.130938,1788391127.407519,1788391259.914436,i-02f122d3eea1c2ca0
1788391270.369846,10,1,ghcr.io/talmolab/lablink-client-base-image:linux-amd64-test@sha256:1ec2fde6860186b3d45ac83890167258f83512955dbce65f072d4e8c310cb9de,0.37648844718933105,sleap-lablink-client-prod-vm-3,running,Healthy,0,1788390738.0,1788390767.0,1788390814.0,1788391004.0,1788390941.0,1788391018.0,296.0,1788390768.131762,1788391127.452474,1788391260.916238,i-04f09804c45834c8a
1788391270.369846,10,1,ghcr.io/talmolab/lablink-client-base-image:linux-amd64-test@sha256:1ec2fde6860186b3d45ac83890167258f83512955dbce65f072d4e8c310cb9de,0.37648844718933105,sleap-lablink-client-prod-vm-4,running,Healthy,0,1788390738.0,1788390767.0,1788390813.0,1788391010.0,1788390947.0,1788391022.0,301.0,1788390768.132688,1788391127.453282,1788391265.513889,i-0b5a2f80e58b1f49e
1788391270.369846,10,1,ghcr.io/talmolab/lablink-client-base-image:linux-amd64-test@sha256:1ec2fde6860186b3d45ac83890167258f83512955dbce65f072d4e8c310cb9de,0.37648844718933105,sleap-lablink-client-prod-vm-5,running,Healthy,0,1788390738.0,1788390767.0,1788390814.0,1788391012.0,1788390949.0,1788391024.0,302.0,1788390768.133418,1788391127.470972,1788391266.885662,i-011c62511afd69360
1788391270.369846,10,1,ghcr.io/talmolab/lablink-client-base-image:linux-amd64-test@sha256:1ec2fde6860186b3d45ac83890167258f83512955dbce65f072d4e8c310cb9de,0.37648844718933105,sleap-lablink-client-prod-vm-6,running,Healthy,0,1788390738.0,1788390767.0,1788390814.0,1788391011.0,1788390949.0,1788391022.0,299.0,1788390768.134149,1788391127.454231,1788391265.670411,i-0cceae5b4237000da
1788391270.369846,10,1,ghcr.io/talmolab/lablink-client-base-image:linux-amd64-test@sha256:1ec2fde6860186b3d45ac83890167258f83512955dbce65f072d4e8c310cb9de,0.37648844718933105,sleap-lablink-client-prod-vm-7,running,Healthy,0,1788390738.0,1788390767.0,1788390813.0,1788391004.0,1788390941.0,1788391016.0,295.0,1788390768.13509,1788391127.485072,1788391259.816821,i-04223bbc5c5f842c7
1788391270.369846,10,1,ghcr.io/talmolab/lablink-client-base-image:linux-amd64-test@sha256:1ec2fde6860186b3d45ac83890167258f83512955dbce65f072d4e8c310cb9de,0.37648844718933105,sleap-lablink-client-prod-vm-8,running,Healthy,0,1788390738.0,1788390767.0,1788390809.0,1788391003.0,1788390941.0,1788391017.0,299.0,1788390768.135877,1788391127.491438,1788391259.630183,i-0798ccd89f26d7cda
1788391270.369846,10,1,ghcr.io/talmolab/lablink-client-base-image:linux-amd64-test@sha256:1ec2fde6860186b3d45ac83890167258f83512955dbce65f072d4e8c310cb9de,0.37648844718933105,sleap-lablink-client-prod-vm-9,running,Healthy,0,1788390738.0,1788390767.0,1788390813.0,1788391010.0,1788390948.0,1788391021.0,299.0,1788390768.136603,1788391127.503832,1788391264.050477,i-0ae3bdc8eb0227987
1788391275.396179,10,1,ghcr.io/talmolab/lablink-client-base-image:linux-amd64-test@sha256:1ec2fde6860186b3d45ac83890167258f83512955dbce65f072d4e8c310cb9de,0.37648844718933105,sleap-lablink-client-prod-vm-1,running,Healthy,1,1788390738.0,1788390767.0,1788390905.0,1788391113.0,1788391050.0,1788391124.0,311.0,1788390768.128852,1788391127.40029,1788391246.997118,i-0d4ebb2bfcef19f31
1788391275.396179,10,1,ghcr.io/talmolab/lablink-client-base-image:linux-amd64-test@sha256:1ec2fde6860186b3d45ac83890167258f83512955dbce65f072d4e8c310cb9de,0.37648844718933105,sleap-lablink-client-prod-vm-10,running,Healthy,1,1788390738.0,1788390767.0,1788390902.0,1788391108.0,1788391046.0,1788391114.0,303.0,1788390768.130117,1788391127.408882,1788391267.680755,i-073b86b279423b5ed
1788391275.396179,10,1,ghcr.io/talmolab/lablink-client-base-image:linux-amd64-test@sha256:1ec2fde6860186b3d45ac83890167258f83512955dbce65f072d4e8c310cb9de,0.37648844718933105,sleap-lablink-client-prod-vm-2,running,Healthy,0,1788390738.0,1788390767.0,1788390813.0,1788391011.0,1788390949.0,1788391016.0,294.0,1788390768.130938,1788391127.407519,1788391259.914436,i-02f122d3eea1c2ca0
1788391275.396179,10,1,ghcr.io/talmolab/lablink-client-base-image:linux-amd64-test@sha256:1ec2fde6860186b3d45ac83890167258f83512955dbce65f072d4e8c310cb9de,0.37648844718933105,sleap-lablink-client-prod-vm-3,running,Healthy,0,1788390738.0,1788390767.0,1788390814.0,1788391004.0,1788390941.0,1788391018.0,296.0,1788390768.131762,1788391127.452474,1788391260.916238,i-04f09804c45834c8a
1788391275.396179,10,1,ghcr.io/talmolab/lablink-client-base-image:linux-amd64-test@sha256:1ec2fde6860186b3d45ac83890167258f83512955dbce65f072d4e8c310cb9de,0.37648844718933105,sleap-lablink-client-prod-vm-4,running,Healthy,0,1788390738.0,1788390767.0,1788390813.0,1788391010.0,1788390947.0,1788391022.0,301.0,1788390768.132688,1788391127.453282,1788391265.513889,i-0b5a2f80e58b1f49e
1788391275.396179,10,1,ghcr.io/talmolab/lablink-client-base-image:linux-amd64-test@sha256:1ec2fde6860186b3d45ac83890167258f83512955dbce65f072d4e8c310cb9de,0.37648844718933105,sleap-lablink-client-prod-vm-5,running,Healthy,0,1788390738.0,1788390767.0,1788390814.0,1788391012.0,1788390949.0,1788391024.0,302.0,1788390768.133418,1788391127.470972,1788391266.885662,i-011c62511afd69360
1788391275.396179,10,1,ghcr.io/talmolab/lablink-client-base-image:linux-amd64-test@sha256:1ec2fde6860186b3d45ac83890167258f83512955dbce65f072d4e8c310cb9de,0.37648844718933105,sleap-lablink-client-prod-vm-6,running,Healthy,0,1788390738.0,1788390767.0,1788390814.0,1788391011.0,1788390949.0,1788391022.0,299.0,1788390768.134149,1788391127.454231,1788391265.670411,i-0cceae5b4237000da
1788391275.396179,10,1,ghcr.io/talmolab/lablink-client-base-image:linux-amd64-test@sha256:1ec2fde6860186b3d45ac83890167258f83512955dbce65f072d4e8c310cb9de,0.37648844718933105,sleap-lablink-client-prod-vm-7,running,Healthy,0,1788390738.0,1788390767.0,1788390813.0,1788391004.0,1788390941.0,1788391016.0,295.0,1788390768.13509,1788391127.485072,1788391259.816821,i-04223bbc5c5f842c7
1788391275.396179,10,1,ghcr.io/talmolab/lablink-client-base-image:linux-amd64-test@sha256:1ec2fde6860186b3d45ac83890167258f83512955dbce65f072d4e8c310cb9de,0.37648844718933105,sleap-lablink-client-prod-vm-8,running,Healthy,0,1788390738.0,1788390767.0,1788390809.0,1788391003.0,1788390941.0,1788391017.0,299.0,1788390768.135877,1788391127.491438,1788391259.630183,i-0798ccd89f26d7cda
1788391275.396179,10,1,ghcr.io/talmolab/lablink-client-base-image:linux-amd64-test@sha256:1ec2fde6860186b3d45ac83890167258f83512955dbce65f072d4e8c310cb9de,0.37648844718933105,sleap-lablink-client-prod-vm-9,running,Healthy,0,1788390738.0,1788390767.0,1788390813.0,1788391010.0,1788390948.0,1788391021.0,299.0,1788390768.136603,1788391127.503832,1788391264.050477,i-0ae3bdc8eb0227987
1788391280.362974,10,1,ghcr.io/talmolab/lablink-client-base-image:linux-amd64-test@sha256:1ec2fde6860186b3d45ac83890167258f83512955dbce65f072d4e8c310cb9de,0.37648844718933105,sleap-lablink-client-prod-vm-1,running,Healthy,1,1788390738.0,1788390767.0,1788390905.0,1788391113.0,1788391050.0,1788391124.0,311.0,1788390768.128852,1788391127.40029,1788391277.020643,i-0d4ebb2bfcef19f31
1788391280.362974,10,1,ghcr.io/talmolab/lablink-client-base-image:linux-amd64-test@sha256:1ec2fde6860186b3d45ac83890167258f83512955dbce65f072d4e8c310cb9de,0.37648844718933105,sleap-lablink-client-prod-vm-10,running,Healthy,1,1788390738.0,1788390767.0,1788390902.0,1788391108.0,1788391046.0,1788391114.0,303.0,1788390768.130117,1788391127.408882,1788391267.680755,i-073b86b279423b5ed
1788391280.362974,10,1,ghcr.io/talmolab/lablink-client-base-image:linux-amd64-test@sha256:1ec2fde6860186b3d45ac83890167258f83512955dbce65f072d4e8c310cb9de,0.37648844718933105,sleap-lablink-client-prod-vm-2,running,Healthy,0,1788390738.0,1788390767.0,1788390813.0,1788391011.0,1788390949.0,1788391016.0,294.0,1788390768.130938,1788391127.407519,1788391259.914436,i-02f122d3eea1c2ca0
1788391280.362974,10,1,ghcr.io/talmolab/lablink-client-base-image:linux-amd64-test@sha256:1ec2fde6860186b3d45ac83890167258f83512955dbce65f072d4e8c310cb9de,0.37648844718933105,sleap-lablink-client-prod-vm-3,running,Healthy,0,1788390738.0,1788390767.0,1788390814.0,1788391004.0,1788390941.0,1788391018.0,296.0,1788390768.131762,1788391127.452474,1788391260.916238,i-04f09804c45834c8a
1788391280.362974,10,1,ghcr.io/talmolab/lablink-client-base-image:linux-amd64-test@sha256:1ec2fde6860186b3d45ac83890167258f83512955dbce65f072d4e8c310cb9de,0.37648844718933105,sleap-lablink-client-prod-vm-4,running,Healthy,0,1788390738.0,1788390767.0,1788390813.0,1788391010.0,1788390947.0,1788391022.0,301.0,1788390768.132688,1788391127.453282,1788391265.513889,i-0b5a2f80e58b1f49e
1788391280.362974,10,1,ghcr.io/talmolab/lablink-client-base-image:linux-amd64-test@sha256:1ec2fde6860186b3d45ac83890167258f83512955dbce65f072d4e8c310cb9de,0.37648844718933105,sleap-lablink-client-prod-vm-5,running,Healthy,0,1788390738.0,1788390767.0,1788390814.0,1788391012.0,1788390949.0,1788391024.0,302.0,1788390768.133418,1788391127.470972,1788391266.885662,i-011c62511afd69360
1788391280.362974,10,1,ghcr.io/talmolab/lablink-client-base-image:linux-amd64-test@sha256:1ec2fde6860186b3d45ac83890167258f83512955dbce65f072d4e8c310cb9de,0.37648844718933105,sleap-lablink-client-prod-vm-6,running,Healthy,0,1788390738.0,1788390767.0,1788390814.0,1788391011.0,1788390949.0,1788391022.0,299.0,1788390768.134149,1788391127.454231,1788391265.670411,i-0cceae5b4237000da
1788391280.362974,10,1,ghcr.io/talmolab/lablink-client-base-image:linux-amd64-test@sha256:1ec2fde6860186b3d45ac83890167258f83512955dbce65f072d4e8c310cb9de,0.37648844718933105,sleap-lablink-client-prod-vm-7,running,Healthy,0,1788390738.0,1788390767.0,1788390813.0,1788391004.0,1788390941.0,1788391016.0,295.0,1788390768.13509,1788391127.485072,1788391259.816821,i-04223bbc5c5f842c7
1788391280.362974,10,1,ghcr.io/talmolab/lablink-client-base-image:linux-amd64-test@sha256:1ec2fde6860186b3d45ac83890167258f83512955dbce65f072d4e8c310cb9de,0.37648844718933105,sleap-lablink-client-prod-vm-8,running,Healthy,0,1788390738.0,1788390767.0,1788390809.0,1788391003.0,1788390941.0,1788391017.0,299.0,1788390768.135877,1788391127.491438,1788391259.630183,i-0798ccd89f26d7cda
1788391280.362974,10,1,ghcr.io/talmolab/lablink-client-base-image:linux-amd64-test@sha256:1ec2fde6860186b3d45ac83890167258f83512955dbce65f072d4e8c310cb9de,0.37648844718933105,sleap-lablink-client-prod-vm-9,running,Healthy,0,1788390738.0,1788390767.0,1788390813.0,1788391010.0,1788390948.0,1788391021.0,299.0,1788390768.136603,1788391127.503832,1788391264.050477,i-0ae3bdc8eb0227987
1788391285.772098,10,1,ghcr.io/talmolab/lablink-client-base-image:linux-amd64-test@sha256:1ec2fde6860186b3d45ac83890167258f83512955dbce65f072d4e8c310cb9de,0.37648844718933105,sleap-lablink-client-prod-vm-1,running,Healthy,1,1788390738.0,1788390767.0,1788390905.0,1788391113.0,1788391050.0,1788391124.0,311.0,1788390768.128852,1788391127.40029,1788391277.020643,i-0d4ebb2bfcef19f31
1788391285.772098,10,1,ghcr.io/talmolab/lablink-client-base-image:linux-amd64-test@sha256:1ec2fde6860186b3d45ac83890167258f83512955dbce65f072d4e8c310cb9de,0.37648844718933105,sleap-lablink-client-prod-vm-10,running,Healthy,1,1788390738.0,1788390767.0,1788390902.0,1788391108.0,1788391046.0,1788391114.0,303.0,1788390768.130117,1788391127.408882,1788391267.680755,i-073b86b279423b5ed
1788391285.772098,10,1,ghcr.io/talmolab/lablink-client-base-image:linux-amd64-test@sha256:1ec2fde6860186b3d45ac83890167258f83512955dbce65f072d4e8c310cb9de,0.37648844718933105,sleap-lablink-client-prod-vm-2,running,Healthy,0,1788390738.0,1788390767.0,1788390813.0,1788391011.0,1788390949.0,1788391016.0,294.0,1788390768.130938,1788391127.407519,1788391259.914436,i-02f122d3eea1c2ca0
1788391285.772098,10,1,ghcr.io/talmolab/lablink-client-base-image:linux-amd64-test@sha256:1ec2fde6860186b3d45ac83890167258f83512955dbce65f072d4e8c310cb9de,0.37648844718933105,sleap-lablink-client-prod-vm-3,running,Healthy,0,1788390738.0,1788390767.0,1788390814.0,1788391004.0,1788390941.0,1788391018.0,296.0,1788390768.131762,1788391127.452474,1788391260.916238,i-04f09804c45834c8a
1788391285.772098,10,1,ghcr.io/talmolab/lablink-client-base-image:linux-amd64-test@sha256:1ec2fde6860186b3d45ac83890167258f83512955dbce65f072d4e8c310cb9de,0.37648844718933105,sleap-lablink-client-prod-vm-4,running,Healthy,0,1788390738.0,1788390767.0,1788390813.0,1788391010.0,1788390947.0,1788391022.0,301.0,1788390768.132688,1788391127.453282,1788391265.513889,i-0b5a2f80e58b1f49e
1788391285.772098,10,1,ghcr.io/talmolab/lablink-client-base-image:linux-amd64-test@sha256:1ec2fde6860186b3d45ac83890167258f83512955dbce65f072d4e8c310cb9de,0.37648844718933105,sleap-lablink-client-prod-vm-5,running,Healthy,0,1788390738.0,1788390767.0,1788390814.0,1788391012.0,1788390949.0,1788391024.0,302.0,1788390768.133418,1788391127.470972,1788391266.885662,i-011c62511afd69360
1788391285.772098,10,1,ghcr.io/talmolab/lablink-client-base-image:linux-amd64-test@sha256:1ec2fde6860186b3d45ac83890167258f83512955dbce65f072d4e8c310cb9de,0.37648844718933105,sleap-lablink-client-prod-vm-6,running,Healthy,0,1788390738.0,1788390767.0,1788390814.0,1788391011.0,1788390949.0,1788391022.0,299.0,1788390768.134149,1788391127.454231,1788391265.670411,i-0cceae5b4237000da
1788391285.772098,10,1,ghcr.io/talmolab/lablink-client-base-image:linux-amd64-test@sha256:1ec2fde6860186b3d45ac83890167258f83512955dbce65f072d4e8c310cb9de,0.37648844718933105,sleap-lablink-client-prod-vm-7,running,Healthy,0,1788390738.0,1788390767.0,1788390813.0,1788391004.0,1788390941.0,1788391016.0,295.0,1788390768.13509,1788391127.485072,1788391259.816821,i-04223bbc5c5f842c7
1788391285.772098,10,1,ghcr.io/talmolab/lablink-client-base-image:linux-amd64-test@sha256:1ec2fde6860186b3d45ac83890167258f83512955dbce65f072d4e8c310cb9de,0.37648844718933105,sleap-lablink-client-prod-vm-8,running,Healthy,0,1788390738.0,1788390767.0,1788390809.0,1788391003.0,1788390941.0,1788391017.0,299.0,1788390768.135877,1788391127.491438,1788391259.630183,i-0798ccd89f26d7cda
1788391285.772098,10,1,ghcr.io/talmolab/lablink-client-base-image:linux-amd64-test@sha256:1ec2fde6860186b3d45ac83890167258f83512955dbce65f072d4e8c310cb9de,0.37648844718933105,sleap-lablink-client-prod-vm-9,running,Healthy,0,1788390738.0,1788390767.0,1788390813.0,1788391010.0,1788390948.0,1788391021.0,299.0,1788390768.136603,1788391127.503832,1788391264.050477,i-0ae3bdc8eb0227987
1788391290.433894,10,1,ghcr.io/talmolab/lablink-client-base-image:linux-amd64-test@sha256:1ec2fde6860186b3d45ac83890167258f83512955dbce65f072d4e8c310cb9de,0.37648844718933105,sleap-lablink-client-prod-vm-1,running,Healthy,1,1788390738.0,1788390767.0,1788390905.0,1788391113.0,1788391050.0,1788391124.0,311.0,1788390768.128852,1788391127.40029,1788391277.020643,i-0d4ebb2bfcef19f31
1788391290.433894,10,1,ghcr.io/talmolab/lablink-client-base-image:linux-amd64-test@sha256:1ec2fde6860186b3d45ac83890167258f83512955dbce65f072d4e8c310cb9de,0.37648844718933105,sleap-lablink-client-prod-vm-10,running,Healthy,1,1788390738.0,1788390767.0,1788390902.0,1788391108.0,1788391046.0,1788391114.0,303.0,1788390768.130117,1788391127.408882,1788391267.680755,i-073b86b279423b5ed
1788391290.433894,10,1,ghcr.io/talmolab/lablink-client-base-image:linux-amd64-test@sha256:1ec2fde6860186b3d45ac83890167258f83512955dbce65f072d4e8c310cb9de,0.37648844718933105,sleap-lablink-client-prod-vm-2,running,Healthy,0,1788390738.0,1788390767.0,1788390813.0,1788391011.0,1788390949.0,1788391016.0,294.0,1788390768.130938,1788391127.407519,1788391289.935217,i-02f122d3eea1c2ca0
1788391290.433894,10,1,ghcr.io/talmolab/lablink-client-base-image:linux-amd64-test@sha256:1ec2fde6860186b3d45ac83890167258f83512955dbce65f072d4e8c310cb9de,0.37648844718933105,sleap-lablink-client-prod-vm-3,running,Healthy,0,1788390738.0,1788390767.0,1788390814.0,1788391004.0,1788390941.0,1788391018.0,296.0,1788390768.131762,1788391127.452474,1788391260.916238,i-04f09804c45834c8a
1788391290.433894,10,1,ghcr.io/talmolab/lablink-client-base-image:linux-amd64-test@sha256:1ec2fde6860186b3d45ac83890167258f83512955dbce65f072d4e8c310cb9de,0.37648844718933105,sleap-lablink-client-prod-vm-4,running,Healthy,0,1788390738.0,1788390767.0,1788390813.0,1788391010.0,1788390947.0,1788391022.0,301.0,1788390768.132688,1788391127.453282,1788391265.513889,i-0b5a2f80e58b1f49e
1788391290.433894,10,1,ghcr.io/talmolab/lablink-client-base-image:linux-amd64-test@sha256:1ec2fde6860186b3d45ac83890167258f83512955dbce65f072d4e8c310cb9de,0.37648844718933105,sleap-lablink-client-prod-vm-5,running,Healthy,0,1788390738.0,1788390767.0,1788390814.0,1788391012.0,1788390949.0,1788391024.0,302.0,1788390768.133418,1788391127.470972,1788391266.885662,i-011c62511afd69360
1788391290.433894,10,1,ghcr.io/talmolab/lablink-client-base-image:linux-amd64-test@sha256:1ec2fde6860186b3d45ac83890167258f83512955dbce65f072d4e8c310cb9de,0.37648844718933105,sleap-lablink-client-prod-vm-6,running,Healthy,0,1788390738.0,1788390767.0,1788390814.0,1788391011.0,1788390949.0,1788391022.0,299.0,1788390768.134149,1788391127.454231,1788391265.670411,i-0cceae5b4237000da
1788391290.433894,10,1,ghcr.io/talmolab/lablink-client-base-image:linux-amd64-test@sha256:1ec2fde6860186b3d45ac83890167258f83512955dbce65f072d4e8c310cb9de,0.37648844718933105,sleap-lablink-client-prod-vm-7,running,Healthy,0,1788390738.0,1788390767.0,1788390813.0,1788391004.0,1788390941.0,1788391016.0,295.0,1788390768.13509,1788391127.485072,1788391289.839548,i-04223bbc5c5f842c7
1788391290.433894,10,1,ghcr.io/talmolab/lablink-client-base-image:linux-amd64-test@sha256:1ec2fde6860186b3d45ac83890167258f83512955dbce65f072d4e8c310cb9de,0.37648844718933105,sleap-lablink-client-prod-vm-8,running,Healthy,0,1788390738.0,1788390767.0,1788390809.0,1788391003.0,1788390941.0,1788391017.0,299.0,1788390768.135877,1788391127.491438,1788391289.650848,i-0798ccd89f26d7cda
1788391290.433894,10,1,ghcr.io/talmolab/lablink-client-base-image:linux-amd64-test@sha256:1ec2fde6860186b3d45ac83890167258f83512955dbce65f072d4e8c310cb9de,0.37648844718933105,sleap-lablink-client-prod-vm-9,running,Healthy,0,1788390738.0,1788390767.0,1788390813.0,1788391010.0,1788390948.0,1788391021.0,299.0,1788390768.136603,1788391127.503832,1788391264.050477,i-0ae3bdc8eb0227987
1788391295.394569,10,1,ghcr.io/talmolab/lablink-client-base-image:linux-amd64-test@sha256:1ec2fde6860186b3d45ac83890167258f83512955dbce65f072d4e8c310cb9de,0.37648844718933105,sleap-lablink-client-prod-vm-1,running,Healthy,1,1788390738.0,1788390767.0,1788390905.0,1788391113.0,1788391050.0,1788391124.0,311.0,1788390768.128852,1788391127.40029,1788391277.020643,i-0d4ebb2bfcef19f31
1788391295.394569,10,1,ghcr.io/talmolab/lablink-client-base-image:linux-amd64-test@sha256:1ec2fde6860186b3d45ac83890167258f83512955dbce65f072d4e8c310cb9de,0.37648844718933105,sleap-lablink-client-prod-vm-10,running,Healthy,1,1788390738.0,1788390767.0,1788390902.0,1788391108.0,1788391046.0,1788391114.0,303.0,1788390768.130117,1788391127.408882,1788391267.680755,i-073b86b279423b5ed
1788391295.394569,10,1,ghcr.io/talmolab/lablink-client-base-image:linux-amd64-test@sha256:1ec2fde6860186b3d45ac83890167258f83512955dbce65f072d4e8c310cb9de,0.37648844718933105,sleap-lablink-client-prod-vm-2,running,Healthy,0,1788390738.0,1788390767.0,1788390813.0,1788391011.0,1788390949.0,1788391016.0,294.0,1788390768.130938,1788391127.407519,1788391289.935217,i-02f122d3eea1c2ca0
1788391295.394569,10,1,ghcr.io/talmolab/lablink-client-base-image:linux-amd64-test@sha256:1ec2fde6860186b3d45ac83890167258f83512955dbce65f072d4e8c310cb9de,0.37648844718933105,sleap-lablink-client-prod-vm-3,running,Healthy,0,1788390738.0,1788390767.0,1788390814.0,1788391004.0,1788390941.0,1788391018.0,296.0,1788390768.131762,1788391127.452474,1788391290.937923,i-04f09804c45834c8a
1788391295.394569,10,1,ghcr.io/talmolab/lablink-client-base-image:linux-amd64-test@sha256:1ec2fde6860186b3d45ac83890167258f83512955dbce65f072d4e8c310cb9de,0.37648844718933105,sleap-lablink-client-prod-vm-4,running,Healthy,0,1788390738.0,1788390767.0,1788390813.0,1788391010.0,1788390947.0,1788391022.0,301.0,1788390768.132688,1788391127.453282,1788391265.513889,i-0b5a2f80e58b1f49e
1788391295.394569,10,1,ghcr.io/talmolab/lablink-client-base-image:linux-amd64-test@sha256:1ec2fde6860186b3d45ac83890167258f83512955dbce65f072d4e8c310cb9de,0.37648844718933105,sleap-lablink-client-prod-vm-5,running,Healthy,0,1788390738.0,1788390767.0,1788390814.0,1788391012.0,1788390949.0,1788391024.0,302.0,1788390768.133418,1788391127.470972,1788391266.885662,i-011c62511afd69360
1788391295.394569,10,1,ghcr.io/talmolab/lablink-client-base-image:linux-amd64-test@sha256:1ec2fde6860186b3d45ac83890167258f83512955dbce65f072d4e8c310cb9de,0.37648844718933105,sleap-lablink-client-prod-vm-6,running,Healthy,0,1788390738.0,1788390767.0,1788390814.0,1788391011.0,1788390949.0,1788391022.0,299.0,1788390768.134149,1788391127.454231,1788391265.670411,i-0cceae5b4237000da
1788391295.394569,10,1,ghcr.io/talmolab/lablink-client-base-image:linux-amd64-test@sha256:1ec2fde6860186b3d45ac83890167258f83512955dbce65f072d4e8c310cb9de,0.37648844718933105,sleap-lablink-client-prod-vm-7,running,Healthy,0,1788390738.0,1788390767.0,1788390813.0,1788391004.0,1788390941.0,1788391016.0,295.0,1788390768.13509,1788391127.485072,1788391289.839548,i-04223bbc5c5f842c7
1788391295.394569,10,1,ghcr.io/talmolab/lablink-client-base-image:linux-amd64-test@sha256:1ec2fde6860186b3d45ac83890167258f83512955dbce65f072d4e8c310cb9de,0.37648844718933105,sleap-lablink-client-prod-vm-8,running,Healthy,0,1788390738.0,1788390767.0,1788390809.0,1788391003.0,1788390941.0,1788391017.0,299.0,1788390768.135877,1788391127.491438,1788391289.650848,i-0798ccd89f26d7cda
1788391295.394569,10,1,ghcr.io/talmolab/lablink-client-base-image:linux-amd64-test@sha256:1ec2fde6860186b3d45ac83890167258f83512955dbce65f072d4e8c310cb9de,0.37648844718933105,sleap-lablink-client-prod-vm-9,running,Healthy,0,1788390738.0,1788390767.0,1788390813.0,1788391010.0,1788390948.0,1788391021.0,299.0,1788390768.136603,1788391127.503832,1788391294.071257,i-0ae3bdc8eb0227987
1788391300.3827221,10,1,ghcr.io/talmolab/lablink-client-base-image:linux-amd64-test@sha256:1ec2fde6860186b3d45ac83890167258f83512955dbce65f072d4e8c310cb9de,0.37648844718933105,sleap-lablink-client-prod-vm-1,running,Healthy,1,1788390738.0,1788390767.0,1788390905.0,1788391113.0,1788391050.0,1788391124.0,311.0,1788390768.128852,1788391127.40029,1788391277.020643,i-0d4ebb2bfcef19f31
1788391300.3827221,10,1,ghcr.io/talmolab/lablink-client-base-image:linux-amd64-test@sha256:1ec2fde6860186b3d45ac83890167258f83512955dbce65f072d4e8c310cb9de,0.37648844718933105,sleap-lablink-client-prod-vm-10,running,Healthy,1,1788390738.0,1788390767.0,1788390902.0,1788391108.0,1788391046.0,1788391114.0,303.0,1788390768.130117,1788391127.408882,1788391297.853314,i-073b86b279423b5ed
1788391300.3827221,10,1,ghcr.io/talmolab/lablink-client-base-image:linux-amd64-test@sha256:1ec2fde6860186b3d45ac83890167258f83512955dbce65f072d4e8c310cb9de,0.37648844718933105,sleap-lablink-client-prod-vm-2,running,Healthy,0,1788390738.0,1788390767.0,1788390813.0,1788391011.0,1788390949.0,1788391016.0,294.0,1788390768.130938,1788391127.407519,1788391289.935217,i-02f122d3eea1c2ca0
1788391300.3827221,10,1,ghcr.io/talmolab/lablink-client-base-image:linux-amd64-test@sha256:1ec2fde6860186b3d45ac83890167258f83512955dbce65f072d4e8c310cb9de,0.37648844718933105,sleap-lablink-client-prod-vm-3,running,Healthy,0,1788390738.0,1788390767.0,1788390814.0,1788391004.0,1788390941.0,1788391018.0,296.0,1788390768.131762,1788391127.452474,1788391290.937923,i-04f09804c45834c8a
1788391300.3827221,10,1,ghcr.io/talmolab/lablink-client-base-image:linux-amd64-test@sha256:1ec2fde6860186b3d45ac83890167258f83512955dbce65f072d4e8c310cb9de,0.37648844718933105,sleap-lablink-client-prod-vm-4,running,Healthy,0,1788390738.0,1788390767.0,1788390813.0,1788391010.0,1788390947.0,1788391022.0,301.0,1788390768.132688,1788391127.453282,1788391295.542359,i-0b5a2f80e58b1f49e
1788391300.3827221,10,1,ghcr.io/talmolab/lablink-client-base-image:linux-amd64-test@sha256:1ec2fde6860186b3d45ac83890167258f83512955dbce65f072d4e8c310cb9de,0.37648844718933105,sleap-lablink-client-prod-vm-5,running,Healthy,0,1788390738.0,1788390767.0,1788390814.0,1788391012.0,1788390949.0,1788391024.0,302.0,1788390768.133418,1788391127.470972,1788391296.906378,i-011c62511afd69360
1788391300.3827221,10,1,ghcr.io/talmolab/lablink-client-base-image:linux-amd64-test@sha256:1ec2fde6860186b3d45ac83890167258f83512955dbce65f072d4e8c310cb9de,0.37648844718933105,sleap-lablink-client-prod-vm-6,running,Healthy,0,1788390738.0,1788390767.0,1788390814.0,1788391011.0,1788390949.0,1788391022.0,299.0,1788390768.134149,1788391127.454231,1788391295.690988,i-0cceae5b4237000da
1788391300.3827221,10,1,ghcr.io/talmolab/lablink-client-base-image:linux-amd64-test@sha256:1ec2fde6860186b3d45ac83890167258f83512955dbce65f072d4e8c310cb9de,0.37648844718933105,sleap-lablink-client-prod-vm-7,running,Healthy,0,1788390738.0,1788390767.0,1788390813.0,1788391004.0,1788390941.0,1788391016.0,295.0,1788390768.13509,1788391127.485072,1788391289.839548,i-04223bbc5c5f842c7
1788391300.3827221,10,1,ghcr.io/talmolab/lablink-client-base-image:linux-amd64-test@sha256:1ec2fde6860186b3d45ac83890167258f83512955dbce65f072d4e8c310cb9de,0.37648844718933105,sleap-lablink-client-prod-vm-8,running,Healthy,0,1788390738.0,1788390767.0,1788390809.0,1788391003.0,1788390941.0,1788391017.0,299.0,1788390768.135877,1788391127.491438,1788391289.650848,i-0798ccd89f26d7cda
1788391300.3827221,10,1,ghcr.io/talmolab/lablink-client-base-image:linux-amd64-test@sha256:1ec2fde6860186b3d45ac83890167258f83512955dbce65f072d4e8c310cb9de,0.37648844718933105,sleap-lablink-client-prod-vm-9,running,Healthy,0,1788390738.0,1788390767.0,1788390813.0,1788391010.0,1788390948.0,1788391021.0,299.0,1788390768.136603,1788391127.503832,1788391294.071257,i-0ae3bdc8eb0227987
1788391305.5193348,10,1,ghcr.io/talmolab/lablink-client-base-image:linux-amd64-test@sha256:1ec2fde6860186b3d45ac83890167258f83512955dbce65f072d4e8c310cb9de,0.37648844718933105,sleap-lablink-client-prod-vm-1,running,Healthy,1,1788390738.0,1788390767.0,1788390905.0,1788391113.0,1788391050.0,1788391124.0,311.0,1788390768.128852,1788391127.40029,1788391277.020643,i-0d4ebb2bfcef19f31
1788391305.5193348,10,1,ghcr.io/talmolab/lablink-client-base-image:linux-amd64-test@sha256:1ec2fde6860186b3d45ac83890167258f83512955dbce65f072d4e8c310cb9de,0.37648844718933105,sleap-lablink-client-prod-vm-10,running,Healthy,1,1788390738.0,1788390767.0,1788390902.0,1788391108.0,1788391046.0,1788391114.0,303.0,1788390768.130117,1788391127.408882,1788391297.853314,i-073b86b279423b5ed
1788391305.5193348,10,1,ghcr.io/talmolab/lablink-client-base-image:linux-amd64-test@sha256:1ec2fde6860186b3d45ac83890167258f83512955dbce65f072d4e8c310cb9de,0.37648844718933105,sleap-lablink-client-prod-vm-2,running,Healthy,0,1788390738.0,1788390767.0,1788390813.0,1788391011.0,1788390949.0,1788391016.0,294.0,1788390768.130938,1788391127.407519,1788391289.935217,i-02f122d3eea1c2ca0
1788391305.5193348,10,1,ghcr.io/talmolab/lablink-client-base-image:linux-amd64-test@sha256:1ec2fde6860186b3d45ac83890167258f83512955dbce65f072d4e8c310cb9de,0.37648844718933105,sleap-lablink-client-prod-vm-3,running,Healthy,0,1788390738.0,1788390767.0,1788390814.0,1788391004.0,1788390941.0,1788391018.0,296.0,1788390768.131762,1788391127.452474,1788391290.937923,i-04f09804c45834c8a
1788391305.5193348,10,1,ghcr.io/talmolab/lablink-client-base-image:linux-amd64-test@sha256:1ec2fde6860186b3d45ac83890167258f83512955dbce65f072d4e8c310cb9de,0.37648844718933105,sleap-lablink-client-prod-vm-4,running,Healthy,0,1788390738.0,1788390767.0,1788390813.0,1788391010.0,1788390947.0,1788391022.0,301.0,1788390768.132688,1788391127.453282,1788391295.542359,i-0b5a2f80e58b1f49e
1788391305.5193348,10,1,ghcr.io/talmolab/lablink-client-base-image:linux-amd64-test@sha256:1ec2fde6860186b3d45ac83890167258f83512955dbce65f072d4e8c310cb9de,0.37648844718933105,sleap-lablink-client-prod-vm-5,running,Healthy,0,1788390738.0,1788390767.0,1788390814.0,1788391012.0,1788390949.0,1788391024.0,302.0,1788390768.133418,1788391127.470972,1788391296.906378,i-011c62511afd69360
1788391305.5193348,10,1,ghcr.io/talmolab/lablink-client-base-image:linux-amd64-test@sha256:1ec2fde6860186b3d45ac83890167258f83512955dbce65f072d4e8c310cb9de,0.37648844718933105,sleap-lablink-client-prod-vm-6,running,Healthy,0,1788390738.0,1788390767.0,1788390814.0,1788391011.0,1788390949.0,1788391022.0,299.0,1788390768.134149,1788391127.454231,1788391295.690988,i-0cceae5b4237000da
1788391305.5193348,10,1,ghcr.io/talmolab/lablink-client-base-image:linux-amd64-test@sha256:1ec2fde6860186b3d45ac83890167258f83512955dbce65f072d4e8c310cb9de,0.37648844718933105,sleap-lablink-client-prod-vm-7,running,Healthy,0,1788390738.0,1788390767.0,1788390813.0,1788391004.0,1788390941.0,1788391016.0,295.0,1788390768.13509,1788391127.485072,1788391289.839548,i-04223bbc5c5f842c7
1788391305.5193348,10,1,ghcr.io/talmolab/lablink-client-base-image:linux-amd64-test@sha256:1ec2fde6860186b3d45ac83890167258f83512955dbce65f072d4e8c310cb9de,0.37648844718933105,sleap-lablink-client-prod-vm-8,running,Healthy,0,1788390738.0,1788390767.0,1788390809.0,1788391003.0,1788390941.0,1788391017.0,299.0,1788390768.135877,1788391127.491438,1788391289.650848,i-0798ccd89f26d7cda
1788391305.5193348,10,1,ghcr.io/talmolab/lablink-client-base-image:linux-amd64-test@sha256:1ec2fde6860186b3d45ac83890167258f83512955dbce65f072d4e8c310cb9de,0.37648844718933105,sleap-lablink-client-prod-vm-9,running,Healthy,0,1788390738.0,1788390767.0,1788390813.0,1788391010.0,1788390948.0,1788391021.0,299.0,1788390768.136603,1788391127.503832,1788391294.071257,i-0ae3bdc8eb0227987
1788391310.425217,10,1,ghcr.io/talmolab/lablink-client-base-image:linux-amd64-test@sha256:1ec2fde6860186b3d45ac83890167258f83512955dbce65f072d4e8c310cb9de,0.37648844718933105,sleap-lablink-client-prod-vm-1,running,Healthy,1,1788390738.0,1788390767.0,1788390905.0,1788391113.0,1788391050.0,1788391124.0,311.0,1788390768.128852,1788391127.40029,1788391307.193634,i-0d4ebb2bfcef19f31
1788391310.425217,10,1,ghcr.io/talmolab/lablink-client-base-image:linux-amd64-test@sha256:1ec2fde6860186b3d45ac83890167258f83512955dbce65f072d4e8c310cb9de,0.37648844718933105,sleap-lablink-client-prod-vm-10,running,Healthy,1,1788390738.0,1788390767.0,1788390902.0,1788391108.0,1788391046.0,1788391114.0,303.0,1788390768.130117,1788391127.408882,1788391297.853314,i-073b86b279423b5ed
1788391310.425217,10,1,ghcr.io/talmolab/lablink-client-base-image:linux-amd64-test@sha256:1ec2fde6860186b3d45ac83890167258f83512955dbce65f072d4e8c310cb9de,0.37648844718933105,sleap-lablink-client-prod-vm-2,running,Healthy,0,1788390738.0,1788390767.0,1788390813.0,1788391011.0,1788390949.0,1788391016.0,294.0,1788390768.130938,1788391127.407519,1788391289.935217,i-02f122d3eea1c2ca0
1788391310.425217,10,1,ghcr.io/talmolab/lablink-client-base-image:linux-amd64-test@sha256:1ec2fde6860186b3d45ac83890167258f83512955dbce65f072d4e8c310cb9de,0.37648844718933105,sleap-lablink-client-prod-vm-3,running,Healthy,0,1788390738.0,1788390767.0,1788390814.0,1788391004.0,1788390941.0,1788391018.0,296.0,1788390768.131762,1788391127.452474,1788391290.937923,i-04f09804c45834c8a
1788391310.425217,10,1,ghcr.io/talmolab/lablink-client-base-image:linux-amd64-test@sha256:1ec2fde6860186b3d45ac83890167258f83512955dbce65f072d4e8c310cb9de,0.37648844718933105,sleap-lablink-client-prod-vm-4,running,Healthy,0,1788390738.0,1788390767.0,1788390813.0,1788391010.0,1788390947.0,1788391022.0,301.0,1788390768.132688,1788391127.453282,1788391295.542359,i-0b5a2f80e58b1f49e
1788391310.425217,10,1,ghcr.io/talmolab/lablink-client-base-image:linux-amd64-test@sha256:1ec2fde6860186b3d45ac83890167258f83512955dbce65f072d4e8c310cb9de,0.37648844718933105,sleap-lablink-client-prod-vm-5,running,Healthy,0,1788390738.0,1788390767.0,1788390814.0,1788391012.0,1788390949.0,1788391024.0,302.0,1788390768.133418,1788391127.470972,1788391296.906378,i-011c62511afd69360
1788391310.425217,10,1,ghcr.io/talmolab/lablink-client-base-image:linux-amd64-test@sha256:1ec2fde6860186b3d45ac83890167258f83512955dbce65f072d4e8c310cb9de,0.37648844718933105,sleap-lablink-client-prod-vm-6,running,Healthy,0,1788390738.0,1788390767.0,1788390814.0,1788391011.0,1788390949.0,1788391022.0,299.0,1788390768.134149,1788391127.454231,1788391295.690988,i-0cceae5b4237000da
1788391310.425217,10,1,ghcr.io/talmolab/lablink-client-base-image:linux-amd64-test@sha256:1ec2fde6860186b3d45ac83890167258f83512955dbce65f072d4e8c310cb9de,0.37648844718933105,sleap-lablink-client-prod-vm-7,running,Healthy,0,1788390738.0,1788390767.0,1788390813.0,1788391004.0,1788390941.0,1788391016.0,295.0,1788390768.13509,1788391127.485072,1788391289.839548,i-04223bbc5c5f842c7
1788391310.425217,10,1,ghcr.io/talmolab/lablink-client-base-image:linux-amd64-test@sha256:1ec2fde6860186b3d45ac83890167258f83512955dbce65f072d4e8c310cb9de,0.37648844718933105,sleap-lablink-client-prod-vm-8,running,Healthy,0,1788390738.0,1788390767.0,1788390809.0,1788391003.0,1788390941.0,1788391017.0,299.0,1788390768.135877,1788391127.491438,1788391289.650848,i-0798ccd89f26d7cda
1788391310.425217,10,1,ghcr.io/talmolab/lablink-client-base-image:linux-amd64-test@sha256:1ec2fde6860186b3d45ac83890167258f83512955dbce65f072d4e8c310cb9de,0.37648844718933105,sleap-lablink-client-prod-vm-9,running,Healthy,0,1788390738.0,1788390767.0,1788390813.0,1788391010.0,1788390948.0,1788391021.0,299.0,1788390768.136603,1788391127.503832,1788391294.071257,i-0ae3bdc8eb0227987
1788391315.4661918,10,1,ghcr.io/talmolab/lablink-client-base-image:linux-amd64-test@sha256:1ec2fde6860186b3d45ac83890167258f83512955dbce65f072d4e8c310cb9de,0.37648844718933105,sleap-lablink-client-prod-vm-1,running,Healthy,1,1788390738.0,1788390767.0,1788390905.0,1788391113.0,1788391050.0,1788391124.0,311.0,1788390768.128852,1788391127.40029,1788391307.193634,i-0d4ebb2bfcef19f31
1788391315.4661918,10,1,ghcr.io/talmolab/lablink-client-base-image:linux-amd64-test@sha256:1ec2fde6860186b3d45ac83890167258f83512955dbce65f072d4e8c310cb9de,0.37648844718933105,sleap-lablink-client-prod-vm-10,running,Healthy,1,1788390738.0,1788390767.0,1788390902.0,1788391108.0,1788391046.0,1788391114.0,303.0,1788390768.130117,1788391127.408882,1788391297.853314,i-073b86b279423b5ed
1788391315.4661918,10,1,ghcr.io/talmolab/lablink-client-base-image:linux-amd64-test@sha256:1ec2fde6860186b3d45ac83890167258f83512955dbce65f072d4e8c310cb9de,0.37648844718933105,sleap-lablink-client-prod-vm-2,running,Healthy,0,1788390738.0,1788390767.0,1788390813.0,1788391011.0,1788390949.0,1788391016.0,294.0,1788390768.130938,1788391127.407519,1788391289.935217,i-02f122d3eea1c2ca0
1788391315.4661918,10,1,ghcr.io/talmolab/lablink-client-base-image:linux-amd64-test@sha256:1ec2fde6860186b3d45ac83890167258f83512955dbce65f072d4e8c310cb9de,0.37648844718933105,sleap-lablink-client-prod-vm-3,running,Healthy,0,1788390738.0,1788390767.0,1788390814.0,1788391004.0,1788390941.0,1788391018.0,296.0,1788390768.131762,1788391127.452474,1788391290.937923,i-04f09804c45834c8a
1788391315.4661918,10,1,ghcr.io/talmolab/lablink-client-base-image:linux-amd64-test@sha256:1ec2fde6860186b3d45ac83890167258f83512955dbce65f072d4e8c310cb9de,0.37648844718933105,sleap-lablink-client-prod-vm-4,running,Healthy,0,1788390738.0,1788390767.0,1788390813.0,1788391010.0,1788390947.0,1788391022.0,301.0,1788390768.132688,1788391127.453282,1788391295.542359,i-0b5a2f80e58b1f49e
1788391315.4661918,10,1,ghcr.io/talmolab/lablink-client-base-image:linux-amd64-test@sha256:1ec2fde6860186b3d45ac83890167258f83512955dbce65f072d4e8c310cb9de,0.37648844718933105,sleap-lablink-client-prod-vm-5,running,Healthy,0,1788390738.0,1788390767.0,1788390814.0,1788391012.0,1788390949.0,1788391024.0,302.0,1788390768.133418,1788391127.470972,1788391296.906378,i-011c62511afd69360
1788391315.4661918,10,1,ghcr.io/talmolab/lablink-client-base-image:linux-amd64-test@sha256:1ec2fde6860186b3d45ac83890167258f83512955dbce65f072d4e8c310cb9de,0.37648844718933105,sleap-lablink-client-prod-vm-6,running,Healthy,0,1788390738.0,1788390767.0,1788390814.0,1788391011.0,1788390949.0,1788391022.0,299.0,1788390768.134149,1788391127.454231,1788391295.690988,i-0cceae5b4237000da
1788391315.4661918,10,1,ghcr.io/talmolab/lablink-client-base-image:linux-amd64-test@sha256:1ec2fde6860186b3d45ac83890167258f83512955dbce65f072d4e8c310cb9de,0.37648844718933105,sleap-lablink-client-prod-vm-7,running,Healthy,0,1788390738.0,1788390767.0,1788390813.0,1788391004.0,1788390941.0,1788391016.0,295.0,1788390768.13509,1788391127.485072,1788391289.839548,i-04223bbc5c5f842c7
1788391315.4661918,10,1,ghcr.io/talmolab/lablink-client-base-image:linux-amd64-test@sha256:1ec2fde6860186b3d45ac83890167258f83512955dbce65f072d4e8c310cb9de,0.37648844718933105,sleap-lablink-client-prod-vm-8,running,Healthy,0,1788390738.0,1788390767.0,1788390809.0,1788391003.0,1788390941.0,1788391017.0,299.0,1788390768.135877,1788391127.491438,1788391289.650848,i-0798ccd89f26d7cda
1788391315.4661918,10,1,ghcr.io/talmolab/lablink-client-base-image:linux-amd64-test@sha256:1ec2fde6860186b3d45ac83890167258f83512955dbce65f072d4e8c310cb9de,0.37648844718933105,sleap-lablink-client-prod-vm-9,running,Healthy,0,1788390738.0,1788390767.0,1788390813.0,1788391010.0,1788390948.0,1788391021.0,299.0,1788390768.136603,1788391127.503832,1788391294.071257,i-0ae3bdc8eb0227987
1788391320.4851232,10,1,ghcr.io/talmolab/lablink-client-base-image:linux-amd64-test@sha256:1ec2fde6860186b3d45ac83890167258f83512955dbce65f072d4e8c310cb9de,0.37648844718933105,sleap-lablink-client-prod-vm-1,running,Healthy,1,1788390738.0,1788390767.0,1788390905.0,1788391113.0,1788391050.0,1788391124.0,311.0,1788390768.128852,1788391127.40029,1788391307.193634,i-0d4ebb2bfcef19f31
1788391320.4851232,10,1,ghcr.io/talmolab/lablink-client-base-image:linux-amd64-test@sha256:1ec2fde6860186b3d45ac83890167258f83512955dbce65f072d4e8c310cb9de,0.37648844718933105,sleap-lablink-client-prod-vm-10,running,Healthy,1,1788390738.0,1788390767.0,1788390902.0,1788391108.0,1788391046.0,1788391114.0,303.0,1788390768.130117,1788391127.408882,1788391297.853314,i-073b86b279423b5ed
1788391320.4851232,10,1,ghcr.io/talmolab/lablink-client-base-image:linux-amd64-test@sha256:1ec2fde6860186b3d45ac83890167258f83512955dbce65f072d4e8c310cb9de,0.37648844718933105,sleap-lablink-client-prod-vm-2,running,Healthy,0,1788390738.0,1788390767.0,1788390813.0,1788391011.0,1788390949.0,1788391016.0,294.0,1788390768.130938,1788391127.407519,1788391320.168749,i-02f122d3eea1c2ca0
1788391320.4851232,10,1,ghcr.io/talmolab/lablink-client-base-image:linux-amd64-test@sha256:1ec2fde6860186b3d45ac83890167258f83512955dbce65f072d4e8c310cb9de,0.37648844718933105,sleap-lablink-client-prod-vm-3,running,Healthy,0,1788390738.0,1788390767.0,1788390814.0,1788391004.0,1788390941.0,1788391018.0,296.0,1788390768.131762,1788391127.452474,1788391290.937923,i-04f09804c45834c8a
1788391320.4851232,10,1,ghcr.io/talmolab/lablink-client-base-image:linux-amd64-test@sha256:1ec2fde6860186b3d45ac83890167258f83512955dbce65f072d4e8c310cb9de,0.37648844718933105,sleap-lablink-client-prod-vm-4,running,Healthy,0,1788390738.0,1788390767.0,1788390813.0,1788391010.0,1788390947.0,1788391022.0,301.0,1788390768.132688,1788391127.453282,1788391295.542359,i-0b5a2f80e58b1f49e
1788391320.4851232,10,1,ghcr.io/talmolab/lablink-client-base-image:linux-amd64-test@sha256:1ec2fde6860186b3d45ac83890167258f83512955dbce65f072d4e8c310cb9de,0.37648844718933105,sleap-lablink-client-prod-vm-5,running,Healthy,0,1788390738.0,1788390767.0,1788390814.0,1788391012.0,1788390949.0,1788391024.0,302.0,1788390768.133418,1788391127.470972,1788391296.906378,i-011c62511afd69360
1788391320.4851232,10,1,ghcr.io/talmolab/lablink-client-base-image:linux-amd64-test@sha256:1ec2fde6860186b3d45ac83890167258f83512955dbce65f072d4e8c310cb9de,0.37648844718933105,sleap-lablink-client-prod-vm-6,running,Healthy,0,1788390738.0,1788390767.0,1788390814.0,1788391011.0,1788390949.0,1788391022.0,299.0,1788390768.134149,1788391127.454231,1788391295.690988,i-0cceae5b4237000da
1788391320.4851232,10,1,ghcr.io/talmolab/lablink-client-base-image:linux-amd64-test@sha256:1ec2fde6860186b3d45ac83890167258f83512955dbce65f072d4e8c310cb9de,0.37648844718933105,sleap-lablink-client-prod-vm-7,running,Healthy,0,1788390738.0,1788390767.0,1788390813.0,1788391004.0,1788390941.0,1788391016.0,295.0,1788390768.13509,1788391127.485072,1788391320.076346,i-04223bbc5c5f842c7
1788391320.4851232,10,1,ghcr.io/talmolab/lablink-client-base-image:linux-amd64-test@sha256:1ec2fde6860186b3d45ac83890167258f83512955dbce65f072d4e8c310cb9de,0.37648844718933105,sleap-lablink-client-prod-vm-8,running,Healthy,0,1788390738.0,1788390767.0,1788390809.0,1788391003.0,1788390941.0,1788391017.0,299.0,1788390768.135877,1788391127.491438,1788391319.82845,i-0798ccd89f26d7cda
1788391320.4851232,10,1,ghcr.io/talmolab/lablink-client-base-image:linux-amd64-test@sha256:1ec2fde6860186b3d45ac83890167258f83512955dbce65f072d4e8c310cb9de,0.37648844718933105,sleap-lablink-client-prod-vm-9,running,Healthy,0,1788390738.0,1788390767.0,1788390813.0,1788391010.0,1788390948.0,1788391021.0,299.0,1788390768.136603,1788391127.503832,1788391294.071257,i-0ae3bdc8eb0227987
1788391325.4225652,10,1,ghcr.io/talmolab/lablink-client-base-image:linux-amd64-test@sha256:1ec2fde6860186b3d45ac83890167258f83512955dbce65f072d4e8c310cb9de,0.37648844718933105,sleap-lablink-client-prod-vm-1,running,Healthy,1,1788390738.0,1788390767.0,1788390905.0,1788391113.0,1788391050.0,1788391124.0,311.0,1788390768.128852,1788391127.40029,1788391307.193634,i-0d4ebb2bfcef19f31
1788391325.4225652,10,1,ghcr.io/talmolab/lablink-client-base-image:linux-amd64-test@sha256:1ec2fde6860186b3d45ac83890167258f83512955dbce65f072d4e8c310cb9de,0.37648844718933105,sleap-lablink-client-prod-vm-10,running,Healthy,1,1788390738.0,1788390767.0,1788390902.0,1788391108.0,1788391046.0,1788391114.0,303.0,1788390768.130117,1788391127.408882,1788391297.853314,i-073b86b279423b5ed
1788391325.4225652,10,1,ghcr.io/talmolab/lablink-client-base-image:linux-amd64-test@sha256:1ec2fde6860186b3d45ac83890167258f83512955dbce65f072d4e8c310cb9de,0.37648844718933105,sleap-lablink-client-prod-vm-2,running,Healthy,0,1788390738.0,1788390767.0,1788390813.0,1788391011.0,1788390949.0,1788391016.0,294.0,1788390768.130938,1788391127.407519,1788391320.168749,i-02f122d3eea1c2ca0
1788391325.4225652,10,1,ghcr.io/talmolab/lablink-client-base-image:linux-amd64-test@sha256:1ec2fde6860186b3d45ac83890167258f83512955dbce65f072d4e8c310cb9de,0.37648844718933105,sleap-lablink-client-prod-vm-3,running,Healthy,0,1788390738.0,1788390767.0,1788390814.0,1788391004.0,1788390941.0,1788391018.0,296.0,1788390768.131762,1788391127.452474,1788391321.154525,i-04f09804c45834c8a
1788391325.4225652,10,1,ghcr.io/talmolab/lablink-client-base-image:linux-amd64-test@sha256:1ec2fde6860186b3d45ac83890167258f83512955dbce65f072d4e8c310cb9de,0.37648844718933105,sleap-lablink-client-prod-vm-4,running,Healthy,0,1788390738.0,1788390767.0,1788390813.0,1788391010.0,1788390947.0,1788391022.0,301.0,1788390768.132688,1788391127.453282,1788391295.542359,i-0b5a2f80e58b1f49e
1788391325.4225652,10,1,ghcr.io/talmolab/lablink-client-base-image:linux-amd64-test@sha256:1ec2fde6860186b3d45ac83890167258f83512955dbce65f072d4e8c310cb9de,0.37648844718933105,sleap-lablink-client-prod-vm-5,running,Healthy,0,1788390738.0,1788390767.0,1788390814.0,1788391012.0,1788390949.0,1788391024.0,302.0,1788390768.133418,1788391127.470972,1788391296.906378,i-011c62511afd69360
1788391325.4225652,10,1,ghcr.io/talmolab/lablink-client-base-image:linux-amd64-test@sha256:1ec2fde6860186b3d45ac83890167258f83512955dbce65f072d4e8c310cb9de,0.37648844718933105,sleap-lablink-client-prod-vm-6,running,Healthy,0,1788390738.0,1788390767.0,1788390814.0,1788391011.0,1788390949.0,1788391022.0,299.0,1788390768.134149,1788391127.454231,1788391295.690988,i-0cceae5b4237000da
1788391325.4225652,10,1,ghcr.io/talmolab/lablink-client-base-image:linux-amd64-test@sha256:1ec2fde6860186b3d45ac83890167258f83512955dbce65f072d4e8c310cb9de,0.37648844718933105,sleap-lablink-client-prod-vm-7,running,Healthy,0,1788390738.0,1788390767.0,1788390813.0,1788391004.0,1788390941.0,1788391016.0,295.0,1788390768.13509,1788391127.485072,1788391320.076346,i-04223bbc5c5f842c7
1788391325.4225652,10,1,ghcr.io/talmolab/lablink-client-base-image:linux-amd64-test@sha256:1ec2fde6860186b3d45ac83890167258f83512955dbce65f072d4e8c310cb9de,0.37648844718933105,sleap-lablink-client-prod-vm-8,running,Healthy,0,1788390738.0,1788390767.0,1788390809.0,1788391003.0,1788390941.0,1788391017.0,299.0,1788390768.135877,1788391127.491438,1788391319.82845,i-0798ccd89f26d7cda
1788391325.4225652,10,1,ghcr.io/talmolab/lablink-client-base-image:linux-amd64-test@sha256:1ec2fde6860186b3d45ac83890167258f83512955dbce65f072d4e8c310cb9de,0.37648844718933105,sleap-lablink-client-prod-vm-9,running,Healthy,0,1788390738.0,1788390767.0,1788390813.0,1788391010.0,1788390948.0,1788391021.0,299.0,1788390768.136603,1788391127.503832,1788391324.244241,i-0ae3bdc8eb0227987
1788391330.447791,10,1,ghcr.io/talmolab/lablink-client-base-image:linux-amd64-test@sha256:1ec2fde6860186b3d45ac83890167258f83512955dbce65f072d4e8c310cb9de,0.37648844718933105,sleap-lablink-client-prod-vm-1,running,Healthy,1,1788390738.0,1788390767.0,1788390905.0,1788391113.0,1788391050.0,1788391124.0,311.0,1788390768.128852,1788391127.40029,1788391307.193634,i-0d4ebb2bfcef19f31
1788391330.447791,10,1,ghcr.io/talmolab/lablink-client-base-image:linux-amd64-test@sha256:1ec2fde6860186b3d45ac83890167258f83512955dbce65f072d4e8c310cb9de,0.37648844718933105,sleap-lablink-client-prod-vm-10,running,Healthy,1,1788390738.0,1788390767.0,1788390902.0,1788391108.0,1788391046.0,1788391114.0,303.0,1788390768.130117,1788391127.408882,1788391327.87412,i-073b86b279423b5ed
1788391330.447791,10,1,ghcr.io/talmolab/lablink-client-base-image:linux-amd64-test@sha256:1ec2fde6860186b3d45ac83890167258f83512955dbce65f072d4e8c310cb9de,0.37648844718933105,sleap-lablink-client-prod-vm-2,running,Healthy,0,1788390738.0,1788390767.0,1788390813.0,1788391011.0,1788390949.0,1788391016.0,294.0,1788390768.130938,1788391127.407519,1788391320.168749,i-02f122d3eea1c2ca0
1788391330.447791,10,1,ghcr.io/talmolab/lablink-client-base-image:linux-amd64-test@sha256:1ec2fde6860186b3d45ac83890167258f83512955dbce65f072d4e8c310cb9de,0.37648844718933105,sleap-lablink-client-prod-vm-3,running,Healthy,0,1788390738.0,1788390767.0,1788390814.0,1788391004.0,1788390941.0,1788391018.0,296.0,1788390768.131762,1788391127.452474,1788391321.154525,i-04f09804c45834c8a
1788391330.447791,10,1,ghcr.io/talmolab/lablink-client-base-image:linux-amd64-test@sha256:1ec2fde6860186b3d45ac83890167258f83512955dbce65f072d4e8c310cb9de,0.37648844718933105,sleap-lablink-client-prod-vm-4,running,Healthy,0,1788390738.0,1788390767.0,1788390813.0,1788391010.0,1788390947.0,1788391022.0,301.0,1788390768.132688,1788391127.453282,1788391325.748184,i-0b5a2f80e58b1f49e
1788391330.447791,10,1,ghcr.io/talmolab/lablink-client-base-image:linux-amd64-test@sha256:1ec2fde6860186b3d45ac83890167258f83512955dbce65f072d4e8c310cb9de,0.37648844718933105,sleap-lablink-client-prod-vm-5,running,Healthy,0,1788390738.0,1788390767.0,1788390814.0,1788391012.0,1788390949.0,1788391024.0,302.0,1788390768.133418,1788391127.470972,1788391327.077499,i-011c62511afd69360
1788391330.447791,10,1,ghcr.io/talmolab/lablink-client-base-image:linux-amd64-test@sha256:1ec2fde6860186b3d45ac83890167258f83512955dbce65f072d4e8c310cb9de,0.37648844718933105,sleap-lablink-client-prod-vm-6,running,Healthy,0,1788390738.0,1788390767.0,1788390814.0,1788391011.0,1788390949.0,1788391022.0,299.0,1788390768.134149,1788391127.454231,1788391325.872407,i-0cceae5b4237000da
1788391330.447791,10,1,ghcr.io/talmolab/lablink-client-base-image:linux-amd64-test@sha256:1ec2fde6860186b3d45ac83890167258f83512955dbce65f072d4e8c310cb9de,0.37648844718933105,sleap-lablink-client-prod-vm-7,running,Healthy,0,1788390738.0,1788390767.0,1788390813.0,1788391004.0,1788390941.0,1788391016.0,295.0,1788390768.13509,1788391127.485072,1788391320.076346,i-04223bbc5c5f842c7
1788391330.447791,10,1,ghcr.io/talmolab/lablink-client-base-image:linux-amd64-test@sha256:1ec2fde6860186b3d45ac83890167258f83512955dbce65f072d4e8c310cb9de,0.37648844718933105,sleap-lablink-client-prod-vm-8,running,Healthy,0,1788390738.0,1788390767.0,1788390809.0,1788391003.0,1788390941.0,1788391017.0,299.0,1788390768.135877,1788391127.491438,1788391319.82845,i-0798ccd89f26d7cda
1788391330.447791,10,1,ghcr.io/talmolab/lablink-client-base-image:linux-amd64-test@sha256:1ec2fde6860186b3d45ac83890167258f83512955dbce65f072d4e8c310cb9de,0.37648844718933105,sleap-lablink-client-prod-vm-9,running,Healthy,0,1788390738.0,1788390767.0,1788390813.0,1788391010.0,1788390948.0,1788391021.0,299.0,1788390768.136603,1788391127.503832,1788391324.244241,i-0ae3bdc8eb0227987
1788391335.3924549,10,1,ghcr.io/talmolab/lablink-client-base-image:linux-amd64-test@sha256:1ec2fde6860186b3d45ac83890167258f83512955dbce65f072d4e8c310cb9de,0.37648844718933105,sleap-lablink-client-prod-vm-1,running,Healthy,1,1788390738.0,1788390767.0,1788390905.0,1788391113.0,1788391050.0,1788391124.0,311.0,1788390768.128852,1788391127.40029,1788391307.193634,i-0d4ebb2bfcef19f31
1788391335.3924549,10,1,ghcr.io/talmolab/lablink-client-base-image:linux-amd64-test@sha256:1ec2fde6860186b3d45ac83890167258f83512955dbce65f072d4e8c310cb9de,0.37648844718933105,sleap-lablink-client-prod-vm-10,running,Healthy,1,1788390738.0,1788390767.0,1788390902.0,1788391108.0,1788391046.0,1788391114.0,303.0,1788390768.130117,1788391127.408882,1788391327.87412,i-073b86b279423b5ed
1788391335.3924549,10,1,ghcr.io/talmolab/lablink-client-base-image:linux-amd64-test@sha256:1ec2fde6860186b3d45ac83890167258f83512955dbce65f072d4e8c310cb9de,0.37648844718933105,sleap-lablink-client-prod-vm-2,running,Healthy,0,1788390738.0,1788390767.0,1788390813.0,1788391011.0,1788390949.0,1788391016.0,294.0,1788390768.130938,1788391127.407519,1788391320.168749,i-02f122d3eea1c2ca0
1788391335.3924549,10,1,ghcr.io/talmolab/lablink-client-base-image:linux-amd64-test@sha256:1ec2fde6860186b3d45ac83890167258f83512955dbce65f072d4e8c310cb9de,0.37648844718933105,sleap-lablink-client-prod-vm-3,running,Healthy,0,1788390738.0,1788390767.0,1788390814.0,1788391004.0,1788390941.0,1788391018.0,296.0,1788390768.131762,1788391127.452474,1788391321.154525,i-04f09804c45834c8a
1788391335.3924549,10,1,ghcr.io/talmolab/lablink-client-base-image:linux-amd64-test@sha256:1ec2fde6860186b3d45ac83890167258f83512955dbce65f072d4e8c310cb9de,0.37648844718933105,sleap-lablink-client-prod-vm-4,running,Healthy,0,1788390738.0,1788390767.0,1788390813.0,1788391010.0,1788390947.0,1788391022.0,301.0,1788390768.132688,1788391127.453282,1788391325.748184,i-0b5a2f80e58b1f49e
1788391335.3924549,10,1,ghcr.io/talmolab/lablink-client-base-image:linux-amd64-test@sha256:1ec2fde6860186b3d45ac83890167258f83512955dbce65f072d4e8c310cb9de,0.37648844718933105,sleap-lablink-client-prod-vm-5,running,Healthy,0,1788390738.0,1788390767.0,1788390814.0,1788391012.0,1788390949.0,1788391024.0,302.0,1788390768.133418,1788391127.470972,1788391327.077499,i-011c62511afd69360
1788391335.3924549,10,1,ghcr.io/talmolab/lablink-client-base-image:linux-amd64-test@sha256:1ec2fde6860186b3d45ac83890167258f83512955dbce65f072d4e8c310cb9de,0.37648844718933105,sleap-lablink-client-prod-vm-6,running,Healthy,0,1788390738.0,1788390767.0,1788390814.0,1788391011.0,1788390949.0,1788391022.0,299.0,1788390768.134149,1788391127.454231,1788391325.872407,i-0cceae5b4237000da
1788391335.3924549,10,1,ghcr.io/talmolab/lablink-client-base-image:linux-amd64-test@sha256:1ec2fde6860186b3d45ac83890167258f83512955dbce65f072d4e8c310cb9de,0.37648844718933105,sleap-lablink-client-prod-vm-7,running,Healthy,0,1788390738.0,1788390767.0,1788390813.0,1788391004.0,1788390941.0,1788391016.0,295.0,1788390768.13509,1788391127.485072,1788391320.076346,i-04223bbc5c5f842c7
1788391335.3924549,10,1,ghcr.io/talmolab/lablink-client-base-image:linux-amd64-test@sha256:1ec2fde6860186b3d45ac83890167258f83512955dbce65f072d4e8c310cb9de,0.37648844718933105,sleap-lablink-client-prod-vm-8,running,Healthy,0,1788390738.0,1788390767.0,1788390809.0,1788391003.0,1788390941.0,1788391017.0,299.0,1788390768.135877,1788391127.491438,1788391319.82845,i-0798ccd89f26d7cda
1788391335.3924549,10,1,ghcr.io/talmolab/lablink-client-base-image:linux-amd64-test@sha256:1ec2fde6860186b3d45ac83890167258f83512955dbce65f072d4e8c310cb9de,0.37648844718933105,sleap-lablink-client-prod-vm-9,running,Healthy,0,1788390738.0,1788390767.0,1788390813.0,1788391010.0,1788390948.0,1788391021.0,299.0,1788390768.136603,1788391127.503832,1788391324.244241,i-0ae3bdc8eb0227987
1788391340.4313788,10,1,ghcr.io/talmolab/lablink-client-base-image:linux-amd64-test@sha256:1ec2fde6860186b3d45ac83890167258f83512955dbce65f072d4e8c310cb9de,0.37648844718933105,sleap-lablink-client-prod-vm-1,running,Healthy,1,1788390738.0,1788390767.0,1788390905.0,1788391113.0,1788391050.0,1788391124.0,311.0,1788390768.128852,1788391127.40029,1788391337.213675,i-0d4ebb2bfcef19f31
1788391340.4313788,10,1,ghcr.io/talmolab/lablink-client-base-image:linux-amd64-test@sha256:1ec2fde6860186b3d45ac83890167258f83512955dbce65f072d4e8c310cb9de,0.37648844718933105,sleap-lablink-client-prod-vm-10,running,Healthy,1,1788390738.0,1788390767.0,1788390902.0,1788391108.0,1788391046.0,1788391114.0,303.0,1788390768.130117,1788391127.408882,1788391327.87412,i-073b86b279423b5ed
1788391340.4313788,10,1,ghcr.io/talmolab/lablink-client-base-image:linux-amd64-test@sha256:1ec2fde6860186b3d45ac83890167258f83512955dbce65f072d4e8c310cb9de,0.37648844718933105,sleap-lablink-client-prod-vm-2,running,Healthy,0,1788390738.0,1788390767.0,1788390813.0,1788391011.0,1788390949.0,1788391016.0,294.0,1788390768.130938,1788391127.407519,1788391320.168749,i-02f122d3eea1c2ca0
1788391340.4313788,10,1,ghcr.io/talmolab/lablink-client-base-image:linux-amd64-test@sha256:1ec2fde6860186b3d45ac83890167258f83512955dbce65f072d4e8c310cb9de,0.37648844718933105,sleap-lablink-client-prod-vm-3,running,Healthy,0,1788390738.0,1788390767.0,1788390814.0,1788391004.0,1788390941.0,1788391018.0,296.0,1788390768.131762,1788391127.452474,1788391321.154525,i-04f09804c45834c8a
1788391340.4313788,10,1,ghcr.io/talmolab/lablink-client-base-image:linux-amd64-test@sha256:1ec2fde6860186b3d45ac83890167258f83512955dbce65f072d4e8c310cb9de,0.37648844718933105,sleap-lablink-client-prod-vm-4,running,Healthy,0,1788390738.0,1788390767.0,1788390813.0,1788391010.0,1788390947.0,1788391022.0,301.0,1788390768.132688,1788391127.453282,1788391325.748184,i-0b5a2f80e58b1f49e
1788391340.4313788,10,1,ghcr.io/talmolab/lablink-client-base-image:linux-amd64-test@sha256:1ec2fde6860186b3d45ac83890167258f83512955dbce65f072d4e8c310cb9de,0.37648844718933105,sleap-lablink-client-prod-vm-5,running,Healthy,0,1788390738.0,1788390767.0,1788390814.0,1788391012.0,1788390949.0,1788391024.0,302.0,1788390768.133418,1788391127.470972,1788391327.077499,i-011c62511afd69360
1788391340.4313788,10,1,ghcr.io/talmolab/lablink-client-base-image:linux-amd64-test@sha256:1ec2fde6860186b3d45ac83890167258f83512955dbce65f072d4e8c310cb9de,0.37648844718933105,sleap-lablink-client-prod-vm-6,running,Healthy,0,1788390738.0,1788390767.0,1788390814.0,1788391011.0,1788390949.0,1788391022.0,299.0,1788390768.134149,1788391127.454231,1788391325.872407,i-0cceae5b4237000da
1788391340.4313788,10,1,ghcr.io/talmolab/lablink-client-base-image:linux-amd64-test@sha256:1ec2fde6860186b3d45ac83890167258f83512955dbce65f072d4e8c310cb9de,0.37648844718933105,sleap-lablink-client-prod-vm-7,running,Healthy,0,1788390738.0,1788390767.0,1788390813.0,1788391004.0,1788390941.0,1788391016.0,295.0,1788390768.13509,1788391127.485072,1788391320.076346,i-04223bbc5c5f842c7
1788391340.4313788,10,1,ghcr.io/talmolab/lablink-client-base-image:linux-amd64-test@sha256:1ec2fde6860186b3d45ac83890167258f83512955dbce65f072d4e8c310cb9de,0.37648844718933105,sleap-lablink-client-prod-vm-8,running,Healthy,0,1788390738.0,1788390767.0,1788390809.0,1788391003.0,1788390941.0,1788391017.0,299.0,1788390768.135877,1788391127.491438,1788391319.82845,i-0798ccd89f26d7cda
1788391340.4313788,10,1,ghcr.io/talmolab/lablink-client-base-image:linux-amd64-test@sha256:1ec2fde6860186b3d45ac83890167258f83512955dbce65f072d4e8c310cb9de,0.37648844718933105,sleap-lablink-client-prod-vm-9,running,Healthy,0,1788390738.0,1788390767.0,1788390813.0,1788391010.0,1788390948.0,1788391021.0,299.0,1788390768.136603,1788391127.503832,1788391324.244241,i-0ae3bdc8eb0227987
1788391345.437815,10,1,ghcr.io/talmolab/lablink-client-base-image:linux-amd64-test@sha256:1ec2fde6860186b3d45ac83890167258f83512955dbce65f072d4e8c310cb9de,0.37648844718933105,sleap-lablink-client-prod-vm-1,running,Healthy,1,1788390738.0,1788390767.0,1788390905.0,1788391113.0,1788391050.0,1788391124.0,311.0,1788390768.128852,1788391127.40029,1788391337.213675,i-0d4ebb2bfcef19f31
1788391345.437815,10,1,ghcr.io/talmolab/lablink-client-base-image:linux-amd64-test@sha256:1ec2fde6860186b3d45ac83890167258f83512955dbce65f072d4e8c310cb9de,0.37648844718933105,sleap-lablink-client-prod-vm-10,running,Healthy,1,1788390738.0,1788390767.0,1788390902.0,1788391108.0,1788391046.0,1788391114.0,303.0,1788390768.130117,1788391127.408882,1788391327.87412,i-073b86b279423b5ed
1788391345.437815,10,1,ghcr.io/talmolab/lablink-client-base-image:linux-amd64-test@sha256:1ec2fde6860186b3d45ac83890167258f83512955dbce65f072d4e8c310cb9de,0.37648844718933105,sleap-lablink-client-prod-vm-2,running,Healthy,0,1788390738.0,1788390767.0,1788390813.0,1788391011.0,1788390949.0,1788391016.0,294.0,1788390768.130938,1788391127.407519,1788391320.168749,i-02f122d3eea1c2ca0
1788391345.437815,10,1,ghcr.io/talmolab/lablink-client-base-image:linux-amd64-test@sha256:1ec2fde6860186b3d45ac83890167258f83512955dbce65f072d4e8c310cb9de,0.37648844718933105,sleap-lablink-client-prod-vm-3,running,Healthy,0,1788390738.0,1788390767.0,1788390814.0,1788391004.0,1788390941.0,1788391018.0,296.0,1788390768.131762,1788391127.452474,1788391321.154525,i-04f09804c45834c8a
1788391345.437815,10,1,ghcr.io/talmolab/lablink-client-base-image:linux-amd64-test@sha256:1ec2fde6860186b3d45ac83890167258f83512955dbce65f072d4e8c310cb9de,0.37648844718933105,sleap-lablink-client-prod-vm-4,running,Healthy,0,1788390738.0,1788390767.0,1788390813.0,1788391010.0,1788390947.0,1788391022.0,301.0,1788390768.132688,1788391127.453282,1788391325.748184,i-0b5a2f80e58b1f49e
1788391345.437815,10,1,ghcr.io/talmolab/lablink-client-base-image:linux-amd64-test@sha256:1ec2fde6860186b3d45ac83890167258f83512955dbce65f072d4e8c310cb9de,0.37648844718933105,sleap-lablink-client-prod-vm-5,running,Healthy,0,1788390738.0,1788390767.0,1788390814.0,1788391012.0,1788390949.0,1788391024.0,302.0,1788390768.133418,1788391127.470972,1788391327.077499,i-011c62511afd69360
1788391345.437815,10,1,ghcr.io/talmolab/lablink-client-base-image:linux-amd64-test@sha256:1ec2fde6860186b3d45ac83890167258f83512955dbce65f072d4e8c310cb9de,0.37648844718933105,sleap-lablink-client-prod-vm-6,running,Healthy,0,1788390738.0,1788390767.0,1788390814.0,1788391011.0,1788390949.0,1788391022.0,299.0,1788390768.134149,1788391127.454231,1788391325.872407,i-0cceae5b4237000da
1788391345.437815,10,1,ghcr.io/talmolab/lablink-client-base-image:linux-amd64-test@sha256:1ec2fde6860186b3d45ac83890167258f83512955dbce65f072d4e8c310cb9de,0.37648844718933105,sleap-lablink-client-prod-vm-7,running,Healthy,0,1788390738.0,1788390767.0,1788390813.0,1788391004.0,1788390941.0,1788391016.0,295.0,1788390768.13509,1788391127.485072,1788391320.076346,i-04223bbc5c5f842c7
1788391345.437815,10,1,ghcr.io/talmolab/lablink-client-base-image:linux-amd64-test@sha256:1ec2fde6860186b3d45ac83890167258f83512955dbce65f072d4e8c310cb9de,0.37648844718933105,sleap-lablink-client-prod-vm-8,running,Healthy,0,1788390738.0,1788390767.0,1788390809.0,1788391003.0,1788390941.0,1788391017.0,299.0,1788390768.135877,1788391127.491438,1788391319.82845,i-0798ccd89f26d7cda
1788391345.437815,10,1,ghcr.io/talmolab/lablink-client-base-image:linux-amd64-test@sha256:1ec2fde6860186b3d45ac83890167258f83512955dbce65f072d4e8c310cb9de,0.37648844718933105,sleap-lablink-client-prod-vm-9,running,Healthy,0,1788390738.0,1788390767.0,1788390813.0,1788391010.0,1788390948.0,1788391021.0,299.0,1788390768.136603,1788391127.503832,1788391324.244241,i-0ae3bdc8eb0227987
1788391350.4261482,10,1,ghcr.io/talmolab/lablink-client-base-image:linux-amd64-test@sha256:1ec2fde6860186b3d45ac83890167258f83512955dbce65f072d4e8c310cb9de,0.37648844718933105,sleap-lablink-client-prod-vm-1,running,Healthy,1,1788390738.0,1788390767.0,1788390905.0,1788391113.0,1788391050.0,1788391124.0,311.0,1788390768.128852,1788391127.40029,1788391337.213675,i-0d4ebb2bfcef19f31
1788391350.4261482,10,1,ghcr.io/talmolab/lablink-client-base-image:linux-amd64-test@sha256:1ec2fde6860186b3d45ac83890167258f83512955dbce65f072d4e8c310cb9de,0.37648844718933105,sleap-lablink-client-prod-vm-10,running,Healthy,1,1788390738.0,1788390767.0,1788390902.0,1788391108.0,1788391046.0,1788391114.0,303.0,1788390768.130117,1788391127.408882,1788391327.87412,i-073b86b279423b5ed
1788391350.4261482,10,1,ghcr.io/talmolab/lablink-client-base-image:linux-amd64-test@sha256:1ec2fde6860186b3d45ac83890167258f83512955dbce65f072d4e8c310cb9de,0.37648844718933105,sleap-lablink-client-prod-vm-2,running,Healthy,0,1788390738.0,1788390767.0,1788390813.0,1788391011.0,1788390949.0,1788391016.0,294.0,1788390768.130938,1788391127.407519,1788391350.188769,i-02f122d3eea1c2ca0
1788391350.4261482,10,1,ghcr.io/talmolab/lablink-client-base-image:linux-amd64-test@sha256:1ec2fde6860186b3d45ac83890167258f83512955dbce65f072d4e8c310cb9de,0.37648844718933105,sleap-lablink-client-prod-vm-3,running,Healthy,0,1788390738.0,1788390767.0,1788390814.0,1788391004.0,1788390941.0,1788391018.0,296.0,1788390768.131762,1788391127.452474,1788391321.154525,i-04f09804c45834c8a
1788391350.4261482,10,1,ghcr.io/talmolab/lablink-client-base-image:linux-amd64-test@sha256:1ec2fde6860186b3d45ac83890167258f83512955dbce65f072d4e8c310cb9de,0.37648844718933105,sleap-lablink-client-prod-vm-4,running,Healthy,0,1788390738.0,1788390767.0,1788390813.0,1788391010.0,1788390947.0,1788391022.0,301.0,1788390768.132688,1788391127.453282,1788391325.748184,i-0b5a2f80e58b1f49e
1788391350.4261482,10,1,ghcr.io/talmolab/lablink-client-base-image:linux-amd64-test@sha256:1ec2fde6860186b3d45ac83890167258f83512955dbce65f072d4e8c310cb9de,0.37648844718933105,sleap-lablink-client-prod-vm-5,running,Healthy,0,1788390738.0,1788390767.0,1788390814.0,1788391012.0,1788390949.0,1788391024.0,302.0,1788390768.133418,1788391127.470972,1788391327.077499,i-011c62511afd69360
1788391350.4261482,10,1,ghcr.io/talmolab/lablink-client-base-image:linux-amd64-test@sha256:1ec2fde6860186b3d45ac83890167258f83512955dbce65f072d4e8c310cb9de,0.37648844718933105,sleap-lablink-client-prod-vm-6,running,Healthy,0,1788390738.0,1788390767.0,1788390814.0,1788391011.0,1788390949.0,1788391022.0,299.0,1788390768.134149,1788391127.454231,1788391325.872407,i-0cceae5b4237000da
1788391350.4261482,10,1,ghcr.io/talmolab/lablink-client-base-image:linux-amd64-test@sha256:1ec2fde6860186b3d45ac83890167258f83512955dbce65f072d4e8c310cb9de,0.37648844718933105,sleap-lablink-client-prod-vm-7,running,Healthy,0,1788390738.0,1788390767.0,1788390813.0,1788391004.0,1788390941.0,1788391016.0,295.0,1788390768.13509,1788391127.485072,1788391350.097158,i-04223bbc5c5f842c7
1788391350.4261482,10,1,ghcr.io/talmolab/lablink-client-base-image:linux-amd64-test@sha256:1ec2fde6860186b3d45ac83890167258f83512955dbce65f072d4e8c310cb9de,0.37648844718933105,sleap-lablink-client-prod-vm-8,running,Healthy,0,1788390738.0,1788390767.0,1788390809.0,1788391003.0,1788390941.0,1788391017.0,299.0,1788390768.135877,1788391127.491438,1788391349.848383,i-0798ccd89f26d7cda
1788391350.4261482,10,1,ghcr.io/talmolab/lablink-client-base-image:linux-amd64-test@sha256:1ec2fde6860186b3d45ac83890167258f83512955dbce65f072d4e8c310cb9de,0.37648844718933105,sleap-lablink-client-prod-vm-9,running,Healthy,0,1788390738.0,1788390767.0,1788390813.0,1788391010.0,1788390948.0,1788391021.0,299.0,1788390768.136603,1788391127.503832,1788391324.244241,i-0ae3bdc8eb0227987
1788391355.446201,10,1,ghcr.io/talmolab/lablink-client-base-image:linux-amd64-test@sha256:1ec2fde6860186b3d45ac83890167258f83512955dbce65f072d4e8c310cb9de,0.37648844718933105,sleap-lablink-client-prod-vm-1,running,Healthy,1,1788390738.0,1788390767.0,1788390905.0,1788391113.0,1788391050.0,1788391124.0,311.0,1788390768.128852,1788391127.40029,1788391337.213675,i-0d4ebb2bfcef19f31
1788391355.446201,10,1,ghcr.io/talmolab/lablink-client-base-image:linux-amd64-test@sha256:1ec2fde6860186b3d45ac83890167258f83512955dbce65f072d4e8c310cb9de,0.37648844718933105,sleap-lablink-client-prod-vm-10,running,Healthy,1,1788390738.0,1788390767.0,1788390902.0,1788391108.0,1788391046.0,1788391114.0,303.0,1788390768.130117,1788391127.408882,1788391327.87412,i-073b86b279423b5ed
1788391355.446201,10,1,ghcr.io/talmolab/lablink-client-base-image:linux-amd64-test@sha256:1ec2fde6860186b3d45ac83890167258f83512955dbce65f072d4e8c310cb9de,0.37648844718933105,sleap-lablink-client-prod-vm-2,running,Healthy,0,1788390738.0,1788390767.0,1788390813.0,1788391011.0,1788390949.0,1788391016.0,294.0,1788390768.130938,1788391127.407519,1788391350.188769,i-02f122d3eea1c2ca0
1788391355.446201,10,1,ghcr.io/talmolab/lablink-client-base-image:linux-amd64-test@sha256:1ec2fde6860186b3d45ac83890167258f83512955dbce65f072d4e8c310cb9de,0.37648844718933105,sleap-lablink-client-prod-vm-3,running,Healthy,0,1788390738.0,1788390767.0,1788390814.0,1788391004.0,1788390941.0,1788391018.0,296.0,1788390768.131762,1788391127.452474,1788391351.177043,i-04f09804c45834c8a
1788391355.446201,10,1,ghcr.io/talmolab/lablink-client-base-image:linux-amd64-test@sha256:1ec2fde6860186b3d45ac83890167258f83512955dbce65f072d4e8c310cb9de,0.37648844718933105,sleap-lablink-client-prod-vm-4,running,Healthy,0,1788390738.0,1788390767.0,1788390813.0,1788391010.0,1788390947.0,1788391022.0,301.0,1788390768.132688,1788391127.453282,1788391325.748184,i-0b5a2f80e58b1f49e
1788391355.446201,10,1,ghcr.io/talmolab/lablink-client-base-image:linux-amd64-test@sha256:1ec2fde6860186b3d45ac83890167258f83512955dbce65f072d4e8c310cb9de,0.37648844718933105,sleap-lablink-client-prod-vm-5,running,Healthy,0,1788390738.0,1788390767.0,1788390814.0,1788391012.0,1788390949.0,1788391024.0,302.0,1788390768.133418,1788391127.470972,1788391327.077499,i-011c62511afd69360
1788391355.446201,10,1,ghcr.io/talmolab/lablink-client-base-image:linux-amd64-test@sha256:1ec2fde6860186b3d45ac83890167258f83512955dbce65f072d4e8c310cb9de,0.37648844718933105,sleap-lablink-client-prod-vm-6,running,Healthy,0,1788390738.0,1788390767.0,1788390814.0,1788391011.0,1788390949.0,1788391022.0,299.0,1788390768.134149,1788391127.454231,1788391325.872407,i-0cceae5b4237000da
1788391355.446201,10,1,ghcr.io/talmolab/lablink-client-base-image:linux-amd64-test@sha256:1ec2fde6860186b3d45ac83890167258f83512955dbce65f072d4e8c310cb9de,0.37648844718933105,sleap-lablink-client-prod-vm-7,running,Healthy,0,1788390738.0,1788390767.0,1788390813.0,1788391004.0,1788390941.0,1788391016.0,295.0,1788390768.13509,1788391127.485072,1788391350.097158,i-04223bbc5c5f842c7
1788391355.446201,10,1,ghcr.io/talmolab/lablink-client-base-image:linux-amd64-test@sha256:1ec2fde6860186b3d45ac83890167258f83512955dbce65f072d4e8c310cb9de,0.37648844718933105,sleap-lablink-client-prod-vm-8,running,Healthy,0,1788390738.0,1788390767.0,1788390809.0,1788391003.0,1788390941.0,1788391017.0,299.0,1788390768.135877,1788391127.491438,1788391349.848383,i-0798ccd89f26d7cda
1788391355.446201,10,1,ghcr.io/talmolab/lablink-client-base-image:linux-amd64-test@sha256:1ec2fde6860186b3d45ac83890167258f83512955dbce65f072d4e8c310cb9de,0.37648844718933105,sleap-lablink-client-prod-vm-9,running,Healthy,0,1788390738.0,1788390767.0,1788390813.0,1788391010.0,1788390948.0,1788391021.0,299.0,1788390768.136603,1788391127.503832,1788391354.264387,i-0ae3bdc8eb0227987
1788391360.534675,10,1,ghcr.io/talmolab/lablink-client-base-image:linux-amd64-test@sha256:1ec2fde6860186b3d45ac83890167258f83512955dbce65f072d4e8c310cb9de,0.37648844718933105,sleap-lablink-client-prod-vm-1,running,Healthy,1,1788390738.0,1788390767.0,1788390905.0,1788391113.0,1788391050.0,1788391124.0,311.0,1788390768.128852,1788391127.40029,1788391337.213675,i-0d4ebb2bfcef19f31
1788391360.534675,10,1,ghcr.io/talmolab/lablink-client-base-image:linux-amd64-test@sha256:1ec2fde6860186b3d45ac83890167258f83512955dbce65f072d4e8c310cb9de,0.37648844718933105,sleap-lablink-client-prod-vm-10,running,Healthy,1,1788390738.0,1788390767.0,1788390902.0,1788391108.0,1788391046.0,1788391114.0,303.0,1788390768.130117,1788391127.408882,1788391358.043441,i-073b86b279423b5ed
1788391360.534675,10,1,ghcr.io/talmolab/lablink-client-base-image:linux-amd64-test@sha256:1ec2fde6860186b3d45ac83890167258f83512955dbce65f072d4e8c310cb9de,0.37648844718933105,sleap-lablink-client-prod-vm-2,running,Healthy,0,1788390738.0,1788390767.0,1788390813.0,1788391011.0,1788390949.0,1788391016.0,294.0,1788390768.130938,1788391127.407519,1788391350.188769,i-02f122d3eea1c2ca0
1788391360.534675,10,1,ghcr.io/talmolab/lablink-client-base-image:linux-amd64-test@sha256:1ec2fde6860186b3d45ac83890167258f83512955dbce65f072d4e8c310cb9de,0.37648844718933105,sleap-lablink-client-prod-vm-3,running,Healthy,0,1788390738.0,1788390767.0,1788390814.0,1788391004.0,1788390941.0,1788391018.0,296.0,1788390768.131762,1788391127.452474,1788391351.177043,i-04f09804c45834c8a
1788391360.534675,10,1,ghcr.io/talmolab/lablink-client-base-image:linux-amd64-test@sha256:1ec2fde6860186b3d45ac83890167258f83512955dbce65f072d4e8c310cb9de,0.37648844718933105,sleap-lablink-client-prod-vm-4,running,Healthy,0,1788390738.0,1788390767.0,1788390813.0,1788391010.0,1788390947.0,1788391022.0,301.0,1788390768.132688,1788391127.453282,1788391355.770254,i-0b5a2f80e58b1f49e
1788391360.534675,10,1,ghcr.io/talmolab/lablink-client-base-image:linux-amd64-test@sha256:1ec2fde6860186b3d45ac83890167258f83512955dbce65f072d4e8c310cb9de,0.37648844718933105,sleap-lablink-client-prod-vm-5,running,Healthy,0,1788390738.0,1788390767.0,1788390814.0,1788391012.0,1788390949.0,1788391024.0,302.0,1788390768.133418,1788391127.470972,1788391357.09762,i-011c62511afd69360
1788391360.534675,10,1,ghcr.io/talmolab/lablink-client-base-image:linux-amd64-test@sha256:1ec2fde6860186b3d45ac83890167258f83512955dbce65f072d4e8c310cb9de,0.37648844718933105,sleap-lablink-client-prod-vm-6,running,Healthy,0,1788390738.0,1788390767.0,1788390814.0,1788391011.0,1788390949.0,1788391022.0,299.0,1788390768.134149,1788391127.454231,1788391355.892832,i-0cceae5b4237000da
1788391360.534675,10,1,ghcr.io/talmolab/lablink-client-base-image:linux-amd64-test@sha256:1ec2fde6860186b3d45ac83890167258f83512955dbce65f072d4e8c310cb9de,0.37648844718933105,sleap-lablink-client-prod-vm-7,running,Healthy,0,1788390738.0,1788390767.0,1788390813.0,1788391004.0,1788390941.0,1788391016.0,295.0,1788390768.13509,1788391127.485072,1788391350.097158,i-04223bbc5c5f842c7
1788391360.534675,10,1,ghcr.io/talmolab/lablink-client-base-image:linux-amd64-test@sha256:1ec2fde6860186b3d45ac83890167258f83512955dbce65f072d4e8c310cb9de,0.37648844718933105,sleap-lablink-client-prod-vm-8,running,Healthy,0,1788390738.0,1788390767.0,1788390809.0,1788391003.0,1788390941.0,1788391017.0,299.0,1788390768.135877,1788391127.491438,1788391349.848383,i-0798ccd89f26d7cda
1788391360.534675,10,1,ghcr.io/talmolab/lablink-client-base-image:linux-amd64-test@sha256:1ec2fde6860186b3d45ac83890167258f83512955dbce65f072d4e8c310cb9de,0.37648844718933105,sleap-lablink-client-prod-vm-9,running,Healthy,0,1788390738.0,1788390767.0,1788390813.0,1788391010.0,1788390948.0,1788391021.0,299.0,1788390768.136603,1788391127.503832,1788391354.264387,i-0ae3bdc8eb0227987
1788391365.468543,10,1,ghcr.io/talmolab/lablink-client-base-image:linux-amd64-test@sha256:1ec2fde6860186b3d45ac83890167258f83512955dbce65f072d4e8c310cb9de,0.37648844718933105,sleap-lablink-client-prod-vm-1,running,Healthy,1,1788390738.0,1788390767.0,1788390905.0,1788391113.0,1788391050.0,1788391124.0,311.0,1788390768.128852,1788391127.40029,1788391337.213675,i-0d4ebb2bfcef19f31
1788391365.468543,10,1,ghcr.io/talmolab/lablink-client-base-image:linux-amd64-test@sha256:1ec2fde6860186b3d45ac83890167258f83512955dbce65f072d4e8c310cb9de,0.37648844718933105,sleap-lablink-client-prod-vm-10,running,Healthy,1,1788390738.0,1788390767.0,1788390902.0,1788391108.0,1788391046.0,1788391114.0,303.0,1788390768.130117,1788391127.408882,1788391358.043441,i-073b86b279423b5ed
1788391365.468543,10,1,ghcr.io/talmolab/lablink-client-base-image:linux-amd64-test@sha256:1ec2fde6860186b3d45ac83890167258f83512955dbce65f072d4e8c310cb9de,0.37648844718933105,sleap-lablink-client-prod-vm-2,running,Healthy,0,1788390738.0,1788390767.0,1788390813.0,1788391011.0,1788390949.0,1788391016.0,294.0,1788390768.130938,1788391127.407519,1788391350.188769,i-02f122d3eea1c2ca0
1788391365.468543,10,1,ghcr.io/talmolab/lablink-client-base-image:linux-amd64-test@sha256:1ec2fde6860186b3d45ac83890167258f83512955dbce65f072d4e8c310cb9de,0.37648844718933105,sleap-lablink-client-prod-vm-3,running,Healthy,0,1788390738.0,1788390767.0,1788390814.0,1788391004.0,1788390941.0,1788391018.0,296.0,1788390768.131762,1788391127.452474,1788391351.177043,i-04f09804c45834c8a
1788391365.468543,10,1,ghcr.io/talmolab/lablink-client-base-image:linux-amd64-test@sha256:1ec2fde6860186b3d45ac83890167258f83512955dbce65f072d4e8c310cb9de,0.37648844718933105,sleap-lablink-client-prod-vm-4,running,Healthy,0,1788390738.0,1788390767.0,1788390813.0,1788391010.0,1788390947.0,1788391022.0,301.0,1788390768.132688,1788391127.453282,1788391355.770254,i-0b5a2f80e58b1f49e
1788391365.468543,10,1,ghcr.io/talmolab/lablink-client-base-image:linux-amd64-test@sha256:1ec2fde6860186b3d45ac83890167258f83512955dbce65f072d4e8c310cb9de,0.37648844718933105,sleap-lablink-client-prod-vm-5,running,Healthy,0,1788390738.0,1788390767.0,1788390814.0,1788391012.0,1788390949.0,1788391024.0,302.0,1788390768.133418,1788391127.470972,1788391357.09762,i-011c62511afd69360
1788391365.468543,10,1,ghcr.io/talmolab/lablink-client-base-image:linux-amd64-test@sha256:1ec2fde6860186b3d45ac83890167258f83512955dbce65f072d4e8c310cb9de,0.37648844718933105,sleap-lablink-client-prod-vm-6,running,Healthy,0,1788390738.0,1788390767.0,1788390814.0,1788391011.0,1788390949.0,1788391022.0,299.0,1788390768.134149,1788391127.454231,1788391355.892832,i-0cceae5b4237000da
1788391365.468543,10,1,ghcr.io/talmolab/lablink-client-base-image:linux-amd64-test@sha256:1ec2fde6860186b3d45ac83890167258f83512955dbce65f072d4e8c310cb9de,0.37648844718933105,sleap-lablink-client-prod-vm-7,running,Healthy,0,1788390738.0,1788390767.0,1788390813.0,1788391004.0,1788390941.0,1788391016.0,295.0,1788390768.13509,1788391127.485072,1788391350.097158,i-04223bbc5c5f842c7
1788391365.468543,10,1,ghcr.io/talmolab/lablink-client-base-image:linux-amd64-test@sha256:1ec2fde6860186b3d45ac83890167258f83512955dbce65f072d4e8c310cb9de,0.37648844718933105,sleap-lablink-client-prod-vm-8,running,Healthy,0,1788390738.0,1788390767.0,1788390809.0,1788391003.0,1788390941.0,1788391017.0,299.0,1788390768.135877,1788391127.491438,1788391349.848383,i-0798ccd89f26d7cda
1788391365.468543,10,1,ghcr.io/talmolab/lablink-client-base-image:linux-amd64-test@sha256:1ec2fde6860186b3d45ac83890167258f83512955dbce65f072d4e8c310cb9de,0.37648844718933105,sleap-lablink-client-prod-vm-9,running,Healthy,0,1788390738.0,1788390767.0,1788390813.0,1788391010.0,1788390948.0,1788391021.0,299.0,1788390768.136603,1788391127.503832,1788391354.264387,i-0ae3bdc8eb0227987
1788391370.512931,10,1,ghcr.io/talmolab/lablink-client-base-image:linux-amd64-test@sha256:1ec2fde6860186b3d45ac83890167258f83512955dbce65f072d4e8c310cb9de,0.37648844718933105,sleap-lablink-client-prod-vm-1,running,Healthy,1,1788390738.0,1788390767.0,1788390905.0,1788391113.0,1788391050.0,1788391124.0,311.0,1788390768.128852,1788391127.40029,1788391367.388201,i-0d4ebb2bfcef19f31
1788391370.512931,10,1,ghcr.io/talmolab/lablink-client-base-image:linux-amd64-test@sha256:1ec2fde6860186b3d45ac83890167258f83512955dbce65f072d4e8c310cb9de,0.37648844718933105,sleap-lablink-client-prod-vm-10,running,Healthy,1,1788390738.0,1788390767.0,1788390902.0,1788391108.0,1788391046.0,1788391114.0,303.0,1788390768.130117,1788391127.408882,1788391358.043441,i-073b86b279423b5ed
1788391370.512931,10,1,ghcr.io/talmolab/lablink-client-base-image:linux-amd64-test@sha256:1ec2fde6860186b3d45ac83890167258f83512955dbce65f072d4e8c310cb9de,0.37648844718933105,sleap-lablink-client-prod-vm-2,running,Healthy,0,1788390738.0,1788390767.0,1788390813.0,1788391011.0,1788390949.0,1788391016.0,294.0,1788390768.130938,1788391127.407519,1788391350.188769,i-02f122d3eea1c2ca0
1788391370.512931,10,1,ghcr.io/talmolab/lablink-client-base-image:linux-amd64-test@sha256:1ec2fde6860186b3d45ac83890167258f83512955dbce65f072d4e8c310cb9de,0.37648844718933105,sleap-lablink-client-prod-vm-3,running,Healthy,0,1788390738.0,1788390767.0,1788390814.0,1788391004.0,1788390941.0,1788391018.0,296.0,1788390768.131762,1788391127.452474,1788391351.177043,i-04f09804c45834c8a
1788391370.512931,10,1,ghcr.io/talmolab/lablink-client-base-image:linux-amd64-test@sha256:1ec2fde6860186b3d45ac83890167258f83512955dbce65f072d4e8c310cb9de,0.37648844718933105,sleap-lablink-client-prod-vm-4,running,Healthy,0,1788390738.0,1788390767.0,1788390813.0,1788391010.0,1788390947.0,1788391022.0,301.0,1788390768.132688,1788391127.453282,1788391355.770254,i-0b5a2f80e58b1f49e
1788391370.512931,10,1,ghcr.io/talmolab/lablink-client-base-image:linux-amd64-test@sha256:1ec2fde6860186b3d45ac83890167258f83512955dbce65f072d4e8c310cb9de,0.37648844718933105,sleap-lablink-client-prod-vm-5,running,Healthy,0,1788390738.0,1788390767.0,1788390814.0,1788391012.0,1788390949.0,1788391024.0,302.0,1788390768.133418,1788391127.470972,1788391357.09762,i-011c62511afd69360
1788391370.512931,10,1,ghcr.io/talmolab/lablink-client-base-image:linux-amd64-test@sha256:1ec2fde6860186b3d45ac83890167258f83512955dbce65f072d4e8c310cb9de,0.37648844718933105,sleap-lablink-client-prod-vm-6,running,Healthy,0,1788390738.0,1788390767.0,1788390814.0,1788391011.0,1788390949.0,1788391022.0,299.0,1788390768.134149,1788391127.454231,1788391355.892832,i-0cceae5b4237000da
1788391370.512931,10,1,ghcr.io/talmolab/lablink-client-base-image:linux-amd64-test@sha256:1ec2fde6860186b3d45ac83890167258f83512955dbce65f072d4e8c310cb9de,0.37648844718933105,sleap-lablink-client-prod-vm-7,running,Healthy,0,1788390738.0,1788390767.0,1788390813.0,1788391004.0,1788390941.0,1788391016.0,295.0,1788390768.13509,1788391127.485072,1788391350.097158,i-04223bbc5c5f842c7
1788391370.512931,10,1,ghcr.io/talmolab/lablink-client-base-image:linux-amd64-test@sha256:1ec2fde6860186b3d45ac83890167258f83512955dbce65f072d4e8c310cb9de,0.37648844718933105,sleap-lablink-client-prod-vm-8,running,Healthy,0,1788390738.0,1788390767.0,1788390809.0,1788391003.0,1788390941.0,1788391017.0,299.0,1788390768.135877,1788391127.491438,1788391349.848383,i-0798ccd89f26d7cda
1788391370.512931,10,1,ghcr.io/talmolab/lablink-client-base-image:linux-amd64-test@sha256:1ec2fde6860186b3d45ac83890167258f83512955dbce65f072d4e8c310cb9de,0.37648844718933105,sleap-lablink-client-prod-vm-9,running,Healthy,0,1788390738.0,1788390767.0,1788390813.0,1788391010.0,1788390948.0,1788391021.0,299.0,1788390768.136603,1788391127.503832,1788391354.264387,i-0ae3bdc8eb0227987
1788391375.422409,10,1,ghcr.io/talmolab/lablink-client-base-image:linux-amd64-test@sha256:1ec2fde6860186b3d45ac83890167258f83512955dbce65f072d4e8c310cb9de,0.37648844718933105,sleap-lablink-client-prod-vm-1,running,Healthy,1,1788390738.0,1788390767.0,1788390905.0,1788391113.0,1788391050.0,1788391124.0,311.0,1788390768.128852,1788391127.40029,1788391367.388201,i-0d4ebb2bfcef19f31
1788391375.422409,10,1,ghcr.io/talmolab/lablink-client-base-image:linux-amd64-test@sha256:1ec2fde6860186b3d45ac83890167258f83512955dbce65f072d4e8c310cb9de,0.37648844718933105,sleap-lablink-client-prod-vm-10,running,Healthy,1,1788390738.0,1788390767.0,1788390902.0,1788391108.0,1788391046.0,1788391114.0,303.0,1788390768.130117,1788391127.408882,1788391358.043441,i-073b86b279423b5ed
1788391375.422409,10,1,ghcr.io/talmolab/lablink-client-base-image:linux-amd64-test@sha256:1ec2fde6860186b3d45ac83890167258f83512955dbce65f072d4e8c310cb9de,0.37648844718933105,sleap-lablink-client-prod-vm-2,running,Healthy,0,1788390738.0,1788390767.0,1788390813.0,1788391011.0,1788390949.0,1788391016.0,294.0,1788390768.130938,1788391127.407519,1788391350.188769,i-02f122d3eea1c2ca0
1788391375.422409,10,1,ghcr.io/talmolab/lablink-client-base-image:linux-amd64-test@sha256:1ec2fde6860186b3d45ac83890167258f83512955dbce65f072d4e8c310cb9de,0.37648844718933105,sleap-lablink-client-prod-vm-3,running,Healthy,0,1788390738.0,1788390767.0,1788390814.0,1788391004.0,1788390941.0,1788391018.0,296.0,1788390768.131762,1788391127.452474,1788391351.177043,i-04f09804c45834c8a
1788391375.422409,10,1,ghcr.io/talmolab/lablink-client-base-image:linux-amd64-test@sha256:1ec2fde6860186b3d45ac83890167258f83512955dbce65f072d4e8c310cb9de,0.37648844718933105,sleap-lablink-client-prod-vm-4,running,Healthy,0,1788390738.0,1788390767.0,1788390813.0,1788391010.0,1788390947.0,1788391022.0,301.0,1788390768.132688,1788391127.453282,1788391355.770254,i-0b5a2f80e58b1f49e
1788391375.422409,10,1,ghcr.io/talmolab/lablink-client-base-image:linux-amd64-test@sha256:1ec2fde6860186b3d45ac83890167258f83512955dbce65f072d4e8c310cb9de,0.37648844718933105,sleap-lablink-client-prod-vm-5,running,Healthy,0,1788390738.0,1788390767.0,1788390814.0,1788391012.0,1788390949.0,1788391024.0,302.0,1788390768.133418,1788391127.470972,1788391357.09762,i-011c62511afd69360
1788391375.422409,10,1,ghcr.io/talmolab/lablink-client-base-image:linux-amd64-test@sha256:1ec2fde6860186b3d45ac83890167258f83512955dbce65f072d4e8c310cb9de,0.37648844718933105,sleap-lablink-client-prod-vm-6,running,Healthy,0,1788390738.0,1788390767.0,1788390814.0,1788391011.0,1788390949.0,1788391022.0,299.0,1788390768.134149,1788391127.454231,1788391355.892832,i-0cceae5b4237000da
1788391375.422409,10,1,ghcr.io/talmolab/lablink-client-base-image:linux-amd64-test@sha256:1ec2fde6860186b3d45ac83890167258f83512955dbce65f072d4e8c310cb9de,0.37648844718933105,sleap-lablink-client-prod-vm-7,running,Healthy,0,1788390738.0,1788390767.0,1788390813.0,1788391004.0,1788390941.0,1788391016.0,295.0,1788390768.13509,1788391127.485072,1788391350.097158,i-04223bbc5c5f842c7
1788391375.422409,10,1,ghcr.io/talmolab/lablink-client-base-image:linux-amd64-test@sha256:1ec2fde6860186b3d45ac83890167258f83512955dbce65f072d4e8c310cb9de,0.37648844718933105,sleap-lablink-client-prod-vm-8,running,Healthy,0,1788390738.0,1788390767.0,1788390809.0,1788391003.0,1788390941.0,1788391017.0,299.0,1788390768.135877,1788391127.491438,1788391349.848383,i-0798ccd89f26d7cda
1788391375.422409,10,1,ghcr.io/talmolab/lablink-client-base-image:linux-amd64-test@sha256:1ec2fde6860186b3d45ac83890167258f83512955dbce65f072d4e8c310cb9de,0.37648844718933105,sleap-lablink-client-prod-vm-9,running,Healthy,0,1788390738.0,1788390767.0,1788390813.0,1788391010.0,1788390948.0,1788391021.0,299.0,1788390768.136603,1788391127.503832,1788391354.264387,i-0ae3bdc8eb0227987
1788391380.5510101,10,1,ghcr.io/talmolab/lablink-client-base-image:linux-amd64-test@sha256:1ec2fde6860186b3d45ac83890167258f83512955dbce65f072d4e8c310cb9de,0.37648844718933105,sleap-lablink-client-prod-vm-1,running,Healthy,1,1788390738.0,1788390767.0,1788390905.0,1788391113.0,1788391050.0,1788391124.0,311.0,1788390768.128852,1788391127.40029,1788391367.388201,i-0d4ebb2bfcef19f31
1788391380.5510101,10,1,ghcr.io/talmolab/lablink-client-base-image:linux-amd64-test@sha256:1ec2fde6860186b3d45ac83890167258f83512955dbce65f072d4e8c310cb9de,0.37648844718933105,sleap-lablink-client-prod-vm-10,running,Healthy,1,1788390738.0,1788390767.0,1788390902.0,1788391108.0,1788391046.0,1788391114.0,303.0,1788390768.130117,1788391127.408882,1788391358.043441,i-073b86b279423b5ed
1788391380.5510101,10,1,ghcr.io/talmolab/lablink-client-base-image:linux-amd64-test@sha256:1ec2fde6860186b3d45ac83890167258f83512955dbce65f072d4e8c310cb9de,0.37648844718933105,sleap-lablink-client-prod-vm-2,running,Healthy,0,1788390738.0,1788390767.0,1788390813.0,1788391011.0,1788390949.0,1788391016.0,294.0,1788390768.130938,1788391127.407519,1788391380.517852,i-02f122d3eea1c2ca0
1788391380.5510101,10,1,ghcr.io/talmolab/lablink-client-base-image:linux-amd64-test@sha256:1ec2fde6860186b3d45ac83890167258f83512955dbce65f072d4e8c310cb9de,0.37648844718933105,sleap-lablink-client-prod-vm-3,running,Healthy,0,1788390738.0,1788390767.0,1788390814.0,1788391004.0,1788390941.0,1788391018.0,296.0,1788390768.131762,1788391127.452474,1788391351.177043,i-04f09804c45834c8a
1788391380.5510101,10,1,ghcr.io/talmolab/lablink-client-base-image:linux-amd64-test@sha256:1ec2fde6860186b3d45ac83890167258f83512955dbce65f072d4e8c310cb9de,0.37648844718933105,sleap-lablink-client-prod-vm-4,running,Healthy,0,1788390738.0,1788390767.0,1788390813.0,1788391010.0,1788390947.0,1788391022.0,301.0,1788390768.132688,1788391127.453282,1788391355.770254,i-0b5a2f80e58b1f49e
1788391380.5510101,10,1,ghcr.io/talmolab/lablink-client-base-image:linux-amd64-test@sha256:1ec2fde6860186b3d45ac83890167258f83512955dbce65f072d4e8c310cb9de,0.37648844718933105,sleap-lablink-client-prod-vm-5,running,Healthy,0,1788390738.0,1788390767.0,1788390814.0,1788391012.0,1788390949.0,1788391024.0,302.0,1788390768.133418,1788391127.470972,1788391357.09762,i-011c62511afd69360
1788391380.5510101,10,1,ghcr.io/talmolab/lablink-client-base-image:linux-amd64-test@sha256:1ec2fde6860186b3d45ac83890167258f83512955dbce65f072d4e8c310cb9de,0.37648844718933105,sleap-lablink-client-prod-vm-6,running,Healthy,0,1788390738.0,1788390767.0,1788390814.0,1788391011.0,1788390949.0,1788391022.0,299.0,1788390768.134149,1788391127.454231,1788391355.892832,i-0cceae5b4237000da
1788391380.5510101,10,1,ghcr.io/talmolab/lablink-client-base-image:linux-amd64-test@sha256:1ec2fde6860186b3d45ac83890167258f83512955dbce65f072d4e8c310cb9de,0.37648844718933105,sleap-lablink-client-prod-vm-7,running,Healthy,0,1788390738.0,1788390767.0,1788390813.0,1788391004.0,1788390941.0,1788391016.0,295.0,1788390768.13509,1788391127.485072,1788391380.377183,i-04223bbc5c5f842c7
1788391380.5510101,10,1,ghcr.io/talmolab/lablink-client-base-image:linux-amd64-test@sha256:1ec2fde6860186b3d45ac83890167258f83512955dbce65f072d4e8c310cb9de,0.37648844718933105,sleap-lablink-client-prod-vm-8,running,Healthy,0,1788390738.0,1788390767.0,1788390809.0,1788391003.0,1788390941.0,1788391017.0,299.0,1788390768.135877,1788391127.491438,1788391380.030262,i-0798ccd89f26d7cda
1788391380.5510101,10,1,ghcr.io/talmolab/lablink-client-base-image:linux-amd64-test@sha256:1ec2fde6860186b3d45ac83890167258f83512955dbce65f072d4e8c310cb9de,0.37648844718933105,sleap-lablink-client-prod-vm-9,running,Healthy,0,1788390738.0,1788390767.0,1788390813.0,1788391010.0,1788390948.0,1788391021.0,299.0,1788390768.136603,1788391127.503832,1788391354.264387,i-0ae3bdc8eb0227987
1788391385.502517,10,1,ghcr.io/talmolab/lablink-client-base-image:linux-amd64-test@sha256:1ec2fde6860186b3d45ac83890167258f83512955dbce65f072d4e8c310cb9de,0.37648844718933105,sleap-lablink-client-prod-vm-1,running,Healthy,1,1788390738.0,1788390767.0,1788390905.0,1788391113.0,1788391050.0,1788391124.0,311.0,1788390768.128852,1788391127.40029,1788391367.388201,i-0d4ebb2bfcef19f31
1788391385.502517,10,1,ghcr.io/talmolab/lablink-client-base-image:linux-amd64-test@sha256:1ec2fde6860186b3d45ac83890167258f83512955dbce65f072d4e8c310cb9de,0.37648844718933105,sleap-lablink-client-prod-vm-10,running,Healthy,1,1788390738.0,1788390767.0,1788390902.0,1788391108.0,1788391046.0,1788391114.0,303.0,1788390768.130117,1788391127.408882,1788391358.043441,i-073b86b279423b5ed
1788391385.502517,10,1,ghcr.io/talmolab/lablink-client-base-image:linux-amd64-test@sha256:1ec2fde6860186b3d45ac83890167258f83512955dbce65f072d4e8c310cb9de,0.37648844718933105,sleap-lablink-client-prod-vm-2,running,Healthy,0,1788390738.0,1788390767.0,1788390813.0,1788391011.0,1788390949.0,1788391016.0,294.0,1788390768.130938,1788391127.407519,1788391380.517852,i-02f122d3eea1c2ca0
1788391385.502517,10,1,ghcr.io/talmolab/lablink-client-base-image:linux-amd64-test@sha256:1ec2fde6860186b3d45ac83890167258f83512955dbce65f072d4e8c310cb9de,0.37648844718933105,sleap-lablink-client-prod-vm-3,running,Healthy,0,1788390738.0,1788390767.0,1788390814.0,1788391004.0,1788390941.0,1788391018.0,296.0,1788390768.131762,1788391127.452474,1788391381.426512,i-04f09804c45834c8a
1788391385.502517,10,1,ghcr.io/talmolab/lablink-client-base-image:linux-amd64-test@sha256:1ec2fde6860186b3d45ac83890167258f83512955dbce65f072d4e8c310cb9de,0.37648844718933105,sleap-lablink-client-prod-vm-4,running,Healthy,0,1788390738.0,1788390767.0,1788390813.0,1788391010.0,1788390947.0,1788391022.0,301.0,1788390768.132688,1788391127.453282,1788391355.770254,i-0b5a2f80e58b1f49e
1788391385.502517,10,1,ghcr.io/talmolab/lablink-client-base-image:linux-amd64-test@sha256:1ec2fde6860186b3d45ac83890167258f83512955dbce65f072d4e8c310cb9de,0.37648844718933105,sleap-lablink-client-prod-vm-5,running,Healthy,0,1788390738.0,1788390767.0,1788390814.0,1788391012.0,1788390949.0,1788391024.0,302.0,1788390768.133418,1788391127.470972,1788391357.09762,i-011c62511afd69360
1788391385.502517,10,1,ghcr.io/talmolab/lablink-client-base-image:linux-amd64-test@sha256:1ec2fde6860186b3d45ac83890167258f83512955dbce65f072d4e8c310cb9de,0.37648844718933105,sleap-lablink-client-prod-vm-6,running,Healthy,0,1788390738.0,1788390767.0,1788390814.0,1788391011.0,1788390949.0,1788391022.0,299.0,1788390768.134149,1788391127.454231,1788391355.892832,i-0cceae5b4237000da
1788391385.502517,10,1,ghcr.io/talmolab/lablink-client-base-image:linux-amd64-test@sha256:1ec2fde6860186b3d45ac83890167258f83512955dbce65f072d4e8c310cb9de,0.37648844718933105,sleap-lablink-client-prod-vm-7,running,Healthy,0,1788390738.0,1788390767.0,1788390813.0,1788391004.0,1788390941.0,1788391016.0,295.0,1788390768.13509,1788391127.485072,1788391380.377183,i-04223bbc5c5f842c7
1788391385.502517,10,1,ghcr.io/talmolab/lablink-client-base-image:linux-amd64-test@sha256:1ec2fde6860186b3d45ac83890167258f83512955dbce65f072d4e8c310cb9de,0.37648844718933105,sleap-lablink-client-prod-vm-8,running,Healthy,0,1788390738.0,1788390767.0,1788390809.0,1788391003.0,1788390941.0,1788391017.0,299.0,1788390768.135877,1788391127.491438,1788391380.030262,i-0798ccd89f26d7cda
1788391385.502517,10,1,ghcr.io/talmolab/lablink-client-base-image:linux-amd64-test@sha256:1ec2fde6860186b3d45ac83890167258f83512955dbce65f072d4e8c310cb9de,0.37648844718933105,sleap-lablink-client-prod-vm-9,running,Healthy,0,1788390738.0,1788390767.0,1788390813.0,1788391010.0,1788390948.0,1788391021.0,299.0,1788390768.136603,1788391127.503832,1788391384.43761,i-0ae3bdc8eb0227987
1788391390.4705632,10,1,ghcr.io/talmolab/lablink-client-base-image:linux-amd64-test@sha256:1ec2fde6860186b3d45ac83890167258f83512955dbce65f072d4e8c310cb9de,0.37648844718933105,sleap-lablink-client-prod-vm-1,running,Healthy,1,1788390738.0,1788390767.0,1788390905.0,1788391113.0,1788391050.0,1788391124.0,311.0,1788390768.128852,1788391127.40029,1788391367.388201,i-0d4ebb2bfcef19f31
1788391390.4705632,10,1,ghcr.io/talmolab/lablink-client-base-image:linux-amd64-test@sha256:1ec2fde6860186b3d45ac83890167258f83512955dbce65f072d4e8c310cb9de,0.37648844718933105,sleap-lablink-client-prod-vm-10,running,Healthy,1,1788390738.0,1788390767.0,1788390902.0,1788391108.0,1788391046.0,1788391114.0,303.0,1788390768.130117,1788391127.408882,1788391388.064242,i-073b86b279423b5ed
1788391390.4705632,10,1,ghcr.io/talmolab/lablink-client-base-image:linux-amd64-test@sha256:1ec2fde6860186b3d45ac83890167258f83512955dbce65f072d4e8c310cb9de,0.37648844718933105,sleap-lablink-client-prod-vm-2,running,Healthy,0,1788390738.0,1788390767.0,1788390813.0,1788391011.0,1788390949.0,1788391016.0,294.0,1788390768.130938,1788391127.407519,1788391380.517852,i-02f122d3eea1c2ca0
1788391390.4705632,10,1,ghcr.io/talmolab/lablink-client-base-image:linux-amd64-test@sha256:1ec2fde6860186b3d45ac83890167258f83512955dbce65f072d4e8c310cb9de,0.37648844718933105,sleap-lablink-client-prod-vm-3,running,Healthy,0,1788390738.0,1788390767.0,1788390814.0,1788391004.0,1788390941.0,1788391018.0,296.0,1788390768.131762,1788391127.452474,1788391381.426512,i-04f09804c45834c8a
1788391390.4705632,10,1,ghcr.io/talmolab/lablink-client-base-image:linux-amd64-test@sha256:1ec2fde6860186b3d45ac83890167258f83512955dbce65f072d4e8c310cb9de,0.37648844718933105,sleap-lablink-client-prod-vm-4,running,Healthy,0,1788390738.0,1788390767.0,1788390813.0,1788391010.0,1788390947.0,1788391022.0,301.0,1788390768.132688,1788391127.453282,1788391385.984039,i-0b5a2f80e58b1f49e
1788391390.4705632,10,1,ghcr.io/talmolab/lablink-client-base-image:linux-amd64-test@sha256:1ec2fde6860186b3d45ac83890167258f83512955dbce65f072d4e8c310cb9de,0.37648844718933105,sleap-lablink-client-prod-vm-5,running,Healthy,0,1788390738.0,1788390767.0,1788390814.0,1788391012.0,1788390949.0,1788391024.0,302.0,1788390768.133418,1788391127.470972,1788391387.269629,i-011c62511afd69360
1788391390.4705632,10,1,ghcr.io/talmolab/lablink-client-base-image:linux-amd64-test@sha256:1ec2fde6860186b3d45ac83890167258f83512955dbce65f072d4e8c310cb9de,0.37648844718933105,sleap-lablink-client-prod-vm-6,running,Healthy,0,1788390738.0,1788390767.0,1788390814.0,1788391011.0,1788390949.0,1788391022.0,299.0,1788390768.134149,1788391127.454231,1788391386.131823,i-0cceae5b4237000da
1788391390.4705632,10,1,ghcr.io/talmolab/lablink-client-base-image:linux-amd64-test@sha256:1ec2fde6860186b3d45ac83890167258f83512955dbce65f072d4e8c310cb9de,0.37648844718933105,sleap-lablink-client-prod-vm-7,running,Healthy,0,1788390738.0,1788390767.0,1788390813.0,1788391004.0,1788390941.0,1788391016.0,295.0,1788390768.13509,1788391127.485072,1788391380.377183,i-04223bbc5c5f842c7
1788391390.4705632,10,1,ghcr.io/talmolab/lablink-client-base-image:linux-amd64-test@sha256:1ec2fde6860186b3d45ac83890167258f83512955dbce65f072d4e8c310cb9de,0.37648844718933105,sleap-lablink-client-prod-vm-8,running,Healthy,0,1788390738.0,1788390767.0,1788390809.0,1788391003.0,1788390941.0,1788391017.0,299.0,1788390768.135877,1788391127.491438,1788391380.030262,i-0798ccd89f26d7cda
1788391390.4705632,10,1,ghcr.io/talmolab/lablink-client-base-image:linux-amd64-test@sha256:1ec2fde6860186b3d45ac83890167258f83512955dbce65f072d4e8c310cb9de,0.37648844718933105,sleap-lablink-client-prod-vm-9,running,Healthy,0,1788390738.0,1788390767.0,1788390813.0,1788391010.0,1788390948.0,1788391021.0,299.0,1788390768.136603,1788391127.503832,1788391384.43761,i-0ae3bdc8eb0227987
1788391395.491625,10,1,ghcr.io/talmolab/lablink-client-base-image:linux-amd64-test@sha256:1ec2fde6860186b3d45ac83890167258f83512955dbce65f072d4e8c310cb9de,0.37648844718933105,sleap-lablink-client-prod-vm-1,running,Healthy,1,1788390738.0,1788390767.0,1788390905.0,1788391113.0,1788391050.0,1788391124.0,311.0,1788390768.128852,1788391127.40029,1788391367.388201,i-0d4ebb2bfcef19f31
1788391395.491625,10,1,ghcr.io/talmolab/lablink-client-base-image:linux-amd64-test@sha256:1ec2fde6860186b3d45ac83890167258f83512955dbce65f072d4e8c310cb9de,0.37648844718933105,sleap-lablink-client-prod-vm-10,running,Healthy,1,1788390738.0,1788390767.0,1788390902.0,1788391108.0,1788391046.0,1788391114.0,303.0,1788390768.130117,1788391127.408882,1788391388.064242,i-073b86b279423b5ed
1788391395.491625,10,1,ghcr.io/talmolab/lablink-client-base-image:linux-amd64-test@sha256:1ec2fde6860186b3d45ac83890167258f83512955dbce65f072d4e8c310cb9de,0.37648844718933105,sleap-lablink-client-prod-vm-2,running,Healthy,0,1788390738.0,1788390767.0,1788390813.0,1788391011.0,1788390949.0,1788391016.0,294.0,1788390768.130938,1788391127.407519,1788391380.517852,i-02f122d3eea1c2ca0
1788391395.491625,10,1,ghcr.io/talmolab/lablink-client-base-image:linux-amd64-test@sha256:1ec2fde6860186b3d45ac83890167258f83512955dbce65f072d4e8c310cb9de,0.37648844718933105,sleap-lablink-client-prod-vm-3,running,Healthy,0,1788390738.0,1788390767.0,1788390814.0,1788391004.0,1788390941.0,1788391018.0,296.0,1788390768.131762,1788391127.452474,1788391381.426512,i-04f09804c45834c8a
1788391395.491625,10,1,ghcr.io/talmolab/lablink-client-base-image:linux-amd64-test@sha256:1ec2fde6860186b3d45ac83890167258f83512955dbce65f072d4e8c310cb9de,0.37648844718933105,sleap-lablink-client-prod-vm-4,running,Healthy,0,1788390738.0,1788390767.0,1788390813.0,1788391010.0,1788390947.0,1788391022.0,301.0,1788390768.132688,1788391127.453282,1788391385.984039,i-0b5a2f80e58b1f49e
1788391395.491625,10,1,ghcr.io/talmolab/lablink-client-base-image:linux-amd64-test@sha256:1ec2fde6860186b3d45ac83890167258f83512955dbce65f072d4e8c310cb9de,0.37648844718933105,sleap-lablink-client-prod-vm-5,running,Healthy,0,1788390738.0,1788390767.0,1788390814.0,1788391012.0,1788390949.0,1788391024.0,302.0,1788390768.133418,1788391127.470972,1788391387.269629,i-011c62511afd69360
1788391395.491625,10,1,ghcr.io/talmolab/lablink-client-base-image:linux-amd64-test@sha256:1ec2fde6860186b3d45ac83890167258f83512955dbce65f072d4e8c310cb9de,0.37648844718933105,sleap-lablink-client-prod-vm-6,running,Healthy,0,1788390738.0,1788390767.0,1788390814.0,1788391011.0,1788390949.0,1788391022.0,299.0,1788390768.134149,1788391127.454231,1788391386.131823,i-0cceae5b4237000da
1788391395.491625,10,1,ghcr.io/talmolab/lablink-client-base-image:linux-amd64-test@sha256:1ec2fde6860186b3d45ac83890167258f83512955dbce65f072d4e8c310cb9de,0.37648844718933105,sleap-lablink-client-prod-vm-7,running,Healthy,0,1788390738.0,1788390767.0,1788390813.0,1788391004.0,1788390941.0,1788391016.0,295.0,1788390768.13509,1788391127.485072,1788391380.377183,i-04223bbc5c5f842c7
1788391395.491625,10,1,ghcr.io/talmolab/lablink-client-base-image:linux-amd64-test@sha256:1ec2fde6860186b3d45ac83890167258f83512955dbce65f072d4e8c310cb9de,0.37648844718933105,sleap-lablink-client-prod-vm-8,running,Healthy,0,1788390738.0,1788390767.0,1788390809.0,1788391003.0,1788390941.0,1788391017.0,299.0,1788390768.135877,1788391127.491438,1788391380.030262,i-0798ccd89f26d7cda
1788391395.491625,10,1,ghcr.io/talmolab/lablink-client-base-image:linux-amd64-test@sha256:1ec2fde6860186b3d45ac83890167258f83512955dbce65f072d4e8c310cb9de,0.37648844718933105,sleap-lablink-client-prod-vm-9,running,Healthy,0,1788390738.0,1788390767.0,1788390813.0,1788391010.0,1788390948.0,1788391021.0,299.0,1788390768.136603,1788391127.503832,1788391384.43761,i-0ae3bdc8eb0227987
1788391400.48321,10,1,ghcr.io/talmolab/lablink-client-base-image:linux-amd64-test@sha256:1ec2fde6860186b3d45ac83890167258f83512955dbce65f072d4e8c310cb9de,0.37648844718933105,sleap-lablink-client-prod-vm-1,running,Healthy,1,1788390738.0,1788390767.0,1788390905.0,1788391113.0,1788391050.0,1788391124.0,311.0,1788390768.128852,1788391127.40029,1788391397.408017,i-0d4ebb2bfcef19f31
1788391400.48321,10,1,ghcr.io/talmolab/lablink-client-base-image:linux-amd64-test@sha256:1ec2fde6860186b3d45ac83890167258f83512955dbce65f072d4e8c310cb9de,0.37648844718933105,sleap-lablink-client-prod-vm-10,running,Healthy,1,1788390738.0,1788390767.0,1788390902.0,1788391108.0,1788391046.0,1788391114.0,303.0,1788390768.130117,1788391127.408882,1788391388.064242,i-073b86b279423b5ed
1788391400.48321,10,1,ghcr.io/talmolab/lablink-client-base-image:linux-amd64-test@sha256:1ec2fde6860186b3d45ac83890167258f83512955dbce65f072d4e8c310cb9de,0.37648844718933105,sleap-lablink-client-prod-vm-2,running,Healthy,0,1788390738.0,1788390767.0,1788390813.0,1788391011.0,1788390949.0,1788391016.0,294.0,1788390768.130938,1788391127.407519,1788391380.517852,i-02f122d3eea1c2ca0
1788391400.48321,10,1,ghcr.io/talmolab/lablink-client-base-image:linux-amd64-test@sha256:1ec2fde6860186b3d45ac83890167258f83512955dbce65f072d4e8c310cb9de,0.37648844718933105,sleap-lablink-client-prod-vm-3,running,Healthy,0,1788390738.0,1788390767.0,1788390814.0,1788391004.0,1788390941.0,1788391018.0,296.0,1788390768.131762,1788391127.452474,1788391381.426512,i-04f09804c45834c8a
1788391400.48321,10,1,ghcr.io/talmolab/lablink-client-base-image:linux-amd64-test@sha256:1ec2fde6860186b3d45ac83890167258f83512955dbce65f072d4e8c310cb9de,0.37648844718933105,sleap-lablink-client-prod-vm-4,running,Healthy,0,1788390738.0,1788390767.0,1788390813.0,1788391010.0,1788390947.0,1788391022.0,301.0,1788390768.132688,1788391127.453282,1788391385.984039,i-0b5a2f80e58b1f49e
1788391400.48321,10,1,ghcr.io/talmolab/lablink-client-base-image:linux-amd64-test@sha256:1ec2fde6860186b3d45ac83890167258f83512955dbce65f072d4e8c310cb9de,0.37648844718933105,sleap-lablink-client-prod-vm-5,running,Healthy,0,1788390738.0,1788390767.0,1788390814.0,1788391012.0,1788390949.0,1788391024.0,302.0,1788390768.133418,1788391127.470972,1788391387.269629,i-011c62511afd69360
1788391400.48321,10,1,ghcr.io/talmolab/lablink-client-base-image:linux-amd64-test@sha256:1ec2fde6860186b3d45ac83890167258f83512955dbce65f072d4e8c310cb9de,0.37648844718933105,sleap-lablink-client-prod-vm-6,running,Healthy,0,1788390738.0,1788390767.0,1788390814.0,1788391011.0,1788390949.0,1788391022.0,299.0,1788390768.134149,1788391127.454231,1788391386.131823,i-0cceae5b4237000da
1788391400.48321,10,1,ghcr.io/talmolab/lablink-client-base-image:linux-amd64-test@sha256:1ec2fde6860186b3d45ac83890167258f83512955dbce65f072d4e8c310cb9de,0.37648844718933105,sleap-lablink-client-prod-vm-7,running,Healthy,0,1788390738.0,1788390767.0,1788390813.0,1788391004.0,1788390941.0,1788391016.0,295.0,1788390768.13509,1788391127.485072,1788391380.377183,i-04223bbc5c5f842c7
1788391400.48321,10,1,ghcr.io/talmolab/lablink-client-base-image:linux-amd64-test@sha256:1ec2fde6860186b3d45ac83890167258f83512955dbce65f072d4e8c310cb9de,0.37648844718933105,sleap-lablink-client-prod-vm-8,running,Healthy,0,1788390738.0,1788390767.0,1788390809.0,1788391003.0,1788390941.0,1788391017.0,299.0,1788390768.135877,1788391127.491438,1788391380.030262,i-0798ccd89f26d7cda
1788391400.48321,10,1,ghcr.io/talmolab/lablink-client-base-image:linux-amd64-test@sha256:1ec2fde6860186b3d45ac83890167258f83512955dbce65f072d4e8c310cb9de,0.37648844718933105,sleap-lablink-client-prod-vm-9,running,Healthy,0,1788390738.0,1788390767.0,1788390813.0,1788391010.0,1788390948.0,1788391021.0,299.0,1788390768.136603,1788391127.503832,1788391384.43761,i-0ae3bdc8eb0227987
1788391405.477283,10,1,ghcr.io/talmolab/lablink-client-base-image:linux-amd64-test@sha256:1ec2fde6860186b3d45ac83890167258f83512955dbce65f072d4e8c310cb9de,0.37648844718933105,sleap-lablink-client-prod-vm-1,running,Healthy,1,1788390738.0,1788390767.0,1788390905.0,1788391113.0,1788391050.0,1788391124.0,311.0,1788390768.128852,1788391127.40029,1788391397.408017,i-0d4ebb2bfcef19f31
1788391405.477283,10,1,ghcr.io/talmolab/lablink-client-base-image:linux-amd64-test@sha256:1ec2fde6860186b3d45ac83890167258f83512955dbce65f072d4e8c310cb9de,0.37648844718933105,sleap-lablink-client-prod-vm-10,running,Healthy,1,1788390738.0,1788390767.0,1788390902.0,1788391108.0,1788391046.0,1788391114.0,303.0,1788390768.130117,1788391127.408882,1788391388.064242,i-073b86b279423b5ed
1788391405.477283,10,1,ghcr.io/talmolab/lablink-client-base-image:linux-amd64-test@sha256:1ec2fde6860186b3d45ac83890167258f83512955dbce65f072d4e8c310cb9de,0.37648844718933105,sleap-lablink-client-prod-vm-2,running,Healthy,0,1788390738.0,1788390767.0,1788390813.0,1788391011.0,1788390949.0,1788391016.0,294.0,1788390768.130938,1788391127.407519,1788391380.517852,i-02f122d3eea1c2ca0
1788391405.477283,10,1,ghcr.io/talmolab/lablink-client-base-image:linux-amd64-test@sha256:1ec2fde6860186b3d45ac83890167258f83512955dbce65f072d4e8c310cb9de,0.37648844718933105,sleap-lablink-client-prod-vm-3,running,Healthy,0,1788390738.0,1788390767.0,1788390814.0,1788391004.0,1788390941.0,1788391018.0,296.0,1788390768.131762,1788391127.452474,1788391381.426512,i-04f09804c45834c8a
1788391405.477283,10,1,ghcr.io/talmolab/lablink-client-base-image:linux-amd64-test@sha256:1ec2fde6860186b3d45ac83890167258f83512955dbce65f072d4e8c310cb9de,0.37648844718933105,sleap-lablink-client-prod-vm-4,running,Healthy,0,1788390738.0,1788390767.0,1788390813.0,1788391010.0,1788390947.0,1788391022.0,301.0,1788390768.132688,1788391127.453282,1788391385.984039,i-0b5a2f80e58b1f49e
1788391405.477283,10,1,ghcr.io/talmolab/lablink-client-base-image:linux-amd64-test@sha256:1ec2fde6860186b3d45ac83890167258f83512955dbce65f072d4e8c310cb9de,0.37648844718933105,sleap-lablink-client-prod-vm-5,running,Healthy,0,1788390738.0,1788390767.0,1788390814.0,1788391012.0,1788390949.0,1788391024.0,302.0,1788390768.133418,1788391127.470972,1788391387.269629,i-011c62511afd69360
1788391405.477283,10,1,ghcr.io/talmolab/lablink-client-base-image:linux-amd64-test@sha256:1ec2fde6860186b3d45ac83890167258f83512955dbce65f072d4e8c310cb9de,0.37648844718933105,sleap-lablink-client-prod-vm-6,running,Healthy,0,1788390738.0,1788390767.0,1788390814.0,1788391011.0,1788390949.0,1788391022.0,299.0,1788390768.134149,1788391127.454231,1788391386.131823,i-0cceae5b4237000da
1788391405.477283,10,1,ghcr.io/talmolab/lablink-client-base-image:linux-amd64-test@sha256:1ec2fde6860186b3d45ac83890167258f83512955dbce65f072d4e8c310cb9de,0.37648844718933105,sleap-lablink-client-prod-vm-7,running,Healthy,0,1788390738.0,1788390767.0,1788390813.0,1788391004.0,1788390941.0,1788391016.0,295.0,1788390768.13509,1788391127.485072,1788391380.377183,i-04223bbc5c5f842c7
1788391405.477283,10,1,ghcr.io/talmolab/lablink-client-base-image:linux-amd64-test@sha256:1ec2fde6860186b3d45ac83890167258f83512955dbce65f072d4e8c310cb9de,0.37648844718933105,sleap-lablink-client-prod-vm-8,running,Healthy,0,1788390738.0,1788390767.0,1788390809.0,1788391003.0,1788390941.0,1788391017.0,299.0,1788390768.135877,1788391127.491438,1788391380.030262,i-0798ccd89f26d7cda
1788391405.477283,10,1,ghcr.io/talmolab/lablink-client-base-image:linux-amd64-test@sha256:1ec2fde6860186b3d45ac83890167258f83512955dbce65f072d4e8c310cb9de,0.37648844718933105,sleap-lablink-client-prod-vm-9,running,Healthy,0,1788390738.0,1788390767.0,1788390813.0,1788391010.0,1788390948.0,1788391021.0,299.0,1788390768.136603,1788391127.503832,1788391384.43761,i-0ae3bdc8eb0227987
1788391410.8790731,10,1,ghcr.io/talmolab/lablink-client-base-image:linux-amd64-test@sha256:1ec2fde6860186b3d45ac83890167258f83512955dbce65f072d4e8c310cb9de,0.37648844718933105,sleap-lablink-client-prod-vm-1,running,Healthy,1,1788390738.0,1788390767.0,1788390905.0,1788391113.0,1788391050.0,1788391124.0,311.0,1788390768.128852,1788391127.40029,1788391397.408017,i-0d4ebb2bfcef19f31
1788391410.8790731,10,1,ghcr.io/talmolab/lablink-client-base-image:linux-amd64-test@sha256:1ec2fde6860186b3d45ac83890167258f83512955dbce65f072d4e8c310cb9de,0.37648844718933105,sleap-lablink-client-prod-vm-10,running,Healthy,1,1788390738.0,1788390767.0,1788390902.0,1788391108.0,1788391046.0,1788391114.0,303.0,1788390768.130117,1788391127.408882,1788391388.064242,i-073b86b279423b5ed
1788391410.8790731,10,1,ghcr.io/talmolab/lablink-client-base-image:linux-amd64-test@sha256:1ec2fde6860186b3d45ac83890167258f83512955dbce65f072d4e8c310cb9de,0.37648844718933105,sleap-lablink-client-prod-vm-2,running,Healthy,0,1788390738.0,1788390767.0,1788390813.0,1788391011.0,1788390949.0,1788391016.0,294.0,1788390768.130938,1788391127.407519,1788391410.539244,i-02f122d3eea1c2ca0
1788391410.8790731,10,1,ghcr.io/talmolab/lablink-client-base-image:linux-amd64-test@sha256:1ec2fde6860186b3d45ac83890167258f83512955dbce65f072d4e8c310cb9de,0.37648844718933105,sleap-lablink-client-prod-vm-3,running,Healthy,0,1788390738.0,1788390767.0,1788390814.0,1788391004.0,1788390941.0,1788391018.0,296.0,1788390768.131762,1788391127.452474,1788391381.426512,i-04f09804c45834c8a
1788391410.8790731,10,1,ghcr.io/talmolab/lablink-client-base-image:linux-amd64-test@sha256:1ec2fde6860186b3d45ac83890167258f83512955dbce65f072d4e8c310cb9de,0.37648844718933105,sleap-lablink-client-prod-vm-4,running,Healthy,0,1788390738.0,1788390767.0,1788390813.0,1788391010.0,1788390947.0,1788391022.0,301.0,1788390768.132688,1788391127.453282,1788391385.984039,i-0b5a2f80e58b1f49e
1788391410.8790731,10,1,ghcr.io/talmolab/lablink-client-base-image:linux-amd64-test@sha256:1ec2fde6860186b3d45ac83890167258f83512955dbce65f072d4e8c310cb9de,0.37648844718933105,sleap-lablink-client-prod-vm-5,running,Healthy,0,1788390738.0,1788390767.0,1788390814.0,1788391012.0,1788390949.0,1788391024.0,302.0,1788390768.133418,1788391127.470972,1788391387.269629,i-011c62511afd69360
1788391410.8790731,10,1,ghcr.io/talmolab/lablink-client-base-image:linux-amd64-test@sha256:1ec2fde6860186b3d45ac83890167258f83512955dbce65f072d4e8c310cb9de,0.37648844718933105,sleap-lablink-client-prod-vm-6,running,Healthy,0,1788390738.0,1788390767.0,1788390814.0,1788391011.0,1788390949.0,1788391022.0,299.0,1788390768.134149,1788391127.454231,1788391386.131823,i-0cceae5b4237000da
1788391410.8790731,10,1,ghcr.io/talmolab/lablink-client-base-image:linux-amd64-test@sha256:1ec2fde6860186b3d45ac83890167258f83512955dbce65f072d4e8c310cb9de,0.37648844718933105,sleap-lablink-client-prod-vm-7,running,Healthy,0,1788390738.0,1788390767.0,1788390813.0,1788391004.0,1788390941.0,1788391016.0,295.0,1788390768.13509,1788391127.485072,1788391410.400076,i-04223bbc5c5f842c7
1788391410.8790731,10,1,ghcr.io/talmolab/lablink-client-base-image:linux-amd64-test@sha256:1ec2fde6860186b3d45ac83890167258f83512955dbce65f072d4e8c310cb9de,0.37648844718933105,sleap-lablink-client-prod-vm-8,running,Healthy,0,1788390738.0,1788390767.0,1788390809.0,1788391003.0,1788390941.0,1788391017.0,299.0,1788390768.135877,1788391127.491438,1788391410.050229,i-0798ccd89f26d7cda
1788391410.8790731,10,1,ghcr.io/talmolab/lablink-client-base-image:linux-amd64-test@sha256:1ec2fde6860186b3d45ac83890167258f83512955dbce65f072d4e8c310cb9de,0.37648844718933105,sleap-lablink-client-prod-vm-9,running,Healthy,0,1788390738.0,1788390767.0,1788390813.0,1788391010.0,1788390948.0,1788391021.0,299.0,1788390768.136603,1788391127.503832,1788391384.43761,i-0ae3bdc8eb0227987
1788391415.568647,10,1,ghcr.io/talmolab/lablink-client-base-image:linux-amd64-test@sha256:1ec2fde6860186b3d45ac83890167258f83512955dbce65f072d4e8c310cb9de,0.37648844718933105,sleap-lablink-client-prod-vm-1,running,Healthy,1,1788390738.0,1788390767.0,1788390905.0,1788391113.0,1788391050.0,1788391124.0,311.0,1788390768.128852,1788391127.40029,1788391397.408017,i-0d4ebb2bfcef19f31
1788391415.568647,10,1,ghcr.io/talmolab/lablink-client-base-image:linux-amd64-test@sha256:1ec2fde6860186b3d45ac83890167258f83512955dbce65f072d4e8c310cb9de,0.37648844718933105,sleap-lablink-client-prod-vm-10,running,Healthy,1,1788390738.0,1788390767.0,1788390902.0,1788391108.0,1788391046.0,1788391114.0,303.0,1788390768.130117,1788391127.408882,1788391388.064242,i-073b86b279423b5ed
1788391415.568647,10,1,ghcr.io/talmolab/lablink-client-base-image:linux-amd64-test@sha256:1ec2fde6860186b3d45ac83890167258f83512955dbce65f072d4e8c310cb9de,0.37648844718933105,sleap-lablink-client-prod-vm-2,running,Healthy,0,1788390738.0,1788390767.0,1788390813.0,1788391011.0,1788390949.0,1788391016.0,294.0,1788390768.130938,1788391127.407519,1788391410.539244,i-02f122d3eea1c2ca0
1788391415.568647,10,1,ghcr.io/talmolab/lablink-client-base-image:linux-amd64-test@sha256:1ec2fde6860186b3d45ac83890167258f83512955dbce65f072d4e8c310cb9de,0.37648844718933105,sleap-lablink-client-prod-vm-3,running,Healthy,0,1788390738.0,1788390767.0,1788390814.0,1788391004.0,1788390941.0,1788391018.0,296.0,1788390768.131762,1788391127.452474,1788391411.450821,i-04f09804c45834c8a
1788391415.568647,10,1,ghcr.io/talmolab/lablink-client-base-image:linux-amd64-test@sha256:1ec2fde6860186b3d45ac83890167258f83512955dbce65f072d4e8c310cb9de,0.37648844718933105,sleap-lablink-client-prod-vm-4,running,Healthy,0,1788390738.0,1788390767.0,1788390813.0,1788391010.0,1788390947.0,1788391022.0,301.0,1788390768.132688,1788391127.453282,1788391385.984039,i-0b5a2f80e58b1f49e
1788391415.568647,10,1,ghcr.io/talmolab/lablink-client-base-image:linux-amd64-test@sha256:1ec2fde6860186b3d45ac83890167258f83512955dbce65f072d4e8c310cb9de,0.37648844718933105,sleap-lablink-client-prod-vm-5,running,Healthy,0,1788390738.0,1788390767.0,1788390814.0,1788391012.0,1788390949.0,1788391024.0,302.0,1788390768.133418,1788391127.470972,1788391387.269629,i-011c62511afd69360
1788391415.568647,10,1,ghcr.io/talmolab/lablink-client-base-image:linux-amd64-test@sha256:1ec2fde6860186b3d45ac83890167258f83512955dbce65f072d4e8c310cb9de,0.37648844718933105,sleap-lablink-client-prod-vm-6,running,Healthy,0,1788390738.0,1788390767.0,1788390814.0,1788391011.0,1788390949.0,1788391022.0,299.0,1788390768.134149,1788391127.454231,1788391386.131823,i-0cceae5b4237000da
1788391415.568647,10,1,ghcr.io/talmolab/lablink-client-base-image:linux-amd64-test@sha256:1ec2fde6860186b3d45ac83890167258f83512955dbce65f072d4e8c310cb9de,0.37648844718933105,sleap-lablink-client-prod-vm-7,running,Healthy,0,1788390738.0,1788390767.0,1788390813.0,1788391004.0,1788390941.0,1788391016.0,295.0,1788390768.13509,1788391127.485072,1788391410.400076,i-04223bbc5c5f842c7
1788391415.568647,10,1,ghcr.io/talmolab/lablink-client-base-image:linux-amd64-test@sha256:1ec2fde6860186b3d45ac83890167258f83512955dbce65f072d4e8c310cb9de,0.37648844718933105,sleap-lablink-client-prod-vm-8,running,Healthy,0,1788390738.0,1788390767.0,1788390809.0,1788391003.0,1788390941.0,1788391017.0,299.0,1788390768.135877,1788391127.491438,1788391410.050229,i-0798ccd89f26d7cda
1788391415.568647,10,1,ghcr.io/talmolab/lablink-client-base-image:linux-amd64-test@sha256:1ec2fde6860186b3d45ac83890167258f83512955dbce65f072d4e8c310cb9de,0.37648844718933105,sleap-lablink-client-prod-vm-9,running,Healthy,0,1788390738.0,1788390767.0,1788390813.0,1788391010.0,1788390948.0,1788391021.0,299.0,1788390768.136603,1788391127.503832,1788391414.458611,i-0ae3bdc8eb0227987
1788391420.474068,10,1,ghcr.io/talmolab/lablink-client-base-image:linux-amd64-test@sha256:1ec2fde6860186b3d45ac83890167258f83512955dbce65f072d4e8c310cb9de,0.37648844718933105,sleap-lablink-client-prod-vm-1,running,Healthy,1,1788390738.0,1788390767.0,1788390905.0,1788391113.0,1788391050.0,1788391124.0,311.0,1788390768.128852,1788391127.40029,1788391397.408017,i-0d4ebb2bfcef19f31
1788391420.474068,10,1,ghcr.io/talmolab/lablink-client-base-image:linux-amd64-test@sha256:1ec2fde6860186b3d45ac83890167258f83512955dbce65f072d4e8c310cb9de,0.37648844718933105,sleap-lablink-client-prod-vm-10,running,Healthy,1,1788390738.0,1788390767.0,1788390902.0,1788391108.0,1788391046.0,1788391114.0,303.0,1788390768.130117,1788391127.408882,1788391418.237158,i-073b86b279423b5ed
1788391420.474068,10,1,ghcr.io/talmolab/lablink-client-base-image:linux-amd64-test@sha256:1ec2fde6860186b3d45ac83890167258f83512955dbce65f072d4e8c310cb9de,0.37648844718933105,sleap-lablink-client-prod-vm-2,running,Healthy,0,1788390738.0,1788390767.0,1788390813.0,1788391011.0,1788390949.0,1788391016.0,294.0,1788390768.130938,1788391127.407519,1788391410.539244,i-02f122d3eea1c2ca0
1788391420.474068,10,1,ghcr.io/talmolab/lablink-client-base-image:linux-amd64-test@sha256:1ec2fde6860186b3d45ac83890167258f83512955dbce65f072d4e8c310cb9de,0.37648844718933105,sleap-lablink-client-prod-vm-3,running,Healthy,0,1788390738.0,1788390767.0,1788390814.0,1788391004.0,1788390941.0,1788391018.0,296.0,1788390768.131762,1788391127.452474,1788391411.450821,i-04f09804c45834c8a
1788391420.474068,10,1,ghcr.io/talmolab/lablink-client-base-image:linux-amd64-test@sha256:1ec2fde6860186b3d45ac83890167258f83512955dbce65f072d4e8c310cb9de,0.37648844718933105,sleap-lablink-client-prod-vm-4,running,Healthy,0,1788390738.0,1788390767.0,1788390813.0,1788391010.0,1788390947.0,1788391022.0,301.0,1788390768.132688,1788391127.453282,1788391416.007006,i-0b5a2f80e58b1f49e
1788391420.474068,10,1,ghcr.io/talmolab/lablink-client-base-image:linux-amd64-test@sha256:1ec2fde6860186b3d45ac83890167258f83512955dbce65f072d4e8c310cb9de,0.37648844718933105,sleap-lablink-client-prod-vm-5,running,Healthy,0,1788390738.0,1788390767.0,1788390814.0,1788391012.0,1788390949.0,1788391024.0,302.0,1788390768.133418,1788391127.470972,1788391417.291098,i-011c62511afd69360
1788391420.474068,10,1,ghcr.io/talmolab/lablink-client-base-image:linux-amd64-test@sha256:1ec2fde6860186b3d45ac83890167258f83512955dbce65f072d4e8c310cb9de,0.37648844718933105,sleap-lablink-client-prod-vm-6,running,Healthy,0,1788390738.0,1788390767.0,1788390814.0,1788391011.0,1788390949.0,1788391022.0,299.0,1788390768.134149,1788391127.454231,1788391416.204013,i-0cceae5b4237000da
1788391420.474068,10,1,ghcr.io/talmolab/lablink-client-base-image:linux-amd64-test@sha256:1ec2fde6860186b3d45ac83890167258f83512955dbce65f072d4e8c310cb9de,0.37648844718933105,sleap-lablink-client-prod-vm-7,running,Healthy,0,1788390738.0,1788390767.0,1788390813.0,1788391004.0,1788390941.0,1788391016.0,295.0,1788390768.13509,1788391127.485072,1788391410.400076,i-04223bbc5c5f842c7
1788391420.474068,10,1,ghcr.io/talmolab/lablink-client-base-image:linux-amd64-test@sha256:1ec2fde6860186b3d45ac83890167258f83512955dbce65f072d4e8c310cb9de,0.37648844718933105,sleap-lablink-client-prod-vm-8,running,Healthy,0,1788390738.0,1788390767.0,1788390809.0,1788391003.0,1788390941.0,1788391017.0,299.0,1788390768.135877,1788391127.491438,1788391410.050229,i-0798ccd89f26d7cda
1788391420.474068,10,1,ghcr.io/talmolab/lablink-client-base-image:linux-amd64-test@sha256:1ec2fde6860186b3d45ac83890167258f83512955dbce65f072d4e8c310cb9de,0.37648844718933105,sleap-lablink-client-prod-vm-9,running,Healthy,0,1788390738.0,1788390767.0,1788390813.0,1788391010.0,1788390948.0,1788391021.0,299.0,1788390768.136603,1788391127.503832,1788391414.458611,i-0ae3bdc8eb0227987
1788391425.5592058,10,1,ghcr.io/talmolab/lablink-client-base-image:linux-amd64-test@sha256:1ec2fde6860186b3d45ac83890167258f83512955dbce65f072d4e8c310cb9de,0.37648844718933105,sleap-lablink-client-prod-vm-1,running,Healthy,1,1788390738.0,1788390767.0,1788390905.0,1788391113.0,1788391050.0,1788391124.0,311.0,1788390768.128852,1788391127.40029,1788391397.408017,i-0d4ebb2bfcef19f31
1788391425.5592058,10,1,ghcr.io/talmolab/lablink-client-base-image:linux-amd64-test@sha256:1ec2fde6860186b3d45ac83890167258f83512955dbce65f072d4e8c310cb9de,0.37648844718933105,sleap-lablink-client-prod-vm-10,running,Healthy,1,1788390738.0,1788390767.0,1788390902.0,1788391108.0,1788391046.0,1788391114.0,303.0,1788390768.130117,1788391127.408882,1788391418.237158,i-073b86b279423b5ed
1788391425.5592058,10,1,ghcr.io/talmolab/lablink-client-base-image:linux-amd64-test@sha256:1ec2fde6860186b3d45ac83890167258f83512955dbce65f072d4e8c310cb9de,0.37648844718933105,sleap-lablink-client-prod-vm-2,running,Healthy,0,1788390738.0,1788390767.0,1788390813.0,1788391011.0,1788390949.0,1788391016.0,294.0,1788390768.130938,1788391127.407519,1788391410.539244,i-02f122d3eea1c2ca0
1788391425.5592058,10,1,ghcr.io/talmolab/lablink-client-base-image:linux-amd64-test@sha256:1ec2fde6860186b3d45ac83890167258f83512955dbce65f072d4e8c310cb9de,0.37648844718933105,sleap-lablink-client-prod-vm-3,running,Healthy,0,1788390738.0,1788390767.0,1788390814.0,1788391004.0,1788390941.0,1788391018.0,296.0,1788390768.131762,1788391127.452474,1788391411.450821,i-04f09804c45834c8a
1788391425.5592058,10,1,ghcr.io/talmolab/lablink-client-base-image:linux-amd64-test@sha256:1ec2fde6860186b3d45ac83890167258f83512955dbce65f072d4e8c310cb9de,0.37648844718933105,sleap-lablink-client-prod-vm-4,running,Healthy,0,1788390738.0,1788390767.0,1788390813.0,1788391010.0,1788390947.0,1788391022.0,301.0,1788390768.132688,1788391127.453282,1788391416.007006,i-0b5a2f80e58b1f49e
1788391425.5592058,10,1,ghcr.io/talmolab/lablink-client-base-image:linux-amd64-test@sha256:1ec2fde6860186b3d45ac83890167258f83512955dbce65f072d4e8c310cb9de,0.37648844718933105,sleap-lablink-client-prod-vm-5,running,Healthy,0,1788390738.0,1788390767.0,1788390814.0,1788391012.0,1788390949.0,1788391024.0,302.0,1788390768.133418,1788391127.470972,1788391417.291098,i-011c62511afd69360
1788391425.5592058,10,1,ghcr.io/talmolab/lablink-client-base-image:linux-amd64-test@sha256:1ec2fde6860186b3d45ac83890167258f83512955dbce65f072d4e8c310cb9de,0.37648844718933105,sleap-lablink-client-prod-vm-6,running,Healthy,0,1788390738.0,1788390767.0,1788390814.0,1788391011.0,1788390949.0,1788391022.0,299.0,1788390768.134149,1788391127.454231,1788391416.204013,i-0cceae5b4237000da
1788391425.5592058,10,1,ghcr.io/talmolab/lablink-client-base-image:linux-amd64-test@sha256:1ec2fde6860186b3d45ac83890167258f83512955dbce65f072d4e8c310cb9de,0.37648844718933105,sleap-lablink-client-prod-vm-7,running,Healthy,0,1788390738.0,1788390767.0,1788390813.0,1788391004.0,1788390941.0,1788391016.0,295.0,1788390768.13509,1788391127.485072,1788391410.400076,i-04223bbc5c5f842c7
1788391425.5592058,10,1,ghcr.io/talmolab/lablink-client-base-image:linux-amd64-test@sha256:1ec2fde6860186b3d45ac83890167258f83512955dbce65f072d4e8c310cb9de,0.37648844718933105,sleap-lablink-client-prod-vm-8,running,Healthy,0,1788390738.0,1788390767.0,1788390809.0,1788391003.0,1788390941.0,1788391017.0,299.0,1788390768.135877,1788391127.491438,1788391410.050229,i-0798ccd89f26d7cda
1788391425.5592058,10,1,ghcr.io/talmolab/lablink-client-base-image:linux-amd64-test@sha256:1ec2fde6860186b3d45ac83890167258f83512955dbce65f072d4e8c310cb9de,0.37648844718933105,sleap-lablink-client-prod-vm-9,running,Healthy,0,1788390738.0,1788390767.0,1788390813.0,1788391010.0,1788390948.0,1788391021.0,299.0,1788390768.136603,1788391127.503832,1788391414.458611,i-0ae3bdc8eb0227987
1788391430.472608,10,1,ghcr.io/talmolab/lablink-client-base-image:linux-amd64-test@sha256:1ec2fde6860186b3d45ac83890167258f83512955dbce65f072d4e8c310cb9de,0.37648844718933105,sleap-lablink-client-prod-vm-1,running,Healthy,1,1788390738.0,1788390767.0,1788390905.0,1788391113.0,1788391050.0,1788391124.0,311.0,1788390768.128852,1788391127.40029,1788391427.578928,i-0d4ebb2bfcef19f31
1788391430.472608,10,1,ghcr.io/talmolab/lablink-client-base-image:linux-amd64-test@sha256:1ec2fde6860186b3d45ac83890167258f83512955dbce65f072d4e8c310cb9de,0.37648844718933105,sleap-lablink-client-prod-vm-10,running,Healthy,1,1788390738.0,1788390767.0,1788390902.0,1788391108.0,1788391046.0,1788391114.0,303.0,1788390768.130117,1788391127.408882,1788391418.237158,i-073b86b279423b5ed
1788391430.472608,10,1,ghcr.io/talmolab/lablink-client-base-image:linux-amd64-test@sha256:1ec2fde6860186b3d45ac83890167258f83512955dbce65f072d4e8c310cb9de,0.37648844718933105,sleap-lablink-client-prod-vm-2,running,Healthy,0,1788390738.0,1788390767.0,1788390813.0,1788391011.0,1788390949.0,1788391016.0,294.0,1788390768.130938,1788391127.407519,1788391410.539244,i-02f122d3eea1c2ca0
1788391430.472608,10,1,ghcr.io/talmolab/lablink-client-base-image:linux-amd64-test@sha256:1ec2fde6860186b3d45ac83890167258f83512955dbce65f072d4e8c310cb9de,0.37648844718933105,sleap-lablink-client-prod-vm-3,running,Healthy,0,1788390738.0,1788390767.0,1788390814.0,1788391004.0,1788390941.0,1788391018.0,296.0,1788390768.131762,1788391127.452474,1788391411.450821,i-04f09804c45834c8a
1788391430.472608,10,1,ghcr.io/talmolab/lablink-client-base-image:linux-amd64-test@sha256:1ec2fde6860186b3d45ac83890167258f83512955dbce65f072d4e8c310cb9de,0.37648844718933105,sleap-lablink-client-prod-vm-4,running,Healthy,0,1788390738.0,1788390767.0,1788390813.0,1788391010.0,1788390947.0,1788391022.0,301.0,1788390768.132688,1788391127.453282,1788391416.007006,i-0b5a2f80e58b1f49e
1788391430.472608,10,1,ghcr.io/talmolab/lablink-client-base-image:linux-amd64-test@sha256:1ec2fde6860186b3d45ac83890167258f83512955dbce65f072d4e8c310cb9de,0.37648844718933105,sleap-lablink-client-prod-vm-5,running,Healthy,0,1788390738.0,1788390767.0,1788390814.0,1788391012.0,1788390949.0,1788391024.0,302.0,1788390768.133418,1788391127.470972,1788391417.291098,i-011c62511afd69360
1788391430.472608,10,1,ghcr.io/talmolab/lablink-client-base-image:linux-amd64-test@sha256:1ec2fde6860186b3d45ac83890167258f83512955dbce65f072d4e8c310cb9de,0.37648844718933105,sleap-lablink-client-prod-vm-6,running,Healthy,0,1788390738.0,1788390767.0,1788390814.0,1788391011.0,1788390949.0,1788391022.0,299.0,1788390768.134149,1788391127.454231,1788391416.204013,i-0cceae5b4237000da
1788391430.472608,10,1,ghcr.io/talmolab/lablink-client-base-image:linux-amd64-test@sha256:1ec2fde6860186b3d45ac83890167258f83512955dbce65f072d4e8c310cb9de,0.37648844718933105,sleap-lablink-client-prod-vm-7,running,Healthy,0,1788390738.0,1788390767.0,1788390813.0,1788391004.0,1788390941.0,1788391016.0,295.0,1788390768.13509,1788391127.485072,1788391410.400076,i-04223bbc5c5f842c7
1788391430.472608,10,1,ghcr.io/talmolab/lablink-client-base-image:linux-amd64-test@sha256:1ec2fde6860186b3d45ac83890167258f83512955dbce65f072d4e8c310cb9de,0.37648844718933105,sleap-lablink-client-prod-vm-8,running,Healthy,0,1788390738.0,1788390767.0,1788390809.0,1788391003.0,1788390941.0,1788391017.0,299.0,1788390768.135877,1788391127.491438,1788391410.050229,i-0798ccd89f26d7cda
1788391430.472608,10,1,ghcr.io/talmolab/lablink-client-base-image:linux-amd64-test@sha256:1ec2fde6860186b3d45ac83890167258f83512955dbce65f072d4e8c310cb9de,0.37648844718933105,sleap-lablink-client-prod-vm-9,running,Healthy,0,1788390738.0,1788390767.0,1788390813.0,1788391010.0,1788390948.0,1788391021.0,299.0,1788390768.136603,1788391127.503832,1788391414.458611,i-0ae3bdc8eb0227987
1788391435.524925,10,1,ghcr.io/talmolab/lablink-client-base-image:linux-amd64-test@sha256:1ec2fde6860186b3d45ac83890167258f83512955dbce65f072d4e8c310cb9de,0.37648844718933105,sleap-lablink-client-prod-vm-1,running,Healthy,1,1788390738.0,1788390767.0,1788390905.0,1788391113.0,1788391050.0,1788391124.0,311.0,1788390768.128852,1788391127.40029,1788391427.578928,i-0d4ebb2bfcef19f31
1788391435.524925,10,1,ghcr.io/talmolab/lablink-client-base-image:linux-amd64-test@sha256:1ec2fde6860186b3d45ac83890167258f83512955dbce65f072d4e8c310cb9de,0.37648844718933105,sleap-lablink-client-prod-vm-10,running,Healthy,1,1788390738.0,1788390767.0,1788390902.0,1788391108.0,1788391046.0,1788391114.0,303.0,1788390768.130117,1788391127.408882,1788391418.237158,i-073b86b279423b5ed
1788391435.524925,10,1,ghcr.io/talmolab/lablink-client-base-image:linux-amd64-test@sha256:1ec2fde6860186b3d45ac83890167258f83512955dbce65f072d4e8c310cb9de,0.37648844718933105,sleap-lablink-client-prod-vm-2,running,Healthy,0,1788390738.0,1788390767.0,1788390813.0,1788391011.0,1788390949.0,1788391016.0,294.0,1788390768.130938,1788391127.407519,1788391410.539244,i-02f122d3eea1c2ca0
1788391435.524925,10,1,ghcr.io/talmolab/lablink-client-base-image:linux-amd64-test@sha256:1ec2fde6860186b3d45ac83890167258f83512955dbce65f072d4e8c310cb9de,0.37648844718933105,sleap-lablink-client-prod-vm-3,running,Healthy,0,1788390738.0,1788390767.0,1788390814.0,1788391004.0,1788390941.0,1788391018.0,296.0,1788390768.131762,1788391127.452474,1788391411.450821,i-04f09804c45834c8a
1788391435.524925,10,1,ghcr.io/talmolab/lablink-client-base-image:linux-amd64-test@sha256:1ec2fde6860186b3d45ac83890167258f83512955dbce65f072d4e8c310cb9de,0.37648844718933105,sleap-lablink-client-prod-vm-4,running,Healthy,0,1788390738.0,1788390767.0,1788390813.0,1788391010.0,1788390947.0,1788391022.0,301.0,1788390768.132688,1788391127.453282,1788391416.007006,i-0b5a2f80e58b1f49e
1788391435.524925,10,1,ghcr.io/talmolab/lablink-client-base-image:linux-amd64-test@sha256:1ec2fde6860186b3d45ac83890167258f83512955dbce65f072d4e8c310cb9de,0.37648844718933105,sleap-lablink-client-prod-vm-5,running,Healthy,0,1788390738.0,1788390767.0,1788390814.0,1788391012.0,1788390949.0,1788391024.0,302.0,1788390768.133418,1788391127.470972,1788391417.291098,i-011c62511afd69360
1788391435.524925,10,1,ghcr.io/talmolab/lablink-client-base-image:linux-amd64-test@sha256:1ec2fde6860186b3d45ac83890167258f83512955dbce65f072d4e8c310cb9de,0.37648844718933105,sleap-lablink-client-prod-vm-6,running,Healthy,0,1788390738.0,1788390767.0,1788390814.0,1788391011.0,1788390949.0,1788391022.0,299.0,1788390768.134149,1788391127.454231,1788391416.204013,i-0cceae5b4237000da
1788391435.524925,10,1,ghcr.io/talmolab/lablink-client-base-image:linux-amd64-test@sha256:1ec2fde6860186b3d45ac83890167258f83512955dbce65f072d4e8c310cb9de,0.37648844718933105,sleap-lablink-client-prod-vm-7,running,Healthy,0,1788390738.0,1788390767.0,1788390813.0,1788391004.0,1788390941.0,1788391016.0,295.0,1788390768.13509,1788391127.485072,1788391410.400076,i-04223bbc5c5f842c7
1788391435.524925,10,1,ghcr.io/talmolab/lablink-client-base-image:linux-amd64-test@sha256:1ec2fde6860186b3d45ac83890167258f83512955dbce65f072d4e8c310cb9de,0.37648844718933105,sleap-lablink-client-prod-vm-8,running,Healthy,0,1788390738.0,1788390767.0,1788390809.0,1788391003.0,1788390941.0,1788391017.0,299.0,1788390768.135877,1788391127.491438,1788391410.050229,i-0798ccd89f26d7cda
1788391435.524925,10,1,ghcr.io/talmolab/lablink-client-base-image:linux-amd64-test@sha256:1ec2fde6860186b3d45ac83890167258f83512955dbce65f072d4e8c310cb9de,0.37648844718933105,sleap-lablink-client-prod-vm-9,running,Healthy,0,1788390738.0,1788390767.0,1788390813.0,1788391010.0,1788390948.0,1788391021.0,299.0,1788390768.136603,1788391127.503832,1788391414.458611,i-0ae3bdc8eb0227987
1788391440.801323,10,1,ghcr.io/talmolab/lablink-client-base-image:linux-amd64-test@sha256:1ec2fde6860186b3d45ac83890167258f83512955dbce65f072d4e8c310cb9de,0.37648844718933105,sleap-lablink-client-prod-vm-1,running,Healthy,1,1788390738.0,1788390767.0,1788390905.0,1788391113.0,1788391050.0,1788391124.0,311.0,1788390768.128852,1788391127.40029,1788391427.578928,i-0d4ebb2bfcef19f31
1788391440.801323,10,1,ghcr.io/talmolab/lablink-client-base-image:linux-amd64-test@sha256:1ec2fde6860186b3d45ac83890167258f83512955dbce65f072d4e8c310cb9de,0.37648844718933105,sleap-lablink-client-prod-vm-10,running,Healthy,1,1788390738.0,1788390767.0,1788390902.0,1788391108.0,1788391046.0,1788391114.0,303.0,1788390768.130117,1788391127.408882,1788391418.237158,i-073b86b279423b5ed
1788391440.801323,10,1,ghcr.io/talmolab/lablink-client-base-image:linux-amd64-test@sha256:1ec2fde6860186b3d45ac83890167258f83512955dbce65f072d4e8c310cb9de,0.37648844718933105,sleap-lablink-client-prod-vm-2,running,Healthy,0,1788390738.0,1788390767.0,1788390813.0,1788391011.0,1788390949.0,1788391016.0,294.0,1788390768.130938,1788391127.407519,1788391410.539244,i-02f122d3eea1c2ca0
1788391440.801323,10,1,ghcr.io/talmolab/lablink-client-base-image:linux-amd64-test@sha256:1ec2fde6860186b3d45ac83890167258f83512955dbce65f072d4e8c310cb9de,0.37648844718933105,sleap-lablink-client-prod-vm-3,running,Healthy,0,1788390738.0,1788390767.0,1788390814.0,1788391004.0,1788390941.0,1788391018.0,296.0,1788390768.131762,1788391127.452474,1788391411.450821,i-04f09804c45834c8a
1788391440.801323,10,1,ghcr.io/talmolab/lablink-client-base-image:linux-amd64-test@sha256:1ec2fde6860186b3d45ac83890167258f83512955dbce65f072d4e8c310cb9de,0.37648844718933105,sleap-lablink-client-prod-vm-4,running,Healthy,0,1788390738.0,1788390767.0,1788390813.0,1788391010.0,1788390947.0,1788391022.0,301.0,1788390768.132688,1788391127.453282,1788391416.007006,i-0b5a2f80e58b1f49e
1788391440.801323,10,1,ghcr.io/talmolab/lablink-client-base-image:linux-amd64-test@sha256:1ec2fde6860186b3d45ac83890167258f83512955dbce65f072d4e8c310cb9de,0.37648844718933105,sleap-lablink-client-prod-vm-5,running,Healthy,0,1788390738.0,1788390767.0,1788390814.0,1788391012.0,1788390949.0,1788391024.0,302.0,1788390768.133418,1788391127.470972,1788391417.291098,i-011c62511afd69360
1788391440.801323,10,1,ghcr.io/talmolab/lablink-client-base-image:linux-amd64-test@sha256:1ec2fde6860186b3d45ac83890167258f83512955dbce65f072d4e8c310cb9de,0.37648844718933105,sleap-lablink-client-prod-vm-6,running,Healthy,0,1788390738.0,1788390767.0,1788390814.0,1788391011.0,1788390949.0,1788391022.0,299.0,1788390768.134149,1788391127.454231,1788391416.204013,i-0cceae5b4237000da
1788391440.801323,10,1,ghcr.io/talmolab/lablink-client-base-image:linux-amd64-test@sha256:1ec2fde6860186b3d45ac83890167258f83512955dbce65f072d4e8c310cb9de,0.37648844718933105,sleap-lablink-client-prod-vm-7,running,Healthy,0,1788390738.0,1788390767.0,1788390813.0,1788391004.0,1788390941.0,1788391016.0,295.0,1788390768.13509,1788391127.485072,1788391440.72937,i-04223bbc5c5f842c7
1788391440.801323,10,1,ghcr.io/talmolab/lablink-client-base-image:linux-amd64-test@sha256:1ec2fde6860186b3d45ac83890167258f83512955dbce65f072d4e8c310cb9de,0.37648844718933105,sleap-lablink-client-prod-vm-8,running,Healthy,0,1788390738.0,1788390767.0,1788390809.0,1788391003.0,1788390941.0,1788391017.0,299.0,1788390768.135877,1788391127.491438,1788391440.225731,i-0798ccd89f26d7cda
1788391440.801323,10,1,ghcr.io/talmolab/lablink-client-base-image:linux-amd64-test@sha256:1ec2fde6860186b3d45ac83890167258f83512955dbce65f072d4e8c310cb9de,0.37648844718933105,sleap-lablink-client-prod-vm-9,running,Healthy,0,1788390738.0,1788390767.0,1788390813.0,1788391010.0,1788390948.0,1788391021.0,299.0,1788390768.136603,1788391127.503832,1788391414.458611,i-0ae3bdc8eb0227987
1788391445.523392,10,1,ghcr.io/talmolab/lablink-client-base-image:linux-amd64-test@sha256:1ec2fde6860186b3d45ac83890167258f83512955dbce65f072d4e8c310cb9de,0.37648844718933105,sleap-lablink-client-prod-vm-1,running,Healthy,1,1788390738.0,1788390767.0,1788390905.0,1788391113.0,1788391050.0,1788391124.0,311.0,1788390768.128852,1788391127.40029,1788391427.578928,i-0d4ebb2bfcef19f31
1788391445.523392,10,1,ghcr.io/talmolab/lablink-client-base-image:linux-amd64-test@sha256:1ec2fde6860186b3d45ac83890167258f83512955dbce65f072d4e8c310cb9de,0.37648844718933105,sleap-lablink-client-prod-vm-10,running,Healthy,1,1788390738.0,1788390767.0,1788390902.0,1788391108.0,1788391046.0,1788391114.0,303.0,1788390768.130117,1788391127.408882,1788391418.237158,i-073b86b279423b5ed
1788391445.523392,10,1,ghcr.io/talmolab/lablink-client-base-image:linux-amd64-test@sha256:1ec2fde6860186b3d45ac83890167258f83512955dbce65f072d4e8c310cb9de,0.37648844718933105,sleap-lablink-client-prod-vm-2,running,Healthy,0,1788390738.0,1788390767.0,1788390813.0,1788391011.0,1788390949.0,1788391016.0,294.0,1788390768.130938,1788391127.407519,1788391440.829683,i-02f122d3eea1c2ca0
1788391445.523392,10,1,ghcr.io/talmolab/lablink-client-base-image:linux-amd64-test@sha256:1ec2fde6860186b3d45ac83890167258f83512955dbce65f072d4e8c310cb9de,0.37648844718933105,sleap-lablink-client-prod-vm-3,running,Healthy,0,1788390738.0,1788390767.0,1788390814.0,1788391004.0,1788390941.0,1788391018.0,296.0,1788390768.131762,1788391127.452474,1788391441.7088,i-04f09804c45834c8a
1788391445.523392,10,1,ghcr.io/talmolab/lablink-client-base-image:linux-amd64-test@sha256:1ec2fde6860186b3d45ac83890167258f83512955dbce65f072d4e8c310cb9de,0.37648844718933105,sleap-lablink-client-prod-vm-4,running,Healthy,0,1788390738.0,1788390767.0,1788390813.0,1788391010.0,1788390947.0,1788391022.0,301.0,1788390768.132688,1788391127.453282,1788391416.007006,i-0b5a2f80e58b1f49e
1788391445.523392,10,1,ghcr.io/talmolab/lablink-client-base-image:linux-amd64-test@sha256:1ec2fde6860186b3d45ac83890167258f83512955dbce65f072d4e8c310cb9de,0.37648844718933105,sleap-lablink-client-prod-vm-5,running,Healthy,0,1788390738.0,1788390767.0,1788390814.0,1788391012.0,1788390949.0,1788391024.0,302.0,1788390768.133418,1788391127.470972,1788391417.291098,i-011c62511afd69360
1788391445.523392,10,1,ghcr.io/talmolab/lablink-client-base-image:linux-amd64-test@sha256:1ec2fde6860186b3d45ac83890167258f83512955dbce65f072d4e8c310cb9de,0.37648844718933105,sleap-lablink-client-prod-vm-6,running,Healthy,0,1788390738.0,1788390767.0,1788390814.0,1788391011.0,1788390949.0,1788391022.0,299.0,1788390768.134149,1788391127.454231,1788391416.204013,i-0cceae5b4237000da
1788391445.523392,10,1,ghcr.io/talmolab/lablink-client-base-image:linux-amd64-test@sha256:1ec2fde6860186b3d45ac83890167258f83512955dbce65f072d4e8c310cb9de,0.37648844718933105,sleap-lablink-client-prod-vm-7,running,Healthy,0,1788390738.0,1788390767.0,1788390813.0,1788391004.0,1788390941.0,1788391016.0,295.0,1788390768.13509,1788391127.485072,1788391440.72937,i-04223bbc5c5f842c7
1788391445.523392,10,1,ghcr.io/talmolab/lablink-client-base-image:linux-amd64-test@sha256:1ec2fde6860186b3d45ac83890167258f83512955dbce65f072d4e8c310cb9de,0.37648844718933105,sleap-lablink-client-prod-vm-8,running,Healthy,0,1788390738.0,1788390767.0,1788390809.0,1788391003.0,1788390941.0,1788391017.0,299.0,1788390768.135877,1788391127.491438,1788391440.225731,i-0798ccd89f26d7cda
1788391445.523392,10,1,ghcr.io/talmolab/lablink-client-base-image:linux-amd64-test@sha256:1ec2fde6860186b3d45ac83890167258f83512955dbce65f072d4e8c310cb9de,0.37648844718933105,sleap-lablink-client-prod-vm-9,running,Healthy,0,1788390738.0,1788390767.0,1788390813.0,1788391010.0,1788390948.0,1788391021.0,299.0,1788390768.136603,1788391127.503832,1788391444.659439,i-0ae3bdc8eb0227987
1788391450.514079,10,1,ghcr.io/talmolab/lablink-client-base-image:linux-amd64-test@sha256:1ec2fde6860186b3d45ac83890167258f83512955dbce65f072d4e8c310cb9de,0.37648844718933105,sleap-lablink-client-prod-vm-1,running,Healthy,1,1788390738.0,1788390767.0,1788390905.0,1788391113.0,1788391050.0,1788391124.0,311.0,1788390768.128852,1788391127.40029,1788391427.578928,i-0d4ebb2bfcef19f31
1788391450.514079,10,1,ghcr.io/talmolab/lablink-client-base-image:linux-amd64-test@sha256:1ec2fde6860186b3d45ac83890167258f83512955dbce65f072d4e8c310cb9de,0.37648844718933105,sleap-lablink-client-prod-vm-10,running,Healthy,1,1788390738.0,1788390767.0,1788390902.0,1788391108.0,1788391046.0,1788391114.0,303.0,1788390768.130117,1788391127.408882,1788391448.259489,i-073b86b279423b5ed
1788391450.514079,10,1,ghcr.io/talmolab/lablink-client-base-image:linux-amd64-test@sha256:1ec2fde6860186b3d45ac83890167258f83512955dbce65f072d4e8c310cb9de,0.37648844718933105,sleap-lablink-client-prod-vm-2,running,Healthy,0,1788390738.0,1788390767.0,1788390813.0,1788391011.0,1788390949.0,1788391016.0,294.0,1788390768.130938,1788391127.407519,1788391440.829683,i-02f122d3eea1c2ca0
1788391450.514079,10,1,ghcr.io/talmolab/lablink-client-base-image:linux-amd64-test@sha256:1ec2fde6860186b3d45ac83890167258f83512955dbce65f072d4e8c310cb9de,0.37648844718933105,sleap-lablink-client-prod-vm-3,running,Healthy,0,1788390738.0,1788390767.0,1788390814.0,1788391004.0,1788390941.0,1788391018.0,296.0,1788390768.131762,1788391127.452474,1788391441.7088,i-04f09804c45834c8a
1788391450.514079,10,1,ghcr.io/talmolab/lablink-client-base-image:linux-amd64-test@sha256:1ec2fde6860186b3d45ac83890167258f83512955dbce65f072d4e8c310cb9de,0.37648844718933105,sleap-lablink-client-prod-vm-4,running,Healthy,0,1788390738.0,1788390767.0,1788390813.0,1788391010.0,1788390947.0,1788391022.0,301.0,1788390768.132688,1788391127.453282,1788391446.214813,i-0b5a2f80e58b1f49e
1788391450.514079,10,1,ghcr.io/talmolab/lablink-client-base-image:linux-amd64-test@sha256:1ec2fde6860186b3d45ac83890167258f83512955dbce65f072d4e8c310cb9de,0.37648844718933105,sleap-lablink-client-prod-vm-5,running,Healthy,0,1788390738.0,1788390767.0,1788390814.0,1788391012.0,1788390949.0,1788391024.0,302.0,1788390768.133418,1788391127.470972,1788391447.460618,i-011c62511afd69360
1788391450.514079,10,1,ghcr.io/talmolab/lablink-client-base-image:linux-amd64-test@sha256:1ec2fde6860186b3d45ac83890167258f83512955dbce65f072d4e8c310cb9de,0.37648844718933105,sleap-lablink-client-prod-vm-6,running,Healthy,0,1788390738.0,1788390767.0,1788390814.0,1788391011.0,1788390949.0,1788391022.0,299.0,1788390768.134149,1788391127.454231,1788391446.449573,i-0cceae5b4237000da
1788391450.514079,10,1,ghcr.io/talmolab/lablink-client-base-image:linux-amd64-test@sha256:1ec2fde6860186b3d45ac83890167258f83512955dbce65f072d4e8c310cb9de,0.37648844718933105,sleap-lablink-client-prod-vm-7,running,Healthy,0,1788390738.0,1788390767.0,1788390813.0,1788391004.0,1788390941.0,1788391016.0,295.0,1788390768.13509,1788391127.485072,1788391440.72937,i-04223bbc5c5f842c7
1788391450.514079,10,1,ghcr.io/talmolab/lablink-client-base-image:linux-amd64-test@sha256:1ec2fde6860186b3d45ac83890167258f83512955dbce65f072d4e8c310cb9de,0.37648844718933105,sleap-lablink-client-prod-vm-8,running,Healthy,0,1788390738.0,1788390767.0,1788390809.0,1788391003.0,1788390941.0,1788391017.0,299.0,1788390768.135877,1788391127.491438,1788391440.225731,i-0798ccd89f26d7cda
1788391450.514079,10,1,ghcr.io/talmolab/lablink-client-base-image:linux-amd64-test@sha256:1ec2fde6860186b3d45ac83890167258f83512955dbce65f072d4e8c310cb9de,0.37648844718933105,sleap-lablink-client-prod-vm-9,running,Healthy,0,1788390738.0,1788390767.0,1788390813.0,1788391010.0,1788390948.0,1788391021.0,299.0,1788390768.136603,1788391127.503832,1788391444.659439,i-0ae3bdc8eb0227987
1788391455.534401,10,1,ghcr.io/talmolab/lablink-client-base-image:linux-amd64-test@sha256:1ec2fde6860186b3d45ac83890167258f83512955dbce65f072d4e8c310cb9de,0.37648844718933105,sleap-lablink-client-prod-vm-1,running,Healthy,1,1788390738.0,1788390767.0,1788390905.0,1788391113.0,1788391050.0,1788391124.0,311.0,1788390768.128852,1788391127.40029,1788391427.578928,i-0d4ebb2bfcef19f31
1788391455.534401,10,1,ghcr.io/talmolab/lablink-client-base-image:linux-amd64-test@sha256:1ec2fde6860186b3d45ac83890167258f83512955dbce65f072d4e8c310cb9de,0.37648844718933105,sleap-lablink-client-prod-vm-10,running,Healthy,1,1788390738.0,1788390767.0,1788390902.0,1788391108.0,1788391046.0,1788391114.0,303.0,1788390768.130117,1788391127.408882,1788391448.259489,i-073b86b279423b5ed
1788391455.534401,10,1,ghcr.io/talmolab/lablink-client-base-image:linux-amd64-test@sha256:1ec2fde6860186b3d45ac83890167258f83512955dbce65f072d4e8c310cb9de,0.37648844718933105,sleap-lablink-client-prod-vm-2,running,Healthy,0,1788390738.0,1788390767.0,1788390813.0,1788391011.0,1788390949.0,1788391016.0,294.0,1788390768.130938,1788391127.407519,1788391440.829683,i-02f122d3eea1c2ca0
1788391455.534401,10,1,ghcr.io/talmolab/lablink-client-base-image:linux-amd64-test@sha256:1ec2fde6860186b3d45ac83890167258f83512955dbce65f072d4e8c310cb9de,0.37648844718933105,sleap-lablink-client-prod-vm-3,running,Healthy,0,1788390738.0,1788390767.0,1788390814.0,1788391004.0,1788390941.0,1788391018.0,296.0,1788390768.131762,1788391127.452474,1788391441.7088,i-04f09804c45834c8a
1788391455.534401,10,1,ghcr.io/talmolab/lablink-client-base-image:linux-amd64-test@sha256:1ec2fde6860186b3d45ac83890167258f83512955dbce65f072d4e8c310cb9de,0.37648844718933105,sleap-lablink-client-prod-vm-4,running,Healthy,0,1788390738.0,1788390767.0,1788390813.0,1788391010.0,1788390947.0,1788391022.0,301.0,1788390768.132688,1788391127.453282,1788391446.214813,i-0b5a2f80e58b1f49e
1788391455.534401,10,1,ghcr.io/talmolab/lablink-client-base-image:linux-amd64-test@sha256:1ec2fde6860186b3d45ac83890167258f83512955dbce65f072d4e8c310cb9de,0.37648844718933105,sleap-lablink-client-prod-vm-5,running,Healthy,0,1788390738.0,1788390767.0,1788390814.0,1788391012.0,1788390949.0,1788391024.0,302.0,1788390768.133418,1788391127.470972,1788391447.460618,i-011c62511afd69360
1788391455.534401,10,1,ghcr.io/talmolab/lablink-client-base-image:linux-amd64-test@sha256:1ec2fde6860186b3d45ac83890167258f83512955dbce65f072d4e8c310cb9de,0.37648844718933105,sleap-lablink-client-prod-vm-6,running,Healthy,0,1788390738.0,1788390767.0,1788390814.0,1788391011.0,1788390949.0,1788391022.0,299.0,1788390768.134149,1788391127.454231,1788391446.449573,i-0cceae5b4237000da
1788391455.534401,10,1,ghcr.io/talmolab/lablink-client-base-image:linux-amd64-test@sha256:1ec2fde6860186b3d45ac83890167258f83512955dbce65f072d4e8c310cb9de,0.37648844718933105,sleap-lablink-client-prod-vm-7,running,Healthy,0,1788390738.0,1788390767.0,1788390813.0,1788391004.0,1788390941.0,1788391016.0,295.0,1788390768.13509,1788391127.485072,1788391440.72937,i-04223bbc5c5f842c7
1788391455.534401,10,1,ghcr.io/talmolab/lablink-client-base-image:linux-amd64-test@sha256:1ec2fde6860186b3d45ac83890167258f83512955dbce65f072d4e8c310cb9de,0.37648844718933105,sleap-lablink-client-prod-vm-8,running,Healthy,0,1788390738.0,1788390767.0,1788390809.0,1788391003.0,1788390941.0,1788391017.0,299.0,1788390768.135877,1788391127.491438,1788391440.225731,i-0798ccd89f26d7cda
1788391455.534401,10,1,ghcr.io/talmolab/lablink-client-base-image:linux-amd64-test@sha256:1ec2fde6860186b3d45ac83890167258f83512955dbce65f072d4e8c310cb9de,0.37648844718933105,sleap-lablink-client-prod-vm-9,running,Healthy,0,1788390738.0,1788390767.0,1788390813.0,1788391010.0,1788390948.0,1788391021.0,299.0,1788390768.136603,1788391127.503832,1788391444.659439,i-0ae3bdc8eb0227987
1788391460.533864,10,1,ghcr.io/talmolab/lablink-client-base-image:linux-amd64-test@sha256:1ec2fde6860186b3d45ac83890167258f83512955dbce65f072d4e8c310cb9de,0.37648844718933105,sleap-lablink-client-prod-vm-1,running,Healthy,1,1788390738.0,1788390767.0,1788390905.0,1788391113.0,1788391050.0,1788391124.0,311.0,1788390768.128852,1788391127.40029,1788391457.598592,i-0d4ebb2bfcef19f31
1788391460.533864,10,1,ghcr.io/talmolab/lablink-client-base-image:linux-amd64-test@sha256:1ec2fde6860186b3d45ac83890167258f83512955dbce65f072d4e8c310cb9de,0.37648844718933105,sleap-lablink-client-prod-vm-10,running,Healthy,1,1788390738.0,1788390767.0,1788390902.0,1788391108.0,1788391046.0,1788391114.0,303.0,1788390768.130117,1788391127.408882,1788391448.259489,i-073b86b279423b5ed
1788391460.533864,10,1,ghcr.io/talmolab/lablink-client-base-image:linux-amd64-test@sha256:1ec2fde6860186b3d45ac83890167258f83512955dbce65f072d4e8c310cb9de,0.37648844718933105,sleap-lablink-client-prod-vm-2,running,Healthy,0,1788390738.0,1788390767.0,1788390813.0,1788391011.0,1788390949.0,1788391016.0,294.0,1788390768.130938,1788391127.407519,1788391440.829683,i-02f122d3eea1c2ca0
1788391460.533864,10,1,ghcr.io/talmolab/lablink-client-base-image:linux-amd64-test@sha256:1ec2fde6860186b3d45ac83890167258f83512955dbce65f072d4e8c310cb9de,0.37648844718933105,sleap-lablink-client-prod-vm-3,running,Healthy,0,1788390738.0,1788390767.0,1788390814.0,1788391004.0,1788390941.0,1788391018.0,296.0,1788390768.131762,1788391127.452474,1788391441.7088,i-04f09804c45834c8a
1788391460.533864,10,1,ghcr.io/talmolab/lablink-client-base-image:linux-amd64-test@sha256:1ec2fde6860186b3d45ac83890167258f83512955dbce65f072d4e8c310cb9de,0.37648844718933105,sleap-lablink-client-prod-vm-4,running,Healthy,0,1788390738.0,1788390767.0,1788390813.0,1788391010.0,1788390947.0,1788391022.0,301.0,1788390768.132688,1788391127.453282,1788391446.214813,i-0b5a2f80e58b1f49e
1788391460.533864,10,1,ghcr.io/talmolab/lablink-client-base-image:linux-amd64-test@sha256:1ec2fde6860186b3d45ac83890167258f83512955dbce65f072d4e8c310cb9de,0.37648844718933105,sleap-lablink-client-prod-vm-5,running,Healthy,0,1788390738.0,1788390767.0,1788390814.0,1788391012.0,1788390949.0,1788391024.0,302.0,1788390768.133418,1788391127.470972,1788391447.460618,i-011c62511afd69360
1788391460.533864,10,1,ghcr.io/talmolab/lablink-client-base-image:linux-amd64-test@sha256:1ec2fde6860186b3d45ac83890167258f83512955dbce65f072d4e8c310cb9de,0.37648844718933105,sleap-lablink-client-prod-vm-6,running,Healthy,0,1788390738.0,1788390767.0,1788390814.0,1788391011.0,1788390949.0,1788391022.0,299.0,1788390768.134149,1788391127.454231,1788391446.449573,i-0cceae5b4237000da
1788391460.533864,10,1,ghcr.io/talmolab/lablink-client-base-image:linux-amd64-test@sha256:1ec2fde6860186b3d45ac83890167258f83512955dbce65f072d4e8c310cb9de,0.37648844718933105,sleap-lablink-client-prod-vm-7,running,Healthy,0,1788390738.0,1788390767.0,1788390813.0,1788391004.0,1788390941.0,1788391016.0,295.0,1788390768.13509,1788391127.485072,1788391440.72937,i-04223bbc5c5f842c7
1788391460.533864,10,1,ghcr.io/talmolab/lablink-client-base-image:linux-amd64-test@sha256:1ec2fde6860186b3d45ac83890167258f83512955dbce65f072d4e8c310cb9de,0.37648844718933105,sleap-lablink-client-prod-vm-8,running,Healthy,0,1788390738.0,1788390767.0,1788390809.0,1788391003.0,1788390941.0,1788391017.0,299.0,1788390768.135877,1788391127.491438,1788391440.225731,i-0798ccd89f26d7cda
1788391460.533864,10,1,ghcr.io/talmolab/lablink-client-base-image:linux-amd64-test@sha256:1ec2fde6860186b3d45ac83890167258f83512955dbce65f072d4e8c310cb9de,0.37648844718933105,sleap-lablink-client-prod-vm-9,running,Healthy,0,1788390738.0,1788390767.0,1788390813.0,1788391010.0,1788390948.0,1788391021.0,299.0,1788390768.136603,1788391127.503832,1788391444.659439,i-0ae3bdc8eb0227987
1788391465.547931,10,1,ghcr.io/talmolab/lablink-client-base-image:linux-amd64-test@sha256:1ec2fde6860186b3d45ac83890167258f83512955dbce65f072d4e8c310cb9de,0.37648844718933105,sleap-lablink-client-prod-vm-1,running,Healthy,1,1788390738.0,1788390767.0,1788390905.0,1788391113.0,1788391050.0,1788391124.0,311.0,1788390768.128852,1788391127.40029,1788391457.598592,i-0d4ebb2bfcef19f31
1788391465.547931,10,1,ghcr.io/talmolab/lablink-client-base-image:linux-amd64-test@sha256:1ec2fde6860186b3d45ac83890167258f83512955dbce65f072d4e8c310cb9de,0.37648844718933105,sleap-lablink-client-prod-vm-10,running,Healthy,1,1788390738.0,1788390767.0,1788390902.0,1788391108.0,1788391046.0,1788391114.0,303.0,1788390768.130117,1788391127.408882,1788391448.259489,i-073b86b279423b5ed
1788391465.547931,10,1,ghcr.io/talmolab/lablink-client-base-image:linux-amd64-test@sha256:1ec2fde6860186b3d45ac83890167258f83512955dbce65f072d4e8c310cb9de,0.37648844718933105,sleap-lablink-client-prod-vm-2,running,Healthy,0,1788390738.0,1788390767.0,1788390813.0,1788391011.0,1788390949.0,1788391016.0,294.0,1788390768.130938,1788391127.407519,1788391440.829683,i-02f122d3eea1c2ca0
1788391465.547931,10,1,ghcr.io/talmolab/lablink-client-base-image:linux-amd64-test@sha256:1ec2fde6860186b3d45ac83890167258f83512955dbce65f072d4e8c310cb9de,0.37648844718933105,sleap-lablink-client-prod-vm-3,running,Healthy,0,1788390738.0,1788390767.0,1788390814.0,1788391004.0,1788390941.0,1788391018.0,296.0,1788390768.131762,1788391127.452474,1788391441.7088,i-04f09804c45834c8a
1788391465.547931,10,1,ghcr.io/talmolab/lablink-client-base-image:linux-amd64-test@sha256:1ec2fde6860186b3d45ac83890167258f83512955dbce65f072d4e8c310cb9de,0.37648844718933105,sleap-lablink-client-prod-vm-4,running,Healthy,0,1788390738.0,1788390767.0,1788390813.0,1788391010.0,1788390947.0,1788391022.0,301.0,1788390768.132688,1788391127.453282,1788391446.214813,i-0b5a2f80e58b1f49e
1788391465.547931,10,1,ghcr.io/talmolab/lablink-client-base-image:linux-amd64-test@sha256:1ec2fde6860186b3d45ac83890167258f83512955dbce65f072d4e8c310cb9de,0.37648844718933105,sleap-lablink-client-prod-vm-5,running,Healthy,0,1788390738.0,1788390767.0,1788390814.0,1788391012.0,1788390949.0,1788391024.0,302.0,1788390768.133418,1788391127.470972,1788391447.460618,i-011c62511afd69360
1788391465.547931,10,1,ghcr.io/talmolab/lablink-client-base-image:linux-amd64-test@sha256:1ec2fde6860186b3d45ac83890167258f83512955dbce65f072d4e8c310cb9de,0.37648844718933105,sleap-lablink-client-prod-vm-6,running,Healthy,0,1788390738.0,1788390767.0,1788390814.0,1788391011.0,1788390949.0,1788391022.0,299.0,1788390768.134149,1788391127.454231,1788391446.449573,i-0cceae5b4237000da
1788391465.547931,10,1,ghcr.io/talmolab/lablink-client-base-image:linux-amd64-test@sha256:1ec2fde6860186b3d45ac83890167258f83512955dbce65f072d4e8c310cb9de,0.37648844718933105,sleap-lablink-client-prod-vm-7,running,Healthy,0,1788390738.0,1788390767.0,1788390813.0,1788391004.0,1788390941.0,1788391016.0,295.0,1788390768.13509,1788391127.485072,1788391440.72937,i-04223bbc5c5f842c7
1788391465.547931,10,1,ghcr.io/talmolab/lablink-client-base-image:linux-amd64-test@sha256:1ec2fde6860186b3d45ac83890167258f83512955dbce65f072d4e8c310cb9de,0.37648844718933105,sleap-lablink-client-prod-vm-8,running,Healthy,0,1788390738.0,1788390767.0,1788390809.0,1788391003.0,1788390941.0,1788391017.0,299.0,1788390768.135877,1788391127.491438,1788391440.225731,i-0798ccd89f26d7cda
1788391465.547931,10,1,ghcr.io/talmolab/lablink-client-base-image:linux-amd64-test@sha256:1ec2fde6860186b3d45ac83890167258f83512955dbce65f072d4e8c310cb9de,0.37648844718933105,sleap-lablink-client-prod-vm-9,running,Healthy,0,1788390738.0,1788390767.0,1788390813.0,1788391010.0,1788390948.0,1788391021.0,299.0,1788390768.136603,1788391127.503832,1788391444.659439,i-0ae3bdc8eb0227987
1788391470.5250182,10,1,ghcr.io/talmolab/lablink-client-base-image:linux-amd64-test@sha256:1ec2fde6860186b3d45ac83890167258f83512955dbce65f072d4e8c310cb9de,0.37648844718933105,sleap-lablink-client-prod-vm-1,running,Healthy,1,1788390738.0,1788390767.0,1788390905.0,1788391113.0,1788391050.0,1788391124.0,311.0,1788390768.128852,1788391127.40029,1788391457.598592,i-0d4ebb2bfcef19f31
1788391470.5250182,10,1,ghcr.io/talmolab/lablink-client-base-image:linux-amd64-test@sha256:1ec2fde6860186b3d45ac83890167258f83512955dbce65f072d4e8c310cb9de,0.37648844718933105,sleap-lablink-client-prod-vm-10,running,Healthy,1,1788390738.0,1788390767.0,1788390902.0,1788391108.0,1788391046.0,1788391114.0,303.0,1788390768.130117,1788391127.408882,1788391448.259489,i-073b86b279423b5ed
1788391470.5250182,10,1,ghcr.io/talmolab/lablink-client-base-image:linux-amd64-test@sha256:1ec2fde6860186b3d45ac83890167258f83512955dbce65f072d4e8c310cb9de,0.37648844718933105,sleap-lablink-client-prod-vm-2,running,Healthy,0,1788390738.0,1788390767.0,1788390813.0,1788391011.0,1788390949.0,1788391016.0,294.0,1788390768.130938,1788391127.407519,1788391440.829683,i-02f122d3eea1c2ca0
1788391470.5250182,10,1,ghcr.io/talmolab/lablink-client-base-image:linux-amd64-test@sha256:1ec2fde6860186b3d45ac83890167258f83512955dbce65f072d4e8c310cb9de,0.37648844718933105,sleap-lablink-client-prod-vm-3,running,Healthy,0,1788390738.0,1788390767.0,1788390814.0,1788391004.0,1788390941.0,1788391018.0,296.0,1788390768.131762,1788391127.452474,1788391441.7088,i-04f09804c45834c8a
1788391470.5250182,10,1,ghcr.io/talmolab/lablink-client-base-image:linux-amd64-test@sha256:1ec2fde6860186b3d45ac83890167258f83512955dbce65f072d4e8c310cb9de,0.37648844718933105,sleap-lablink-client-prod-vm-4,running,Healthy,0,1788390738.0,1788390767.0,1788390813.0,1788391010.0,1788390947.0,1788391022.0,301.0,1788390768.132688,1788391127.453282,1788391446.214813,i-0b5a2f80e58b1f49e
1788391470.5250182,10,1,ghcr.io/talmolab/lablink-client-base-image:linux-amd64-test@sha256:1ec2fde6860186b3d45ac83890167258f83512955dbce65f072d4e8c310cb9de,0.37648844718933105,sleap-lablink-client-prod-vm-5,running,Healthy,0,1788390738.0,1788390767.0,1788390814.0,1788391012.0,1788390949.0,1788391024.0,302.0,1788390768.133418,1788391127.470972,1788391447.460618,i-011c62511afd69360
1788391470.5250182,10,1,ghcr.io/talmolab/lablink-client-base-image:linux-amd64-test@sha256:1ec2fde6860186b3d45ac83890167258f83512955dbce65f072d4e8c310cb9de,0.37648844718933105,sleap-lablink-client-prod-vm-6,running,Healthy,0,1788390738.0,1788390767.0,1788390814.0,1788391011.0,1788390949.0,1788391022.0,299.0,1788390768.134149,1788391127.454231,1788391446.449573,i-0cceae5b4237000da
1788391470.5250182,10,1,ghcr.io/talmolab/lablink-client-base-image:linux-amd64-test@sha256:1ec2fde6860186b3d45ac83890167258f83512955dbce65f072d4e8c310cb9de,0.37648844718933105,sleap-lablink-client-prod-vm-7,running,Healthy,0,1788390738.0,1788390767.0,1788390813.0,1788391004.0,1788390941.0,1788391016.0,295.0,1788390768.13509,1788391127.485072,1788391440.72937,i-04223bbc5c5f842c7
1788391470.5250182,10,1,ghcr.io/talmolab/lablink-client-base-image:linux-amd64-test@sha256:1ec2fde6860186b3d45ac83890167258f83512955dbce65f072d4e8c310cb9de,0.37648844718933105,sleap-lablink-client-prod-vm-8,running,Healthy,0,1788390738.0,1788390767.0,1788390809.0,1788391003.0,1788390941.0,1788391017.0,299.0,1788390768.135877,1788391127.491438,1788391470.24548,i-0798ccd89f26d7cda
1788391470.5250182,10,1,ghcr.io/talmolab/lablink-client-base-image:linux-amd64-test@sha256:1ec2fde6860186b3d45ac83890167258f83512955dbce65f072d4e8c310cb9de,0.37648844718933105,sleap-lablink-client-prod-vm-9,running,Healthy,0,1788390738.0,1788390767.0,1788390813.0,1788391010.0,1788390948.0,1788391021.0,299.0,1788390768.136603,1788391127.503832,1788391444.659439,i-0ae3bdc8eb0227987
1788391475.5494661,10,1,ghcr.io/talmolab/lablink-client-base-image:linux-amd64-test@sha256:1ec2fde6860186b3d45ac83890167258f83512955dbce65f072d4e8c310cb9de,0.37648844718933105,sleap-lablink-client-prod-vm-1,running,Healthy,1,1788390738.0,1788390767.0,1788390905.0,1788391113.0,1788391050.0,1788391124.0,311.0,1788390768.128852,1788391127.40029,1788391457.598592,i-0d4ebb2bfcef19f31
1788391475.5494661,10,1,ghcr.io/talmolab/lablink-client-base-image:linux-amd64-test@sha256:1ec2fde6860186b3d45ac83890167258f83512955dbce65f072d4e8c310cb9de,0.37648844718933105,sleap-lablink-client-prod-vm-10,running,Healthy,1,1788390738.0,1788390767.0,1788390902.0,1788391108.0,1788391046.0,1788391114.0,303.0,1788390768.130117,1788391127.408882,1788391448.259489,i-073b86b279423b5ed
1788391475.5494661,10,1,ghcr.io/talmolab/lablink-client-base-image:linux-amd64-test@sha256:1ec2fde6860186b3d45ac83890167258f83512955dbce65f072d4e8c310cb9de,0.37648844718933105,sleap-lablink-client-prod-vm-2,running,Healthy,0,1788390738.0,1788390767.0,1788390813.0,1788391011.0,1788390949.0,1788391016.0,294.0,1788390768.130938,1788391127.407519,1788391470.849995,i-02f122d3eea1c2ca0
1788391475.5494661,10,1,ghcr.io/talmolab/lablink-client-base-image:linux-amd64-test@sha256:1ec2fde6860186b3d45ac83890167258f83512955dbce65f072d4e8c310cb9de,0.37648844718933105,sleap-lablink-client-prod-vm-3,running,Healthy,0,1788390738.0,1788390767.0,1788390814.0,1788391004.0,1788390941.0,1788391018.0,296.0,1788390768.131762,1788391127.452474,1788391471.732236,i-04f09804c45834c8a
1788391475.5494661,10,1,ghcr.io/talmolab/lablink-client-base-image:linux-amd64-test@sha256:1ec2fde6860186b3d45ac83890167258f83512955dbce65f072d4e8c310cb9de,0.37648844718933105,sleap-lablink-client-prod-vm-4,running,Healthy,0,1788390738.0,1788390767.0,1788390813.0,1788391010.0,1788390947.0,1788391022.0,301.0,1788390768.132688,1788391127.453282,1788391446.214813,i-0b5a2f80e58b1f49e
1788391475.5494661,10,1,ghcr.io/talmolab/lablink-client-base-image:linux-amd64-test@sha256:1ec2fde6860186b3d45ac83890167258f83512955dbce65f072d4e8c310cb9de,0.37648844718933105,sleap-lablink-client-prod-vm-5,running,Healthy,0,1788390738.0,1788390767.0,1788390814.0,1788391012.0,1788390949.0,1788391024.0,302.0,1788390768.133418,1788391127.470972,1788391447.460618,i-011c62511afd69360
1788391475.5494661,10,1,ghcr.io/talmolab/lablink-client-base-image:linux-amd64-test@sha256:1ec2fde6860186b3d45ac83890167258f83512955dbce65f072d4e8c310cb9de,0.37648844718933105,sleap-lablink-client-prod-vm-6,running,Healthy,0,1788390738.0,1788390767.0,1788390814.0,1788391011.0,1788390949.0,1788391022.0,299.0,1788390768.134149,1788391127.454231,1788391446.449573,i-0cceae5b4237000da
1788391475.5494661,10,1,ghcr.io/talmolab/lablink-client-base-image:linux-amd64-test@sha256:1ec2fde6860186b3d45ac83890167258f83512955dbce65f072d4e8c310cb9de,0.37648844718933105,sleap-lablink-client-prod-vm-7,running,Healthy,0,1788390738.0,1788390767.0,1788390813.0,1788391004.0,1788390941.0,1788391016.0,295.0,1788390768.13509,1788391127.485072,1788391470.753278,i-04223bbc5c5f842c7
1788391475.5494661,10,1,ghcr.io/talmolab/lablink-client-base-image:linux-amd64-test@sha256:1ec2fde6860186b3d45ac83890167258f83512955dbce65f072d4e8c310cb9de,0.37648844718933105,sleap-lablink-client-prod-vm-8,running,Healthy,0,1788390738.0,1788390767.0,1788390809.0,1788391003.0,1788390941.0,1788391017.0,299.0,1788390768.135877,1788391127.491438,1788391470.24548,i-0798ccd89f26d7cda
1788391475.5494661,10,1,ghcr.io/talmolab/lablink-client-base-image:linux-amd64-test@sha256:1ec2fde6860186b3d45ac83890167258f83512955dbce65f072d4e8c310cb9de,0.37648844718933105,sleap-lablink-client-prod-vm-9,running,Healthy,0,1788390738.0,1788390767.0,1788390813.0,1788391010.0,1788390948.0,1788391021.0,299.0,1788390768.136603,1788391127.503832,1788391474.679809,i-0ae3bdc8eb0227987
1788391480.6196291,10,1,ghcr.io/talmolab/lablink-client-base-image:linux-amd64-test@sha256:1ec2fde6860186b3d45ac83890167258f83512955dbce65f072d4e8c310cb9de,0.37648844718933105,sleap-lablink-client-prod-vm-1,running,Healthy,1,1788390738.0,1788390767.0,1788390905.0,1788391113.0,1788391050.0,1788391124.0,311.0,1788390768.128852,1788391127.40029,1788391457.598592,i-0d4ebb2bfcef19f31
1788391480.6196291,10,1,ghcr.io/talmolab/lablink-client-base-image:linux-amd64-test@sha256:1ec2fde6860186b3d45ac83890167258f83512955dbce65f072d4e8c310cb9de,0.37648844718933105,sleap-lablink-client-prod-vm-10,running,Healthy,1,1788390738.0,1788390767.0,1788390902.0,1788391108.0,1788391046.0,1788391114.0,303.0,1788390768.130117,1788391127.408882,1788391478.432055,i-073b86b279423b5ed
1788391480.6196291,10,1,ghcr.io/talmolab/lablink-client-base-image:linux-amd64-test@sha256:1ec2fde6860186b3d45ac83890167258f83512955dbce65f072d4e8c310cb9de,0.37648844718933105,sleap-lablink-client-prod-vm-2,running,Healthy,0,1788390738.0,1788390767.0,1788390813.0,1788391011.0,1788390949.0,1788391016.0,294.0,1788390768.130938,1788391127.407519,1788391470.849995,i-02f122d3eea1c2ca0
1788391480.6196291,10,1,ghcr.io/talmolab/lablink-client-base-image:linux-amd64-test@sha256:1ec2fde6860186b3d45ac83890167258f83512955dbce65f072d4e8c310cb9de,0.37648844718933105,sleap-lablink-client-prod-vm-3,running,Healthy,0,1788390738.0,1788390767.0,1788390814.0,1788391004.0,1788390941.0,1788391018.0,296.0,1788390768.131762,1788391127.452474,1788391471.732236,i-04f09804c45834c8a
1788391480.6196291,10,1,ghcr.io/talmolab/lablink-client-base-image:linux-amd64-test@sha256:1ec2fde6860186b3d45ac83890167258f83512955dbce65f072d4e8c310cb9de,0.37648844718933105,sleap-lablink-client-prod-vm-4,running,Healthy,0,1788390738.0,1788390767.0,1788390813.0,1788391010.0,1788390947.0,1788391022.0,301.0,1788390768.132688,1788391127.453282,1788391476.236573,i-0b5a2f80e58b1f49e
1788391480.6196291,10,1,ghcr.io/talmolab/lablink-client-base-image:linux-amd64-test@sha256:1ec2fde6860186b3d45ac83890167258f83512955dbce65f072d4e8c310cb9de,0.37648844718933105,sleap-lablink-client-prod-vm-5,running,Healthy,0,1788390738.0,1788390767.0,1788390814.0,1788391012.0,1788390949.0,1788391024.0,302.0,1788390768.133418,1788391127.470972,1788391477.480747,i-011c62511afd69360
1788391480.6196291,10,1,ghcr.io/talmolab/lablink-client-base-image:linux-amd64-test@sha256:1ec2fde6860186b3d45ac83890167258f83512955dbce65f072d4e8c310cb9de,0.37648844718933105,sleap-lablink-client-prod-vm-6,running,Healthy,0,1788390738.0,1788390767.0,1788390814.0,1788391011.0,1788390949.0,1788391022.0,299.0,1788390768.134149,1788391127.454231,1788391476.471074,i-0cceae5b4237000da
1788391480.6196291,10,1,ghcr.io/talmolab/lablink-client-base-image:linux-amd64-test@sha256:1ec2fde6860186b3d45ac83890167258f83512955dbce65f072d4e8c310cb9de,0.37648844718933105,sleap-lablink-client-prod-vm-7,running,Healthy,0,1788390738.0,1788390767.0,1788390813.0,1788391004.0,1788390941.0,1788391016.0,295.0,1788390768.13509,1788391127.485072,1788391470.753278,i-04223bbc5c5f842c7
1788391480.6196291,10,1,ghcr.io/talmolab/lablink-client-base-image:linux-amd64-test@sha256:1ec2fde6860186b3d45ac83890167258f83512955dbce65f072d4e8c310cb9de,0.37648844718933105,sleap-lablink-client-prod-vm-8,running,Healthy,0,1788390738.0,1788390767.0,1788390809.0,1788391003.0,1788390941.0,1788391017.0,299.0,1788390768.135877,1788391127.491438,1788391470.24548,i-0798ccd89f26d7cda
1788391480.6196291,10,1,ghcr.io/talmolab/lablink-client-base-image:linux-amd64-test@sha256:1ec2fde6860186b3d45ac83890167258f83512955dbce65f072d4e8c310cb9de,0.37648844718933105,sleap-lablink-client-prod-vm-9,running,Healthy,0,1788390738.0,1788390767.0,1788390813.0,1788391010.0,1788390948.0,1788391021.0,299.0,1788390768.136603,1788391127.503832,1788391474.679809,i-0ae3bdc8eb0227987
1788391485.533083,10,1,ghcr.io/talmolab/lablink-client-base-image:linux-amd64-test@sha256:1ec2fde6860186b3d45ac83890167258f83512955dbce65f072d4e8c310cb9de,0.37648844718933105,sleap-lablink-client-prod-vm-1,running,Healthy,1,1788390738.0,1788390767.0,1788390905.0,1788391113.0,1788391050.0,1788391124.0,311.0,1788390768.128852,1788391127.40029,1788391457.598592,i-0d4ebb2bfcef19f31
1788391485.533083,10,1,ghcr.io/talmolab/lablink-client-base-image:linux-amd64-test@sha256:1ec2fde6860186b3d45ac83890167258f83512955dbce65f072d4e8c310cb9de,0.37648844718933105,sleap-lablink-client-prod-vm-10,running,Healthy,1,1788390738.0,1788390767.0,1788390902.0,1788391108.0,1788391046.0,1788391114.0,303.0,1788390768.130117,1788391127.408882,1788391478.432055,i-073b86b279423b5ed
1788391485.533083,10,1,ghcr.io/talmolab/lablink-client-base-image:linux-amd64-test@sha256:1ec2fde6860186b3d45ac83890167258f83512955dbce65f072d4e8c310cb9de,0.37648844718933105,sleap-lablink-client-prod-vm-2,running,Healthy,0,1788390738.0,1788390767.0,1788390813.0,1788391011.0,1788390949.0,1788391016.0,294.0,1788390768.130938,1788391127.407519,1788391470.849995,i-02f122d3eea1c2ca0
1788391485.533083,10,1,ghcr.io/talmolab/lablink-client-base-image:linux-amd64-test@sha256:1ec2fde6860186b3d45ac83890167258f83512955dbce65f072d4e8c310cb9de,0.37648844718933105,sleap-lablink-client-prod-vm-3,running,Healthy,0,1788390738.0,1788390767.0,1788390814.0,1788391004.0,1788390941.0,1788391018.0,296.0,1788390768.131762,1788391127.452474,1788391471.732236,i-04f09804c45834c8a
1788391485.533083,10,1,ghcr.io/talmolab/lablink-client-base-image:linux-amd64-test@sha256:1ec2fde6860186b3d45ac83890167258f83512955dbce65f072d4e8c310cb9de,0.37648844718933105,sleap-lablink-client-prod-vm-4,running,Healthy,0,1788390738.0,1788390767.0,1788390813.0,1788391010.0,1788390947.0,1788391022.0,301.0,1788390768.132688,1788391127.453282,1788391476.236573,i-0b5a2f80e58b1f49e
1788391485.533083,10,1,ghcr.io/talmolab/lablink-client-base-image:linux-amd64-test@sha256:1ec2fde6860186b3d45ac83890167258f83512955dbce65f072d4e8c310cb9de,0.37648844718933105,sleap-lablink-client-prod-vm-5,running,Healthy,0,1788390738.0,1788390767.0,1788390814.0,1788391012.0,1788390949.0,1788391024.0,302.0,1788390768.133418,1788391127.470972,1788391477.480747,i-011c62511afd69360
1788391485.533083,10,1,ghcr.io/talmolab/lablink-client-base-image:linux-amd64-test@sha256:1ec2fde6860186b3d45ac83890167258f83512955dbce65f072d4e8c310cb9de,0.37648844718933105,sleap-lablink-client-prod-vm-6,running,Healthy,0,1788390738.0,1788390767.0,1788390814.0,1788391011.0,1788390949.0,1788391022.0,299.0,1788390768.134149,1788391127.454231,1788391476.471074,i-0cceae5b4237000da
1788391485.533083,10,1,ghcr.io/talmolab/lablink-client-base-image:linux-amd64-test@sha256:1ec2fde6860186b3d45ac83890167258f83512955dbce65f072d4e8c310cb9de,0.37648844718933105,sleap-lablink-client-prod-vm-7,running,Healthy,0,1788390738.0,1788390767.0,1788390813.0,1788391004.0,1788390941.0,1788391016.0,295.0,1788390768.13509,1788391127.485072,1788391470.753278,i-04223bbc5c5f842c7
1788391485.533083,10,1,ghcr.io/talmolab/lablink-client-base-image:linux-amd64-test@sha256:1ec2fde6860186b3d45ac83890167258f83512955dbce65f072d4e8c310cb9de,0.37648844718933105,sleap-lablink-client-prod-vm-8,running,Healthy,0,1788390738.0,1788390767.0,1788390809.0,1788391003.0,1788390941.0,1788391017.0,299.0,1788390768.135877,1788391127.491438,1788391470.24548,i-0798ccd89f26d7cda
1788391485.533083,10,1,ghcr.io/talmolab/lablink-client-base-image:linux-amd64-test@sha256:1ec2fde6860186b3d45ac83890167258f83512955dbce65f072d4e8c310cb9de,0.37648844718933105,sleap-lablink-client-prod-vm-9,running,Healthy,0,1788390738.0,1788390767.0,1788390813.0,1788391010.0,1788390948.0,1788391021.0,299.0,1788390768.136603,1788391127.503832,1788391474.679809,i-0ae3bdc8eb0227987
1788391490.581635,10,1,ghcr.io/talmolab/lablink-client-base-image:linux-amd64-test@sha256:1ec2fde6860186b3d45ac83890167258f83512955dbce65f072d4e8c310cb9de,0.37648844718933105,sleap-lablink-client-prod-vm-1,running,Healthy,1,1788390738.0,1788390767.0,1788390905.0,1788391113.0,1788391050.0,1788391124.0,311.0,1788390768.128852,1788391127.40029,1788391487.768153,i-0d4ebb2bfcef19f31
1788391490.581635,10,1,ghcr.io/talmolab/lablink-client-base-image:linux-amd64-test@sha256:1ec2fde6860186b3d45ac83890167258f83512955dbce65f072d4e8c310cb9de,0.37648844718933105,sleap-lablink-client-prod-vm-10,running,Healthy,1,1788390738.0,1788390767.0,1788390902.0,1788391108.0,1788391046.0,1788391114.0,303.0,1788390768.130117,1788391127.408882,1788391478.432055,i-073b86b279423b5ed
1788391490.581635,10,1,ghcr.io/talmolab/lablink-client-base-image:linux-amd64-test@sha256:1ec2fde6860186b3d45ac83890167258f83512955dbce65f072d4e8c310cb9de,0.37648844718933105,sleap-lablink-client-prod-vm-2,running,Healthy,0,1788390738.0,1788390767.0,1788390813.0,1788391011.0,1788390949.0,1788391016.0,294.0,1788390768.130938,1788391127.407519,1788391470.849995,i-02f122d3eea1c2ca0
1788391490.581635,10,1,ghcr.io/talmolab/lablink-client-base-image:linux-amd64-test@sha256:1ec2fde6860186b3d45ac83890167258f83512955dbce65f072d4e8c310cb9de,0.37648844718933105,sleap-lablink-client-prod-vm-3,running,Healthy,0,1788390738.0,1788390767.0,1788390814.0,1788391004.0,1788390941.0,1788391018.0,296.0,1788390768.131762,1788391127.452474,1788391471.732236,i-04f09804c45834c8a
1788391490.581635,10,1,ghcr.io/talmolab/lablink-client-base-image:linux-amd64-test@sha256:1ec2fde6860186b3d45ac83890167258f83512955dbce65f072d4e8c310cb9de,0.37648844718933105,sleap-lablink-client-prod-vm-4,running,Healthy,0,1788390738.0,1788390767.0,1788390813.0,1788391010.0,1788390947.0,1788391022.0,301.0,1788390768.132688,1788391127.453282,1788391476.236573,i-0b5a2f80e58b1f49e
1788391490.581635,10,1,ghcr.io/talmolab/lablink-client-base-image:linux-amd64-test@sha256:1ec2fde6860186b3d45ac83890167258f83512955dbce65f072d4e8c310cb9de,0.37648844718933105,sleap-lablink-client-prod-vm-5,running,Healthy,0,1788390738.0,1788390767.0,1788390814.0,1788391012.0,1788390949.0,1788391024.0,302.0,1788390768.133418,1788391127.470972,1788391477.480747,i-011c62511afd69360
1788391490.581635,10,1,ghcr.io/talmolab/lablink-client-base-image:linux-amd64-test@sha256:1ec2fde6860186b3d45ac83890167258f83512955dbce65f072d4e8c310cb9de,0.37648844718933105,sleap-lablink-client-prod-vm-6,running,Healthy,0,1788390738.0,1788390767.0,1788390814.0,1788391011.0,1788390949.0,1788391022.0,299.0,1788390768.134149,1788391127.454231,1788391476.471074,i-0cceae5b4237000da
1788391490.581635,10,1,ghcr.io/talmolab/lablink-client-base-image:linux-amd64-test@sha256:1ec2fde6860186b3d45ac83890167258f83512955dbce65f072d4e8c310cb9de,0.37648844718933105,sleap-lablink-client-prod-vm-7,running,Healthy,0,1788390738.0,1788390767.0,1788390813.0,1788391004.0,1788390941.0,1788391016.0,295.0,1788390768.13509,1788391127.485072,1788391470.753278,i-04223bbc5c5f842c7
1788391490.581635,10,1,ghcr.io/talmolab/lablink-client-base-image:linux-amd64-test@sha256:1ec2fde6860186b3d45ac83890167258f83512955dbce65f072d4e8c310cb9de,0.37648844718933105,sleap-lablink-client-prod-vm-8,running,Healthy,0,1788390738.0,1788390767.0,1788390809.0,1788391003.0,1788390941.0,1788391017.0,299.0,1788390768.135877,1788391127.491438,1788391470.24548,i-0798ccd89f26d7cda
1788391490.581635,10,1,ghcr.io/talmolab/lablink-client-base-image:linux-amd64-test@sha256:1ec2fde6860186b3d45ac83890167258f83512955dbce65f072d4e8c310cb9de,0.37648844718933105,sleap-lablink-client-prod-vm-9,running,Healthy,0,1788390738.0,1788390767.0,1788390813.0,1788391010.0,1788390948.0,1788391021.0,299.0,1788390768.136603,1788391127.503832,1788391474.679809,i-0ae3bdc8eb0227987
1788391495.603959,10,1,ghcr.io/talmolab/lablink-client-base-image:linux-amd64-test@sha256:1ec2fde6860186b3d45ac83890167258f83512955dbce65f072d4e8c310cb9de,0.37648844718933105,sleap-lablink-client-prod-vm-1,running,Healthy,1,1788390738.0,1788390767.0,1788390905.0,1788391113.0,1788391050.0,1788391124.0,311.0,1788390768.128852,1788391127.40029,1788391487.768153,i-0d4ebb2bfcef19f31
1788391495.603959,10,1,ghcr.io/talmolab/lablink-client-base-image:linux-amd64-test@sha256:1ec2fde6860186b3d45ac83890167258f83512955dbce65f072d4e8c310cb9de,0.37648844718933105,sleap-lablink-client-prod-vm-10,running,Healthy,1,1788390738.0,1788390767.0,1788390902.0,1788391108.0,1788391046.0,1788391114.0,303.0,1788390768.130117,1788391127.408882,1788391478.432055,i-073b86b279423b5ed
1788391495.603959,10,1,ghcr.io/talmolab/lablink-client-base-image:linux-amd64-test@sha256:1ec2fde6860186b3d45ac83890167258f83512955dbce65f072d4e8c310cb9de,0.37648844718933105,sleap-lablink-client-prod-vm-2,running,Healthy,0,1788390738.0,1788390767.0,1788390813.0,1788391011.0,1788390949.0,1788391016.0,294.0,1788390768.130938,1788391127.407519,1788391470.849995,i-02f122d3eea1c2ca0
1788391495.603959,10,1,ghcr.io/talmolab/lablink-client-base-image:linux-amd64-test@sha256:1ec2fde6860186b3d45ac83890167258f83512955dbce65f072d4e8c310cb9de,0.37648844718933105,sleap-lablink-client-prod-vm-3,running,Healthy,0,1788390738.0,1788390767.0,1788390814.0,1788391004.0,1788390941.0,1788391018.0,296.0,1788390768.131762,1788391127.452474,1788391471.732236,i-04f09804c45834c8a
1788391495.603959,10,1,ghcr.io/talmolab/lablink-client-base-image:linux-amd64-test@sha256:1ec2fde6860186b3d45ac83890167258f83512955dbce65f072d4e8c310cb9de,0.37648844718933105,sleap-lablink-client-prod-vm-4,running,Healthy,0,1788390738.0,1788390767.0,1788390813.0,1788391010.0,1788390947.0,1788391022.0,301.0,1788390768.132688,1788391127.453282,1788391476.236573,i-0b5a2f80e58b1f49e
1788391495.603959,10,1,ghcr.io/talmolab/lablink-client-base-image:linux-amd64-test@sha256:1ec2fde6860186b3d45ac83890167258f83512955dbce65f072d4e8c310cb9de,0.37648844718933105,sleap-lablink-client-prod-vm-5,running,Healthy,0,1788390738.0,1788390767.0,1788390814.0,1788391012.0,1788390949.0,1788391024.0,302.0,1788390768.133418,1788391127.470972,1788391477.480747,i-011c62511afd69360
1788391495.603959,10,1,ghcr.io/talmolab/lablink-client-base-image:linux-amd64-test@sha256:1ec2fde6860186b3d45ac83890167258f83512955dbce65f072d4e8c310cb9de,0.37648844718933105,sleap-lablink-client-prod-vm-6,running,Healthy,0,1788390738.0,1788390767.0,1788390814.0,1788391011.0,1788390949.0,1788391022.0,299.0,1788390768.134149,1788391127.454231,1788391476.471074,i-0cceae5b4237000da
1788391495.603959,10,1,ghcr.io/talmolab/lablink-client-base-image:linux-amd64-test@sha256:1ec2fde6860186b3d45ac83890167258f83512955dbce65f072d4e8c310cb9de,0.37648844718933105,sleap-lablink-client-prod-vm-7,running,Healthy,0,1788390738.0,1788390767.0,1788390813.0,1788391004.0,1788390941.0,1788391016.0,295.0,1788390768.13509,1788391127.485072,1788391470.753278,i-04223bbc5c5f842c7
1788391495.603959,10,1,ghcr.io/talmolab/lablink-client-base-image:linux-amd64-test@sha256:1ec2fde6860186b3d45ac83890167258f83512955dbce65f072d4e8c310cb9de,0.37648844718933105,sleap-lablink-client-prod-vm-8,running,Healthy,0,1788390738.0,1788390767.0,1788390809.0,1788391003.0,1788390941.0,1788391017.0,299.0,1788390768.135877,1788391127.491438,1788391470.24548,i-0798ccd89f26d7cda
1788391495.603959,10,1,ghcr.io/talmolab/lablink-client-base-image:linux-amd64-test@sha256:1ec2fde6860186b3d45ac83890167258f83512955dbce65f072d4e8c310cb9de,0.37648844718933105,sleap-lablink-client-prod-vm-9,running,Healthy,0,1788390738.0,1788390767.0,1788390813.0,1788391010.0,1788390948.0,1788391021.0,299.0,1788390768.136603,1788391127.503832,1788391474.679809,i-0ae3bdc8eb0227987
1788391500.571619,10,1,ghcr.io/talmolab/lablink-client-base-image:linux-amd64-test@sha256:1ec2fde6860186b3d45ac83890167258f83512955dbce65f072d4e8c310cb9de,0.37648844718933105,sleap-lablink-client-prod-vm-1,running,Healthy,1,1788390738.0,1788390767.0,1788390905.0,1788391113.0,1788391050.0,1788391124.0,311.0,1788390768.128852,1788391127.40029,1788391487.768153,i-0d4ebb2bfcef19f31
1788391500.571619,10,1,ghcr.io/talmolab/lablink-client-base-image:linux-amd64-test@sha256:1ec2fde6860186b3d45ac83890167258f83512955dbce65f072d4e8c310cb9de,0.37648844718933105,sleap-lablink-client-prod-vm-10,running,Healthy,1,1788390738.0,1788390767.0,1788390902.0,1788391108.0,1788391046.0,1788391114.0,303.0,1788390768.130117,1788391127.408882,1788391478.432055,i-073b86b279423b5ed
1788391500.571619,10,1,ghcr.io/talmolab/lablink-client-base-image:linux-amd64-test@sha256:1ec2fde6860186b3d45ac83890167258f83512955dbce65f072d4e8c310cb9de,0.37648844718933105,sleap-lablink-client-prod-vm-2,running,Healthy,0,1788390738.0,1788390767.0,1788390813.0,1788391011.0,1788390949.0,1788391016.0,294.0,1788390768.130938,1788391127.407519,1788391470.849995,i-02f122d3eea1c2ca0
1788391500.571619,10,1,ghcr.io/talmolab/lablink-client-base-image:linux-amd64-test@sha256:1ec2fde6860186b3d45ac83890167258f83512955dbce65f072d4e8c310cb9de,0.37648844718933105,sleap-lablink-client-prod-vm-3,running,Healthy,0,1788390738.0,1788390767.0,1788390814.0,1788391004.0,1788390941.0,1788391018.0,296.0,1788390768.131762,1788391127.452474,1788391471.732236,i-04f09804c45834c8a
1788391500.571619,10,1,ghcr.io/talmolab/lablink-client-base-image:linux-amd64-test@sha256:1ec2fde6860186b3d45ac83890167258f83512955dbce65f072d4e8c310cb9de,0.37648844718933105,sleap-lablink-client-prod-vm-4,running,Healthy,0,1788390738.0,1788390767.0,1788390813.0,1788391010.0,1788390947.0,1788391022.0,301.0,1788390768.132688,1788391127.453282,1788391476.236573,i-0b5a2f80e58b1f49e
1788391500.571619,10,1,ghcr.io/talmolab/lablink-client-base-image:linux-amd64-test@sha256:1ec2fde6860186b3d45ac83890167258f83512955dbce65f072d4e8c310cb9de,0.37648844718933105,sleap-lablink-client-prod-vm-5,running,Healthy,0,1788390738.0,1788390767.0,1788390814.0,1788391012.0,1788390949.0,1788391024.0,302.0,1788390768.133418,1788391127.470972,1788391477.480747,i-011c62511afd69360
1788391500.571619,10,1,ghcr.io/talmolab/lablink-client-base-image:linux-amd64-test@sha256:1ec2fde6860186b3d45ac83890167258f83512955dbce65f072d4e8c310cb9de,0.37648844718933105,sleap-lablink-client-prod-vm-6,running,Healthy,0,1788390738.0,1788390767.0,1788390814.0,1788391011.0,1788390949.0,1788391022.0,299.0,1788390768.134149,1788391127.454231,1788391476.471074,i-0cceae5b4237000da
1788391500.571619,10,1,ghcr.io/talmolab/lablink-client-base-image:linux-amd64-test@sha256:1ec2fde6860186b3d45ac83890167258f83512955dbce65f072d4e8c310cb9de,0.37648844718933105,sleap-lablink-client-prod-vm-7,running,Healthy,0,1788390738.0,1788390767.0,1788390813.0,1788391004.0,1788390941.0,1788391016.0,295.0,1788390768.13509,1788391127.485072,1788391470.753278,i-04223bbc5c5f842c7
1788391500.571619,10,1,ghcr.io/talmolab/lablink-client-base-image:linux-amd64-test@sha256:1ec2fde6860186b3d45ac83890167258f83512955dbce65f072d4e8c310cb9de,0.37648844718933105,sleap-lablink-client-prod-vm-8,running,Healthy,0,1788390738.0,1788390767.0,1788390809.0,1788391003.0,1788390941.0,1788391017.0,299.0,1788390768.135877,1788391127.491438,1788391500.454718,i-0798ccd89f26d7cda
1788391500.571619,10,1,ghcr.io/talmolab/lablink-client-base-image:linux-amd64-test@sha256:1ec2fde6860186b3d45ac83890167258f83512955dbce65f072d4e8c310cb9de,0.37648844718933105,sleap-lablink-client-prod-vm-9,running,Healthy,0,1788390738.0,1788390767.0,1788390813.0,1788391010.0,1788390948.0,1788391021.0,299.0,1788390768.136603,1788391127.503832,1788391474.679809,i-0ae3bdc8eb0227987
1788391505.568327,10,1,ghcr.io/talmolab/lablink-client-base-image:linux-amd64-test@sha256:1ec2fde6860186b3d45ac83890167258f83512955dbce65f072d4e8c310cb9de,0.37648844718933105,sleap-lablink-client-prod-vm-1,running,Healthy,1,1788390738.0,1788390767.0,1788390905.0,1788391113.0,1788391050.0,1788391124.0,311.0,1788390768.128852,1788391127.40029,1788391487.768153,i-0d4ebb2bfcef19f31
1788391505.568327,10,1,ghcr.io/talmolab/lablink-client-base-image:linux-amd64-test@sha256:1ec2fde6860186b3d45ac83890167258f83512955dbce65f072d4e8c310cb9de,0.37648844718933105,sleap-lablink-client-prod-vm-10,running,Healthy,1,1788390738.0,1788390767.0,1788390902.0,1788391108.0,1788391046.0,1788391114.0,303.0,1788390768.130117,1788391127.408882,1788391478.432055,i-073b86b279423b5ed
1788391505.568327,10,1,ghcr.io/talmolab/lablink-client-base-image:linux-amd64-test@sha256:1ec2fde6860186b3d45ac83890167258f83512955dbce65f072d4e8c310cb9de,0.37648844718933105,sleap-lablink-client-prod-vm-2,running,Healthy,0,1788390738.0,1788390767.0,1788390813.0,1788391011.0,1788390949.0,1788391016.0,294.0,1788390768.130938,1788391127.407519,1788391501.087811,i-02f122d3eea1c2ca0
1788391505.568327,10,1,ghcr.io/talmolab/lablink-client-base-image:linux-amd64-test@sha256:1ec2fde6860186b3d45ac83890167258f83512955dbce65f072d4e8c310cb9de,0.37648844718933105,sleap-lablink-client-prod-vm-3,running,Healthy,0,1788390738.0,1788390767.0,1788390814.0,1788391004.0,1788390941.0,1788391018.0,296.0,1788390768.131762,1788391127.452474,1788391501.90486,i-04f09804c45834c8a
1788391505.568327,10,1,ghcr.io/talmolab/lablink-client-base-image:linux-amd64-test@sha256:1ec2fde6860186b3d45ac83890167258f83512955dbce65f072d4e8c310cb9de,0.37648844718933105,sleap-lablink-client-prod-vm-4,running,Healthy,0,1788390738.0,1788390767.0,1788390813.0,1788391010.0,1788390947.0,1788391022.0,301.0,1788390768.132688,1788391127.453282,1788391476.236573,i-0b5a2f80e58b1f49e
1788391505.568327,10,1,ghcr.io/talmolab/lablink-client-base-image:linux-amd64-test@sha256:1ec2fde6860186b3d45ac83890167258f83512955dbce65f072d4e8c310cb9de,0.37648844718933105,sleap-lablink-client-prod-vm-5,running,Healthy,0,1788390738.0,1788390767.0,1788390814.0,1788391012.0,1788390949.0,1788391024.0,302.0,1788390768.133418,1788391127.470972,1788391477.480747,i-011c62511afd69360
1788391505.568327,10,1,ghcr.io/talmolab/lablink-client-base-image:linux-amd64-test@sha256:1ec2fde6860186b3d45ac83890167258f83512955dbce65f072d4e8c310cb9de,0.37648844718933105,sleap-lablink-client-prod-vm-6,running,Healthy,0,1788390738.0,1788390767.0,1788390814.0,1788391011.0,1788390949.0,1788391022.0,299.0,1788390768.134149,1788391127.454231,1788391476.471074,i-0cceae5b4237000da
1788391505.568327,10,1,ghcr.io/talmolab/lablink-client-base-image:linux-amd64-test@sha256:1ec2fde6860186b3d45ac83890167258f83512955dbce65f072d4e8c310cb9de,0.37648844718933105,sleap-lablink-client-prod-vm-7,running,Healthy,0,1788390738.0,1788390767.0,1788390813.0,1788391004.0,1788390941.0,1788391016.0,295.0,1788390768.13509,1788391127.485072,1788391500.988328,i-04223bbc5c5f842c7
1788391505.568327,10,1,ghcr.io/talmolab/lablink-client-base-image:linux-amd64-test@sha256:1ec2fde6860186b3d45ac83890167258f83512955dbce65f072d4e8c310cb9de,0.37648844718933105,sleap-lablink-client-prod-vm-8,running,Healthy,0,1788390738.0,1788390767.0,1788390809.0,1788391003.0,1788390941.0,1788391017.0,299.0,1788390768.135877,1788391127.491438,1788391500.454718,i-0798ccd89f26d7cda
1788391505.568327,10,1,ghcr.io/talmolab/lablink-client-base-image:linux-amd64-test@sha256:1ec2fde6860186b3d45ac83890167258f83512955dbce65f072d4e8c310cb9de,0.37648844718933105,sleap-lablink-client-prod-vm-9,running,Healthy,0,1788390738.0,1788390767.0,1788390813.0,1788391010.0,1788390948.0,1788391021.0,299.0,1788390768.136603,1788391127.503832,1788391504.853816,i-0ae3bdc8eb0227987
1788391510.593548,10,1,ghcr.io/talmolab/lablink-client-base-image:linux-amd64-test@sha256:1ec2fde6860186b3d45ac83890167258f83512955dbce65f072d4e8c310cb9de,0.37648844718933105,sleap-lablink-client-prod-vm-1,running,Healthy,1,1788390738.0,1788390767.0,1788390905.0,1788391113.0,1788391050.0,1788391124.0,311.0,1788390768.128852,1788391127.40029,1788391487.768153,i-0d4ebb2bfcef19f31
1788391510.593548,10,1,ghcr.io/talmolab/lablink-client-base-image:linux-amd64-test@sha256:1ec2fde6860186b3d45ac83890167258f83512955dbce65f072d4e8c310cb9de,0.37648844718933105,sleap-lablink-client-prod-vm-10,running,Healthy,1,1788390738.0,1788390767.0,1788390902.0,1788391108.0,1788391046.0,1788391114.0,303.0,1788390768.130117,1788391127.408882,1788391508.452639,i-073b86b279423b5ed
1788391510.593548,10,1,ghcr.io/talmolab/lablink-client-base-image:linux-amd64-test@sha256:1ec2fde6860186b3d45ac83890167258f83512955dbce65f072d4e8c310cb9de,0.37648844718933105,sleap-lablink-client-prod-vm-2,running,Healthy,0,1788390738.0,1788390767.0,1788390813.0,1788391011.0,1788390949.0,1788391016.0,294.0,1788390768.130938,1788391127.407519,1788391501.087811,i-02f122d3eea1c2ca0
1788391510.593548,10,1,ghcr.io/talmolab/lablink-client-base-image:linux-amd64-test@sha256:1ec2fde6860186b3d45ac83890167258f83512955dbce65f072d4e8c310cb9de,0.37648844718933105,sleap-lablink-client-prod-vm-3,running,Healthy,0,1788390738.0,1788390767.0,1788390814.0,1788391004.0,1788390941.0,1788391018.0,296.0,1788390768.131762,1788391127.452474,1788391501.90486,i-04f09804c45834c8a
1788391510.593548,10,1,ghcr.io/talmolab/lablink-client-base-image:linux-amd64-test@sha256:1ec2fde6860186b3d45ac83890167258f83512955dbce65f072d4e8c310cb9de,0.37648844718933105,sleap-lablink-client-prod-vm-4,running,Healthy,0,1788390738.0,1788390767.0,1788390813.0,1788391010.0,1788390947.0,1788391022.0,301.0,1788390768.132688,1788391127.453282,1788391506.508805,i-0b5a2f80e58b1f49e
1788391510.593548,10,1,ghcr.io/talmolab/lablink-client-base-image:linux-amd64-test@sha256:1ec2fde6860186b3d45ac83890167258f83512955dbce65f072d4e8c310cb9de,0.37648844718933105,sleap-lablink-client-prod-vm-5,running,Healthy,0,1788390738.0,1788390767.0,1788390814.0,1788391012.0,1788390949.0,1788391024.0,302.0,1788390768.133418,1788391127.470972,1788391507.650336,i-011c62511afd69360
1788391510.593548,10,1,ghcr.io/talmolab/lablink-client-base-image:linux-amd64-test@sha256:1ec2fde6860186b3d45ac83890167258f83512955dbce65f072d4e8c310cb9de,0.37648844718933105,sleap-lablink-client-prod-vm-6,running,Healthy,0,1788390738.0,1788390767.0,1788390814.0,1788391011.0,1788390949.0,1788391022.0,299.0,1788390768.134149,1788391127.454231,1788391506.652745,i-0cceae5b4237000da
1788391510.593548,10,1,ghcr.io/talmolab/lablink-client-base-image:linux-amd64-test@sha256:1ec2fde6860186b3d45ac83890167258f83512955dbce65f072d4e8c310cb9de,0.37648844718933105,sleap-lablink-client-prod-vm-7,running,Healthy,0,1788390738.0,1788390767.0,1788390813.0,1788391004.0,1788390941.0,1788391016.0,295.0,1788390768.13509,1788391127.485072,1788391500.988328,i-04223bbc5c5f842c7
1788391510.593548,10,1,ghcr.io/talmolab/lablink-client-base-image:linux-amd64-test@sha256:1ec2fde6860186b3d45ac83890167258f83512955dbce65f072d4e8c310cb9de,0.37648844718933105,sleap-lablink-client-prod-vm-8,running,Healthy,0,1788390738.0,1788390767.0,1788390809.0,1788391003.0,1788390941.0,1788391017.0,299.0,1788390768.135877,1788391127.491438,1788391500.454718,i-0798ccd89f26d7cda
1788391510.593548,10,1,ghcr.io/talmolab/lablink-client-base-image:linux-amd64-test@sha256:1ec2fde6860186b3d45ac83890167258f83512955dbce65f072d4e8c310cb9de,0.37648844718933105,sleap-lablink-client-prod-vm-9,running,Healthy,0,1788390738.0,1788390767.0,1788390813.0,1788391010.0,1788390948.0,1788391021.0,299.0,1788390768.136603,1788391127.503832,1788391504.853816,i-0ae3bdc8eb0227987
1788391515.584007,10,1,ghcr.io/talmolab/lablink-client-base-image:linux-amd64-test@sha256:1ec2fde6860186b3d45ac83890167258f83512955dbce65f072d4e8c310cb9de,0.37648844718933105,sleap-lablink-client-prod-vm-1,running,Healthy,1,1788390738.0,1788390767.0,1788390905.0,1788391113.0,1788391050.0,1788391124.0,311.0,1788390768.128852,1788391127.40029,1788391487.768153,i-0d4ebb2bfcef19f31
1788391515.584007,10,1,ghcr.io/talmolab/lablink-client-base-image:linux-amd64-test@sha256:1ec2fde6860186b3d45ac83890167258f83512955dbce65f072d4e8c310cb9de,0.37648844718933105,sleap-lablink-client-prod-vm-10,running,Healthy,1,1788390738.0,1788390767.0,1788390902.0,1788391108.0,1788391046.0,1788391114.0,303.0,1788390768.130117,1788391127.408882,1788391508.452639,i-073b86b279423b5ed
1788391515.584007,10,1,ghcr.io/talmolab/lablink-client-base-image:linux-amd64-test@sha256:1ec2fde6860186b3d45ac83890167258f83512955dbce65f072d4e8c310cb9de,0.37648844718933105,sleap-lablink-client-prod-vm-2,running,Healthy,0,1788390738.0,1788390767.0,1788390813.0,1788391011.0,1788390949.0,1788391016.0,294.0,1788390768.130938,1788391127.407519,1788391501.087811,i-02f122d3eea1c2ca0
1788391515.584007,10,1,ghcr.io/talmolab/lablink-client-base-image:linux-amd64-test@sha256:1ec2fde6860186b3d45ac83890167258f83512955dbce65f072d4e8c310cb9de,0.37648844718933105,sleap-lablink-client-prod-vm-3,running,Healthy,0,1788390738.0,1788390767.0,1788390814.0,1788391004.0,1788390941.0,1788391018.0,296.0,1788390768.131762,1788391127.452474,1788391501.90486,i-04f09804c45834c8a
1788391515.584007,10,1,ghcr.io/talmolab/lablink-client-base-image:linux-amd64-test@sha256:1ec2fde6860186b3d45ac83890167258f83512955dbce65f072d4e8c310cb9de,0.37648844718933105,sleap-lablink-client-prod-vm-4,running,Healthy,0,1788390738.0,1788390767.0,1788390813.0,1788391010.0,1788390947.0,1788391022.0,301.0,1788390768.132688,1788391127.453282,1788391506.508805,i-0b5a2f80e58b1f49e
1788391515.584007,10,1,ghcr.io/talmolab/lablink-client-base-image:linux-amd64-test@sha256:1ec2fde6860186b3d45ac83890167258f83512955dbce65f072d4e8c310cb9de,0.37648844718933105,sleap-lablink-client-prod-vm-5,running,Healthy,0,1788390738.0,1788390767.0,1788390814.0,1788391012.0,1788390949.0,1788391024.0,302.0,1788390768.133418,1788391127.470972,1788391507.650336,i-011c62511afd69360
1788391515.584007,10,1,ghcr.io/talmolab/lablink-client-base-image:linux-amd64-test@sha256:1ec2fde6860186b3d45ac83890167258f83512955dbce65f072d4e8c310cb9de,0.37648844718933105,sleap-lablink-client-prod-vm-6,running,Healthy,0,1788390738.0,1788390767.0,1788390814.0,1788391011.0,1788390949.0,1788391022.0,299.0,1788390768.134149,1788391127.454231,1788391506.652745,i-0cceae5b4237000da
1788391515.584007,10,1,ghcr.io/talmolab/lablink-client-base-image:linux-amd64-test@sha256:1ec2fde6860186b3d45ac83890167258f83512955dbce65f072d4e8c310cb9de,0.37648844718933105,sleap-lablink-client-prod-vm-7,running,Healthy,0,1788390738.0,1788390767.0,1788390813.0,1788391004.0,1788390941.0,1788391016.0,295.0,1788390768.13509,1788391127.485072,1788391500.988328,i-04223bbc5c5f842c7
1788391515.584007,10,1,ghcr.io/talmolab/lablink-client-base-image:linux-amd64-test@sha256:1ec2fde6860186b3d45ac83890167258f83512955dbce65f072d4e8c310cb9de,0.37648844718933105,sleap-lablink-client-prod-vm-8,running,Healthy,0,1788390738.0,1788390767.0,1788390809.0,1788391003.0,1788390941.0,1788391017.0,299.0,1788390768.135877,1788391127.491438,1788391500.454718,i-0798ccd89f26d7cda
1788391515.584007,10,1,ghcr.io/talmolab/lablink-client-base-image:linux-amd64-test@sha256:1ec2fde6860186b3d45ac83890167258f83512955dbce65f072d4e8c310cb9de,0.37648844718933105,sleap-lablink-client-prod-vm-9,running,Healthy,0,1788390738.0,1788390767.0,1788390813.0,1788391010.0,1788390948.0,1788391021.0,299.0,1788390768.136603,1788391127.503832,1788391504.853816,i-0ae3bdc8eb0227987
1788391520.554371,10,1,ghcr.io/talmolab/lablink-client-base-image:linux-amd64-test@sha256:1ec2fde6860186b3d45ac83890167258f83512955dbce65f072d4e8c310cb9de,0.37648844718933105,sleap-lablink-client-prod-vm-1,running,Healthy,1,1788390738.0,1788390767.0,1788390905.0,1788391113.0,1788391050.0,1788391124.0,311.0,1788390768.128852,1788391127.40029,1788391517.788141,i-0d4ebb2bfcef19f31
1788391520.554371,10,1,ghcr.io/talmolab/lablink-client-base-image:linux-amd64-test@sha256:1ec2fde6860186b3d45ac83890167258f83512955dbce65f072d4e8c310cb9de,0.37648844718933105,sleap-lablink-client-prod-vm-10,running,Healthy,1,1788390738.0,1788390767.0,1788390902.0,1788391108.0,1788391046.0,1788391114.0,303.0,1788390768.130117,1788391127.408882,1788391508.452639,i-073b86b279423b5ed
1788391520.554371,10,1,ghcr.io/talmolab/lablink-client-base-image:linux-amd64-test@sha256:1ec2fde6860186b3d45ac83890167258f83512955dbce65f072d4e8c310cb9de,0.37648844718933105,sleap-lablink-client-prod-vm-2,running,Healthy,0,1788390738.0,1788390767.0,1788390813.0,1788391011.0,1788390949.0,1788391016.0,294.0,1788390768.130938,1788391127.407519,1788391501.087811,i-02f122d3eea1c2ca0
1788391520.554371,10,1,ghcr.io/talmolab/lablink-client-base-image:linux-amd64-test@sha256:1ec2fde6860186b3d45ac83890167258f83512955dbce65f072d4e8c310cb9de,0.37648844718933105,sleap-lablink-client-prod-vm-3,running,Healthy,0,1788390738.0,1788390767.0,1788390814.0,1788391004.0,1788390941.0,1788391018.0,296.0,1788390768.131762,1788391127.452474,1788391501.90486,i-04f09804c45834c8a
1788391520.554371,10,1,ghcr.io/talmolab/lablink-client-base-image:linux-amd64-test@sha256:1ec2fde6860186b3d45ac83890167258f83512955dbce65f072d4e8c310cb9de,0.37648844718933105,sleap-lablink-client-prod-vm-4,running,Healthy,0,1788390738.0,1788390767.0,1788390813.0,1788391010.0,1788390947.0,1788391022.0,301.0,1788390768.132688,1788391127.453282,1788391506.508805,i-0b5a2f80e58b1f49e
1788391520.554371,10,1,ghcr.io/talmolab/lablink-client-base-image:linux-amd64-test@sha256:1ec2fde6860186b3d45ac83890167258f83512955dbce65f072d4e8c310cb9de,0.37648844718933105,sleap-lablink-client-prod-vm-5,running,Healthy,0,1788390738.0,1788390767.0,1788390814.0,1788391012.0,1788390949.0,1788391024.0,302.0,1788390768.133418,1788391127.470972,1788391507.650336,i-011c62511afd69360
1788391520.554371,10,1,ghcr.io/talmolab/lablink-client-base-image:linux-amd64-test@sha256:1ec2fde6860186b3d45ac83890167258f83512955dbce65f072d4e8c310cb9de,0.37648844718933105,sleap-lablink-client-prod-vm-6,running,Healthy,0,1788390738.0,1788390767.0,1788390814.0,1788391011.0,1788390949.0,1788391022.0,299.0,1788390768.134149,1788391127.454231,1788391506.652745,i-0cceae5b4237000da
1788391520.554371,10,1,ghcr.io/talmolab/lablink-client-base-image:linux-amd64-test@sha256:1ec2fde6860186b3d45ac83890167258f83512955dbce65f072d4e8c310cb9de,0.37648844718933105,sleap-lablink-client-prod-vm-7,running,Healthy,0,1788390738.0,1788390767.0,1788390813.0,1788391004.0,1788390941.0,1788391016.0,295.0,1788390768.13509,1788391127.485072,1788391500.988328,i-04223bbc5c5f842c7
1788391520.554371,10,1,ghcr.io/talmolab/lablink-client-base-image:linux-amd64-test@sha256:1ec2fde6860186b3d45ac83890167258f83512955dbce65f072d4e8c310cb9de,0.37648844718933105,sleap-lablink-client-prod-vm-8,running,Healthy,0,1788390738.0,1788390767.0,1788390809.0,1788391003.0,1788390941.0,1788391017.0,299.0,1788390768.135877,1788391127.491438,1788391500.454718,i-0798ccd89f26d7cda
1788391520.554371,10,1,ghcr.io/talmolab/lablink-client-base-image:linux-amd64-test@sha256:1ec2fde6860186b3d45ac83890167258f83512955dbce65f072d4e8c310cb9de,0.37648844718933105,sleap-lablink-client-prod-vm-9,running,Healthy,0,1788390738.0,1788390767.0,1788390813.0,1788391010.0,1788390948.0,1788391021.0,299.0,1788390768.136603,1788391127.503832,1788391504.853816,i-0ae3bdc8eb0227987
1788391525.577218,10,1,ghcr.io/talmolab/lablink-client-base-image:linux-amd64-test@sha256:1ec2fde6860186b3d45ac83890167258f83512955dbce65f072d4e8c310cb9de,0.37648844718933105,sleap-lablink-client-prod-vm-1,running,Healthy,1,1788390738.0,1788390767.0,1788390905.0,1788391113.0,1788391050.0,1788391124.0,311.0,1788390768.128852,1788391127.40029,1788391517.788141,i-0d4ebb2bfcef19f31
1788391525.577218,10,1,ghcr.io/talmolab/lablink-client-base-image:linux-amd64-test@sha256:1ec2fde6860186b3d45ac83890167258f83512955dbce65f072d4e8c310cb9de,0.37648844718933105,sleap-lablink-client-prod-vm-10,running,Healthy,1,1788390738.0,1788390767.0,1788390902.0,1788391108.0,1788391046.0,1788391114.0,303.0,1788390768.130117,1788391127.408882,1788391508.452639,i-073b86b279423b5ed
1788391525.577218,10,1,ghcr.io/talmolab/lablink-client-base-image:linux-amd64-test@sha256:1ec2fde6860186b3d45ac83890167258f83512955dbce65f072d4e8c310cb9de,0.37648844718933105,sleap-lablink-client-prod-vm-2,running,Healthy,0,1788390738.0,1788390767.0,1788390813.0,1788391011.0,1788390949.0,1788391016.0,294.0,1788390768.130938,1788391127.407519,1788391501.087811,i-02f122d3eea1c2ca0
1788391525.577218,10,1,ghcr.io/talmolab/lablink-client-base-image:linux-amd64-test@sha256:1ec2fde6860186b3d45ac83890167258f83512955dbce65f072d4e8c310cb9de,0.37648844718933105,sleap-lablink-client-prod-vm-3,running,Healthy,0,1788390738.0,1788390767.0,1788390814.0,1788391004.0,1788390941.0,1788391018.0,296.0,1788390768.131762,1788391127.452474,1788391501.90486,i-04f09804c45834c8a
1788391525.577218,10,1,ghcr.io/talmolab/lablink-client-base-image:linux-amd64-test@sha256:1ec2fde6860186b3d45ac83890167258f83512955dbce65f072d4e8c310cb9de,0.37648844718933105,sleap-lablink-client-prod-vm-4,running,Healthy,0,1788390738.0,1788390767.0,1788390813.0,1788391010.0,1788390947.0,1788391022.0,301.0,1788390768.132688,1788391127.453282,1788391506.508805,i-0b5a2f80e58b1f49e
1788391525.577218,10,1,ghcr.io/talmolab/lablink-client-base-image:linux-amd64-test@sha256:1ec2fde6860186b3d45ac83890167258f83512955dbce65f072d4e8c310cb9de,0.37648844718933105,sleap-lablink-client-prod-vm-5,running,Healthy,0,1788390738.0,1788390767.0,1788390814.0,1788391012.0,1788390949.0,1788391024.0,302.0,1788390768.133418,1788391127.470972,1788391507.650336,i-011c62511afd69360
1788391525.577218,10,1,ghcr.io/talmolab/lablink-client-base-image:linux-amd64-test@sha256:1ec2fde6860186b3d45ac83890167258f83512955dbce65f072d4e8c310cb9de,0.37648844718933105,sleap-lablink-client-prod-vm-6,running,Healthy,0,1788390738.0,1788390767.0,1788390814.0,1788391011.0,1788390949.0,1788391022.0,299.0,1788390768.134149,1788391127.454231,1788391506.652745,i-0cceae5b4237000da
1788391525.577218,10,1,ghcr.io/talmolab/lablink-client-base-image:linux-amd64-test@sha256:1ec2fde6860186b3d45ac83890167258f83512955dbce65f072d4e8c310cb9de,0.37648844718933105,sleap-lablink-client-prod-vm-7,running,Healthy,0,1788390738.0,1788390767.0,1788390813.0,1788391004.0,1788390941.0,1788391016.0,295.0,1788390768.13509,1788391127.485072,1788391500.988328,i-04223bbc5c5f842c7
1788391525.577218,10,1,ghcr.io/talmolab/lablink-client-base-image:linux-amd64-test@sha256:1ec2fde6860186b3d45ac83890167258f83512955dbce65f072d4e8c310cb9de,0.37648844718933105,sleap-lablink-client-prod-vm-8,running,Healthy,0,1788390738.0,1788390767.0,1788390809.0,1788391003.0,1788390941.0,1788391017.0,299.0,1788390768.135877,1788391127.491438,1788391500.454718,i-0798ccd89f26d7cda
1788391525.577218,10,1,ghcr.io/talmolab/lablink-client-base-image:linux-amd64-test@sha256:1ec2fde6860186b3d45ac83890167258f83512955dbce65f072d4e8c310cb9de,0.37648844718933105,sleap-lablink-client-prod-vm-9,running,Healthy,0,1788390738.0,1788390767.0,1788390813.0,1788391010.0,1788390948.0,1788391021.0,299.0,1788390768.136603,1788391127.503832,1788391504.853816,i-0ae3bdc8eb0227987
1788391530.588195,10,1,ghcr.io/talmolab/lablink-client-base-image:linux-amd64-test@sha256:1ec2fde6860186b3d45ac83890167258f83512955dbce65f072d4e8c310cb9de,0.37648844718933105,sleap-lablink-client-prod-vm-1,running,Healthy,1,1788390738.0,1788390767.0,1788390905.0,1788391113.0,1788391050.0,1788391124.0,311.0,1788390768.128852,1788391127.40029,1788391517.788141,i-0d4ebb2bfcef19f31
1788391530.588195,10,1,ghcr.io/talmolab/lablink-client-base-image:linux-amd64-test@sha256:1ec2fde6860186b3d45ac83890167258f83512955dbce65f072d4e8c310cb9de,0.37648844718933105,sleap-lablink-client-prod-vm-10,running,Healthy,1,1788390738.0,1788390767.0,1788390902.0,1788391108.0,1788391046.0,1788391114.0,303.0,1788390768.130117,1788391127.408882,1788391508.452639,i-073b86b279423b5ed
1788391530.588195,10,1,ghcr.io/talmolab/lablink-client-base-image:linux-amd64-test@sha256:1ec2fde6860186b3d45ac83890167258f83512955dbce65f072d4e8c310cb9de,0.37648844718933105,sleap-lablink-client-prod-vm-2,running,Healthy,0,1788390738.0,1788390767.0,1788390813.0,1788391011.0,1788390949.0,1788391016.0,294.0,1788390768.130938,1788391127.407519,1788391501.087811,i-02f122d3eea1c2ca0
1788391530.588195,10,1,ghcr.io/talmolab/lablink-client-base-image:linux-amd64-test@sha256:1ec2fde6860186b3d45ac83890167258f83512955dbce65f072d4e8c310cb9de,0.37648844718933105,sleap-lablink-client-prod-vm-3,running,Healthy,0,1788390738.0,1788390767.0,1788390814.0,1788391004.0,1788390941.0,1788391018.0,296.0,1788390768.131762,1788391127.452474,1788391501.90486,i-04f09804c45834c8a
1788391530.588195,10,1,ghcr.io/talmolab/lablink-client-base-image:linux-amd64-test@sha256:1ec2fde6860186b3d45ac83890167258f83512955dbce65f072d4e8c310cb9de,0.37648844718933105,sleap-lablink-client-prod-vm-4,running,Healthy,0,1788390738.0,1788390767.0,1788390813.0,1788391010.0,1788390947.0,1788391022.0,301.0,1788390768.132688,1788391127.453282,1788391506.508805,i-0b5a2f80e58b1f49e
1788391530.588195,10,1,ghcr.io/talmolab/lablink-client-base-image:linux-amd64-test@sha256:1ec2fde6860186b3d45ac83890167258f83512955dbce65f072d4e8c310cb9de,0.37648844718933105,sleap-lablink-client-prod-vm-5,running,Healthy,0,1788390738.0,1788390767.0,1788390814.0,1788391012.0,1788390949.0,1788391024.0,302.0,1788390768.133418,1788391127.470972,1788391507.650336,i-011c62511afd69360
1788391530.588195,10,1,ghcr.io/talmolab/lablink-client-base-image:linux-amd64-test@sha256:1ec2fde6860186b3d45ac83890167258f83512955dbce65f072d4e8c310cb9de,0.37648844718933105,sleap-lablink-client-prod-vm-6,running,Healthy,0,1788390738.0,1788390767.0,1788390814.0,1788391011.0,1788390949.0,1788391022.0,299.0,1788390768.134149,1788391127.454231,1788391506.652745,i-0cceae5b4237000da
1788391530.588195,10,1,ghcr.io/talmolab/lablink-client-base-image:linux-amd64-test@sha256:1ec2fde6860186b3d45ac83890167258f83512955dbce65f072d4e8c310cb9de,0.37648844718933105,sleap-lablink-client-prod-vm-7,running,Healthy,0,1788390738.0,1788390767.0,1788390813.0,1788391004.0,1788390941.0,1788391016.0,295.0,1788390768.13509,1788391127.485072,1788391500.988328,i-04223bbc5c5f842c7
1788391530.588195,10,1,ghcr.io/talmolab/lablink-client-base-image:linux-amd64-test@sha256:1ec2fde6860186b3d45ac83890167258f83512955dbce65f072d4e8c310cb9de,0.37648844718933105,sleap-lablink-client-prod-vm-8,running,Healthy,0,1788390738.0,1788390767.0,1788390809.0,1788391003.0,1788390941.0,1788391017.0,299.0,1788390768.135877,1788391127.491438,1788391530.474885,i-0798ccd89f26d7cda
1788391530.588195,10,1,ghcr.io/talmolab/lablink-client-base-image:linux-amd64-test@sha256:1ec2fde6860186b3d45ac83890167258f83512955dbce65f072d4e8c310cb9de,0.37648844718933105,sleap-lablink-client-prod-vm-9,running,Healthy,0,1788390738.0,1788390767.0,1788390813.0,1788391010.0,1788390948.0,1788391021.0,299.0,1788390768.136603,1788391127.503832,1788391504.853816,i-0ae3bdc8eb0227987
1788391535.975562,10,1,ghcr.io/talmolab/lablink-client-base-image:linux-amd64-test@sha256:1ec2fde6860186b3d45ac83890167258f83512955dbce65f072d4e8c310cb9de,0.37648844718933105,sleap-lablink-client-prod-vm-1,running,Healthy,1,1788390738.0,1788390767.0,1788390905.0,1788391113.0,1788391050.0,1788391124.0,311.0,1788390768.128852,1788391127.40029,1788391517.788141,i-0d4ebb2bfcef19f31
1788391535.975562,10,1,ghcr.io/talmolab/lablink-client-base-image:linux-amd64-test@sha256:1ec2fde6860186b3d45ac83890167258f83512955dbce65f072d4e8c310cb9de,0.37648844718933105,sleap-lablink-client-prod-vm-10,running,Healthy,1,1788390738.0,1788390767.0,1788390902.0,1788391108.0,1788391046.0,1788391114.0,303.0,1788390768.130117,1788391127.408882,1788391508.452639,i-073b86b279423b5ed
1788391535.975562,10,1,ghcr.io/talmolab/lablink-client-base-image:linux-amd64-test@sha256:1ec2fde6860186b3d45ac83890167258f83512955dbce65f072d4e8c310cb9de,0.37648844718933105,sleap-lablink-client-prod-vm-2,running,Healthy,0,1788390738.0,1788390767.0,1788390813.0,1788391011.0,1788390949.0,1788391016.0,294.0,1788390768.130938,1788391127.407519,1788391531.107596,i-02f122d3eea1c2ca0
1788391535.975562,10,1,ghcr.io/talmolab/lablink-client-base-image:linux-amd64-test@sha256:1ec2fde6860186b3d45ac83890167258f83512955dbce65f072d4e8c310cb9de,0.37648844718933105,sleap-lablink-client-prod-vm-3,running,Healthy,0,1788390738.0,1788390767.0,1788390814.0,1788391004.0,1788390941.0,1788391018.0,296.0,1788390768.131762,1788391127.452474,1788391531.924713,i-04f09804c45834c8a
1788391535.975562,10,1,ghcr.io/talmolab/lablink-client-base-image:linux-amd64-test@sha256:1ec2fde6860186b3d45ac83890167258f83512955dbce65f072d4e8c310cb9de,0.37648844718933105,sleap-lablink-client-prod-vm-4,running,Healthy,0,1788390738.0,1788390767.0,1788390813.0,1788391010.0,1788390947.0,1788391022.0,301.0,1788390768.132688,1788391127.453282,1788391506.508805,i-0b5a2f80e58b1f49e
1788391535.975562,10,1,ghcr.io/talmolab/lablink-client-base-image:linux-amd64-test@sha256:1ec2fde6860186b3d45ac83890167258f83512955dbce65f072d4e8c310cb9de,0.37648844718933105,sleap-lablink-client-prod-vm-5,running,Healthy,0,1788390738.0,1788390767.0,1788390814.0,1788391012.0,1788390949.0,1788391024.0,302.0,1788390768.133418,1788391127.470972,1788391507.650336,i-011c62511afd69360
1788391535.975562,10,1,ghcr.io/talmolab/lablink-client-base-image:linux-amd64-test@sha256:1ec2fde6860186b3d45ac83890167258f83512955dbce65f072d4e8c310cb9de,0.37648844718933105,sleap-lablink-client-prod-vm-6,running,Healthy,0,1788390738.0,1788390767.0,1788390814.0,1788391011.0,1788390949.0,1788391022.0,299.0,1788390768.134149,1788391127.454231,1788391506.652745,i-0cceae5b4237000da
1788391535.975562,10,1,ghcr.io/talmolab/lablink-client-base-image:linux-amd64-test@sha256:1ec2fde6860186b3d45ac83890167258f83512955dbce65f072d4e8c310cb9de,0.37648844718933105,sleap-lablink-client-prod-vm-7,running,Healthy,0,1788390738.0,1788390767.0,1788390813.0,1788391004.0,1788390941.0,1788391016.0,295.0,1788390768.13509,1788391127.485072,1788391531.010267,i-04223bbc5c5f842c7
1788391535.975562,10,1,ghcr.io/talmolab/lablink-client-base-image:linux-amd64-test@sha256:1ec2fde6860186b3d45ac83890167258f83512955dbce65f072d4e8c310cb9de,0.37648844718933105,sleap-lablink-client-prod-vm-8,running,Healthy,0,1788390738.0,1788390767.0,1788390809.0,1788391003.0,1788390941.0,1788391017.0,299.0,1788390768.135877,1788391127.491438,1788391530.474885,i-0798ccd89f26d7cda
1788391535.975562,10,1,ghcr.io/talmolab/lablink-client-base-image:linux-amd64-test@sha256:1ec2fde6860186b3d45ac83890167258f83512955dbce65f072d4e8c310cb9de,0.37648844718933105,sleap-lablink-client-prod-vm-9,running,Healthy,0,1788390738.0,1788390767.0,1788390813.0,1788391010.0,1788390948.0,1788391021.0,299.0,1788390768.136603,1788391127.503832,1788391534.873801,i-0ae3bdc8eb0227987
1788391540.581005,10,1,ghcr.io/talmolab/lablink-client-base-image:linux-amd64-test@sha256:1ec2fde6860186b3d45ac83890167258f83512955dbce65f072d4e8c310cb9de,0.37648844718933105,sleap-lablink-client-prod-vm-1,running,Healthy,1,1788390738.0,1788390767.0,1788390905.0,1788391113.0,1788391050.0,1788391124.0,311.0,1788390768.128852,1788391127.40029,1788391517.788141,i-0d4ebb2bfcef19f31
1788391540.581005,10,1,ghcr.io/talmolab/lablink-client-base-image:linux-amd64-test@sha256:1ec2fde6860186b3d45ac83890167258f83512955dbce65f072d4e8c310cb9de,0.37648844718933105,sleap-lablink-client-prod-vm-10,running,Healthy,1,1788390738.0,1788390767.0,1788390902.0,1788391108.0,1788391046.0,1788391114.0,303.0,1788390768.130117,1788391127.408882,1788391538.623291,i-073b86b279423b5ed
1788391540.581005,10,1,ghcr.io/talmolab/lablink-client-base-image:linux-amd64-test@sha256:1ec2fde6860186b3d45ac83890167258f83512955dbce65f072d4e8c310cb9de,0.37648844718933105,sleap-lablink-client-prod-vm-2,running,Healthy,0,1788390738.0,1788390767.0,1788390813.0,1788391011.0,1788390949.0,1788391016.0,294.0,1788390768.130938,1788391127.407519,1788391531.107596,i-02f122d3eea1c2ca0
1788391540.581005,10,1,ghcr.io/talmolab/lablink-client-base-image:linux-amd64-test@sha256:1ec2fde6860186b3d45ac83890167258f83512955dbce65f072d4e8c310cb9de,0.37648844718933105,sleap-lablink-client-prod-vm-3,running,Healthy,0,1788390738.0,1788390767.0,1788390814.0,1788391004.0,1788390941.0,1788391018.0,296.0,1788390768.131762,1788391127.452474,1788391531.924713,i-04f09804c45834c8a
1788391540.581005,10,1,ghcr.io/talmolab/lablink-client-base-image:linux-amd64-test@sha256:1ec2fde6860186b3d45ac83890167258f83512955dbce65f072d4e8c310cb9de,0.37648844718933105,sleap-lablink-client-prod-vm-4,running,Healthy,0,1788390738.0,1788390767.0,1788390813.0,1788391010.0,1788390947.0,1788391022.0,301.0,1788390768.132688,1788391127.453282,1788391536.530415,i-0b5a2f80e58b1f49e
1788391540.581005,10,1,ghcr.io/talmolab/lablink-client-base-image:linux-amd64-test@sha256:1ec2fde6860186b3d45ac83890167258f83512955dbce65f072d4e8c310cb9de,0.37648844718933105,sleap-lablink-client-prod-vm-5,running,Healthy,0,1788390738.0,1788390767.0,1788390814.0,1788391012.0,1788390949.0,1788391024.0,302.0,1788390768.133418,1788391127.470972,1788391537.670253,i-011c62511afd69360
1788391540.581005,10,1,ghcr.io/talmolab/lablink-client-base-image:linux-amd64-test@sha256:1ec2fde6860186b3d45ac83890167258f83512955dbce65f072d4e8c310cb9de,0.37648844718933105,sleap-lablink-client-prod-vm-6,running,Healthy,0,1788390738.0,1788390767.0,1788390814.0,1788391011.0,1788390949.0,1788391022.0,299.0,1788390768.134149,1788391127.454231,1788391536.674808,i-0cceae5b4237000da
1788391540.581005,10,1,ghcr.io/talmolab/lablink-client-base-image:linux-amd64-test@sha256:1ec2fde6860186b3d45ac83890167258f83512955dbce65f072d4e8c310cb9de,0.37648844718933105,sleap-lablink-client-prod-vm-7,running,Healthy,0,1788390738.0,1788390767.0,1788390813.0,1788391004.0,1788390941.0,1788391016.0,295.0,1788390768.13509,1788391127.485072,1788391531.010267,i-04223bbc5c5f842c7
1788391540.581005,10,1,ghcr.io/talmolab/lablink-client-base-image:linux-amd64-test@sha256:1ec2fde6860186b3d45ac83890167258f83512955dbce65f072d4e8c310cb9de,0.37648844718933105,sleap-lablink-client-prod-vm-8,running,Healthy,0,1788390738.0,1788390767.0,1788390809.0,1788391003.0,1788390941.0,1788391017.0,299.0,1788390768.135877,1788391127.491438,1788391530.474885,i-0798ccd89f26d7cda
1788391540.581005,10,1,ghcr.io/talmolab/lablink-client-base-image:linux-amd64-test@sha256:1ec2fde6860186b3d45ac83890167258f83512955dbce65f072d4e8c310cb9de,0.37648844718933105,sleap-lablink-client-prod-vm-9,running,Healthy,0,1788390738.0,1788390767.0,1788390813.0,1788391010.0,1788390948.0,1788391021.0,299.0,1788390768.136603,1788391127.503832,1788391534.873801,i-0ae3bdc8eb0227987
1788391545.629345,10,1,ghcr.io/talmolab/lablink-client-base-image:linux-amd64-test@sha256:1ec2fde6860186b3d45ac83890167258f83512955dbce65f072d4e8c310cb9de,0.37648844718933105,sleap-lablink-client-prod-vm-1,running,Healthy,1,1788390738.0,1788390767.0,1788390905.0,1788391113.0,1788391050.0,1788391124.0,311.0,1788390768.128852,1788391127.40029,1788391517.788141,i-0d4ebb2bfcef19f31
1788391545.629345,10,1,ghcr.io/talmolab/lablink-client-base-image:linux-amd64-test@sha256:1ec2fde6860186b3d45ac83890167258f83512955dbce65f072d4e8c310cb9de,0.37648844718933105,sleap-lablink-client-prod-vm-10,running,Healthy,1,1788390738.0,1788390767.0,1788390902.0,1788391108.0,1788391046.0,1788391114.0,303.0,1788390768.130117,1788391127.408882,1788391538.623291,i-073b86b279423b5ed
1788391545.629345,10,1,ghcr.io/talmolab/lablink-client-base-image:linux-amd64-test@sha256:1ec2fde6860186b3d45ac83890167258f83512955dbce65f072d4e8c310cb9de,0.37648844718933105,sleap-lablink-client-prod-vm-2,running,Healthy,0,1788390738.0,1788390767.0,1788390813.0,1788391011.0,1788390949.0,1788391016.0,294.0,1788390768.130938,1788391127.407519,1788391531.107596,i-02f122d3eea1c2ca0
1788391545.629345,10,1,ghcr.io/talmolab/lablink-client-base-image:linux-amd64-test@sha256:1ec2fde6860186b3d45ac83890167258f83512955dbce65f072d4e8c310cb9de,0.37648844718933105,sleap-lablink-client-prod-vm-3,running,Healthy,0,1788390738.0,1788390767.0,1788390814.0,1788391004.0,1788390941.0,1788391018.0,296.0,1788390768.131762,1788391127.452474,1788391531.924713,i-04f09804c45834c8a
1788391545.629345,10,1,ghcr.io/talmolab/lablink-client-base-image:linux-amd64-test@sha256:1ec2fde6860186b3d45ac83890167258f83512955dbce65f072d4e8c310cb9de,0.37648844718933105,sleap-lablink-client-prod-vm-4,running,Healthy,0,1788390738.0,1788390767.0,1788390813.0,1788391010.0,1788390947.0,1788391022.0,301.0,1788390768.132688,1788391127.453282,1788391536.530415,i-0b5a2f80e58b1f49e
1788391545.629345,10,1,ghcr.io/talmolab/lablink-client-base-image:linux-amd64-test@sha256:1ec2fde6860186b3d45ac83890167258f83512955dbce65f072d4e8c310cb9de,0.37648844718933105,sleap-lablink-client-prod-vm-5,running,Healthy,0,1788390738.0,1788390767.0,1788390814.0,1788391012.0,1788390949.0,1788391024.0,302.0,1788390768.133418,1788391127.470972,1788391537.670253,i-011c62511afd69360
1788391545.629345,10,1,ghcr.io/talmolab/lablink-client-base-image:linux-amd64-test@sha256:1ec2fde6860186b3d45ac83890167258f83512955dbce65f072d4e8c310cb9de,0.37648844718933105,sleap-lablink-client-prod-vm-6,running,Healthy,0,1788390738.0,1788390767.0,1788390814.0,1788391011.0,1788390949.0,1788391022.0,299.0,1788390768.134149,1788391127.454231,1788391536.674808,i-0cceae5b4237000da
1788391545.629345,10,1,ghcr.io/talmolab/lablink-client-base-image:linux-amd64-test@sha256:1ec2fde6860186b3d45ac83890167258f83512955dbce65f072d4e8c310cb9de,0.37648844718933105,sleap-lablink-client-prod-vm-7,running,Healthy,0,1788390738.0,1788390767.0,1788390813.0,1788391004.0,1788390941.0,1788391016.0,295.0,1788390768.13509,1788391127.485072,1788391531.010267,i-04223bbc5c5f842c7
1788391545.629345,10,1,ghcr.io/talmolab/lablink-client-base-image:linux-amd64-test@sha256:1ec2fde6860186b3d45ac83890167258f83512955dbce65f072d4e8c310cb9de,0.37648844718933105,sleap-lablink-client-prod-vm-8,running,Healthy,0,1788390738.0,1788390767.0,1788390809.0,1788391003.0,1788390941.0,1788391017.0,299.0,1788390768.135877,1788391127.491438,1788391530.474885,i-0798ccd89f26d7cda
1788391545.629345,10,1,ghcr.io/talmolab/lablink-client-base-image:linux-amd64-test@sha256:1ec2fde6860186b3d45ac83890167258f83512955dbce65f072d4e8c310cb9de,0.37648844718933105,sleap-lablink-client-prod-vm-9,running,Healthy,0,1788390738.0,1788390767.0,1788390813.0,1788391010.0,1788390948.0,1788391021.0,299.0,1788390768.136603,1788391127.503832,1788391534.873801,i-0ae3bdc8eb0227987
1788391550.547477,10,1,ghcr.io/talmolab/lablink-client-base-image:linux-amd64-test@sha256:1ec2fde6860186b3d45ac83890167258f83512955dbce65f072d4e8c310cb9de,0.37648844718933105,sleap-lablink-client-prod-vm-1,running,Healthy,1,1788390738.0,1788390767.0,1788390905.0,1788391113.0,1788391050.0,1788391124.0,311.0,1788390768.128852,1788391127.40029,1788391547.959937,i-0d4ebb2bfcef19f31
1788391550.547477,10,1,ghcr.io/talmolab/lablink-client-base-image:linux-amd64-test@sha256:1ec2fde6860186b3d45ac83890167258f83512955dbce65f072d4e8c310cb9de,0.37648844718933105,sleap-lablink-client-prod-vm-10,running,Healthy,1,1788390738.0,1788390767.0,1788390902.0,1788391108.0,1788391046.0,1788391114.0,303.0,1788390768.130117,1788391127.408882,1788391538.623291,i-073b86b279423b5ed
1788391550.547477,10,1,ghcr.io/talmolab/lablink-client-base-image:linux-amd64-test@sha256:1ec2fde6860186b3d45ac83890167258f83512955dbce65f072d4e8c310cb9de,0.37648844718933105,sleap-lablink-client-prod-vm-2,running,Healthy,0,1788390738.0,1788390767.0,1788390813.0,1788391011.0,1788390949.0,1788391016.0,294.0,1788390768.130938,1788391127.407519,1788391531.107596,i-02f122d3eea1c2ca0
1788391550.547477,10,1,ghcr.io/talmolab/lablink-client-base-image:linux-amd64-test@sha256:1ec2fde6860186b3d45ac83890167258f83512955dbce65f072d4e8c310cb9de,0.37648844718933105,sleap-lablink-client-prod-vm-3,running,Healthy,0,1788390738.0,1788390767.0,1788390814.0,1788391004.0,1788390941.0,1788391018.0,296.0,1788390768.131762,1788391127.452474,1788391531.924713,i-04f09804c45834c8a
1788391550.547477,10,1,ghcr.io/talmolab/lablink-client-base-image:linux-amd64-test@sha256:1ec2fde6860186b3d45ac83890167258f83512955dbce65f072d4e8c310cb9de,0.37648844718933105,sleap-lablink-client-prod-vm-4,running,Healthy,0,1788390738.0,1788390767.0,1788390813.0,1788391010.0,1788390947.0,1788391022.0,301.0,1788390768.132688,1788391127.453282,1788391536.530415,i-0b5a2f80e58b1f49e
1788391550.547477,10,1,ghcr.io/talmolab/lablink-client-base-image:linux-amd64-test@sha256:1ec2fde6860186b3d45ac83890167258f83512955dbce65f072d4e8c310cb9de,0.37648844718933105,sleap-lablink-client-prod-vm-5,running,Healthy,0,1788390738.0,1788390767.0,1788390814.0,1788391012.0,1788390949.0,1788391024.0,302.0,1788390768.133418,1788391127.470972,1788391537.670253,i-011c62511afd69360
1788391550.547477,10,1,ghcr.io/talmolab/lablink-client-base-image:linux-amd64-test@sha256:1ec2fde6860186b3d45ac83890167258f83512955dbce65f072d4e8c310cb9de,0.37648844718933105,sleap-lablink-client-prod-vm-6,running,Healthy,0,1788390738.0,1788390767.0,1788390814.0,1788391011.0,1788390949.0,1788391022.0,299.0,1788390768.134149,1788391127.454231,1788391536.674808,i-0cceae5b4237000da
1788391550.547477,10,1,ghcr.io/talmolab/lablink-client-base-image:linux-amd64-test@sha256:1ec2fde6860186b3d45ac83890167258f83512955dbce65f072d4e8c310cb9de,0.37648844718933105,sleap-lablink-client-prod-vm-7,running,Healthy,0,1788390738.0,1788390767.0,1788390813.0,1788391004.0,1788390941.0,1788391016.0,295.0,1788390768.13509,1788391127.485072,1788391531.010267,i-04223bbc5c5f842c7
1788391550.547477,10,1,ghcr.io/talmolab/lablink-client-base-image:linux-amd64-test@sha256:1ec2fde6860186b3d45ac83890167258f83512955dbce65f072d4e8c310cb9de,0.37648844718933105,sleap-lablink-client-prod-vm-8,running,Healthy,0,1788390738.0,1788390767.0,1788390809.0,1788391003.0,1788390941.0,1788391017.0,299.0,1788390768.135877,1788391127.491438,1788391530.474885,i-0798ccd89f26d7cda
1788391550.547477,10,1,ghcr.io/talmolab/lablink-client-base-image:linux-amd64-test@sha256:1ec2fde6860186b3d45ac83890167258f83512955dbce65f072d4e8c310cb9de,0.37648844718933105,sleap-lablink-client-prod-vm-9,running,Healthy,0,1788390738.0,1788390767.0,1788390813.0,1788391010.0,1788390948.0,1788391021.0,299.0,1788390768.136603,1788391127.503832,1788391534.873801,i-0ae3bdc8eb0227987
1788391555.5937622,10,1,ghcr.io/talmolab/lablink-client-base-image:linux-amd64-test@sha256:1ec2fde6860186b3d45ac83890167258f83512955dbce65f072d4e8c310cb9de,0.37648844718933105,sleap-lablink-client-prod-vm-1,running,Healthy,1,1788390738.0,1788390767.0,1788390905.0,1788391113.0,1788391050.0,1788391124.0,311.0,1788390768.128852,1788391127.40029,1788391547.959937,i-0d4ebb2bfcef19f31
1788391555.5937622,10,1,ghcr.io/talmolab/lablink-client-base-image:linux-amd64-test@sha256:1ec2fde6860186b3d45ac83890167258f83512955dbce65f072d4e8c310cb9de,0.37648844718933105,sleap-lablink-client-prod-vm-10,running,Healthy,1,1788390738.0,1788390767.0,1788390902.0,1788391108.0,1788391046.0,1788391114.0,303.0,1788390768.130117,1788391127.408882,1788391538.623291,i-073b86b279423b5ed
1788391555.5937622,10,1,ghcr.io/talmolab/lablink-client-base-image:linux-amd64-test@sha256:1ec2fde6860186b3d45ac83890167258f83512955dbce65f072d4e8c310cb9de,0.37648844718933105,sleap-lablink-client-prod-vm-2,running,Healthy,0,1788390738.0,1788390767.0,1788390813.0,1788391011.0,1788390949.0,1788391016.0,294.0,1788390768.130938,1788391127.407519,1788391531.107596,i-02f122d3eea1c2ca0
1788391555.5937622,10,1,ghcr.io/talmolab/lablink-client-base-image:linux-amd64-test@sha256:1ec2fde6860186b3d45ac83890167258f83512955dbce65f072d4e8c310cb9de,0.37648844718933105,sleap-lablink-client-prod-vm-3,running,Healthy,0,1788390738.0,1788390767.0,1788390814.0,1788391004.0,1788390941.0,1788391018.0,296.0,1788390768.131762,1788391127.452474,1788391531.924713,i-04f09804c45834c8a
1788391555.5937622,10,1,ghcr.io/talmolab/lablink-client-base-image:linux-amd64-test@sha256:1ec2fde6860186b3d45ac83890167258f83512955dbce65f072d4e8c310cb9de,0.37648844718933105,sleap-lablink-client-prod-vm-4,running,Healthy,0,1788390738.0,1788390767.0,1788390813.0,1788391010.0,1788390947.0,1788391022.0,301.0,1788390768.132688,1788391127.453282,1788391536.530415,i-0b5a2f80e58b1f49e
1788391555.5937622,10,1,ghcr.io/talmolab/lablink-client-base-image:linux-amd64-test@sha256:1ec2fde6860186b3d45ac83890167258f83512955dbce65f072d4e8c310cb9de,0.37648844718933105,sleap-lablink-client-prod-vm-5,running,Healthy,0,1788390738.0,1788390767.0,1788390814.0,1788391012.0,1788390949.0,1788391024.0,302.0,1788390768.133418,1788391127.470972,1788391537.670253,i-011c62511afd69360
1788391555.5937622,10,1,ghcr.io/talmolab/lablink-client-base-image:linux-amd64-test@sha256:1ec2fde6860186b3d45ac83890167258f83512955dbce65f072d4e8c310cb9de,0.37648844718933105,sleap-lablink-client-prod-vm-6,running,Healthy,0,1788390738.0,1788390767.0,1788390814.0,1788391011.0,1788390949.0,1788391022.0,299.0,1788390768.134149,1788391127.454231,1788391536.674808,i-0cceae5b4237000da
1788391555.5937622,10,1,ghcr.io/talmolab/lablink-client-base-image:linux-amd64-test@sha256:1ec2fde6860186b3d45ac83890167258f83512955dbce65f072d4e8c310cb9de,0.37648844718933105,sleap-lablink-client-prod-vm-7,running,Healthy,0,1788390738.0,1788390767.0,1788390813.0,1788391004.0,1788390941.0,1788391016.0,295.0,1788390768.13509,1788391127.485072,1788391531.010267,i-04223bbc5c5f842c7
1788391555.5937622,10,1,ghcr.io/talmolab/lablink-client-base-image:linux-amd64-test@sha256:1ec2fde6860186b3d45ac83890167258f83512955dbce65f072d4e8c310cb9de,0.37648844718933105,sleap-lablink-client-prod-vm-8,running,Healthy,0,1788390738.0,1788390767.0,1788390809.0,1788391003.0,1788390941.0,1788391017.0,299.0,1788390768.135877,1788391127.491438,1788391530.474885,i-0798ccd89f26d7cda
1788391555.5937622,10,1,ghcr.io/talmolab/lablink-client-base-image:linux-amd64-test@sha256:1ec2fde6860186b3d45ac83890167258f83512955dbce65f072d4e8c310cb9de,0.37648844718933105,sleap-lablink-client-prod-vm-9,running,Healthy,0,1788390738.0,1788390767.0,1788390813.0,1788391010.0,1788390948.0,1788391021.0,299.0,1788390768.136603,1788391127.503832,1788391534.873801,i-0ae3bdc8eb0227987
1788391560.7121081,10,1,ghcr.io/talmolab/lablink-client-base-image:linux-amd64-test@sha256:1ec2fde6860186b3d45ac83890167258f83512955dbce65f072d4e8c310cb9de,0.37648844718933105,sleap-lablink-client-prod-vm-1,running,Healthy,1,1788390738.0,1788390767.0,1788390905.0,1788391113.0,1788391050.0,1788391124.0,311.0,1788390768.128852,1788391127.40029,1788391547.959937,i-0d4ebb2bfcef19f31
1788391560.7121081,10,1,ghcr.io/talmolab/lablink-client-base-image:linux-amd64-test@sha256:1ec2fde6860186b3d45ac83890167258f83512955dbce65f072d4e8c310cb9de,0.37648844718933105,sleap-lablink-client-prod-vm-10,running,Healthy,1,1788390738.0,1788390767.0,1788390902.0,1788391108.0,1788391046.0,1788391114.0,303.0,1788390768.130117,1788391127.408882,1788391538.623291,i-073b86b279423b5ed
1788391560.7121081,10,1,ghcr.io/talmolab/lablink-client-base-image:linux-amd64-test@sha256:1ec2fde6860186b3d45ac83890167258f83512955dbce65f072d4e8c310cb9de,0.37648844718933105,sleap-lablink-client-prod-vm-2,running,Healthy,0,1788390738.0,1788390767.0,1788390813.0,1788391011.0,1788390949.0,1788391016.0,294.0,1788390768.130938,1788391127.407519,1788391531.107596,i-02f122d3eea1c2ca0
1788391560.7121081,10,1,ghcr.io/talmolab/lablink-client-base-image:linux-amd64-test@sha256:1ec2fde6860186b3d45ac83890167258f83512955dbce65f072d4e8c310cb9de,0.37648844718933105,sleap-lablink-client-prod-vm-3,running,Healthy,0,1788390738.0,1788390767.0,1788390814.0,1788391004.0,1788390941.0,1788391018.0,296.0,1788390768.131762,1788391127.452474,1788391531.924713,i-04f09804c45834c8a
1788391560.7121081,10,1,ghcr.io/talmolab/lablink-client-base-image:linux-amd64-test@sha256:1ec2fde6860186b3d45ac83890167258f83512955dbce65f072d4e8c310cb9de,0.37648844718933105,sleap-lablink-client-prod-vm-4,running,Healthy,0,1788390738.0,1788390767.0,1788390813.0,1788391010.0,1788390947.0,1788391022.0,301.0,1788390768.132688,1788391127.453282,1788391536.530415,i-0b5a2f80e58b1f49e
1788391560.7121081,10,1,ghcr.io/talmolab/lablink-client-base-image:linux-amd64-test@sha256:1ec2fde6860186b3d45ac83890167258f83512955dbce65f072d4e8c310cb9de,0.37648844718933105,sleap-lablink-client-prod-vm-5,running,Healthy,0,1788390738.0,1788390767.0,1788390814.0,1788391012.0,1788390949.0,1788391024.0,302.0,1788390768.133418,1788391127.470972,1788391537.670253,i-011c62511afd69360
1788391560.7121081,10,1,ghcr.io/talmolab/lablink-client-base-image:linux-amd64-test@sha256:1ec2fde6860186b3d45ac83890167258f83512955dbce65f072d4e8c310cb9de,0.37648844718933105,sleap-lablink-client-prod-vm-6,running,Healthy,0,1788390738.0,1788390767.0,1788390814.0,1788391011.0,1788390949.0,1788391022.0,299.0,1788390768.134149,1788391127.454231,1788391536.674808,i-0cceae5b4237000da
1788391560.7121081,10,1,ghcr.io/talmolab/lablink-client-base-image:linux-amd64-test@sha256:1ec2fde6860186b3d45ac83890167258f83512955dbce65f072d4e8c310cb9de,0.37648844718933105,sleap-lablink-client-prod-vm-7,running,Healthy,0,1788390738.0,1788390767.0,1788390813.0,1788391004.0,1788390941.0,1788391016.0,295.0,1788390768.13509,1788391127.485072,1788391531.010267,i-04223bbc5c5f842c7
1788391560.7121081,10,1,ghcr.io/talmolab/lablink-client-base-image:linux-amd64-test@sha256:1ec2fde6860186b3d45ac83890167258f83512955dbce65f072d4e8c310cb9de,0.37648844718933105,sleap-lablink-client-prod-vm-8,running,Healthy,0,1788390738.0,1788390767.0,1788390809.0,1788391003.0,1788390941.0,1788391017.0,299.0,1788390768.135877,1788391127.491438,1788391560.736937,i-0798ccd89f26d7cda
1788391560.7121081,10,1,ghcr.io/talmolab/lablink-client-base-image:linux-amd64-test@sha256:1ec2fde6860186b3d45ac83890167258f83512955dbce65f072d4e8c310cb9de,0.37648844718933105,sleap-lablink-client-prod-vm-9,running,Healthy,0,1788390738.0,1788390767.0,1788390813.0,1788391010.0,1788390948.0,1788391021.0,299.0,1788390768.136603,1788391127.503832,1788391534.873801,i-0ae3bdc8eb0227987
1788391565.581324,10,1,ghcr.io/talmolab/lablink-client-base-image:linux-amd64-test@sha256:1ec2fde6860186b3d45ac83890167258f83512955dbce65f072d4e8c310cb9de,0.37648844718933105,sleap-lablink-client-prod-vm-1,running,Healthy,1,1788390738.0,1788390767.0,1788390905.0,1788391113.0,1788391050.0,1788391124.0,311.0,1788390768.128852,1788391127.40029,1788391547.959937,i-0d4ebb2bfcef19f31
1788391565.581324,10,1,ghcr.io/talmolab/lablink-client-base-image:linux-amd64-test@sha256:1ec2fde6860186b3d45ac83890167258f83512955dbce65f072d4e8c310cb9de,0.37648844718933105,sleap-lablink-client-prod-vm-10,running,Healthy,1,1788390738.0,1788390767.0,1788390902.0,1788391108.0,1788391046.0,1788391114.0,303.0,1788390768.130117,1788391127.408882,1788391538.623291,i-073b86b279423b5ed
1788391565.581324,10,1,ghcr.io/talmolab/lablink-client-base-image:linux-amd64-test@sha256:1ec2fde6860186b3d45ac83890167258f83512955dbce65f072d4e8c310cb9de,0.37648844718933105,sleap-lablink-client-prod-vm-2,running,Healthy,0,1788390738.0,1788390767.0,1788390813.0,1788391011.0,1788390949.0,1788391016.0,294.0,1788390768.130938,1788391127.407519,1788391561.366633,i-02f122d3eea1c2ca0
1788391565.581324,10,1,ghcr.io/talmolab/lablink-client-base-image:linux-amd64-test@sha256:1ec2fde6860186b3d45ac83890167258f83512955dbce65f072d4e8c310cb9de,0.37648844718933105,sleap-lablink-client-prod-vm-3,running,Healthy,0,1788390738.0,1788390767.0,1788390814.0,1788391004.0,1788390941.0,1788391018.0,296.0,1788390768.131762,1788391127.452474,1788391562.094309,i-04f09804c45834c8a
1788391565.581324,10,1,ghcr.io/talmolab/lablink-client-base-image:linux-amd64-test@sha256:1ec2fde6860186b3d45ac83890167258f83512955dbce65f072d4e8c310cb9de,0.37648844718933105,sleap-lablink-client-prod-vm-4,running,Healthy,0,1788390738.0,1788390767.0,1788390813.0,1788391010.0,1788390947.0,1788391022.0,301.0,1788390768.132688,1788391127.453282,1788391536.530415,i-0b5a2f80e58b1f49e
1788391565.581324,10,1,ghcr.io/talmolab/lablink-client-base-image:linux-amd64-test@sha256:1ec2fde6860186b3d45ac83890167258f83512955dbce65f072d4e8c310cb9de,0.37648844718933105,sleap-lablink-client-prod-vm-5,running,Healthy,0,1788390738.0,1788390767.0,1788390814.0,1788391012.0,1788390949.0,1788391024.0,302.0,1788390768.133418,1788391127.470972,1788391537.670253,i-011c62511afd69360
1788391565.581324,10,1,ghcr.io/talmolab/lablink-client-base-image:linux-amd64-test@sha256:1ec2fde6860186b3d45ac83890167258f83512955dbce65f072d4e8c310cb9de,0.37648844718933105,sleap-lablink-client-prod-vm-6,running,Healthy,0,1788390738.0,1788390767.0,1788390814.0,1788391011.0,1788390949.0,1788391022.0,299.0,1788390768.134149,1788391127.454231,1788391536.674808,i-0cceae5b4237000da
1788391565.581324,10,1,ghcr.io/talmolab/lablink-client-base-image:linux-amd64-test@sha256:1ec2fde6860186b3d45ac83890167258f83512955dbce65f072d4e8c310cb9de,0.37648844718933105,sleap-lablink-client-prod-vm-7,running,Healthy,0,1788390738.0,1788390767.0,1788390813.0,1788391004.0,1788390941.0,1788391016.0,295.0,1788390768.13509,1788391127.485072,1788391561.232327,i-04223bbc5c5f842c7
1788391565.581324,10,1,ghcr.io/talmolab/lablink-client-base-image:linux-amd64-test@sha256:1ec2fde6860186b3d45ac83890167258f83512955dbce65f072d4e8c310cb9de,0.37648844718933105,sleap-lablink-client-prod-vm-8,running,Healthy,0,1788390738.0,1788390767.0,1788390809.0,1788391003.0,1788390941.0,1788391017.0,299.0,1788390768.135877,1788391127.491438,1788391560.736937,i-0798ccd89f26d7cda
1788391565.581324,10,1,ghcr.io/talmolab/lablink-client-base-image:linux-amd64-test@sha256:1ec2fde6860186b3d45ac83890167258f83512955dbce65f072d4e8c310cb9de,0.37648844718933105,sleap-lablink-client-prod-vm-9,running,Healthy,0,1788390738.0,1788390767.0,1788390813.0,1788391010.0,1788390948.0,1788391021.0,299.0,1788390768.136603,1788391127.503832,1788391565.055615,i-0ae3bdc8eb0227987
1788391570.578683,10,1,ghcr.io/talmolab/lablink-client-base-image:linux-amd64-test@sha256:1ec2fde6860186b3d45ac83890167258f83512955dbce65f072d4e8c310cb9de,0.37648844718933105,sleap-lablink-client-prod-vm-1,running,Healthy,1,1788390738.0,1788390767.0,1788390905.0,1788391113.0,1788391050.0,1788391124.0,311.0,1788390768.128852,1788391127.40029,1788391547.959937,i-0d4ebb2bfcef19f31
1788391570.578683,10,1,ghcr.io/talmolab/lablink-client-base-image:linux-amd64-test@sha256:1ec2fde6860186b3d45ac83890167258f83512955dbce65f072d4e8c310cb9de,0.37648844718933105,sleap-lablink-client-prod-vm-10,running,Healthy,1,1788390738.0,1788390767.0,1788390902.0,1788391108.0,1788391046.0,1788391114.0,303.0,1788390768.130117,1788391127.408882,1788391568.643779,i-073b86b279423b5ed
1788391570.578683,10,1,ghcr.io/talmolab/lablink-client-base-image:linux-amd64-test@sha256:1ec2fde6860186b3d45ac83890167258f83512955dbce65f072d4e8c310cb9de,0.37648844718933105,sleap-lablink-client-prod-vm-2,running,Healthy,0,1788390738.0,1788390767.0,1788390813.0,1788391011.0,1788390949.0,1788391016.0,294.0,1788390768.130938,1788391127.407519,1788391561.366633,i-02f122d3eea1c2ca0
1788391570.578683,10,1,ghcr.io/talmolab/lablink-client-base-image:linux-amd64-test@sha256:1ec2fde6860186b3d45ac83890167258f83512955dbce65f072d4e8c310cb9de,0.37648844718933105,sleap-lablink-client-prod-vm-3,running,Healthy,0,1788390738.0,1788390767.0,1788390814.0,1788391004.0,1788390941.0,1788391018.0,296.0,1788390768.131762,1788391127.452474,1788391562.094309,i-04f09804c45834c8a
1788391570.578683,10,1,ghcr.io/talmolab/lablink-client-base-image:linux-amd64-test@sha256:1ec2fde6860186b3d45ac83890167258f83512955dbce65f072d4e8c310cb9de,0.37648844718933105,sleap-lablink-client-prod-vm-4,running,Healthy,0,1788390738.0,1788390767.0,1788390813.0,1788391010.0,1788390947.0,1788391022.0,301.0,1788390768.132688,1788391127.453282,1788391566.719335,i-0b5a2f80e58b1f49e
1788391570.578683,10,1,ghcr.io/talmolab/lablink-client-base-image:linux-amd64-test@sha256:1ec2fde6860186b3d45ac83890167258f83512955dbce65f072d4e8c310cb9de,0.37648844718933105,sleap-lablink-client-prod-vm-5,running,Healthy,0,1788390738.0,1788390767.0,1788390814.0,1788391012.0,1788390949.0,1788391024.0,302.0,1788390768.133418,1788391127.470972,1788391567.840374,i-011c62511afd69360
1788391570.578683,10,1,ghcr.io/talmolab/lablink-client-base-image:linux-amd64-test@sha256:1ec2fde6860186b3d45ac83890167258f83512955dbce65f072d4e8c310cb9de,0.37648844718933105,sleap-lablink-client-prod-vm-6,running,Healthy,0,1788390738.0,1788390767.0,1788390814.0,1788391011.0,1788390949.0,1788391022.0,299.0,1788390768.134149,1788391127.454231,1788391566.854376,i-0cceae5b4237000da
1788391570.578683,10,1,ghcr.io/talmolab/lablink-client-base-image:linux-amd64-test@sha256:1ec2fde6860186b3d45ac83890167258f83512955dbce65f072d4e8c310cb9de,0.37648844718933105,sleap-lablink-client-prod-vm-7,running,Healthy,0,1788390738.0,1788390767.0,1788390813.0,1788391004.0,1788390941.0,1788391016.0,295.0,1788390768.13509,1788391127.485072,1788391561.232327,i-04223bbc5c5f842c7
1788391570.578683,10,1,ghcr.io/talmolab/lablink-client-base-image:linux-amd64-test@sha256:1ec2fde6860186b3d45ac83890167258f83512955dbce65f072d4e8c310cb9de,0.37648844718933105,sleap-lablink-client-prod-vm-8,running,Healthy,0,1788390738.0,1788390767.0,1788390809.0,1788391003.0,1788390941.0,1788391017.0,299.0,1788390768.135877,1788391127.491438,1788391560.736937,i-0798ccd89f26d7cda
1788391570.578683,10,1,ghcr.io/talmolab/lablink-client-base-image:linux-amd64-test@sha256:1ec2fde6860186b3d45ac83890167258f83512955dbce65f072d4e8c310cb9de,0.37648844718933105,sleap-lablink-client-prod-vm-9,running,Healthy,0,1788390738.0,1788390767.0,1788390813.0,1788391010.0,1788390948.0,1788391021.0,299.0,1788390768.136603,1788391127.503832,1788391565.055615,i-0ae3bdc8eb0227987
1788391575.609847,10,1,ghcr.io/talmolab/lablink-client-base-image:linux-amd64-test@sha256:1ec2fde6860186b3d45ac83890167258f83512955dbce65f072d4e8c310cb9de,0.37648844718933105,sleap-lablink-client-prod-vm-1,running,Healthy,1,1788390738.0,1788390767.0,1788390905.0,1788391113.0,1788391050.0,1788391124.0,311.0,1788390768.128852,1788391127.40029,1788391547.959937,i-0d4ebb2bfcef19f31
1788391575.609847,10,1,ghcr.io/talmolab/lablink-client-base-image:linux-amd64-test@sha256:1ec2fde6860186b3d45ac83890167258f83512955dbce65f072d4e8c310cb9de,0.37648844718933105,sleap-lablink-client-prod-vm-10,running,Healthy,1,1788390738.0,1788390767.0,1788390902.0,1788391108.0,1788391046.0,1788391114.0,303.0,1788390768.130117,1788391127.408882,1788391568.643779,i-073b86b279423b5ed
1788391575.609847,10,1,ghcr.io/talmolab/lablink-client-base-image:linux-amd64-test@sha256:1ec2fde6860186b3d45ac83890167258f83512955dbce65f072d4e8c310cb9de,0.37648844718933105,sleap-lablink-client-prod-vm-2,running,Healthy,0,1788390738.0,1788390767.0,1788390813.0,1788391011.0,1788390949.0,1788391016.0,294.0,1788390768.130938,1788391127.407519,1788391561.366633,i-02f122d3eea1c2ca0
1788391575.609847,10,1,ghcr.io/talmolab/lablink-client-base-image:linux-amd64-test@sha256:1ec2fde6860186b3d45ac83890167258f83512955dbce65f072d4e8c310cb9de,0.37648844718933105,sleap-lablink-client-prod-vm-3,running,Healthy,0,1788390738.0,1788390767.0,1788390814.0,1788391004.0,1788390941.0,1788391018.0,296.0,1788390768.131762,1788391127.452474,1788391562.094309,i-04f09804c45834c8a
1788391575.609847,10,1,ghcr.io/talmolab/lablink-client-base-image:linux-amd64-test@sha256:1ec2fde6860186b3d45ac83890167258f83512955dbce65f072d4e8c310cb9de,0.37648844718933105,sleap-lablink-client-prod-vm-4,running,Healthy,0,1788390738.0,1788390767.0,1788390813.0,1788391010.0,1788390947.0,1788391022.0,301.0,1788390768.132688,1788391127.453282,1788391566.719335,i-0b5a2f80e58b1f49e
1788391575.609847,10,1,ghcr.io/talmolab/lablink-client-base-image:linux-amd64-test@sha256:1ec2fde6860186b3d45ac83890167258f83512955dbce65f072d4e8c310cb9de,0.37648844718933105,sleap-lablink-client-prod-vm-5,running,Healthy,0,1788390738.0,1788390767.0,1788390814.0,1788391012.0,1788390949.0,1788391024.0,302.0,1788390768.133418,1788391127.470972,1788391567.840374,i-011c62511afd69360
1788391575.609847,10,1,ghcr.io/talmolab/lablink-client-base-image:linux-amd64-test@sha256:1ec2fde6860186b3d45ac83890167258f83512955dbce65f072d4e8c310cb9de,0.37648844718933105,sleap-lablink-client-prod-vm-6,running,Healthy,0,1788390738.0,1788390767.0,1788390814.0,1788391011.0,1788390949.0,1788391022.0,299.0,1788390768.134149,1788391127.454231,1788391566.854376,i-0cceae5b4237000da
1788391575.609847,10,1,ghcr.io/talmolab/lablink-client-base-image:linux-amd64-test@sha256:1ec2fde6860186b3d45ac83890167258f83512955dbce65f072d4e8c310cb9de,0.37648844718933105,sleap-lablink-client-prod-vm-7,running,Healthy,0,1788390738.0,1788390767.0,1788390813.0,1788391004.0,1788390941.0,1788391016.0,295.0,1788390768.13509,1788391127.485072,1788391561.232327,i-04223bbc5c5f842c7
1788391575.609847,10,1,ghcr.io/talmolab/lablink-client-base-image:linux-amd64-test@sha256:1ec2fde6860186b3d45ac83890167258f83512955dbce65f072d4e8c310cb9de,0.37648844718933105,sleap-lablink-client-prod-vm-8,running,Healthy,0,1788390738.0,1788390767.0,1788390809.0,1788391003.0,1788390941.0,1788391017.0,299.0,1788390768.135877,1788391127.491438,1788391560.736937,i-0798ccd89f26d7cda
1788391575.609847,10,1,ghcr.io/talmolab/lablink-client-base-image:linux-amd64-test@sha256:1ec2fde6860186b3d45ac83890167258f83512955dbce65f072d4e8c310cb9de,0.37648844718933105,sleap-lablink-client-prod-vm-9,running,Healthy,0,1788390738.0,1788390767.0,1788390813.0,1788391010.0,1788390948.0,1788391021.0,299.0,1788390768.136603,1788391127.503832,1788391565.055615,i-0ae3bdc8eb0227987
1788391580.627868,10,1,ghcr.io/talmolab/lablink-client-base-image:linux-amd64-test@sha256:1ec2fde6860186b3d45ac83890167258f83512955dbce65f072d4e8c310cb9de,0.37648844718933105,sleap-lablink-client-prod-vm-1,running,Healthy,1,1788390738.0,1788390767.0,1788390905.0,1788391113.0,1788391050.0,1788391124.0,311.0,1788390768.128852,1788391127.40029,1788391577.979723,i-0d4ebb2bfcef19f31
1788391580.627868,10,1,ghcr.io/talmolab/lablink-client-base-image:linux-amd64-test@sha256:1ec2fde6860186b3d45ac83890167258f83512955dbce65f072d4e8c310cb9de,0.37648844718933105,sleap-lablink-client-prod-vm-10,running,Healthy,1,1788390738.0,1788390767.0,1788390902.0,1788391108.0,1788391046.0,1788391114.0,303.0,1788390768.130117,1788391127.408882,1788391568.643779,i-073b86b279423b5ed
1788391580.627868,10,1,ghcr.io/talmolab/lablink-client-base-image:linux-amd64-test@sha256:1ec2fde6860186b3d45ac83890167258f83512955dbce65f072d4e8c310cb9de,0.37648844718933105,sleap-lablink-client-prod-vm-2,running,Healthy,0,1788390738.0,1788390767.0,1788390813.0,1788391011.0,1788390949.0,1788391016.0,294.0,1788390768.130938,1788391127.407519,1788391561.366633,i-02f122d3eea1c2ca0
1788391580.627868,10,1,ghcr.io/talmolab/lablink-client-base-image:linux-amd64-test@sha256:1ec2fde6860186b3d45ac83890167258f83512955dbce65f072d4e8c310cb9de,0.37648844718933105,sleap-lablink-client-prod-vm-3,running,Healthy,0,1788390738.0,1788390767.0,1788390814.0,1788391004.0,1788390941.0,1788391018.0,296.0,1788390768.131762,1788391127.452474,1788391562.094309,i-04f09804c45834c8a
1788391580.627868,10,1,ghcr.io/talmolab/lablink-client-base-image:linux-amd64-test@sha256:1ec2fde6860186b3d45ac83890167258f83512955dbce65f072d4e8c310cb9de,0.37648844718933105,sleap-lablink-client-prod-vm-4,running,Healthy,0,1788390738.0,1788390767.0,1788390813.0,1788391010.0,1788390947.0,1788391022.0,301.0,1788390768.132688,1788391127.453282,1788391566.719335,i-0b5a2f80e58b1f49e
1788391580.627868,10,1,ghcr.io/talmolab/lablink-client-base-image:linux-amd64-test@sha256:1ec2fde6860186b3d45ac83890167258f83512955dbce65f072d4e8c310cb9de,0.37648844718933105,sleap-lablink-client-prod-vm-5,running,Healthy,0,1788390738.0,1788390767.0,1788390814.0,1788391012.0,1788390949.0,1788391024.0,302.0,1788390768.133418,1788391127.470972,1788391567.840374,i-011c62511afd69360
1788391580.627868,10,1,ghcr.io/talmolab/lablink-client-base-image:linux-amd64-test@sha256:1ec2fde6860186b3d45ac83890167258f83512955dbce65f072d4e8c310cb9de,0.37648844718933105,sleap-lablink-client-prod-vm-6,running,Healthy,0,1788390738.0,1788390767.0,1788390814.0,1788391011.0,1788390949.0,1788391022.0,299.0,1788390768.134149,1788391127.454231,1788391566.854376,i-0cceae5b4237000da
1788391580.627868,10,1,ghcr.io/talmolab/lablink-client-base-image:linux-amd64-test@sha256:1ec2fde6860186b3d45ac83890167258f83512955dbce65f072d4e8c310cb9de,0.37648844718933105,sleap-lablink-client-prod-vm-7,running,Healthy,0,1788390738.0,1788390767.0,1788390813.0,1788391004.0,1788390941.0,1788391016.0,295.0,1788390768.13509,1788391127.485072,1788391561.232327,i-04223bbc5c5f842c7
1788391580.627868,10,1,ghcr.io/talmolab/lablink-client-base-image:linux-amd64-test@sha256:1ec2fde6860186b3d45ac83890167258f83512955dbce65f072d4e8c310cb9de,0.37648844718933105,sleap-lablink-client-prod-vm-8,running,Healthy,0,1788390738.0,1788390767.0,1788390809.0,1788391003.0,1788390941.0,1788391017.0,299.0,1788390768.135877,1788391127.491438,1788391560.736937,i-0798ccd89f26d7cda
1788391580.627868,10,1,ghcr.io/talmolab/lablink-client-base-image:linux-amd64-test@sha256:1ec2fde6860186b3d45ac83890167258f83512955dbce65f072d4e8c310cb9de,0.37648844718933105,sleap-lablink-client-prod-vm-9,running,Healthy,0,1788390738.0,1788390767.0,1788390813.0,1788391010.0,1788390948.0,1788391021.0,299.0,1788390768.136603,1788391127.503832,1788391565.055615,i-0ae3bdc8eb0227987
1788391585.635187,10,1,ghcr.io/talmolab/lablink-client-base-image:linux-amd64-test@sha256:1ec2fde6860186b3d45ac83890167258f83512955dbce65f072d4e8c310cb9de,0.37648844718933105,sleap-lablink-client-prod-vm-1,running,Healthy,1,1788390738.0,1788390767.0,1788390905.0,1788391113.0,1788391050.0,1788391124.0,311.0,1788390768.128852,1788391127.40029,1788391577.979723,i-0d4ebb2bfcef19f31
1788391585.635187,10,1,ghcr.io/talmolab/lablink-client-base-image:linux-amd64-test@sha256:1ec2fde6860186b3d45ac83890167258f83512955dbce65f072d4e8c310cb9de,0.37648844718933105,sleap-lablink-client-prod-vm-10,running,Healthy,1,1788390738.0,1788390767.0,1788390902.0,1788391108.0,1788391046.0,1788391114.0,303.0,1788390768.130117,1788391127.408882,1788391568.643779,i-073b86b279423b5ed
1788391585.635187,10,1,ghcr.io/talmolab/lablink-client-base-image:linux-amd64-test@sha256:1ec2fde6860186b3d45ac83890167258f83512955dbce65f072d4e8c310cb9de,0.37648844718933105,sleap-lablink-client-prod-vm-2,running,Healthy,0,1788390738.0,1788390767.0,1788390813.0,1788391011.0,1788390949.0,1788391016.0,294.0,1788390768.130938,1788391127.407519,1788391561.366633,i-02f122d3eea1c2ca0
1788391585.635187,10,1,ghcr.io/talmolab/lablink-client-base-image:linux-amd64-test@sha256:1ec2fde6860186b3d45ac83890167258f83512955dbce65f072d4e8c310cb9de,0.37648844718933105,sleap-lablink-client-prod-vm-3,running,Healthy,0,1788390738.0,1788390767.0,1788390814.0,1788391004.0,1788390941.0,1788391018.0,296.0,1788390768.131762,1788391127.452474,1788391562.094309,i-04f09804c45834c8a
1788391585.635187,10,1,ghcr.io/talmolab/lablink-client-base-image:linux-amd64-test@sha256:1ec2fde6860186b3d45ac83890167258f83512955dbce65f072d4e8c310cb9de,0.37648844718933105,sleap-lablink-client-prod-vm-4,running,Healthy,0,1788390738.0,1788390767.0,1788390813.0,1788391010.0,1788390947.0,1788391022.0,301.0,1788390768.132688,1788391127.453282,1788391566.719335,i-0b5a2f80e58b1f49e
1788391585.635187,10,1,ghcr.io/talmolab/lablink-client-base-image:linux-amd64-test@sha256:1ec2fde6860186b3d45ac83890167258f83512955dbce65f072d4e8c310cb9de,0.37648844718933105,sleap-lablink-client-prod-vm-5,running,Healthy,0,1788390738.0,1788390767.0,1788390814.0,1788391012.0,1788390949.0,1788391024.0,302.0,1788390768.133418,1788391127.470972,1788391567.840374,i-011c62511afd69360
1788391585.635187,10,1,ghcr.io/talmolab/lablink-client-base-image:linux-amd64-test@sha256:1ec2fde6860186b3d45ac83890167258f83512955dbce65f072d4e8c310cb9de,0.37648844718933105,sleap-lablink-client-prod-vm-6,running,Healthy,0,1788390738.0,1788390767.0,1788390814.0,1788391011.0,1788390949.0,1788391022.0,299.0,1788390768.134149,1788391127.454231,1788391566.854376,i-0cceae5b4237000da
1788391585.635187,10,1,ghcr.io/talmolab/lablink-client-base-image:linux-amd64-test@sha256:1ec2fde6860186b3d45ac83890167258f83512955dbce65f072d4e8c310cb9de,0.37648844718933105,sleap-lablink-client-prod-vm-7,running,Healthy,0,1788390738.0,1788390767.0,1788390813.0,1788391004.0,1788390941.0,1788391016.0,295.0,1788390768.13509,1788391127.485072,1788391561.232327,i-04223bbc5c5f842c7
1788391585.635187,10,1,ghcr.io/talmolab/lablink-client-base-image:linux-amd64-test@sha256:1ec2fde6860186b3d45ac83890167258f83512955dbce65f072d4e8c310cb9de,0.37648844718933105,sleap-lablink-client-prod-vm-8,running,Healthy,0,1788390738.0,1788390767.0,1788390809.0,1788391003.0,1788390941.0,1788391017.0,299.0,1788390768.135877,1788391127.491438,1788391560.736937,i-0798ccd89f26d7cda
1788391585.635187,10,1,ghcr.io/talmolab/lablink-client-base-image:linux-amd64-test@sha256:1ec2fde6860186b3d45ac83890167258f83512955dbce65f072d4e8c310cb9de,0.37648844718933105,sleap-lablink-client-prod-vm-9,running,Healthy,0,1788390738.0,1788390767.0,1788390813.0,1788391010.0,1788390948.0,1788391021.0,299.0,1788390768.136603,1788391127.503832,1788391565.055615,i-0ae3bdc8eb0227987
1788391590.6941,10,1,ghcr.io/talmolab/lablink-client-base-image:linux-amd64-test@sha256:1ec2fde6860186b3d45ac83890167258f83512955dbce65f072d4e8c310cb9de,0.37648844718933105,sleap-lablink-client-prod-vm-1,running,Healthy,1,1788390738.0,1788390767.0,1788390905.0,1788391113.0,1788391050.0,1788391124.0,311.0,1788390768.128852,1788391127.40029,1788391577.979723,i-0d4ebb2bfcef19f31
1788391590.6941,10,1,ghcr.io/talmolab/lablink-client-base-image:linux-amd64-test@sha256:1ec2fde6860186b3d45ac83890167258f83512955dbce65f072d4e8c310cb9de,0.37648844718933105,sleap-lablink-client-prod-vm-10,running,Healthy,1,1788390738.0,1788390767.0,1788390902.0,1788391108.0,1788391046.0,1788391114.0,303.0,1788390768.130117,1788391127.408882,1788391568.643779,i-073b86b279423b5ed
1788391590.6941,10,1,ghcr.io/talmolab/lablink-client-base-image:linux-amd64-test@sha256:1ec2fde6860186b3d45ac83890167258f83512955dbce65f072d4e8c310cb9de,0.37648844718933105,sleap-lablink-client-prod-vm-2,running,Healthy,0,1788390738.0,1788390767.0,1788390813.0,1788391011.0,1788390949.0,1788391016.0,294.0,1788390768.130938,1788391127.407519,1788391561.366633,i-02f122d3eea1c2ca0
1788391590.6941,10,1,ghcr.io/talmolab/lablink-client-base-image:linux-amd64-test@sha256:1ec2fde6860186b3d45ac83890167258f83512955dbce65f072d4e8c310cb9de,0.37648844718933105,sleap-lablink-client-prod-vm-3,running,Healthy,0,1788390738.0,1788390767.0,1788390814.0,1788391004.0,1788390941.0,1788391018.0,296.0,1788390768.131762,1788391127.452474,1788391562.094309,i-04f09804c45834c8a
1788391590.6941,10,1,ghcr.io/talmolab/lablink-client-base-image:linux-amd64-test@sha256:1ec2fde6860186b3d45ac83890167258f83512955dbce65f072d4e8c310cb9de,0.37648844718933105,sleap-lablink-client-prod-vm-4,running,Healthy,0,1788390738.0,1788390767.0,1788390813.0,1788391010.0,1788390947.0,1788391022.0,301.0,1788390768.132688,1788391127.453282,1788391566.719335,i-0b5a2f80e58b1f49e
1788391590.6941,10,1,ghcr.io/talmolab/lablink-client-base-image:linux-amd64-test@sha256:1ec2fde6860186b3d45ac83890167258f83512955dbce65f072d4e8c310cb9de,0.37648844718933105,sleap-lablink-client-prod-vm-5,running,Healthy,0,1788390738.0,1788390767.0,1788390814.0,1788391012.0,1788390949.0,1788391024.0,302.0,1788390768.133418,1788391127.470972,1788391567.840374,i-011c62511afd69360
1788391590.6941,10,1,ghcr.io/talmolab/lablink-client-base-image:linux-amd64-test@sha256:1ec2fde6860186b3d45ac83890167258f83512955dbce65f072d4e8c310cb9de,0.37648844718933105,sleap-lablink-client-prod-vm-6,running,Healthy,0,1788390738.0,1788390767.0,1788390814.0,1788391011.0,1788390949.0,1788391022.0,299.0,1788390768.134149,1788391127.454231,1788391566.854376,i-0cceae5b4237000da
1788391590.6941,10,1,ghcr.io/talmolab/lablink-client-base-image:linux-amd64-test@sha256:1ec2fde6860186b3d45ac83890167258f83512955dbce65f072d4e8c310cb9de,0.37648844718933105,sleap-lablink-client-prod-vm-7,running,Healthy,0,1788390738.0,1788390767.0,1788390813.0,1788391004.0,1788390941.0,1788391016.0,295.0,1788390768.13509,1788391127.485072,1788391561.232327,i-04223bbc5c5f842c7
1788391590.6941,10,1,ghcr.io/talmolab/lablink-client-base-image:linux-amd64-test@sha256:1ec2fde6860186b3d45ac83890167258f83512955dbce65f072d4e8c310cb9de,0.37648844718933105,sleap-lablink-client-prod-vm-8,running,Healthy,0,1788390738.0,1788390767.0,1788390809.0,1788391003.0,1788390941.0,1788391017.0,299.0,1788390768.135877,1788391127.491438,1788391560.736937,i-0798ccd89f26d7cda
1788391590.6941,10,1,ghcr.io/talmolab/lablink-client-base-image:linux-amd64-test@sha256:1ec2fde6860186b3d45ac83890167258f83512955dbce65f072d4e8c310cb9de,0.37648844718933105,sleap-lablink-client-prod-vm-9,running,Healthy,0,1788390738.0,1788390767.0,1788390813.0,1788391010.0,1788390948.0,1788391021.0,299.0,1788390768.136603,1788391127.503832,1788391565.055615,i-0ae3bdc8eb0227987
1788391595.634876,10,1,ghcr.io/talmolab/lablink-client-base-image:linux-amd64-test@sha256:1ec2fde6860186b3d45ac83890167258f83512955dbce65f072d4e8c310cb9de,0.37648844718933105,sleap-lablink-client-prod-vm-1,running,Healthy,1,1788390738.0,1788390767.0,1788390905.0,1788391113.0,1788391050.0,1788391124.0,311.0,1788390768.128852,1788391127.40029,1788391577.979723,i-0d4ebb2bfcef19f31
1788391595.634876,10,1,ghcr.io/talmolab/lablink-client-base-image:linux-amd64-test@sha256:1ec2fde6860186b3d45ac83890167258f83512955dbce65f072d4e8c310cb9de,0.37648844718933105,sleap-lablink-client-prod-vm-10,running,Healthy,1,1788390738.0,1788390767.0,1788390902.0,1788391108.0,1788391046.0,1788391114.0,303.0,1788390768.130117,1788391127.408882,1788391568.643779,i-073b86b279423b5ed
1788391595.634876,10,1,ghcr.io/talmolab/lablink-client-base-image:linux-amd64-test@sha256:1ec2fde6860186b3d45ac83890167258f83512955dbce65f072d4e8c310cb9de,0.37648844718933105,sleap-lablink-client-prod-vm-2,running,Healthy,0,1788390738.0,1788390767.0,1788390813.0,1788391011.0,1788390949.0,1788391016.0,294.0,1788390768.130938,1788391127.407519,1788391591.387399,i-02f122d3eea1c2ca0
1788391595.634876,10,1,ghcr.io/talmolab/lablink-client-base-image:linux-amd64-test@sha256:1ec2fde6860186b3d45ac83890167258f83512955dbce65f072d4e8c310cb9de,0.37648844718933105,sleap-lablink-client-prod-vm-3,running,Healthy,0,1788390738.0,1788390767.0,1788390814.0,1788391004.0,1788390941.0,1788391018.0,296.0,1788390768.131762,1788391127.452474,1788391592.114727,i-04f09804c45834c8a
1788391595.634876,10,1,ghcr.io/talmolab/lablink-client-base-image:linux-amd64-test@sha256:1ec2fde6860186b3d45ac83890167258f83512955dbce65f072d4e8c310cb9de,0.37648844718933105,sleap-lablink-client-prod-vm-4,running,Healthy,0,1788390738.0,1788390767.0,1788390813.0,1788391010.0,1788390947.0,1788391022.0,301.0,1788390768.132688,1788391127.453282,1788391566.719335,i-0b5a2f80e58b1f49e
1788391595.634876,10,1,ghcr.io/talmolab/lablink-client-base-image:linux-amd64-test@sha256:1ec2fde6860186b3d45ac83890167258f83512955dbce65f072d4e8c310cb9de,0.37648844718933105,sleap-lablink-client-prod-vm-5,running,Healthy,0,1788390738.0,1788390767.0,1788390814.0,1788391012.0,1788390949.0,1788391024.0,302.0,1788390768.133418,1788391127.470972,1788391567.840374,i-011c62511afd69360
1788391595.634876,10,1,ghcr.io/talmolab/lablink-client-base-image:linux-amd64-test@sha256:1ec2fde6860186b3d45ac83890167258f83512955dbce65f072d4e8c310cb9de,0.37648844718933105,sleap-lablink-client-prod-vm-6,running,Healthy,0,1788390738.0,1788390767.0,1788390814.0,1788391011.0,1788390949.0,1788391022.0,299.0,1788390768.134149,1788391127.454231,1788391566.854376,i-0cceae5b4237000da
1788391595.634876,10,1,ghcr.io/talmolab/lablink-client-base-image:linux-amd64-test@sha256:1ec2fde6860186b3d45ac83890167258f83512955dbce65f072d4e8c310cb9de,0.37648844718933105,sleap-lablink-client-prod-vm-7,running,Healthy,0,1788390738.0,1788390767.0,1788390813.0,1788391004.0,1788390941.0,1788391016.0,295.0,1788390768.13509,1788391127.485072,1788391591.258182,i-04223bbc5c5f842c7
1788391595.634876,10,1,ghcr.io/talmolab/lablink-client-base-image:linux-amd64-test@sha256:1ec2fde6860186b3d45ac83890167258f83512955dbce65f072d4e8c310cb9de,0.37648844718933105,sleap-lablink-client-prod-vm-8,running,Healthy,0,1788390738.0,1788390767.0,1788390809.0,1788391003.0,1788390941.0,1788391017.0,299.0,1788390768.135877,1788391127.491438,1788391590.756768,i-0798ccd89f26d7cda
1788391595.634876,10,1,ghcr.io/talmolab/lablink-client-base-image:linux-amd64-test@sha256:1ec2fde6860186b3d45ac83890167258f83512955dbce65f072d4e8c310cb9de,0.37648844718933105,sleap-lablink-client-prod-vm-9,running,Healthy,0,1788390738.0,1788390767.0,1788390813.0,1788391010.0,1788390948.0,1788391021.0,299.0,1788390768.136603,1788391127.503832,1788391595.076629,i-0ae3bdc8eb0227987
1788391600.681793,10,1,ghcr.io/talmolab/lablink-client-base-image:linux-amd64-test@sha256:1ec2fde6860186b3d45ac83890167258f83512955dbce65f072d4e8c310cb9de,0.37648844718933105,sleap-lablink-client-prod-vm-1,running,Healthy,1,1788390738.0,1788390767.0,1788390905.0,1788391113.0,1788391050.0,1788391124.0,311.0,1788390768.128852,1788391127.40029,1788391577.979723,i-0d4ebb2bfcef19f31
1788391600.681793,10,1,ghcr.io/talmolab/lablink-client-base-image:linux-amd64-test@sha256:1ec2fde6860186b3d45ac83890167258f83512955dbce65f072d4e8c310cb9de,0.37648844718933105,sleap-lablink-client-prod-vm-10,running,Healthy,1,1788390738.0,1788390767.0,1788390902.0,1788391108.0,1788391046.0,1788391114.0,303.0,1788390768.130117,1788391127.408882,1788391598.817426,i-073b86b279423b5ed
1788391600.681793,10,1,ghcr.io/talmolab/lablink-client-base-image:linux-amd64-test@sha256:1ec2fde6860186b3d45ac83890167258f83512955dbce65f072d4e8c310cb9de,0.37648844718933105,sleap-lablink-client-prod-vm-2,running,Healthy,0,1788390738.0,1788390767.0,1788390813.0,1788391011.0,1788390949.0,1788391016.0,294.0,1788390768.130938,1788391127.407519,1788391591.387399,i-02f122d3eea1c2ca0
1788391600.681793,10,1,ghcr.io/talmolab/lablink-client-base-image:linux-amd64-test@sha256:1ec2fde6860186b3d45ac83890167258f83512955dbce65f072d4e8c310cb9de,0.37648844718933105,sleap-lablink-client-prod-vm-3,running,Healthy,0,1788390738.0,1788390767.0,1788390814.0,1788391004.0,1788390941.0,1788391018.0,296.0,1788390768.131762,1788391127.452474,1788391592.114727,i-04f09804c45834c8a
1788391600.681793,10,1,ghcr.io/talmolab/lablink-client-base-image:linux-amd64-test@sha256:1ec2fde6860186b3d45ac83890167258f83512955dbce65f072d4e8c310cb9de,0.37648844718933105,sleap-lablink-client-prod-vm-4,running,Healthy,0,1788390738.0,1788390767.0,1788390813.0,1788391010.0,1788390947.0,1788391022.0,301.0,1788390768.132688,1788391127.453282,1788391596.743263,i-0b5a2f80e58b1f49e
1788391600.681793,10,1,ghcr.io/talmolab/lablink-client-base-image:linux-amd64-test@sha256:1ec2fde6860186b3d45ac83890167258f83512955dbce65f072d4e8c310cb9de,0.37648844718933105,sleap-lablink-client-prod-vm-5,running,Healthy,0,1788390738.0,1788390767.0,1788390814.0,1788391012.0,1788390949.0,1788391024.0,302.0,1788390768.133418,1788391127.470972,1788391597.86112,i-011c62511afd69360
1788391600.681793,10,1,ghcr.io/talmolab/lablink-client-base-image:linux-amd64-test@sha256:1ec2fde6860186b3d45ac83890167258f83512955dbce65f072d4e8c310cb9de,0.37648844718933105,sleap-lablink-client-prod-vm-6,running,Healthy,0,1788390738.0,1788390767.0,1788390814.0,1788391011.0,1788390949.0,1788391022.0,299.0,1788390768.134149,1788391127.454231,1788391596.875991,i-0cceae5b4237000da
1788391600.681793,10,1,ghcr.io/talmolab/lablink-client-base-image:linux-amd64-test@sha256:1ec2fde6860186b3d45ac83890167258f83512955dbce65f072d4e8c310cb9de,0.37648844718933105,sleap-lablink-client-prod-vm-7,running,Healthy,0,1788390738.0,1788390767.0,1788390813.0,1788391004.0,1788390941.0,1788391016.0,295.0,1788390768.13509,1788391127.485072,1788391591.258182,i-04223bbc5c5f842c7
1788391600.681793,10,1,ghcr.io/talmolab/lablink-client-base-image:linux-amd64-test@sha256:1ec2fde6860186b3d45ac83890167258f83512955dbce65f072d4e8c310cb9de,0.37648844718933105,sleap-lablink-client-prod-vm-8,running,Healthy,0,1788390738.0,1788390767.0,1788390809.0,1788391003.0,1788390941.0,1788391017.0,299.0,1788390768.135877,1788391127.491438,1788391590.756768,i-0798ccd89f26d7cda
1788391600.681793,10,1,ghcr.io/talmolab/lablink-client-base-image:linux-amd64-test@sha256:1ec2fde6860186b3d45ac83890167258f83512955dbce65f072d4e8c310cb9de,0.37648844718933105,sleap-lablink-client-prod-vm-9,running,Healthy,0,1788390738.0,1788390767.0,1788390813.0,1788391010.0,1788390948.0,1788391021.0,299.0,1788390768.136603,1788391127.503832,1788391595.076629,i-0ae3bdc8eb0227987
1788391605.603436,10,1,ghcr.io/talmolab/lablink-client-base-image:linux-amd64-test@sha256:1ec2fde6860186b3d45ac83890167258f83512955dbce65f072d4e8c310cb9de,0.37648844718933105,sleap-lablink-client-prod-vm-1,running,Healthy,1,1788390738.0,1788390767.0,1788390905.0,1788391113.0,1788391050.0,1788391124.0,311.0,1788390768.128852,1788391127.40029,1788391577.979723,i-0d4ebb2bfcef19f31
1788391605.603436,10,1,ghcr.io/talmolab/lablink-client-base-image:linux-amd64-test@sha256:1ec2fde6860186b3d45ac83890167258f83512955dbce65f072d4e8c310cb9de,0.37648844718933105,sleap-lablink-client-prod-vm-10,running,Healthy,1,1788390738.0,1788390767.0,1788390902.0,1788391108.0,1788391046.0,1788391114.0,303.0,1788390768.130117,1788391127.408882,1788391598.817426,i-073b86b279423b5ed
1788391605.603436,10,1,ghcr.io/talmolab/lablink-client-base-image:linux-amd64-test@sha256:1ec2fde6860186b3d45ac83890167258f83512955dbce65f072d4e8c310cb9de,0.37648844718933105,sleap-lablink-client-prod-vm-2,running,Healthy,0,1788390738.0,1788390767.0,1788390813.0,1788391011.0,1788390949.0,1788391016.0,294.0,1788390768.130938,1788391127.407519,1788391591.387399,i-02f122d3eea1c2ca0
1788391605.603436,10,1,ghcr.io/talmolab/lablink-client-base-image:linux-amd64-test@sha256:1ec2fde6860186b3d45ac83890167258f83512955dbce65f072d4e8c310cb9de,0.37648844718933105,sleap-lablink-client-prod-vm-3,running,Healthy,0,1788390738.0,1788390767.0,1788390814.0,1788391004.0,1788390941.0,1788391018.0,296.0,1788390768.131762,1788391127.452474,1788391592.114727,i-04f09804c45834c8a
1788391605.603436,10,1,ghcr.io/talmolab/lablink-client-base-image:linux-amd64-test@sha256:1ec2fde6860186b3d45ac83890167258f83512955dbce65f072d4e8c310cb9de,0.37648844718933105,sleap-lablink-client-prod-vm-4,running,Healthy,0,1788390738.0,1788390767.0,1788390813.0,1788391010.0,1788390947.0,1788391022.0,301.0,1788390768.132688,1788391127.453282,1788391596.743263,i-0b5a2f80e58b1f49e
1788391605.603436,10,1,ghcr.io/talmolab/lablink-client-base-image:linux-amd64-test@sha256:1ec2fde6860186b3d45ac83890167258f83512955dbce65f072d4e8c310cb9de,0.37648844718933105,sleap-lablink-client-prod-vm-5,running,Healthy,0,1788390738.0,1788390767.0,1788390814.0,1788391012.0,1788390949.0,1788391024.0,302.0,1788390768.133418,1788391127.470972,1788391597.86112,i-011c62511afd69360
1788391605.603436,10,1,ghcr.io/talmolab/lablink-client-base-image:linux-amd64-test@sha256:1ec2fde6860186b3d45ac83890167258f83512955dbce65f072d4e8c310cb9de,0.37648844718933105,sleap-lablink-client-prod-vm-6,running,Healthy,0,1788390738.0,1788390767.0,1788390814.0,1788391011.0,1788390949.0,1788391022.0,299.0,1788390768.134149,1788391127.454231,1788391596.875991,i-0cceae5b4237000da
1788391605.603436,10,1,ghcr.io/talmolab/lablink-client-base-image:linux-amd64-test@sha256:1ec2fde6860186b3d45ac83890167258f83512955dbce65f072d4e8c310cb9de,0.37648844718933105,sleap-lablink-client-prod-vm-7,running,Healthy,0,1788390738.0,1788390767.0,1788390813.0,1788391004.0,1788390941.0,1788391016.0,295.0,1788390768.13509,1788391127.485072,1788391591.258182,i-04223bbc5c5f842c7
1788391605.603436,10,1,ghcr.io/talmolab/lablink-client-base-image:linux-amd64-test@sha256:1ec2fde6860186b3d45ac83890167258f83512955dbce65f072d4e8c310cb9de,0.37648844718933105,sleap-lablink-client-prod-vm-8,running,Healthy,0,1788390738.0,1788390767.0,1788390809.0,1788391003.0,1788390941.0,1788391017.0,299.0,1788390768.135877,1788391127.491438,1788391590.756768,i-0798ccd89f26d7cda
1788391605.603436,10,1,ghcr.io/talmolab/lablink-client-base-image:linux-amd64-test@sha256:1ec2fde6860186b3d45ac83890167258f83512955dbce65f072d4e8c310cb9de,0.37648844718933105,sleap-lablink-client-prod-vm-9,running,Healthy,0,1788390738.0,1788390767.0,1788390813.0,1788391010.0,1788390948.0,1788391021.0,299.0,1788390768.136603,1788391127.503832,1788391595.076629,i-0ae3bdc8eb0227987
1788391610.651096,10,1,ghcr.io/talmolab/lablink-client-base-image:linux-amd64-test@sha256:1ec2fde6860186b3d45ac83890167258f83512955dbce65f072d4e8c310cb9de,0.37648844718933105,sleap-lablink-client-prod-vm-1,running,Healthy,1,1788390738.0,1788390767.0,1788390905.0,1788391113.0,1788391050.0,1788391124.0,311.0,1788390768.128852,1788391127.40029,1788391608.150461,i-0d4ebb2bfcef19f31
1788391610.651096,10,1,ghcr.io/talmolab/lablink-client-base-image:linux-amd64-test@sha256:1ec2fde6860186b3d45ac83890167258f83512955dbce65f072d4e8c310cb9de,0.37648844718933105,sleap-lablink-client-prod-vm-10,running,Healthy,1,1788390738.0,1788390767.0,1788390902.0,1788391108.0,1788391046.0,1788391114.0,303.0,1788390768.130117,1788391127.408882,1788391598.817426,i-073b86b279423b5ed
1788391610.651096,10,1,ghcr.io/talmolab/lablink-client-base-image:linux-amd64-test@sha256:1ec2fde6860186b3d45ac83890167258f83512955dbce65f072d4e8c310cb9de,0.37648844718933105,sleap-lablink-client-prod-vm-2,running,Healthy,0,1788390738.0,1788390767.0,1788390813.0,1788391011.0,1788390949.0,1788391016.0,294.0,1788390768.130938,1788391127.407519,1788391591.387399,i-02f122d3eea1c2ca0
1788391610.651096,10,1,ghcr.io/talmolab/lablink-client-base-image:linux-amd64-test@sha256:1ec2fde6860186b3d45ac83890167258f83512955dbce65f072d4e8c310cb9de,0.37648844718933105,sleap-lablink-client-prod-vm-3,running,Healthy,0,1788390738.0,1788390767.0,1788390814.0,1788391004.0,1788390941.0,1788391018.0,296.0,1788390768.131762,1788391127.452474,1788391592.114727,i-04f09804c45834c8a
1788391610.651096,10,1,ghcr.io/talmolab/lablink-client-base-image:linux-amd64-test@sha256:1ec2fde6860186b3d45ac83890167258f83512955dbce65f072d4e8c310cb9de,0.37648844718933105,sleap-lablink-client-prod-vm-4,running,Healthy,0,1788390738.0,1788390767.0,1788390813.0,1788391010.0,1788390947.0,1788391022.0,301.0,1788390768.132688,1788391127.453282,1788391596.743263,i-0b5a2f80e58b1f49e
1788391610.651096,10,1,ghcr.io/talmolab/lablink-client-base-image:linux-amd64-test@sha256:1ec2fde6860186b3d45ac83890167258f83512955dbce65f072d4e8c310cb9de,0.37648844718933105,sleap-lablink-client-prod-vm-5,running,Healthy,0,1788390738.0,1788390767.0,1788390814.0,1788391012.0,1788390949.0,1788391024.0,302.0,1788390768.133418,1788391127.470972,1788391597.86112,i-011c62511afd69360
1788391610.651096,10,1,ghcr.io/talmolab/lablink-client-base-image:linux-amd64-test@sha256:1ec2fde6860186b3d45ac83890167258f83512955dbce65f072d4e8c310cb9de,0.37648844718933105,sleap-lablink-client-prod-vm-6,running,Healthy,0,1788390738.0,1788390767.0,1788390814.0,1788391011.0,1788390949.0,1788391022.0,299.0,1788390768.134149,1788391127.454231,1788391596.875991,i-0cceae5b4237000da
1788391610.651096,10,1,ghcr.io/talmolab/lablink-client-base-image:linux-amd64-test@sha256:1ec2fde6860186b3d45ac83890167258f83512955dbce65f072d4e8c310cb9de,0.37648844718933105,sleap-lablink-client-prod-vm-7,running,Healthy,0,1788390738.0,1788390767.0,1788390813.0,1788391004.0,1788390941.0,1788391016.0,295.0,1788390768.13509,1788391127.485072,1788391591.258182,i-04223bbc5c5f842c7
1788391610.651096,10,1,ghcr.io/talmolab/lablink-client-base-image:linux-amd64-test@sha256:1ec2fde6860186b3d45ac83890167258f83512955dbce65f072d4e8c310cb9de,0.37648844718933105,sleap-lablink-client-prod-vm-8,running,Healthy,0,1788390738.0,1788390767.0,1788390809.0,1788391003.0,1788390941.0,1788391017.0,299.0,1788390768.135877,1788391127.491438,1788391590.756768,i-0798ccd89f26d7cda
1788391610.651096,10,1,ghcr.io/talmolab/lablink-client-base-image:linux-amd64-test@sha256:1ec2fde6860186b3d45ac83890167258f83512955dbce65f072d4e8c310cb9de,0.37648844718933105,sleap-lablink-client-prod-vm-9,running,Healthy,0,1788390738.0,1788390767.0,1788390813.0,1788391010.0,1788390948.0,1788391021.0,299.0,1788390768.136603,1788391127.503832,1788391595.076629,i-0ae3bdc8eb0227987
1788391615.667549,10,1,ghcr.io/talmolab/lablink-client-base-image:linux-amd64-test@sha256:1ec2fde6860186b3d45ac83890167258f83512955dbce65f072d4e8c310cb9de,0.37648844718933105,sleap-lablink-client-prod-vm-1,running,Healthy,1,1788390738.0,1788390767.0,1788390905.0,1788391113.0,1788391050.0,1788391124.0,311.0,1788390768.128852,1788391127.40029,1788391608.150461,i-0d4ebb2bfcef19f31
1788391615.667549,10,1,ghcr.io/talmolab/lablink-client-base-image:linux-amd64-test@sha256:1ec2fde6860186b3d45ac83890167258f83512955dbce65f072d4e8c310cb9de,0.37648844718933105,sleap-lablink-client-prod-vm-10,running,Healthy,1,1788390738.0,1788390767.0,1788390902.0,1788391108.0,1788391046.0,1788391114.0,303.0,1788390768.130117,1788391127.408882,1788391598.817426,i-073b86b279423b5ed
1788391615.667549,10,1,ghcr.io/talmolab/lablink-client-base-image:linux-amd64-test@sha256:1ec2fde6860186b3d45ac83890167258f83512955dbce65f072d4e8c310cb9de,0.37648844718933105,sleap-lablink-client-prod-vm-2,running,Healthy,0,1788390738.0,1788390767.0,1788390813.0,1788391011.0,1788390949.0,1788391016.0,294.0,1788390768.130938,1788391127.407519,1788391591.387399,i-02f122d3eea1c2ca0
1788391615.667549,10,1,ghcr.io/talmolab/lablink-client-base-image:linux-amd64-test@sha256:1ec2fde6860186b3d45ac83890167258f83512955dbce65f072d4e8c310cb9de,0.37648844718933105,sleap-lablink-client-prod-vm-3,running,Healthy,0,1788390738.0,1788390767.0,1788390814.0,1788391004.0,1788390941.0,1788391018.0,296.0,1788390768.131762,1788391127.452474,1788391592.114727,i-04f09804c45834c8a
1788391615.667549,10,1,ghcr.io/talmolab/lablink-client-base-image:linux-amd64-test@sha256:1ec2fde6860186b3d45ac83890167258f83512955dbce65f072d4e8c310cb9de,0.37648844718933105,sleap-lablink-client-prod-vm-4,running,Healthy,0,1788390738.0,1788390767.0,1788390813.0,1788391010.0,1788390947.0,1788391022.0,301.0,1788390768.132688,1788391127.453282,1788391596.743263,i-0b5a2f80e58b1f49e
1788391615.667549,10,1,ghcr.io/talmolab/lablink-client-base-image:linux-amd64-test@sha256:1ec2fde6860186b3d45ac83890167258f83512955dbce65f072d4e8c310cb9de,0.37648844718933105,sleap-lablink-client-prod-vm-5,running,Healthy,0,1788390738.0,1788390767.0,1788390814.0,1788391012.0,1788390949.0,1788391024.0,302.0,1788390768.133418,1788391127.470972,1788391597.86112,i-011c62511afd69360
1788391615.667549,10,1,ghcr.io/talmolab/lablink-client-base-image:linux-amd64-test@sha256:1ec2fde6860186b3d45ac83890167258f83512955dbce65f072d4e8c310cb9de,0.37648844718933105,sleap-lablink-client-prod-vm-6,running,Healthy,0,1788390738.0,1788390767.0,1788390814.0,1788391011.0,1788390949.0,1788391022.0,299.0,1788390768.134149,1788391127.454231,1788391596.875991,i-0cceae5b4237000da
1788391615.667549,10,1,ghcr.io/talmolab/lablink-client-base-image:linux-amd64-test@sha256:1ec2fde6860186b3d45ac83890167258f83512955dbce65f072d4e8c310cb9de,0.37648844718933105,sleap-lablink-client-prod-vm-7,running,Healthy,0,1788390738.0,1788390767.0,1788390813.0,1788391004.0,1788390941.0,1788391016.0,295.0,1788390768.13509,1788391127.485072,1788391591.258182,i-04223bbc5c5f842c7
1788391615.667549,10,1,ghcr.io/talmolab/lablink-client-base-image:linux-amd64-test@sha256:1ec2fde6860186b3d45ac83890167258f83512955dbce65f072d4e8c310cb9de,0.37648844718933105,sleap-lablink-client-prod-vm-8,running,Healthy,0,1788390738.0,1788390767.0,1788390809.0,1788391003.0,1788390941.0,1788391017.0,299.0,1788390768.135877,1788391127.491438,1788391590.756768,i-0798ccd89f26d7cda
1788391615.667549,10,1,ghcr.io/talmolab/lablink-client-base-image:linux-amd64-test@sha256:1ec2fde6860186b3d45ac83890167258f83512955dbce65f072d4e8c310cb9de,0.37648844718933105,sleap-lablink-client-prod-vm-9,running,Healthy,0,1788390738.0,1788390767.0,1788390813.0,1788391010.0,1788390948.0,1788391021.0,299.0,1788390768.136603,1788391127.503832,1788391595.076629,i-0ae3bdc8eb0227987
1788391620.64594,10,1,ghcr.io/talmolab/lablink-client-base-image:linux-amd64-test@sha256:1ec2fde6860186b3d45ac83890167258f83512955dbce65f072d4e8c310cb9de,0.37648844718933105,sleap-lablink-client-prod-vm-1,running,Healthy,1,1788390738.0,1788390767.0,1788390905.0,1788391113.0,1788391050.0,1788391124.0,311.0,1788390768.128852,1788391127.40029,1788391608.150461,i-0d4ebb2bfcef19f31
1788391620.64594,10,1,ghcr.io/talmolab/lablink-client-base-image:linux-amd64-test@sha256:1ec2fde6860186b3d45ac83890167258f83512955dbce65f072d4e8c310cb9de,0.37648844718933105,sleap-lablink-client-prod-vm-10,running,Healthy,1,1788390738.0,1788390767.0,1788390902.0,1788391108.0,1788391046.0,1788391114.0,303.0,1788390768.130117,1788391127.408882,1788391598.817426,i-073b86b279423b5ed
1788391620.64594,10,1,ghcr.io/talmolab/lablink-client-base-image:linux-amd64-test@sha256:1ec2fde6860186b3d45ac83890167258f83512955dbce65f072d4e8c310cb9de,0.37648844718933105,sleap-lablink-client-prod-vm-2,running,Healthy,0,1788390738.0,1788390767.0,1788390813.0,1788391011.0,1788390949.0,1788391016.0,294.0,1788390768.130938,1788391127.407519,1788391591.387399,i-02f122d3eea1c2ca0
1788391620.64594,10,1,ghcr.io/talmolab/lablink-client-base-image:linux-amd64-test@sha256:1ec2fde6860186b3d45ac83890167258f83512955dbce65f072d4e8c310cb9de,0.37648844718933105,sleap-lablink-client-prod-vm-3,running,Healthy,0,1788390738.0,1788390767.0,1788390814.0,1788391004.0,1788390941.0,1788391018.0,296.0,1788390768.131762,1788391127.452474,1788391592.114727,i-04f09804c45834c8a
1788391620.64594,10,1,ghcr.io/talmolab/lablink-client-base-image:linux-amd64-test@sha256:1ec2fde6860186b3d45ac83890167258f83512955dbce65f072d4e8c310cb9de,0.37648844718933105,sleap-lablink-client-prod-vm-4,running,Healthy,0,1788390738.0,1788390767.0,1788390813.0,1788391010.0,1788390947.0,1788391022.0,301.0,1788390768.132688,1788391127.453282,1788391596.743263,i-0b5a2f80e58b1f49e
1788391620.64594,10,1,ghcr.io/talmolab/lablink-client-base-image:linux-amd64-test@sha256:1ec2fde6860186b3d45ac83890167258f83512955dbce65f072d4e8c310cb9de,0.37648844718933105,sleap-lablink-client-prod-vm-5,running,Healthy,0,1788390738.0,1788390767.0,1788390814.0,1788391012.0,1788390949.0,1788391024.0,302.0,1788390768.133418,1788391127.470972,1788391597.86112,i-011c62511afd69360
1788391620.64594,10,1,ghcr.io/talmolab/lablink-client-base-image:linux-amd64-test@sha256:1ec2fde6860186b3d45ac83890167258f83512955dbce65f072d4e8c310cb9de,0.37648844718933105,sleap-lablink-client-prod-vm-6,running,Healthy,0,1788390738.0,1788390767.0,1788390814.0,1788391011.0,1788390949.0,1788391022.0,299.0,1788390768.134149,1788391127.454231,1788391596.875991,i-0cceae5b4237000da
1788391620.64594,10,1,ghcr.io/talmolab/lablink-client-base-image:linux-amd64-test@sha256:1ec2fde6860186b3d45ac83890167258f83512955dbce65f072d4e8c310cb9de,0.37648844718933105,sleap-lablink-client-prod-vm-7,running,Healthy,0,1788390738.0,1788390767.0,1788390813.0,1788391004.0,1788390941.0,1788391016.0,295.0,1788390768.13509,1788391127.485072,1788391591.258182,i-04223bbc5c5f842c7
1788391620.64594,10,1,ghcr.io/talmolab/lablink-client-base-image:linux-amd64-test@sha256:1ec2fde6860186b3d45ac83890167258f83512955dbce65f072d4e8c310cb9de,0.37648844718933105,sleap-lablink-client-prod-vm-8,running,Healthy,0,1788390738.0,1788390767.0,1788390809.0,1788391003.0,1788390941.0,1788391017.0,299.0,1788390768.135877,1788391127.491438,1788391590.756768,i-0798ccd89f26d7cda
1788391620.64594,10,1,ghcr.io/talmolab/lablink-client-base-image:linux-amd64-test@sha256:1ec2fde6860186b3d45ac83890167258f83512955dbce65f072d4e8c310cb9de,0.37648844718933105,sleap-lablink-client-prod-vm-9,running,Healthy,0,1788390738.0,1788390767.0,1788390813.0,1788391010.0,1788390948.0,1788391021.0,299.0,1788390768.136603,1788391127.503832,1788391595.076629,i-0ae3bdc8eb0227987
1788391625.6906528,10,1,ghcr.io/talmolab/lablink-client-base-image:linux-amd64-test@sha256:1ec2fde6860186b3d45ac83890167258f83512955dbce65f072d4e8c310cb9de,0.37648844718933105,sleap-lablink-client-prod-vm-1,running,Healthy,1,1788390738.0,1788390767.0,1788390905.0,1788391113.0,1788391050.0,1788391124.0,311.0,1788390768.128852,1788391127.40029,1788391608.150461,i-0d4ebb2bfcef19f31
1788391625.6906528,10,1,ghcr.io/talmolab/lablink-client-base-image:linux-amd64-test@sha256:1ec2fde6860186b3d45ac83890167258f83512955dbce65f072d4e8c310cb9de,0.37648844718933105,sleap-lablink-client-prod-vm-10,running,Healthy,1,1788390738.0,1788390767.0,1788390902.0,1788391108.0,1788391046.0,1788391114.0,303.0,1788390768.130117,1788391127.408882,1788391598.817426,i-073b86b279423b5ed
1788391625.6906528,10,1,ghcr.io/talmolab/lablink-client-base-image:linux-amd64-test@sha256:1ec2fde6860186b3d45ac83890167258f83512955dbce65f072d4e8c310cb9de,0.37648844718933105,sleap-lablink-client-prod-vm-2,running,Healthy,0,1788390738.0,1788390767.0,1788390813.0,1788391011.0,1788390949.0,1788391016.0,294.0,1788390768.130938,1788391127.407519,1788391621.693263,i-02f122d3eea1c2ca0
1788391625.6906528,10,1,ghcr.io/talmolab/lablink-client-base-image:linux-amd64-test@sha256:1ec2fde6860186b3d45ac83890167258f83512955dbce65f072d4e8c310cb9de,0.37648844718933105,sleap-lablink-client-prod-vm-3,running,Healthy,0,1788390738.0,1788390767.0,1788390814.0,1788391004.0,1788390941.0,1788391018.0,296.0,1788390768.131762,1788391127.452474,1788391622.284423,i-04f09804c45834c8a
1788391625.6906528,10,1,ghcr.io/talmolab/lablink-client-base-image:linux-amd64-test@sha256:1ec2fde6860186b3d45ac83890167258f83512955dbce65f072d4e8c310cb9de,0.37648844718933105,sleap-lablink-client-prod-vm-4,running,Healthy,0,1788390738.0,1788390767.0,1788390813.0,1788391010.0,1788390947.0,1788391022.0,301.0,1788390768.132688,1788391127.453282,1788391596.743263,i-0b5a2f80e58b1f49e
1788391625.6906528,10,1,ghcr.io/talmolab/lablink-client-base-image:linux-amd64-test@sha256:1ec2fde6860186b3d45ac83890167258f83512955dbce65f072d4e8c310cb9de,0.37648844718933105,sleap-lablink-client-prod-vm-5,running,Healthy,0,1788390738.0,1788390767.0,1788390814.0,1788391012.0,1788390949.0,1788391024.0,302.0,1788390768.133418,1788391127.470972,1788391597.86112,i-011c62511afd69360
1788391625.6906528,10,1,ghcr.io/talmolab/lablink-client-base-image:linux-amd64-test@sha256:1ec2fde6860186b3d45ac83890167258f83512955dbce65f072d4e8c310cb9de,0.37648844718933105,sleap-lablink-client-prod-vm-6,running,Healthy,0,1788390738.0,1788390767.0,1788390814.0,1788391011.0,1788390949.0,1788391022.0,299.0,1788390768.134149,1788391127.454231,1788391596.875991,i-0cceae5b4237000da
1788391625.6906528,10,1,ghcr.io/talmolab/lablink-client-base-image:linux-amd64-test@sha256:1ec2fde6860186b3d45ac83890167258f83512955dbce65f072d4e8c310cb9de,0.37648844718933105,sleap-lablink-client-prod-vm-7,running,Healthy,0,1788390738.0,1788390767.0,1788390813.0,1788391004.0,1788390941.0,1788391016.0,295.0,1788390768.13509,1788391127.485072,1788391621.590187,i-04223bbc5c5f842c7
1788391625.6906528,10,1,ghcr.io/talmolab/lablink-client-base-image:linux-amd64-test@sha256:1ec2fde6860186b3d45ac83890167258f83512955dbce65f072d4e8c310cb9de,0.37648844718933105,sleap-lablink-client-prod-vm-8,running,Healthy,0,1788390738.0,1788390767.0,1788390809.0,1788391003.0,1788390941.0,1788391017.0,299.0,1788390768.135877,1788391127.491438,1788391620.95015,i-0798ccd89f26d7cda
1788391625.6906528,10,1,ghcr.io/talmolab/lablink-client-base-image:linux-amd64-test@sha256:1ec2fde6860186b3d45ac83890167258f83512955dbce65f072d4e8c310cb9de,0.37648844718933105,sleap-lablink-client-prod-vm-9,running,Healthy,0,1788390738.0,1788390767.0,1788390813.0,1788391010.0,1788390948.0,1788391021.0,299.0,1788390768.136603,1788391127.503832,1788391625.261174,i-0ae3bdc8eb0227987
1788391630.666353,10,1,ghcr.io/talmolab/lablink-client-base-image:linux-amd64-test@sha256:1ec2fde6860186b3d45ac83890167258f83512955dbce65f072d4e8c310cb9de,0.37648844718933105,sleap-lablink-client-prod-vm-1,running,Healthy,1,1788390738.0,1788390767.0,1788390905.0,1788391113.0,1788391050.0,1788391124.0,311.0,1788390768.128852,1788391127.40029,1788391608.150461,i-0d4ebb2bfcef19f31
1788391630.666353,10,1,ghcr.io/talmolab/lablink-client-base-image:linux-amd64-test@sha256:1ec2fde6860186b3d45ac83890167258f83512955dbce65f072d4e8c310cb9de,0.37648844718933105,sleap-lablink-client-prod-vm-10,running,Healthy,1,1788390738.0,1788390767.0,1788390902.0,1788391108.0,1788391046.0,1788391114.0,303.0,1788390768.130117,1788391127.408882,1788391628.837596,i-073b86b279423b5ed
1788391630.666353,10,1,ghcr.io/talmolab/lablink-client-base-image:linux-amd64-test@sha256:1ec2fde6860186b3d45ac83890167258f83512955dbce65f072d4e8c310cb9de,0.37648844718933105,sleap-lablink-client-prod-vm-2,running,Healthy,0,1788390738.0,1788390767.0,1788390813.0,1788391011.0,1788390949.0,1788391016.0,294.0,1788390768.130938,1788391127.407519,1788391621.693263,i-02f122d3eea1c2ca0
1788391630.666353,10,1,ghcr.io/talmolab/lablink-client-base-image:linux-amd64-test@sha256:1ec2fde6860186b3d45ac83890167258f83512955dbce65f072d4e8c310cb9de,0.37648844718933105,sleap-lablink-client-prod-vm-3,running,Healthy,0,1788390738.0,1788390767.0,1788390814.0,1788391004.0,1788390941.0,1788391018.0,296.0,1788390768.131762,1788391127.452474,1788391622.284423,i-04f09804c45834c8a
1788391630.666353,10,1,ghcr.io/talmolab/lablink-client-base-image:linux-amd64-test@sha256:1ec2fde6860186b3d45ac83890167258f83512955dbce65f072d4e8c310cb9de,0.37648844718933105,sleap-lablink-client-prod-vm-4,running,Healthy,0,1788390738.0,1788390767.0,1788390813.0,1788391010.0,1788390947.0,1788391022.0,301.0,1788390768.132688,1788391127.453282,1788391626.929098,i-0b5a2f80e58b1f49e
1788391630.666353,10,1,ghcr.io/talmolab/lablink-client-base-image:linux-amd64-test@sha256:1ec2fde6860186b3d45ac83890167258f83512955dbce65f072d4e8c310cb9de,0.37648844718933105,sleap-lablink-client-prod-vm-5,running,Healthy,0,1788390738.0,1788390767.0,1788390814.0,1788391012.0,1788390949.0,1788391024.0,302.0,1788390768.133418,1788391127.470972,1788391628.033244,i-011c62511afd69360
1788391630.666353,10,1,ghcr.io/talmolab/lablink-client-base-image:linux-amd64-test@sha256:1ec2fde6860186b3d45ac83890167258f83512955dbce65f072d4e8c310cb9de,0.37648844718933105,sleap-lablink-client-prod-vm-6,running,Healthy,0,1788390738.0,1788390767.0,1788390814.0,1788391011.0,1788390949.0,1788391022.0,299.0,1788390768.134149,1788391127.454231,1788391627.068386,i-0cceae5b4237000da
1788391630.666353,10,1,ghcr.io/talmolab/lablink-client-base-image:linux-amd64-test@sha256:1ec2fde6860186b3d45ac83890167258f83512955dbce65f072d4e8c310cb9de,0.37648844718933105,sleap-lablink-client-prod-vm-7,running,Healthy,0,1788390738.0,1788390767.0,1788390813.0,1788391004.0,1788390941.0,1788391016.0,295.0,1788390768.13509,1788391127.485072,1788391621.590187,i-04223bbc5c5f842c7
1788391630.666353,10,1,ghcr.io/talmolab/lablink-client-base-image:linux-amd64-test@sha256:1ec2fde6860186b3d45ac83890167258f83512955dbce65f072d4e8c310cb9de,0.37648844718933105,sleap-lablink-client-prod-vm-8,running,Healthy,0,1788390738.0,1788390767.0,1788390809.0,1788391003.0,1788390941.0,1788391017.0,299.0,1788390768.135877,1788391127.491438,1788391620.95015,i-0798ccd89f26d7cda
1788391630.666353,10,1,ghcr.io/talmolab/lablink-client-base-image:linux-amd64-test@sha256:1ec2fde6860186b3d45ac83890167258f83512955dbce65f072d4e8c310cb9de,0.37648844718933105,sleap-lablink-client-prod-vm-9,running,Healthy,0,1788390738.0,1788390767.0,1788390813.0,1788391010.0,1788390948.0,1788391021.0,299.0,1788390768.136603,1788391127.503832,1788391625.261174,i-0ae3bdc8eb0227987
1788391635.649587,10,1,ghcr.io/talmolab/lablink-client-base-image:linux-amd64-test@sha256:1ec2fde6860186b3d45ac83890167258f83512955dbce65f072d4e8c310cb9de,0.37648844718933105,sleap-lablink-client-prod-vm-1,running,Healthy,1,1788390738.0,1788390767.0,1788390905.0,1788391113.0,1788391050.0,1788391124.0,311.0,1788390768.128852,1788391127.40029,1788391608.150461,i-0d4ebb2bfcef19f31
1788391635.649587,10,1,ghcr.io/talmolab/lablink-client-base-image:linux-amd64-test@sha256:1ec2fde6860186b3d45ac83890167258f83512955dbce65f072d4e8c310cb9de,0.37648844718933105,sleap-lablink-client-prod-vm-10,running,Healthy,1,1788390738.0,1788390767.0,1788390902.0,1788391108.0,1788391046.0,1788391114.0,303.0,1788390768.130117,1788391127.408882,1788391628.837596,i-073b86b279423b5ed
1788391635.649587,10,1,ghcr.io/talmolab/lablink-client-base-image:linux-amd64-test@sha256:1ec2fde6860186b3d45ac83890167258f83512955dbce65f072d4e8c310cb9de,0.37648844718933105,sleap-lablink-client-prod-vm-2,running,Healthy,0,1788390738.0,1788390767.0,1788390813.0,1788391011.0,1788390949.0,1788391016.0,294.0,1788390768.130938,1788391127.407519,1788391621.693263,i-02f122d3eea1c2ca0
1788391635.649587,10,1,ghcr.io/talmolab/lablink-client-base-image:linux-amd64-test@sha256:1ec2fde6860186b3d45ac83890167258f83512955dbce65f072d4e8c310cb9de,0.37648844718933105,sleap-lablink-client-prod-vm-3,running,Healthy,0,1788390738.0,1788390767.0,1788390814.0,1788391004.0,1788390941.0,1788391018.0,296.0,1788390768.131762,1788391127.452474,1788391622.284423,i-04f09804c45834c8a
1788391635.649587,10,1,ghcr.io/talmolab/lablink-client-base-image:linux-amd64-test@sha256:1ec2fde6860186b3d45ac83890167258f83512955dbce65f072d4e8c310cb9de,0.37648844718933105,sleap-lablink-client-prod-vm-4,running,Healthy,0,1788390738.0,1788390767.0,1788390813.0,1788391010.0,1788390947.0,1788391022.0,301.0,1788390768.132688,1788391127.453282,1788391626.929098,i-0b5a2f80e58b1f49e
1788391635.649587,10,1,ghcr.io/talmolab/lablink-client-base-image:linux-amd64-test@sha256:1ec2fde6860186b3d45ac83890167258f83512955dbce65f072d4e8c310cb9de,0.37648844718933105,sleap-lablink-client-prod-vm-5,running,Healthy,0,1788390738.0,1788390767.0,1788390814.0,1788391012.0,1788390949.0,1788391024.0,302.0,1788390768.133418,1788391127.470972,1788391628.033244,i-011c62511afd69360
1788391635.649587,10,1,ghcr.io/talmolab/lablink-client-base-image:linux-amd64-test@sha256:1ec2fde6860186b3d45ac83890167258f83512955dbce65f072d4e8c310cb9de,0.37648844718933105,sleap-lablink-client-prod-vm-6,running,Healthy,0,1788390738.0,1788390767.0,1788390814.0,1788391011.0,1788390949.0,1788391022.0,299.0,1788390768.134149,1788391127.454231,1788391627.068386,i-0cceae5b4237000da
1788391635.649587,10,1,ghcr.io/talmolab/lablink-client-base-image:linux-amd64-test@sha256:1ec2fde6860186b3d45ac83890167258f83512955dbce65f072d4e8c310cb9de,0.37648844718933105,sleap-lablink-client-prod-vm-7,running,Healthy,0,1788390738.0,1788390767.0,1788390813.0,1788391004.0,1788390941.0,1788391016.0,295.0,1788390768.13509,1788391127.485072,1788391621.590187,i-04223bbc5c5f842c7
1788391635.649587,10,1,ghcr.io/talmolab/lablink-client-base-image:linux-amd64-test@sha256:1ec2fde6860186b3d45ac83890167258f83512955dbce65f072d4e8c310cb9de,0.37648844718933105,sleap-lablink-client-prod-vm-8,running,Healthy,0,1788390738.0,1788390767.0,1788390809.0,1788391003.0,1788390941.0,1788391017.0,299.0,1788390768.135877,1788391127.491438,1788391620.95015,i-0798ccd89f26d7cda
1788391635.649587,10,1,ghcr.io/talmolab/lablink-client-base-image:linux-amd64-test@sha256:1ec2fde6860186b3d45ac83890167258f83512955dbce65f072d4e8c310cb9de,0.37648844718933105,sleap-lablink-client-prod-vm-9,running,Healthy,0,1788390738.0,1788390767.0,1788390813.0,1788391010.0,1788390948.0,1788391021.0,299.0,1788390768.136603,1788391127.503832,1788391625.261174,i-0ae3bdc8eb0227987
1788391640.6835682,10,1,ghcr.io/talmolab/lablink-client-base-image:linux-amd64-test@sha256:1ec2fde6860186b3d45ac83890167258f83512955dbce65f072d4e8c310cb9de,0.37648844718933105,sleap-lablink-client-prod-vm-1,running,Healthy,1,1788390738.0,1788390767.0,1788390905.0,1788391113.0,1788391050.0,1788391124.0,311.0,1788390768.128852,1788391127.40029,1788391638.170401,i-0d4ebb2bfcef19f31
1788391640.6835682,10,1,ghcr.io/talmolab/lablink-client-base-image:linux-amd64-test@sha256:1ec2fde6860186b3d45ac83890167258f83512955dbce65f072d4e8c310cb9de,0.37648844718933105,sleap-lablink-client-prod-vm-10,running,Healthy,1,1788390738.0,1788390767.0,1788390902.0,1788391108.0,1788391046.0,1788391114.0,303.0,1788390768.130117,1788391127.408882,1788391628.837596,i-073b86b279423b5ed
1788391640.6835682,10,1,ghcr.io/talmolab/lablink-client-base-image:linux-amd64-test@sha256:1ec2fde6860186b3d45ac83890167258f83512955dbce65f072d4e8c310cb9de,0.37648844718933105,sleap-lablink-client-prod-vm-2,running,Healthy,0,1788390738.0,1788390767.0,1788390813.0,1788391011.0,1788390949.0,1788391016.0,294.0,1788390768.130938,1788391127.407519,1788391621.693263,i-02f122d3eea1c2ca0
1788391640.6835682,10,1,ghcr.io/talmolab/lablink-client-base-image:linux-amd64-test@sha256:1ec2fde6860186b3d45ac83890167258f83512955dbce65f072d4e8c310cb9de,0.37648844718933105,sleap-lablink-client-prod-vm-3,running,Healthy,0,1788390738.0,1788390767.0,1788390814.0,1788391004.0,1788390941.0,1788391018.0,296.0,1788390768.131762,1788391127.452474,1788391622.284423,i-04f09804c45834c8a
1788391640.6835682,10,1,ghcr.io/talmolab/lablink-client-base-image:linux-amd64-test@sha256:1ec2fde6860186b3d45ac83890167258f83512955dbce65f072d4e8c310cb9de,0.37648844718933105,sleap-lablink-client-prod-vm-4,running,Healthy,0,1788390738.0,1788390767.0,1788390813.0,1788391010.0,1788390947.0,1788391022.0,301.0,1788390768.132688,1788391127.453282,1788391626.929098,i-0b5a2f80e58b1f49e
1788391640.6835682,10,1,ghcr.io/talmolab/lablink-client-base-image:linux-amd64-test@sha256:1ec2fde6860186b3d45ac83890167258f83512955dbce65f072d4e8c310cb9de,0.37648844718933105,sleap-lablink-client-prod-vm-5,running,Healthy,0,1788390738.0,1788390767.0,1788390814.0,1788391012.0,1788390949.0,1788391024.0,302.0,1788390768.133418,1788391127.470972,1788391628.033244,i-011c62511afd69360
1788391640.6835682,10,1,ghcr.io/talmolab/lablink-client-base-image:linux-amd64-test@sha256:1ec2fde6860186b3d45ac83890167258f83512955dbce65f072d4e8c310cb9de,0.37648844718933105,sleap-lablink-client-prod-vm-6,running,Healthy,0,1788390738.0,1788390767.0,1788390814.0,1788391011.0,1788390949.0,1788391022.0,299.0,1788390768.134149,1788391127.454231,1788391627.068386,i-0cceae5b4237000da
1788391640.6835682,10,1,ghcr.io/talmolab/lablink-client-base-image:linux-amd64-test@sha256:1ec2fde6860186b3d45ac83890167258f83512955dbce65f072d4e8c310cb9de,0.37648844718933105,sleap-lablink-client-prod-vm-7,running,Healthy,0,1788390738.0,1788390767.0,1788390813.0,1788391004.0,1788390941.0,1788391016.0,295.0,1788390768.13509,1788391127.485072,1788391621.590187,i-04223bbc5c5f842c7
1788391640.6835682,10,1,ghcr.io/talmolab/lablink-client-base-image:linux-amd64-test@sha256:1ec2fde6860186b3d45ac83890167258f83512955dbce65f072d4e8c310cb9de,0.37648844718933105,sleap-lablink-client-prod-vm-8,running,Healthy,0,1788390738.0,1788390767.0,1788390809.0,1788391003.0,1788390941.0,1788391017.0,299.0,1788390768.135877,1788391127.491438,1788391620.95015,i-0798ccd89f26d7cda
1788391640.6835682,10,1,ghcr.io/talmolab/lablink-client-base-image:linux-amd64-test@sha256:1ec2fde6860186b3d45ac83890167258f83512955dbce65f072d4e8c310cb9de,0.37648844718933105,sleap-lablink-client-prod-vm-9,running,Healthy,0,1788390738.0,1788390767.0,1788390813.0,1788391010.0,1788390948.0,1788391021.0,299.0,1788390768.136603,1788391127.503832,1788391625.261174,i-0ae3bdc8eb0227987
1788391645.742145,10,1,ghcr.io/talmolab/lablink-client-base-image:linux-amd64-test@sha256:1ec2fde6860186b3d45ac83890167258f83512955dbce65f072d4e8c310cb9de,0.37648844718933105,sleap-lablink-client-prod-vm-1,running,Healthy,1,1788390738.0,1788390767.0,1788390905.0,1788391113.0,1788391050.0,1788391124.0,311.0,1788390768.128852,1788391127.40029,1788391638.170401,i-0d4ebb2bfcef19f31
1788391645.742145,10,1,ghcr.io/talmolab/lablink-client-base-image:linux-amd64-test@sha256:1ec2fde6860186b3d45ac83890167258f83512955dbce65f072d4e8c310cb9de,0.37648844718933105,sleap-lablink-client-prod-vm-10,running,Healthy,1,1788390738.0,1788390767.0,1788390902.0,1788391108.0,1788391046.0,1788391114.0,303.0,1788390768.130117,1788391127.408882,1788391628.837596,i-073b86b279423b5ed
1788391645.742145,10,1,ghcr.io/talmolab/lablink-client-base-image:linux-amd64-test@sha256:1ec2fde6860186b3d45ac83890167258f83512955dbce65f072d4e8c310cb9de,0.37648844718933105,sleap-lablink-client-prod-vm-2,running,Healthy,0,1788390738.0,1788390767.0,1788390813.0,1788391011.0,1788390949.0,1788391016.0,294.0,1788390768.130938,1788391127.407519,1788391621.693263,i-02f122d3eea1c2ca0
1788391645.742145,10,1,ghcr.io/talmolab/lablink-client-base-image:linux-amd64-test@sha256:1ec2fde6860186b3d45ac83890167258f83512955dbce65f072d4e8c310cb9de,0.37648844718933105,sleap-lablink-client-prod-vm-3,running,Healthy,0,1788390738.0,1788390767.0,1788390814.0,1788391004.0,1788390941.0,1788391018.0,296.0,1788390768.131762,1788391127.452474,1788391622.284423,i-04f09804c45834c8a
1788391645.742145,10,1,ghcr.io/talmolab/lablink-client-base-image:linux-amd64-test@sha256:1ec2fde6860186b3d45ac83890167258f83512955dbce65f072d4e8c310cb9de,0.37648844718933105,sleap-lablink-client-prod-vm-4,running,Healthy,0,1788390738.0,1788390767.0,1788390813.0,1788391010.0,1788390947.0,1788391022.0,301.0,1788390768.132688,1788391127.453282,1788391626.929098,i-0b5a2f80e58b1f49e
1788391645.742145,10,1,ghcr.io/talmolab/lablink-client-base-image:linux-amd64-test@sha256:1ec2fde6860186b3d45ac83890167258f83512955dbce65f072d4e8c310cb9de,0.37648844718933105,sleap-lablink-client-prod-vm-5,running,Healthy,0,1788390738.0,1788390767.0,1788390814.0,1788391012.0,1788390949.0,1788391024.0,302.0,1788390768.133418,1788391127.470972,1788391628.033244,i-011c62511afd69360
1788391645.742145,10,1,ghcr.io/talmolab/lablink-client-base-image:linux-amd64-test@sha256:1ec2fde6860186b3d45ac83890167258f83512955dbce65f072d4e8c310cb9de,0.37648844718933105,sleap-lablink-client-prod-vm-6,running,Healthy,0,1788390738.0,1788390767.0,1788390814.0,1788391011.0,1788390949.0,1788391022.0,299.0,1788390768.134149,1788391127.454231,1788391627.068386,i-0cceae5b4237000da
1788391645.742145,10,1,ghcr.io/talmolab/lablink-client-base-image:linux-amd64-test@sha256:1ec2fde6860186b3d45ac83890167258f83512955dbce65f072d4e8c310cb9de,0.37648844718933105,sleap-lablink-client-prod-vm-7,running,Healthy,0,1788390738.0,1788390767.0,1788390813.0,1788391004.0,1788390941.0,1788391016.0,295.0,1788390768.13509,1788391127.485072,1788391621.590187,i-04223bbc5c5f842c7
1788391645.742145,10,1,ghcr.io/talmolab/lablink-client-base-image:linux-amd64-test@sha256:1ec2fde6860186b3d45ac83890167258f83512955dbce65f072d4e8c310cb9de,0.37648844718933105,sleap-lablink-client-prod-vm-8,running,Healthy,0,1788390738.0,1788390767.0,1788390809.0,1788391003.0,1788390941.0,1788391017.0,299.0,1788390768.135877,1788391127.491438,1788391620.95015,i-0798ccd89f26d7cda
1788391645.742145,10,1,ghcr.io/talmolab/lablink-client-base-image:linux-amd64-test@sha256:1ec2fde6860186b3d45ac83890167258f83512955dbce65f072d4e8c310cb9de,0.37648844718933105,sleap-lablink-client-prod-vm-9,running,Healthy,0,1788390738.0,1788390767.0,1788390813.0,1788391010.0,1788390948.0,1788391021.0,299.0,1788390768.136603,1788391127.503832,1788391625.261174,i-0ae3bdc8eb0227987
1788391650.688481,10,1,ghcr.io/talmolab/lablink-client-base-image:linux-amd64-test@sha256:1ec2fde6860186b3d45ac83890167258f83512955dbce65f072d4e8c310cb9de,0.37648844718933105,sleap-lablink-client-prod-vm-1,running,Healthy,1,1788390738.0,1788390767.0,1788390905.0,1788391113.0,1788391050.0,1788391124.0,311.0,1788390768.128852,1788391127.40029,1788391638.170401,i-0d4ebb2bfcef19f31
1788391650.688481,10,1,ghcr.io/talmolab/lablink-client-base-image:linux-amd64-test@sha256:1ec2fde6860186b3d45ac83890167258f83512955dbce65f072d4e8c310cb9de,0.37648844718933105,sleap-lablink-client-prod-vm-10,running,Healthy,1,1788390738.0,1788390767.0,1788390902.0,1788391108.0,1788391046.0,1788391114.0,303.0,1788390768.130117,1788391127.408882,1788391628.837596,i-073b86b279423b5ed
1788391650.688481,10,1,ghcr.io/talmolab/lablink-client-base-image:linux-amd64-test@sha256:1ec2fde6860186b3d45ac83890167258f83512955dbce65f072d4e8c310cb9de,0.37648844718933105,sleap-lablink-client-prod-vm-2,running,Healthy,0,1788390738.0,1788390767.0,1788390813.0,1788391011.0,1788390949.0,1788391016.0,294.0,1788390768.130938,1788391127.407519,1788391621.693263,i-02f122d3eea1c2ca0
1788391650.688481,10,1,ghcr.io/talmolab/lablink-client-base-image:linux-amd64-test@sha256:1ec2fde6860186b3d45ac83890167258f83512955dbce65f072d4e8c310cb9de,0.37648844718933105,sleap-lablink-client-prod-vm-3,running,Healthy,0,1788390738.0,1788390767.0,1788390814.0,1788391004.0,1788390941.0,1788391018.0,296.0,1788390768.131762,1788391127.452474,1788391622.284423,i-04f09804c45834c8a
1788391650.688481,10,1,ghcr.io/talmolab/lablink-client-base-image:linux-amd64-test@sha256:1ec2fde6860186b3d45ac83890167258f83512955dbce65f072d4e8c310cb9de,0.37648844718933105,sleap-lablink-client-prod-vm-4,running,Healthy,0,1788390738.0,1788390767.0,1788390813.0,1788391010.0,1788390947.0,1788391022.0,301.0,1788390768.132688,1788391127.453282,1788391626.929098,i-0b5a2f80e58b1f49e
1788391650.688481,10,1,ghcr.io/talmolab/lablink-client-base-image:linux-amd64-test@sha256:1ec2fde6860186b3d45ac83890167258f83512955dbce65f072d4e8c310cb9de,0.37648844718933105,sleap-lablink-client-prod-vm-5,running,Healthy,0,1788390738.0,1788390767.0,1788390814.0,1788391012.0,1788390949.0,1788391024.0,302.0,1788390768.133418,1788391127.470972,1788391628.033244,i-011c62511afd69360
1788391650.688481,10,1,ghcr.io/talmolab/lablink-client-base-image:linux-amd64-test@sha256:1ec2fde6860186b3d45ac83890167258f83512955dbce65f072d4e8c310cb9de,0.37648844718933105,sleap-lablink-client-prod-vm-6,running,Healthy,0,1788390738.0,1788390767.0,1788390814.0,1788391011.0,1788390949.0,1788391022.0,299.0,1788390768.134149,1788391127.454231,1788391627.068386,i-0cceae5b4237000da
1788391650.688481,10,1,ghcr.io/talmolab/lablink-client-base-image:linux-amd64-test@sha256:1ec2fde6860186b3d45ac83890167258f83512955dbce65f072d4e8c310cb9de,0.37648844718933105,sleap-lablink-client-prod-vm-7,running,Healthy,0,1788390738.0,1788390767.0,1788390813.0,1788391004.0,1788390941.0,1788391016.0,295.0,1788390768.13509,1788391127.485072,1788391621.590187,i-04223bbc5c5f842c7
1788391650.688481,10,1,ghcr.io/talmolab/lablink-client-base-image:linux-amd64-test@sha256:1ec2fde6860186b3d45ac83890167258f83512955dbce65f072d4e8c310cb9de,0.37648844718933105,sleap-lablink-client-prod-vm-8,running,Healthy,0,1788390738.0,1788390767.0,1788390809.0,1788391003.0,1788390941.0,1788391017.0,299.0,1788390768.135877,1788391127.491438,1788391620.95015,i-0798ccd89f26d7cda
1788391650.688481,10,1,ghcr.io/talmolab/lablink-client-base-image:linux-amd64-test@sha256:1ec2fde6860186b3d45ac83890167258f83512955dbce65f072d4e8c310cb9de,0.37648844718933105,sleap-lablink-client-prod-vm-9,running,Healthy,0,1788390738.0,1788390767.0,1788390813.0,1788391010.0,1788390948.0,1788391021.0,299.0,1788390768.136603,1788391127.503832,1788391625.261174,i-0ae3bdc8eb0227987
1788391655.7319748,10,1,ghcr.io/talmolab/lablink-client-base-image:linux-amd64-test@sha256:1ec2fde6860186b3d45ac83890167258f83512955dbce65f072d4e8c310cb9de,0.37648844718933105,sleap-lablink-client-prod-vm-1,running,Healthy,1,1788390738.0,1788390767.0,1788390905.0,1788391113.0,1788391050.0,1788391124.0,311.0,1788390768.128852,1788391127.40029,1788391638.170401,i-0d4ebb2bfcef19f31
1788391655.7319748,10,1,ghcr.io/talmolab/lablink-client-base-image:linux-amd64-test@sha256:1ec2fde6860186b3d45ac83890167258f83512955dbce65f072d4e8c310cb9de,0.37648844718933105,sleap-lablink-client-prod-vm-10,running,Healthy,1,1788390738.0,1788390767.0,1788390902.0,1788391108.0,1788391046.0,1788391114.0,303.0,1788390768.130117,1788391127.408882,1788391628.837596,i-073b86b279423b5ed
1788391655.7319748,10,1,ghcr.io/talmolab/lablink-client-base-image:linux-amd64-test@sha256:1ec2fde6860186b3d45ac83890167258f83512955dbce65f072d4e8c310cb9de,0.37648844718933105,sleap-lablink-client-prod-vm-2,running,Healthy,0,1788390738.0,1788390767.0,1788390813.0,1788391011.0,1788390949.0,1788391016.0,294.0,1788390768.130938,1788391127.407519,1788391651.712967,i-02f122d3eea1c2ca0
1788391655.7319748,10,1,ghcr.io/talmolab/lablink-client-base-image:linux-amd64-test@sha256:1ec2fde6860186b3d45ac83890167258f83512955dbce65f072d4e8c310cb9de,0.37648844718933105,sleap-lablink-client-prod-vm-3,running,Healthy,0,1788390738.0,1788390767.0,1788390814.0,1788391004.0,1788390941.0,1788391018.0,296.0,1788390768.131762,1788391127.452474,1788391652.304761,i-04f09804c45834c8a
1788391655.7319748,10,1,ghcr.io/talmolab/lablink-client-base-image:linux-amd64-test@sha256:1ec2fde6860186b3d45ac83890167258f83512955dbce65f072d4e8c310cb9de,0.37648844718933105,sleap-lablink-client-prod-vm-4,running,Healthy,0,1788390738.0,1788390767.0,1788390813.0,1788391010.0,1788390947.0,1788391022.0,301.0,1788390768.132688,1788391127.453282,1788391626.929098,i-0b5a2f80e58b1f49e
1788391655.7319748,10,1,ghcr.io/talmolab/lablink-client-base-image:linux-amd64-test@sha256:1ec2fde6860186b3d45ac83890167258f83512955dbce65f072d4e8c310cb9de,0.37648844718933105,sleap-lablink-client-prod-vm-5,running,Healthy,0,1788390738.0,1788390767.0,1788390814.0,1788391012.0,1788390949.0,1788391024.0,302.0,1788390768.133418,1788391127.470972,1788391628.033244,i-011c62511afd69360
1788391655.7319748,10,1,ghcr.io/talmolab/lablink-client-base-image:linux-amd64-test@sha256:1ec2fde6860186b3d45ac83890167258f83512955dbce65f072d4e8c310cb9de,0.37648844718933105,sleap-lablink-client-prod-vm-6,running,Healthy,0,1788390738.0,1788390767.0,1788390814.0,1788391011.0,1788390949.0,1788391022.0,299.0,1788390768.134149,1788391127.454231,1788391627.068386,i-0cceae5b4237000da
1788391655.7319748,10,1,ghcr.io/talmolab/lablink-client-base-image:linux-amd64-test@sha256:1ec2fde6860186b3d45ac83890167258f83512955dbce65f072d4e8c310cb9de,0.37648844718933105,sleap-lablink-client-prod-vm-7,running,Healthy,0,1788390738.0,1788390767.0,1788390813.0,1788391004.0,1788390941.0,1788391016.0,295.0,1788390768.13509,1788391127.485072,1788391651.610151,i-04223bbc5c5f842c7
1788391655.7319748,10,1,ghcr.io/talmolab/lablink-client-base-image:linux-amd64-test@sha256:1ec2fde6860186b3d45ac83890167258f83512955dbce65f072d4e8c310cb9de,0.37648844718933105,sleap-lablink-client-prod-vm-8,running,Healthy,0,1788390738.0,1788390767.0,1788390809.0,1788391003.0,1788390941.0,1788391017.0,299.0,1788390768.135877,1788391127.491438,1788391650.969668,i-0798ccd89f26d7cda
1788391655.7319748,10,1,ghcr.io/talmolab/lablink-client-base-image:linux-amd64-test@sha256:1ec2fde6860186b3d45ac83890167258f83512955dbce65f072d4e8c310cb9de,0.37648844718933105,sleap-lablink-client-prod-vm-9,running,Healthy,0,1788390738.0,1788390767.0,1788390813.0,1788391010.0,1788390948.0,1788391021.0,299.0,1788390768.136603,1788391127.503832,1788391655.281388,i-0ae3bdc8eb0227987
1788391660.987023,10,1,ghcr.io/talmolab/lablink-client-base-image:linux-amd64-test@sha256:1ec2fde6860186b3d45ac83890167258f83512955dbce65f072d4e8c310cb9de,0.37648844718933105,sleap-lablink-client-prod-vm-1,running,Healthy,1,1788390738.0,1788390767.0,1788390905.0,1788391113.0,1788391050.0,1788391124.0,311.0,1788390768.128852,1788391127.40029,1788391638.170401,i-0d4ebb2bfcef19f31
1788391660.987023,10,1,ghcr.io/talmolab/lablink-client-base-image:linux-amd64-test@sha256:1ec2fde6860186b3d45ac83890167258f83512955dbce65f072d4e8c310cb9de,0.37648844718933105,sleap-lablink-client-prod-vm-10,running,Healthy,1,1788390738.0,1788390767.0,1788390902.0,1788391108.0,1788391046.0,1788391114.0,303.0,1788390768.130117,1788391127.408882,1788391659.011542,i-073b86b279423b5ed
1788391660.987023,10,1,ghcr.io/talmolab/lablink-client-base-image:linux-amd64-test@sha256:1ec2fde6860186b3d45ac83890167258f83512955dbce65f072d4e8c310cb9de,0.37648844718933105,sleap-lablink-client-prod-vm-2,running,Healthy,0,1788390738.0,1788390767.0,1788390813.0,1788391011.0,1788390949.0,1788391016.0,294.0,1788390768.130938,1788391127.407519,1788391651.712967,i-02f122d3eea1c2ca0
1788391660.987023,10,1,ghcr.io/talmolab/lablink-client-base-image:linux-amd64-test@sha256:1ec2fde6860186b3d45ac83890167258f83512955dbce65f072d4e8c310cb9de,0.37648844718933105,sleap-lablink-client-prod-vm-3,running,Healthy,0,1788390738.0,1788390767.0,1788390814.0,1788391004.0,1788390941.0,1788391018.0,296.0,1788390768.131762,1788391127.452474,1788391652.304761,i-04f09804c45834c8a
1788391660.987023,10,1,ghcr.io/talmolab/lablink-client-base-image:linux-amd64-test@sha256:1ec2fde6860186b3d45ac83890167258f83512955dbce65f072d4e8c310cb9de,0.37648844718933105,sleap-lablink-client-prod-vm-4,running,Healthy,0,1788390738.0,1788390767.0,1788390813.0,1788391010.0,1788390947.0,1788391022.0,301.0,1788390768.132688,1788391127.453282,1788391656.955659,i-0b5a2f80e58b1f49e
1788391660.987023,10,1,ghcr.io/talmolab/lablink-client-base-image:linux-amd64-test@sha256:1ec2fde6860186b3d45ac83890167258f83512955dbce65f072d4e8c310cb9de,0.37648844718933105,sleap-lablink-client-prod-vm-5,running,Healthy,0,1788390738.0,1788390767.0,1788390814.0,1788391012.0,1788390949.0,1788391024.0,302.0,1788390768.133418,1788391127.470972,1788391658.053432,i-011c62511afd69360
1788391660.987023,10,1,ghcr.io/talmolab/lablink-client-base-image:linux-amd64-test@sha256:1ec2fde6860186b3d45ac83890167258f83512955dbce65f072d4e8c310cb9de,0.37648844718933105,sleap-lablink-client-prod-vm-6,running,Healthy,0,1788390738.0,1788390767.0,1788390814.0,1788391011.0,1788390949.0,1788391022.0,299.0,1788390768.134149,1788391127.454231,1788391657.088531,i-0cceae5b4237000da
1788391660.987023,10,1,ghcr.io/talmolab/lablink-client-base-image:linux-amd64-test@sha256:1ec2fde6860186b3d45ac83890167258f83512955dbce65f072d4e8c310cb9de,0.37648844718933105,sleap-lablink-client-prod-vm-7,running,Healthy,0,1788390738.0,1788390767.0,1788390813.0,1788391004.0,1788390941.0,1788391016.0,295.0,1788390768.13509,1788391127.485072,1788391651.610151,i-04223bbc5c5f842c7
1788391660.987023,10,1,ghcr.io/talmolab/lablink-client-base-image:linux-amd64-test@sha256:1ec2fde6860186b3d45ac83890167258f83512955dbce65f072d4e8c310cb9de,0.37648844718933105,sleap-lablink-client-prod-vm-8,running,Healthy,0,1788390738.0,1788390767.0,1788390809.0,1788391003.0,1788390941.0,1788391017.0,299.0,1788390768.135877,1788391127.491438,1788391650.969668,i-0798ccd89f26d7cda
1788391660.987023,10,1,ghcr.io/talmolab/lablink-client-base-image:linux-amd64-test@sha256:1ec2fde6860186b3d45ac83890167258f83512955dbce65f072d4e8c310cb9de,0.37648844718933105,sleap-lablink-client-prod-vm-9,running,Healthy,0,1788390738.0,1788390767.0,1788390813.0,1788391010.0,1788390948.0,1788391021.0,299.0,1788390768.136603,1788391127.503832,1788391655.281388,i-0ae3bdc8eb0227987
1788391665.69439,10,1,ghcr.io/talmolab/lablink-client-base-image:linux-amd64-test@sha256:1ec2fde6860186b3d45ac83890167258f83512955dbce65f072d4e8c310cb9de,0.37648844718933105,sleap-lablink-client-prod-vm-1,running,Healthy,1,1788390738.0,1788390767.0,1788390905.0,1788391113.0,1788391050.0,1788391124.0,311.0,1788390768.128852,1788391127.40029,1788391638.170401,i-0d4ebb2bfcef19f31
1788391665.69439,10,1,ghcr.io/talmolab/lablink-client-base-image:linux-amd64-test@sha256:1ec2fde6860186b3d45ac83890167258f83512955dbce65f072d4e8c310cb9de,0.37648844718933105,sleap-lablink-client-prod-vm-10,running,Healthy,1,1788390738.0,1788390767.0,1788390902.0,1788391108.0,1788391046.0,1788391114.0,303.0,1788390768.130117,1788391127.408882,1788391659.011542,i-073b86b279423b5ed
1788391665.69439,10,1,ghcr.io/talmolab/lablink-client-base-image:linux-amd64-test@sha256:1ec2fde6860186b3d45ac83890167258f83512955dbce65f072d4e8c310cb9de,0.37648844718933105,sleap-lablink-client-prod-vm-2,running,Healthy,0,1788390738.0,1788390767.0,1788390813.0,1788391011.0,1788390949.0,1788391016.0,294.0,1788390768.130938,1788391127.407519,1788391651.712967,i-02f122d3eea1c2ca0
1788391665.69439,10,1,ghcr.io/talmolab/lablink-client-base-image:linux-amd64-test@sha256:1ec2fde6860186b3d45ac83890167258f83512955dbce65f072d4e8c310cb9de,0.37648844718933105,sleap-lablink-client-prod-vm-3,running,Healthy,0,1788390738.0,1788390767.0,1788390814.0,1788391004.0,1788390941.0,1788391018.0,296.0,1788390768.131762,1788391127.452474,1788391652.304761,i-04f09804c45834c8a
1788391665.69439,10,1,ghcr.io/talmolab/lablink-client-base-image:linux-amd64-test@sha256:1ec2fde6860186b3d45ac83890167258f83512955dbce65f072d4e8c310cb9de,0.37648844718933105,sleap-lablink-client-prod-vm-4,running,Healthy,0,1788390738.0,1788390767.0,1788390813.0,1788391010.0,1788390947.0,1788391022.0,301.0,1788390768.132688,1788391127.453282,1788391656.955659,i-0b5a2f80e58b1f49e
1788391665.69439,10,1,ghcr.io/talmolab/lablink-client-base-image:linux-amd64-test@sha256:1ec2fde6860186b3d45ac83890167258f83512955dbce65f072d4e8c310cb9de,0.37648844718933105,sleap-lablink-client-prod-vm-5,running,Healthy,0,1788390738.0,1788390767.0,1788390814.0,1788391012.0,1788390949.0,1788391024.0,302.0,1788390768.133418,1788391127.470972,1788391658.053432,i-011c62511afd69360
1788391665.69439,10,1,ghcr.io/talmolab/lablink-client-base-image:linux-amd64-test@sha256:1ec2fde6860186b3d45ac83890167258f83512955dbce65f072d4e8c310cb9de,0.37648844718933105,sleap-lablink-client-prod-vm-6,running,Healthy,0,1788390738.0,1788390767.0,1788390814.0,1788391011.0,1788390949.0,1788391022.0,299.0,1788390768.134149,1788391127.454231,1788391657.088531,i-0cceae5b4237000da
1788391665.69439,10,1,ghcr.io/talmolab/lablink-client-base-image:linux-amd64-test@sha256:1ec2fde6860186b3d45ac83890167258f83512955dbce65f072d4e8c310cb9de,0.37648844718933105,sleap-lablink-client-prod-vm-7,running,Healthy,0,1788390738.0,1788390767.0,1788390813.0,1788391004.0,1788390941.0,1788391016.0,295.0,1788390768.13509,1788391127.485072,1788391651.610151,i-04223bbc5c5f842c7
1788391665.69439,10,1,ghcr.io/talmolab/lablink-client-base-image:linux-amd64-test@sha256:1ec2fde6860186b3d45ac83890167258f83512955dbce65f072d4e8c310cb9de,0.37648844718933105,sleap-lablink-client-prod-vm-8,running,Healthy,0,1788390738.0,1788390767.0,1788390809.0,1788391003.0,1788390941.0,1788391017.0,299.0,1788390768.135877,1788391127.491438,1788391650.969668,i-0798ccd89f26d7cda
1788391665.69439,10,1,ghcr.io/talmolab/lablink-client-base-image:linux-amd64-test@sha256:1ec2fde6860186b3d45ac83890167258f83512955dbce65f072d4e8c310cb9de,0.37648844718933105,sleap-lablink-client-prod-vm-9,running,Healthy,0,1788390738.0,1788390767.0,1788390813.0,1788391010.0,1788390948.0,1788391021.0,299.0,1788390768.136603,1788391127.503832,1788391655.281388,i-0ae3bdc8eb0227987
1788391670.7216482,10,1,ghcr.io/talmolab/lablink-client-base-image:linux-amd64-test@sha256:1ec2fde6860186b3d45ac83890167258f83512955dbce65f072d4e8c310cb9de,0.37648844718933105,sleap-lablink-client-prod-vm-1,running,Healthy,1,1788390738.0,1788390767.0,1788390905.0,1788391113.0,1788391050.0,1788391124.0,311.0,1788390768.128852,1788391127.40029,1788391668.343275,i-0d4ebb2bfcef19f31
1788391670.7216482,10,1,ghcr.io/talmolab/lablink-client-base-image:linux-amd64-test@sha256:1ec2fde6860186b3d45ac83890167258f83512955dbce65f072d4e8c310cb9de,0.37648844718933105,sleap-lablink-client-prod-vm-10,running,Healthy,1,1788390738.0,1788390767.0,1788390902.0,1788391108.0,1788391046.0,1788391114.0,303.0,1788390768.130117,1788391127.408882,1788391659.011542,i-073b86b279423b5ed
1788391670.7216482,10,1,ghcr.io/talmolab/lablink-client-base-image:linux-amd64-test@sha256:1ec2fde6860186b3d45ac83890167258f83512955dbce65f072d4e8c310cb9de,0.37648844718933105,sleap-lablink-client-prod-vm-2,running,Healthy,0,1788390738.0,1788390767.0,1788390813.0,1788391011.0,1788390949.0,1788391016.0,294.0,1788390768.130938,1788391127.407519,1788391651.712967,i-02f122d3eea1c2ca0
1788391670.7216482,10,1,ghcr.io/talmolab/lablink-client-base-image:linux-amd64-test@sha256:1ec2fde6860186b3d45ac83890167258f83512955dbce65f072d4e8c310cb9de,0.37648844718933105,sleap-lablink-client-prod-vm-3,running,Healthy,0,1788390738.0,1788390767.0,1788390814.0,1788391004.0,1788390941.0,1788391018.0,296.0,1788390768.131762,1788391127.452474,1788391652.304761,i-04f09804c45834c8a
1788391670.7216482,10,1,ghcr.io/talmolab/lablink-client-base-image:linux-amd64-test@sha256:1ec2fde6860186b3d45ac83890167258f83512955dbce65f072d4e8c310cb9de,0.37648844718933105,sleap-lablink-client-prod-vm-4,running,Healthy,0,1788390738.0,1788390767.0,1788390813.0,1788391010.0,1788390947.0,1788391022.0,301.0,1788390768.132688,1788391127.453282,1788391656.955659,i-0b5a2f80e58b1f49e
1788391670.7216482,10,1,ghcr.io/talmolab/lablink-client-base-image:linux-amd64-test@sha256:1ec2fde6860186b3d45ac83890167258f83512955dbce65f072d4e8c310cb9de,0.37648844718933105,sleap-lablink-client-prod-vm-5,running,Healthy,0,1788390738.0,1788390767.0,1788390814.0,1788391012.0,1788390949.0,1788391024.0,302.0,1788390768.133418,1788391127.470972,1788391658.053432,i-011c62511afd69360
1788391670.7216482,10,1,ghcr.io/talmolab/lablink-client-base-image:linux-amd64-test@sha256:1ec2fde6860186b3d45ac83890167258f83512955dbce65f072d4e8c310cb9de,0.37648844718933105,sleap-lablink-client-prod-vm-6,running,Healthy,0,1788390738.0,1788390767.0,1788390814.0,1788391011.0,1788390949.0,1788391022.0,299.0,1788390768.134149,1788391127.454231,1788391657.088531,i-0cceae5b4237000da
1788391670.7216482,10,1,ghcr.io/talmolab/lablink-client-base-image:linux-amd64-test@sha256:1ec2fde6860186b3d45ac83890167258f83512955dbce65f072d4e8c310cb9de,0.37648844718933105,sleap-lablink-client-prod-vm-7,running,Healthy,0,1788390738.0,1788390767.0,1788390813.0,1788391004.0,1788390941.0,1788391016.0,295.0,1788390768.13509,1788391127.485072,1788391651.610151,i-04223bbc5c5f842c7
1788391670.7216482,10,1,ghcr.io/talmolab/lablink-client-base-image:linux-amd64-test@sha256:1ec2fde6860186b3d45ac83890167258f83512955dbce65f072d4e8c310cb9de,0.37648844718933105,sleap-lablink-client-prod-vm-8,running,Healthy,0,1788390738.0,1788390767.0,1788390809.0,1788391003.0,1788390941.0,1788391017.0,299.0,1788390768.135877,1788391127.491438,1788391650.969668,i-0798ccd89f26d7cda
1788391670.7216482,10,1,ghcr.io/talmolab/lablink-client-base-image:linux-amd64-test@sha256:1ec2fde6860186b3d45ac83890167258f83512955dbce65f072d4e8c310cb9de,0.37648844718933105,sleap-lablink-client-prod-vm-9,running,Healthy,0,1788390738.0,1788390767.0,1788390813.0,1788391010.0,1788390948.0,1788391021.0,299.0,1788390768.136603,1788391127.503832,1788391655.281388,i-0ae3bdc8eb0227987
1788391675.6580648,10,1,ghcr.io/talmolab/lablink-client-base-image:linux-amd64-test@sha256:1ec2fde6860186b3d45ac83890167258f83512955dbce65f072d4e8c310cb9de,0.37648844718933105,sleap-lablink-client-prod-vm-1,running,Healthy,1,1788390738.0,1788390767.0,1788390905.0,1788391113.0,1788391050.0,1788391124.0,311.0,1788390768.128852,1788391127.40029,1788391668.343275,i-0d4ebb2bfcef19f31
1788391675.6580648,10,1,ghcr.io/talmolab/lablink-client-base-image:linux-amd64-test@sha256:1ec2fde6860186b3d45ac83890167258f83512955dbce65f072d4e8c310cb9de,0.37648844718933105,sleap-lablink-client-prod-vm-10,running,Healthy,1,1788390738.0,1788390767.0,1788390902.0,1788391108.0,1788391046.0,1788391114.0,303.0,1788390768.130117,1788391127.408882,1788391659.011542,i-073b86b279423b5ed
1788391675.6580648,10,1,ghcr.io/talmolab/lablink-client-base-image:linux-amd64-test@sha256:1ec2fde6860186b3d45ac83890167258f83512955dbce65f072d4e8c310cb9de,0.37648844718933105,sleap-lablink-client-prod-vm-2,running,Healthy,0,1788390738.0,1788390767.0,1788390813.0,1788391011.0,1788390949.0,1788391016.0,294.0,1788390768.130938,1788391127.407519,1788391651.712967,i-02f122d3eea1c2ca0
1788391675.6580648,10,1,ghcr.io/talmolab/lablink-client-base-image:linux-amd64-test@sha256:1ec2fde6860186b3d45ac83890167258f83512955dbce65f072d4e8c310cb9de,0.37648844718933105,sleap-lablink-client-prod-vm-3,running,Healthy,0,1788390738.0,1788390767.0,1788390814.0,1788391004.0,1788390941.0,1788391018.0,296.0,1788390768.131762,1788391127.452474,1788391652.304761,i-04f09804c45834c8a
1788391675.6580648,10,1,ghcr.io/talmolab/lablink-client-base-image:linux-amd64-test@sha256:1ec2fde6860186b3d45ac83890167258f83512955dbce65f072d4e8c310cb9de,0.37648844718933105,sleap-lablink-client-prod-vm-4,running,Healthy,0,1788390738.0,1788390767.0,1788390813.0,1788391010.0,1788390947.0,1788391022.0,301.0,1788390768.132688,1788391127.453282,1788391656.955659,i-0b5a2f80e58b1f49e
1788391675.6580648,10,1,ghcr.io/talmolab/lablink-client-base-image:linux-amd64-test@sha256:1ec2fde6860186b3d45ac83890167258f83512955dbce65f072d4e8c310cb9de,0.37648844718933105,sleap-lablink-client-prod-vm-5,running,Healthy,0,1788390738.0,1788390767.0,1788390814.0,1788391012.0,1788390949.0,1788391024.0,302.0,1788390768.133418,1788391127.470972,1788391658.053432,i-011c62511afd69360
1788391675.6580648,10,1,ghcr.io/talmolab/lablink-client-base-image:linux-amd64-test@sha256:1ec2fde6860186b3d45ac83890167258f83512955dbce65f072d4e8c310cb9de,0.37648844718933105,sleap-lablink-client-prod-vm-6,running,Healthy,0,1788390738.0,1788390767.0,1788390814.0,1788391011.0,1788390949.0,1788391022.0,299.0,1788390768.134149,1788391127.454231,1788391657.088531,i-0cceae5b4237000da
1788391675.6580648,10,1,ghcr.io/talmolab/lablink-client-base-image:linux-amd64-test@sha256:1ec2fde6860186b3d45ac83890167258f83512955dbce65f072d4e8c310cb9de,0.37648844718933105,sleap-lablink-client-prod-vm-7,running,Healthy,0,1788390738.0,1788390767.0,1788390813.0,1788391004.0,1788390941.0,1788391016.0,295.0,1788390768.13509,1788391127.485072,1788391651.610151,i-04223bbc5c5f842c7
1788391675.6580648,10,1,ghcr.io/talmolab/lablink-client-base-image:linux-amd64-test@sha256:1ec2fde6860186b3d45ac83890167258f83512955dbce65f072d4e8c310cb9de,0.37648844718933105,sleap-lablink-client-prod-vm-8,running,Healthy,0,1788390738.0,1788390767.0,1788390809.0,1788391003.0,1788390941.0,1788391017.0,299.0,1788390768.135877,1788391127.491438,1788391650.969668,i-0798ccd89f26d7cda
1788391675.6580648,10,1,ghcr.io/talmolab/lablink-client-base-image:linux-amd64-test@sha256:1ec2fde6860186b3d45ac83890167258f83512955dbce65f072d4e8c310cb9de,0.37648844718933105,sleap-lablink-client-prod-vm-9,running,Healthy,0,1788390738.0,1788390767.0,1788390813.0,1788391010.0,1788390948.0,1788391021.0,299.0,1788390768.136603,1788391127.503832,1788391655.281388,i-0ae3bdc8eb0227987
1788391680.7015018,10,1,ghcr.io/talmolab/lablink-client-base-image:linux-amd64-test@sha256:1ec2fde6860186b3d45ac83890167258f83512955dbce65f072d4e8c310cb9de,0.37648844718933105,sleap-lablink-client-prod-vm-1,running,Healthy,1,1788390738.0,1788390767.0,1788390905.0,1788391113.0,1788391050.0,1788391124.0,311.0,1788390768.128852,1788391127.40029,1788391668.343275,i-0d4ebb2bfcef19f31
1788391680.7015018,10,1,ghcr.io/talmolab/lablink-client-base-image:linux-amd64-test@sha256:1ec2fde6860186b3d45ac83890167258f83512955dbce65f072d4e8c310cb9de,0.37648844718933105,sleap-lablink-client-prod-vm-10,running,Healthy,1,1788390738.0,1788390767.0,1788390902.0,1788391108.0,1788391046.0,1788391114.0,303.0,1788390768.130117,1788391127.408882,1788391659.011542,i-073b86b279423b5ed
1788391680.7015018,10,1,ghcr.io/talmolab/lablink-client-base-image:linux-amd64-test@sha256:1ec2fde6860186b3d45ac83890167258f83512955dbce65f072d4e8c310cb9de,0.37648844718933105,sleap-lablink-client-prod-vm-2,running,Healthy,0,1788390738.0,1788390767.0,1788390813.0,1788391011.0,1788390949.0,1788391016.0,294.0,1788390768.130938,1788391127.407519,1788391651.712967,i-02f122d3eea1c2ca0
1788391680.7015018,10,1,ghcr.io/talmolab/lablink-client-base-image:linux-amd64-test@sha256:1ec2fde6860186b3d45ac83890167258f83512955dbce65f072d4e8c310cb9de,0.37648844718933105,sleap-lablink-client-prod-vm-3,running,Healthy,0,1788390738.0,1788390767.0,1788390814.0,1788391004.0,1788390941.0,1788391018.0,296.0,1788390768.131762,1788391127.452474,1788391652.304761,i-04f09804c45834c8a
1788391680.7015018,10,1,ghcr.io/talmolab/lablink-client-base-image:linux-amd64-test@sha256:1ec2fde6860186b3d45ac83890167258f83512955dbce65f072d4e8c310cb9de,0.37648844718933105,sleap-lablink-client-prod-vm-4,running,Healthy,0,1788390738.0,1788390767.0,1788390813.0,1788391010.0,1788390947.0,1788391022.0,301.0,1788390768.132688,1788391127.453282,1788391656.955659,i-0b5a2f80e58b1f49e
1788391680.7015018,10,1,ghcr.io/talmolab/lablink-client-base-image:linux-amd64-test@sha256:1ec2fde6860186b3d45ac83890167258f83512955dbce65f072d4e8c310cb9de,0.37648844718933105,sleap-lablink-client-prod-vm-5,running,Healthy,0,1788390738.0,1788390767.0,1788390814.0,1788391012.0,1788390949.0,1788391024.0,302.0,1788390768.133418,1788391127.470972,1788391658.053432,i-011c62511afd69360
1788391680.7015018,10,1,ghcr.io/talmolab/lablink-client-base-image:linux-amd64-test@sha256:1ec2fde6860186b3d45ac83890167258f83512955dbce65f072d4e8c310cb9de,0.37648844718933105,sleap-lablink-client-prod-vm-6,running,Healthy,0,1788390738.0,1788390767.0,1788390814.0,1788391011.0,1788390949.0,1788391022.0,299.0,1788390768.134149,1788391127.454231,1788391657.088531,i-0cceae5b4237000da
1788391680.7015018,10,1,ghcr.io/talmolab/lablink-client-base-image:linux-amd64-test@sha256:1ec2fde6860186b3d45ac83890167258f83512955dbce65f072d4e8c310cb9de,0.37648844718933105,sleap-lablink-client-prod-vm-7,running,Healthy,0,1788390738.0,1788390767.0,1788390813.0,1788391004.0,1788390941.0,1788391016.0,295.0,1788390768.13509,1788391127.485072,1788391651.610151,i-04223bbc5c5f842c7
1788391680.7015018,10,1,ghcr.io/talmolab/lablink-client-base-image:linux-amd64-test@sha256:1ec2fde6860186b3d45ac83890167258f83512955dbce65f072d4e8c310cb9de,0.37648844718933105,sleap-lablink-client-prod-vm-8,running,Healthy,0,1788390738.0,1788390767.0,1788390809.0,1788391003.0,1788390941.0,1788391017.0,299.0,1788390768.135877,1788391127.491438,1788391650.969668,i-0798ccd89f26d7cda
1788391680.7015018,10,1,ghcr.io/talmolab/lablink-client-base-image:linux-amd64-test@sha256:1ec2fde6860186b3d45ac83890167258f83512955dbce65f072d4e8c310cb9de,0.37648844718933105,sleap-lablink-client-prod-vm-9,running,Healthy,0,1788390738.0,1788390767.0,1788390813.0,1788391010.0,1788390948.0,1788391021.0,299.0,1788390768.136603,1788391127.503832,1788391655.281388,i-0ae3bdc8eb0227987
1788391685.709624,10,1,ghcr.io/talmolab/lablink-client-base-image:linux-amd64-test@sha256:1ec2fde6860186b3d45ac83890167258f83512955dbce65f072d4e8c310cb9de,0.37648844718933105,sleap-lablink-client-prod-vm-1,running,Healthy,1,1788390738.0,1788390767.0,1788390905.0,1788391113.0,1788391050.0,1788391124.0,311.0,1788390768.128852,1788391127.40029,1788391668.343275,i-0d4ebb2bfcef19f31
1788391685.709624,10,1,ghcr.io/talmolab/lablink-client-base-image:linux-amd64-test@sha256:1ec2fde6860186b3d45ac83890167258f83512955dbce65f072d4e8c310cb9de,0.37648844718933105,sleap-lablink-client-prod-vm-10,running,Healthy,1,1788390738.0,1788390767.0,1788390902.0,1788391108.0,1788391046.0,1788391114.0,303.0,1788390768.130117,1788391127.408882,1788391659.011542,i-073b86b279423b5ed
1788391685.709624,10,1,ghcr.io/talmolab/lablink-client-base-image:linux-amd64-test@sha256:1ec2fde6860186b3d45ac83890167258f83512955dbce65f072d4e8c310cb9de,0.37648844718933105,sleap-lablink-client-prod-vm-2,running,Healthy,0,1788390738.0,1788390767.0,1788390813.0,1788391011.0,1788390949.0,1788391016.0,294.0,1788390768.130938,1788391127.407519,1788391681.929589,i-02f122d3eea1c2ca0
1788391685.709624,10,1,ghcr.io/talmolab/lablink-client-base-image:linux-amd64-test@sha256:1ec2fde6860186b3d45ac83890167258f83512955dbce65f072d4e8c310cb9de,0.37648844718933105,sleap-lablink-client-prod-vm-3,running,Healthy,0,1788390738.0,1788390767.0,1788390814.0,1788391004.0,1788390941.0,1788391018.0,296.0,1788390768.131762,1788391127.452474,1788391682.476479,i-04f09804c45834c8a
1788391685.709624,10,1,ghcr.io/talmolab/lablink-client-base-image:linux-amd64-test@sha256:1ec2fde6860186b3d45ac83890167258f83512955dbce65f072d4e8c310cb9de,0.37648844718933105,sleap-lablink-client-prod-vm-4,running,Healthy,0,1788390738.0,1788390767.0,1788390813.0,1788391010.0,1788390947.0,1788391022.0,301.0,1788390768.132688,1788391127.453282,1788391656.955659,i-0b5a2f80e58b1f49e
1788391685.709624,10,1,ghcr.io/talmolab/lablink-client-base-image:linux-amd64-test@sha256:1ec2fde6860186b3d45ac83890167258f83512955dbce65f072d4e8c310cb9de,0.37648844718933105,sleap-lablink-client-prod-vm-5,running,Healthy,0,1788390738.0,1788390767.0,1788390814.0,1788391012.0,1788390949.0,1788391024.0,302.0,1788390768.133418,1788391127.470972,1788391658.053432,i-011c62511afd69360
1788391685.709624,10,1,ghcr.io/talmolab/lablink-client-base-image:linux-amd64-test@sha256:1ec2fde6860186b3d45ac83890167258f83512955dbce65f072d4e8c310cb9de,0.37648844718933105,sleap-lablink-client-prod-vm-6,running,Healthy,0,1788390738.0,1788390767.0,1788390814.0,1788391011.0,1788390949.0,1788391022.0,299.0,1788390768.134149,1788391127.454231,1788391657.088531,i-0cceae5b4237000da
1788391685.709624,10,1,ghcr.io/talmolab/lablink-client-base-image:linux-amd64-test@sha256:1ec2fde6860186b3d45ac83890167258f83512955dbce65f072d4e8c310cb9de,0.37648844718933105,sleap-lablink-client-prod-vm-7,running,Healthy,0,1788390738.0,1788390767.0,1788390813.0,1788391004.0,1788390941.0,1788391016.0,295.0,1788390768.13509,1788391127.485072,1788391681.820843,i-04223bbc5c5f842c7
1788391685.709624,10,1,ghcr.io/talmolab/lablink-client-base-image:linux-amd64-test@sha256:1ec2fde6860186b3d45ac83890167258f83512955dbce65f072d4e8c310cb9de,0.37648844718933105,sleap-lablink-client-prod-vm-8,running,Healthy,0,1788390738.0,1788390767.0,1788390809.0,1788391003.0,1788390941.0,1788391017.0,299.0,1788390768.135877,1788391127.491438,1788391681.14491,i-0798ccd89f26d7cda
1788391685.709624,10,1,ghcr.io/talmolab/lablink-client-base-image:linux-amd64-test@sha256:1ec2fde6860186b3d45ac83890167258f83512955dbce65f072d4e8c310cb9de,0.37648844718933105,sleap-lablink-client-prod-vm-9,running,Healthy,0,1788390738.0,1788390767.0,1788390813.0,1788391010.0,1788390948.0,1788391021.0,299.0,1788390768.136603,1788391127.503832,1788391685.454013,i-0ae3bdc8eb0227987
1788391690.691753,10,1,ghcr.io/talmolab/lablink-client-base-image:linux-amd64-test@sha256:1ec2fde6860186b3d45ac83890167258f83512955dbce65f072d4e8c310cb9de,0.37648844718933105,sleap-lablink-client-prod-vm-1,running,Healthy,1,1788390738.0,1788390767.0,1788390905.0,1788391113.0,1788391050.0,1788391124.0,311.0,1788390768.128852,1788391127.40029,1788391668.343275,i-0d4ebb2bfcef19f31
1788391690.691753,10,1,ghcr.io/talmolab/lablink-client-base-image:linux-amd64-test@sha256:1ec2fde6860186b3d45ac83890167258f83512955dbce65f072d4e8c310cb9de,0.37648844718933105,sleap-lablink-client-prod-vm-10,running,Healthy,1,1788390738.0,1788390767.0,1788390902.0,1788391108.0,1788391046.0,1788391114.0,303.0,1788390768.130117,1788391127.408882,1788391689.03254,i-073b86b279423b5ed
1788391690.691753,10,1,ghcr.io/talmolab/lablink-client-base-image:linux-amd64-test@sha256:1ec2fde6860186b3d45ac83890167258f83512955dbce65f072d4e8c310cb9de,0.37648844718933105,sleap-lablink-client-prod-vm-2,running,Healthy,0,1788390738.0,1788390767.0,1788390813.0,1788391011.0,1788390949.0,1788391016.0,294.0,1788390768.130938,1788391127.407519,1788391681.929589,i-02f122d3eea1c2ca0
1788391690.691753,10,1,ghcr.io/talmolab/lablink-client-base-image:linux-amd64-test@sha256:1ec2fde6860186b3d45ac83890167258f83512955dbce65f072d4e8c310cb9de,0.37648844718933105,sleap-lablink-client-prod-vm-3,running,Healthy,0,1788390738.0,1788390767.0,1788390814.0,1788391004.0,1788390941.0,1788391018.0,296.0,1788390768.131762,1788391127.452474,1788391682.476479,i-04f09804c45834c8a
1788391690.691753,10,1,ghcr.io/talmolab/lablink-client-base-image:linux-amd64-test@sha256:1ec2fde6860186b3d45ac83890167258f83512955dbce65f072d4e8c310cb9de,0.37648844718933105,sleap-lablink-client-prod-vm-4,running,Healthy,0,1788390738.0,1788390767.0,1788390813.0,1788391010.0,1788390947.0,1788391022.0,301.0,1788390768.132688,1788391127.453282,1788391687.153179,i-0b5a2f80e58b1f49e
1788391690.691753,10,1,ghcr.io/talmolab/lablink-client-base-image:linux-amd64-test@sha256:1ec2fde6860186b3d45ac83890167258f83512955dbce65f072d4e8c310cb9de,0.37648844718933105,sleap-lablink-client-prod-vm-5,running,Healthy,0,1788390738.0,1788390767.0,1788390814.0,1788391012.0,1788390949.0,1788391024.0,302.0,1788390768.133418,1788391127.470972,1788391688.225543,i-011c62511afd69360
1788391690.691753,10,1,ghcr.io/talmolab/lablink-client-base-image:linux-amd64-test@sha256:1ec2fde6860186b3d45ac83890167258f83512955dbce65f072d4e8c310cb9de,0.37648844718933105,sleap-lablink-client-prod-vm-6,running,Healthy,0,1788390738.0,1788390767.0,1788390814.0,1788391011.0,1788390949.0,1788391022.0,299.0,1788390768.134149,1788391127.454231,1788391687.280565,i-0cceae5b4237000da
1788391690.691753,10,1,ghcr.io/talmolab/lablink-client-base-image:linux-amd64-test@sha256:1ec2fde6860186b3d45ac83890167258f83512955dbce65f072d4e8c310cb9de,0.37648844718933105,sleap-lablink-client-prod-vm-7,running,Healthy,0,1788390738.0,1788390767.0,1788390813.0,1788391004.0,1788390941.0,1788391016.0,295.0,1788390768.13509,1788391127.485072,1788391681.820843,i-04223bbc5c5f842c7
1788391690.691753,10,1,ghcr.io/talmolab/lablink-client-base-image:linux-amd64-test@sha256:1ec2fde6860186b3d45ac83890167258f83512955dbce65f072d4e8c310cb9de,0.37648844718933105,sleap-lablink-client-prod-vm-8,running,Healthy,0,1788390738.0,1788390767.0,1788390809.0,1788391003.0,1788390941.0,1788391017.0,299.0,1788390768.135877,1788391127.491438,1788391681.14491,i-0798ccd89f26d7cda
1788391690.691753,10,1,ghcr.io/talmolab/lablink-client-base-image:linux-amd64-test@sha256:1ec2fde6860186b3d45ac83890167258f83512955dbce65f072d4e8c310cb9de,0.37648844718933105,sleap-lablink-client-prod-vm-9,running,Healthy,0,1788390738.0,1788390767.0,1788390813.0,1788391010.0,1788390948.0,1788391021.0,299.0,1788390768.136603,1788391127.503832,1788391685.454013,i-0ae3bdc8eb0227987
1788391695.691137,10,1,ghcr.io/talmolab/lablink-client-base-image:linux-amd64-test@sha256:1ec2fde6860186b3d45ac83890167258f83512955dbce65f072d4e8c310cb9de,0.37648844718933105,sleap-lablink-client-prod-vm-1,running,Healthy,1,1788390738.0,1788390767.0,1788390905.0,1788391113.0,1788391050.0,1788391124.0,311.0,1788390768.128852,1788391127.40029,1788391668.343275,i-0d4ebb2bfcef19f31
1788391695.691137,10,1,ghcr.io/talmolab/lablink-client-base-image:linux-amd64-test@sha256:1ec2fde6860186b3d45ac83890167258f83512955dbce65f072d4e8c310cb9de,0.37648844718933105,sleap-lablink-client-prod-vm-10,running,Healthy,1,1788390738.0,1788390767.0,1788390902.0,1788391108.0,1788391046.0,1788391114.0,303.0,1788390768.130117,1788391127.408882,1788391689.03254,i-073b86b279423b5ed
1788391695.691137,10,1,ghcr.io/talmolab/lablink-client-base-image:linux-amd64-test@sha256:1ec2fde6860186b3d45ac83890167258f83512955dbce65f072d4e8c310cb9de,0.37648844718933105,sleap-lablink-client-prod-vm-2,running,Healthy,0,1788390738.0,1788390767.0,1788390813.0,1788391011.0,1788390949.0,1788391016.0,294.0,1788390768.130938,1788391127.407519,1788391681.929589,i-02f122d3eea1c2ca0
1788391695.691137,10,1,ghcr.io/talmolab/lablink-client-base-image:linux-amd64-test@sha256:1ec2fde6860186b3d45ac83890167258f83512955dbce65f072d4e8c310cb9de,0.37648844718933105,sleap-lablink-client-prod-vm-3,running,Healthy,0,1788390738.0,1788390767.0,1788390814.0,1788391004.0,1788390941.0,1788391018.0,296.0,1788390768.131762,1788391127.452474,1788391682.476479,i-04f09804c45834c8a
1788391695.691137,10,1,ghcr.io/talmolab/lablink-client-base-image:linux-amd64-test@sha256:1ec2fde6860186b3d45ac83890167258f83512955dbce65f072d4e8c310cb9de,0.37648844718933105,sleap-lablink-client-prod-vm-4,running,Healthy,0,1788390738.0,1788390767.0,1788390813.0,1788391010.0,1788390947.0,1788391022.0,301.0,1788390768.132688,1788391127.453282,1788391687.153179,i-0b5a2f80e58b1f49e
1788391695.691137,10,1,ghcr.io/talmolab/lablink-client-base-image:linux-amd64-test@sha256:1ec2fde6860186b3d45ac83890167258f83512955dbce65f072d4e8c310cb9de,0.37648844718933105,sleap-lablink-client-prod-vm-5,running,Healthy,0,1788390738.0,1788390767.0,1788390814.0,1788391012.0,1788390949.0,1788391024.0,302.0,1788390768.133418,1788391127.470972,1788391688.225543,i-011c62511afd69360
1788391695.691137,10,1,ghcr.io/talmolab/lablink-client-base-image:linux-amd64-test@sha256:1ec2fde6860186b3d45ac83890167258f83512955dbce65f072d4e8c310cb9de,0.37648844718933105,sleap-lablink-client-prod-vm-6,running,Healthy,0,1788390738.0,1788390767.0,1788390814.0,1788391011.0,1788390949.0,1788391022.0,299.0,1788390768.134149,1788391127.454231,1788391687.280565,i-0cceae5b4237000da
1788391695.691137,10,1,ghcr.io/talmolab/lablink-client-base-image:linux-amd64-test@sha256:1ec2fde6860186b3d45ac83890167258f83512955dbce65f072d4e8c310cb9de,0.37648844718933105,sleap-lablink-client-prod-vm-7,running,Healthy,0,1788390738.0,1788390767.0,1788390813.0,1788391004.0,1788390941.0,1788391016.0,295.0,1788390768.13509,1788391127.485072,1788391681.820843,i-04223bbc5c5f842c7
1788391695.691137,10,1,ghcr.io/talmolab/lablink-client-base-image:linux-amd64-test@sha256:1ec2fde6860186b3d45ac83890167258f83512955dbce65f072d4e8c310cb9de,0.37648844718933105,sleap-lablink-client-prod-vm-8,running,Healthy,0,1788390738.0,1788390767.0,1788390809.0,1788391003.0,1788390941.0,1788391017.0,299.0,1788390768.135877,1788391127.491438,1788391681.14491,i-0798ccd89f26d7cda
1788391695.691137,10,1,ghcr.io/talmolab/lablink-client-base-image:linux-amd64-test@sha256:1ec2fde6860186b3d45ac83890167258f83512955dbce65f072d4e8c310cb9de,0.37648844718933105,sleap-lablink-client-prod-vm-9,running,Healthy,0,1788390738.0,1788390767.0,1788390813.0,1788391010.0,1788390948.0,1788391021.0,299.0,1788390768.136603,1788391127.503832,1788391685.454013,i-0ae3bdc8eb0227987
1788391700.6799538,10,1,ghcr.io/talmolab/lablink-client-base-image:linux-amd64-test@sha256:1ec2fde6860186b3d45ac83890167258f83512955dbce65f072d4e8c310cb9de,0.37648844718933105,sleap-lablink-client-prod-vm-1,running,Healthy,1,1788390738.0,1788390767.0,1788390905.0,1788391113.0,1788391050.0,1788391124.0,311.0,1788390768.128852,1788391127.40029,1788391698.367576,i-0d4ebb2bfcef19f31
1788391700.6799538,10,1,ghcr.io/talmolab/lablink-client-base-image:linux-amd64-test@sha256:1ec2fde6860186b3d45ac83890167258f83512955dbce65f072d4e8c310cb9de,0.37648844718933105,sleap-lablink-client-prod-vm-10,running,Healthy,1,1788390738.0,1788390767.0,1788390902.0,1788391108.0,1788391046.0,1788391114.0,303.0,1788390768.130117,1788391127.408882,1788391689.03254,i-073b86b279423b5ed
1788391700.6799538,10,1,ghcr.io/talmolab/lablink-client-base-image:linux-amd64-test@sha256:1ec2fde6860186b3d45ac83890167258f83512955dbce65f072d4e8c310cb9de,0.37648844718933105,sleap-lablink-client-prod-vm-2,running,Healthy,0,1788390738.0,1788390767.0,1788390813.0,1788391011.0,1788390949.0,1788391016.0,294.0,1788390768.130938,1788391127.407519,1788391681.929589,i-02f122d3eea1c2ca0
1788391700.6799538,10,1,ghcr.io/talmolab/lablink-client-base-image:linux-amd64-test@sha256:1ec2fde6860186b3d45ac83890167258f83512955dbce65f072d4e8c310cb9de,0.37648844718933105,sleap-lablink-client-prod-vm-3,running,Healthy,0,1788390738.0,1788390767.0,1788390814.0,1788391004.0,1788390941.0,1788391018.0,296.0,1788390768.131762,1788391127.452474,1788391682.476479,i-04f09804c45834c8a
1788391700.6799538,10,1,ghcr.io/talmolab/lablink-client-base-image:linux-amd64-test@sha256:1ec2fde6860186b3d45ac83890167258f83512955dbce65f072d4e8c310cb9de,0.37648844718933105,sleap-lablink-client-prod-vm-4,running,Healthy,0,1788390738.0,1788390767.0,1788390813.0,1788391010.0,1788390947.0,1788391022.0,301.0,1788390768.132688,1788391127.453282,1788391687.153179,i-0b5a2f80e58b1f49e
1788391700.6799538,10,1,ghcr.io/talmolab/lablink-client-base-image:linux-amd64-test@sha256:1ec2fde6860186b3d45ac83890167258f83512955dbce65f072d4e8c310cb9de,0.37648844718933105,sleap-lablink-client-prod-vm-5,running,Healthy,0,1788390738.0,1788390767.0,1788390814.0,1788391012.0,1788390949.0,1788391024.0,302.0,1788390768.133418,1788391127.470972,1788391688.225543,i-011c62511afd69360
1788391700.6799538,10,1,ghcr.io/talmolab/lablink-client-base-image:linux-amd64-test@sha256:1ec2fde6860186b3d45ac83890167258f83512955dbce65f072d4e8c310cb9de,0.37648844718933105,sleap-lablink-client-prod-vm-6,running,Healthy,0,1788390738.0,1788390767.0,1788390814.0,1788391011.0,1788390949.0,1788391022.0,299.0,1788390768.134149,1788391127.454231,1788391687.280565,i-0cceae5b4237000da
1788391700.6799538,10,1,ghcr.io/talmolab/lablink-client-base-image:linux-amd64-test@sha256:1ec2fde6860186b3d45ac83890167258f83512955dbce65f072d4e8c310cb9de,0.37648844718933105,sleap-lablink-client-prod-vm-7,running,Healthy,0,1788390738.0,1788390767.0,1788390813.0,1788391004.0,1788390941.0,1788391016.0,295.0,1788390768.13509,1788391127.485072,1788391681.820843,i-04223bbc5c5f842c7
1788391700.6799538,10,1,ghcr.io/talmolab/lablink-client-base-image:linux-amd64-test@sha256:1ec2fde6860186b3d45ac83890167258f83512955dbce65f072d4e8c310cb9de,0.37648844718933105,sleap-lablink-client-prod-vm-8,running,Healthy,0,1788390738.0,1788390767.0,1788390809.0,1788391003.0,1788390941.0,1788391017.0,299.0,1788390768.135877,1788391127.491438,1788391681.14491,i-0798ccd89f26d7cda
1788391700.6799538,10,1,ghcr.io/talmolab/lablink-client-base-image:linux-amd64-test@sha256:1ec2fde6860186b3d45ac83890167258f83512955dbce65f072d4e8c310cb9de,0.37648844718933105,sleap-lablink-client-prod-vm-9,running,Healthy,0,1788390738.0,1788390767.0,1788390813.0,1788391010.0,1788390948.0,1788391021.0,299.0,1788390768.136603,1788391127.503832,1788391685.454013,i-0ae3bdc8eb0227987
1788391705.708748,10,1,ghcr.io/talmolab/lablink-client-base-image:linux-amd64-test@sha256:1ec2fde6860186b3d45ac83890167258f83512955dbce65f072d4e8c310cb9de,0.37648844718933105,sleap-lablink-client-prod-vm-1,running,Healthy,1,1788390738.0,1788390767.0,1788390905.0,1788391113.0,1788391050.0,1788391124.0,311.0,1788390768.128852,1788391127.40029,1788391698.367576,i-0d4ebb2bfcef19f31
1788391705.708748,10,1,ghcr.io/talmolab/lablink-client-base-image:linux-amd64-test@sha256:1ec2fde6860186b3d45ac83890167258f83512955dbce65f072d4e8c310cb9de,0.37648844718933105,sleap-lablink-client-prod-vm-10,running,Healthy,1,1788390738.0,1788390767.0,1788390902.0,1788391108.0,1788391046.0,1788391114.0,303.0,1788390768.130117,1788391127.408882,1788391689.03254,i-073b86b279423b5ed
1788391705.708748,10,1,ghcr.io/talmolab/lablink-client-base-image:linux-amd64-test@sha256:1ec2fde6860186b3d45ac83890167258f83512955dbce65f072d4e8c310cb9de,0.37648844718933105,sleap-lablink-client-prod-vm-2,running,Healthy,0,1788390738.0,1788390767.0,1788390813.0,1788391011.0,1788390949.0,1788391016.0,294.0,1788390768.130938,1788391127.407519,1788391681.929589,i-02f122d3eea1c2ca0
1788391705.708748,10,1,ghcr.io/talmolab/lablink-client-base-image:linux-amd64-test@sha256:1ec2fde6860186b3d45ac83890167258f83512955dbce65f072d4e8c310cb9de,0.37648844718933105,sleap-lablink-client-prod-vm-3,running,Healthy,0,1788390738.0,1788390767.0,1788390814.0,1788391004.0,1788390941.0,1788391018.0,296.0,1788390768.131762,1788391127.452474,1788391682.476479,i-04f09804c45834c8a
1788391705.708748,10,1,ghcr.io/talmolab/lablink-client-base-image:linux-amd64-test@sha256:1ec2fde6860186b3d45ac83890167258f83512955dbce65f072d4e8c310cb9de,0.37648844718933105,sleap-lablink-client-prod-vm-4,running,Healthy,0,1788390738.0,1788390767.0,1788390813.0,1788391010.0,1788390947.0,1788391022.0,301.0,1788390768.132688,1788391127.453282,1788391687.153179,i-0b5a2f80e58b1f49e
1788391705.708748,10,1,ghcr.io/talmolab/lablink-client-base-image:linux-amd64-test@sha256:1ec2fde6860186b3d45ac83890167258f83512955dbce65f072d4e8c310cb9de,0.37648844718933105,sleap-lablink-client-prod-vm-5,running,Healthy,0,1788390738.0,1788390767.0,1788390814.0,1788391012.0,1788390949.0,1788391024.0,302.0,1788390768.133418,1788391127.470972,1788391688.225543,i-011c62511afd69360
1788391705.708748,10,1,ghcr.io/talmolab/lablink-client-base-image:linux-amd64-test@sha256:1ec2fde6860186b3d45ac83890167258f83512955dbce65f072d4e8c310cb9de,0.37648844718933105,sleap-lablink-client-prod-vm-6,running,Healthy,0,1788390738.0,1788390767.0,1788390814.0,1788391011.0,1788390949.0,1788391022.0,299.0,1788390768.134149,1788391127.454231,1788391687.280565,i-0cceae5b4237000da
1788391705.708748,10,1,ghcr.io/talmolab/lablink-client-base-image:linux-amd64-test@sha256:1ec2fde6860186b3d45ac83890167258f83512955dbce65f072d4e8c310cb9de,0.37648844718933105,sleap-lablink-client-prod-vm-7,running,Healthy,0,1788390738.0,1788390767.0,1788390813.0,1788391004.0,1788390941.0,1788391016.0,295.0,1788390768.13509,1788391127.485072,1788391681.820843,i-04223bbc5c5f842c7
1788391705.708748,10,1,ghcr.io/talmolab/lablink-client-base-image:linux-amd64-test@sha256:1ec2fde6860186b3d45ac83890167258f83512955dbce65f072d4e8c310cb9de,0.37648844718933105,sleap-lablink-client-prod-vm-8,running,Healthy,0,1788390738.0,1788390767.0,1788390809.0,1788391003.0,1788390941.0,1788391017.0,299.0,1788390768.135877,1788391127.491438,1788391681.14491,i-0798ccd89f26d7cda
1788391705.708748,10,1,ghcr.io/talmolab/lablink-client-base-image:linux-amd64-test@sha256:1ec2fde6860186b3d45ac83890167258f83512955dbce65f072d4e8c310cb9de,0.37648844718933105,sleap-lablink-client-prod-vm-9,running,Healthy,0,1788390738.0,1788390767.0,1788390813.0,1788391010.0,1788390948.0,1788391021.0,299.0,1788390768.136603,1788391127.503832,1788391685.454013,i-0ae3bdc8eb0227987
1788391710.752426,10,1,ghcr.io/talmolab/lablink-client-base-image:linux-amd64-test@sha256:1ec2fde6860186b3d45ac83890167258f83512955dbce65f072d4e8c310cb9de,0.37648844718933105,sleap-lablink-client-prod-vm-1,running,Healthy,1,1788390738.0,1788390767.0,1788390905.0,1788391113.0,1788391050.0,1788391124.0,311.0,1788390768.128852,1788391127.40029,1788391698.367576,i-0d4ebb2bfcef19f31
1788391710.752426,10,1,ghcr.io/talmolab/lablink-client-base-image:linux-amd64-test@sha256:1ec2fde6860186b3d45ac83890167258f83512955dbce65f072d4e8c310cb9de,0.37648844718933105,sleap-lablink-client-prod-vm-10,running,Healthy,1,1788390738.0,1788390767.0,1788390902.0,1788391108.0,1788391046.0,1788391114.0,303.0,1788390768.130117,1788391127.408882,1788391689.03254,i-073b86b279423b5ed
1788391710.752426,10,1,ghcr.io/talmolab/lablink-client-base-image:linux-amd64-test@sha256:1ec2fde6860186b3d45ac83890167258f83512955dbce65f072d4e8c310cb9de,0.37648844718933105,sleap-lablink-client-prod-vm-2,running,Healthy,0,1788390738.0,1788390767.0,1788390813.0,1788391011.0,1788390949.0,1788391016.0,294.0,1788390768.130938,1788391127.407519,1788391681.929589,i-02f122d3eea1c2ca0
1788391710.752426,10,1,ghcr.io/talmolab/lablink-client-base-image:linux-amd64-test@sha256:1ec2fde6860186b3d45ac83890167258f83512955dbce65f072d4e8c310cb9de,0.37648844718933105,sleap-lablink-client-prod-vm-3,running,Healthy,0,1788390738.0,1788390767.0,1788390814.0,1788391004.0,1788390941.0,1788391018.0,296.0,1788390768.131762,1788391127.452474,1788391682.476479,i-04f09804c45834c8a
1788391710.752426,10,1,ghcr.io/talmolab/lablink-client-base-image:linux-amd64-test@sha256:1ec2fde6860186b3d45ac83890167258f83512955dbce65f072d4e8c310cb9de,0.37648844718933105,sleap-lablink-client-prod-vm-4,running,Healthy,0,1788390738.0,1788390767.0,1788390813.0,1788391010.0,1788390947.0,1788391022.0,301.0,1788390768.132688,1788391127.453282,1788391687.153179,i-0b5a2f80e58b1f49e
1788391710.752426,10,1,ghcr.io/talmolab/lablink-client-base-image:linux-amd64-test@sha256:1ec2fde6860186b3d45ac83890167258f83512955dbce65f072d4e8c310cb9de,0.37648844718933105,sleap-lablink-client-prod-vm-5,running,Healthy,0,1788390738.0,1788390767.0,1788390814.0,1788391012.0,1788390949.0,1788391024.0,302.0,1788390768.133418,1788391127.470972,1788391688.225543,i-011c62511afd69360
1788391710.752426,10,1,ghcr.io/talmolab/lablink-client-base-image:linux-amd64-test@sha256:1ec2fde6860186b3d45ac83890167258f83512955dbce65f072d4e8c310cb9de,0.37648844718933105,sleap-lablink-client-prod-vm-6,running,Healthy,0,1788390738.0,1788390767.0,1788390814.0,1788391011.0,1788390949.0,1788391022.0,299.0,1788390768.134149,1788391127.454231,1788391687.280565,i-0cceae5b4237000da
1788391710.752426,10,1,ghcr.io/talmolab/lablink-client-base-image:linux-amd64-test@sha256:1ec2fde6860186b3d45ac83890167258f83512955dbce65f072d4e8c310cb9de,0.37648844718933105,sleap-lablink-client-prod-vm-7,running,Healthy,0,1788390738.0,1788390767.0,1788390813.0,1788391004.0,1788390941.0,1788391016.0,295.0,1788390768.13509,1788391127.485072,1788391681.820843,i-04223bbc5c5f842c7
1788391710.752426,10,1,ghcr.io/talmolab/lablink-client-base-image:linux-amd64-test@sha256:1ec2fde6860186b3d45ac83890167258f83512955dbce65f072d4e8c310cb9de,0.37648844718933105,sleap-lablink-client-prod-vm-8,running,Healthy,0,1788390738.0,1788390767.0,1788390809.0,1788391003.0,1788390941.0,1788391017.0,299.0,1788390768.135877,1788391127.491438,1788391681.14491,i-0798ccd89f26d7cda
1788391710.752426,10,1,ghcr.io/talmolab/lablink-client-base-image:linux-amd64-test@sha256:1ec2fde6860186b3d45ac83890167258f83512955dbce65f072d4e8c310cb9de,0.37648844718933105,sleap-lablink-client-prod-vm-9,running,Healthy,0,1788390738.0,1788390767.0,1788390813.0,1788391010.0,1788390948.0,1788391021.0,299.0,1788390768.136603,1788391127.503832,1788391685.454013,i-0ae3bdc8eb0227987
1788391715.7018921,10,1,ghcr.io/talmolab/lablink-client-base-image:linux-amd64-test@sha256:1ec2fde6860186b3d45ac83890167258f83512955dbce65f072d4e8c310cb9de,0.37648844718933105,sleap-lablink-client-prod-vm-1,running,Healthy,1,1788390738.0,1788390767.0,1788390905.0,1788391113.0,1788391050.0,1788391124.0,311.0,1788390768.128852,1788391127.40029,1788391698.367576,i-0d4ebb2bfcef19f31
1788391715.7018921,10,1,ghcr.io/talmolab/lablink-client-base-image:linux-amd64-test@sha256:1ec2fde6860186b3d45ac83890167258f83512955dbce65f072d4e8c310cb9de,0.37648844718933105,sleap-lablink-client-prod-vm-10,running,Healthy,1,1788390738.0,1788390767.0,1788390902.0,1788391108.0,1788391046.0,1788391114.0,303.0,1788390768.130117,1788391127.408882,1788391689.03254,i-073b86b279423b5ed
1788391715.7018921,10,1,ghcr.io/talmolab/lablink-client-base-image:linux-amd64-test@sha256:1ec2fde6860186b3d45ac83890167258f83512955dbce65f072d4e8c310cb9de,0.37648844718933105,sleap-lablink-client-prod-vm-2,running,Healthy,0,1788390738.0,1788390767.0,1788390813.0,1788391011.0,1788390949.0,1788391016.0,294.0,1788390768.130938,1788391127.407519,1788391711.950262,i-02f122d3eea1c2ca0
1788391715.7018921,10,1,ghcr.io/talmolab/lablink-client-base-image:linux-amd64-test@sha256:1ec2fde6860186b3d45ac83890167258f83512955dbce65f072d4e8c310cb9de,0.37648844718933105,sleap-lablink-client-prod-vm-3,running,Healthy,0,1788390738.0,1788390767.0,1788390814.0,1788391004.0,1788390941.0,1788391018.0,296.0,1788390768.131762,1788391127.452474,1788391712.497001,i-04f09804c45834c8a
1788391715.7018921,10,1,ghcr.io/talmolab/lablink-client-base-image:linux-amd64-test@sha256:1ec2fde6860186b3d45ac83890167258f83512955dbce65f072d4e8c310cb9de,0.37648844718933105,sleap-lablink-client-prod-vm-4,running,Healthy,0,1788390738.0,1788390767.0,1788390813.0,1788391010.0,1788390947.0,1788391022.0,301.0,1788390768.132688,1788391127.453282,1788391687.153179,i-0b5a2f80e58b1f49e
1788391715.7018921,10,1,ghcr.io/talmolab/lablink-client-base-image:linux-amd64-test@sha256:1ec2fde6860186b3d45ac83890167258f83512955dbce65f072d4e8c310cb9de,0.37648844718933105,sleap-lablink-client-prod-vm-5,running,Healthy,0,1788390738.0,1788390767.0,1788390814.0,1788391012.0,1788390949.0,1788391024.0,302.0,1788390768.133418,1788391127.470972,1788391688.225543,i-011c62511afd69360
1788391715.7018921,10,1,ghcr.io/talmolab/lablink-client-base-image:linux-amd64-test@sha256:1ec2fde6860186b3d45ac83890167258f83512955dbce65f072d4e8c310cb9de,0.37648844718933105,sleap-lablink-client-prod-vm-6,running,Healthy,0,1788390738.0,1788390767.0,1788390814.0,1788391011.0,1788390949.0,1788391022.0,299.0,1788390768.134149,1788391127.454231,1788391687.280565,i-0cceae5b4237000da
1788391715.7018921,10,1,ghcr.io/talmolab/lablink-client-base-image:linux-amd64-test@sha256:1ec2fde6860186b3d45ac83890167258f83512955dbce65f072d4e8c310cb9de,0.37648844718933105,sleap-lablink-client-prod-vm-7,running,Healthy,0,1788390738.0,1788390767.0,1788390813.0,1788391004.0,1788390941.0,1788391016.0,295.0,1788390768.13509,1788391127.485072,1788391711.847125,i-04223bbc5c5f842c7
1788391715.7018921,10,1,ghcr.io/talmolab/lablink-client-base-image:linux-amd64-test@sha256:1ec2fde6860186b3d45ac83890167258f83512955dbce65f072d4e8c310cb9de,0.37648844718933105,sleap-lablink-client-prod-vm-8,running,Healthy,0,1788390738.0,1788390767.0,1788390809.0,1788391003.0,1788390941.0,1788391017.0,299.0,1788390768.135877,1788391127.491438,1788391711.165371,i-0798ccd89f26d7cda
1788391715.7018921,10,1,ghcr.io/talmolab/lablink-client-base-image:linux-amd64-test@sha256:1ec2fde6860186b3d45ac83890167258f83512955dbce65f072d4e8c310cb9de,0.37648844718933105,sleap-lablink-client-prod-vm-9,running,Healthy,0,1788390738.0,1788390767.0,1788390813.0,1788391010.0,1788390948.0,1788391021.0,299.0,1788390768.136603,1788391127.503832,1788391715.499783,i-0ae3bdc8eb0227987
1788391720.75243,10,1,ghcr.io/talmolab/lablink-client-base-image:linux-amd64-test@sha256:1ec2fde6860186b3d45ac83890167258f83512955dbce65f072d4e8c310cb9de,0.37648844718933105,sleap-lablink-client-prod-vm-1,running,Healthy,1,1788390738.0,1788390767.0,1788390905.0,1788391113.0,1788391050.0,1788391124.0,311.0,1788390768.128852,1788391127.40029,1788391698.367576,i-0d4ebb2bfcef19f31
1788391720.75243,10,1,ghcr.io/talmolab/lablink-client-base-image:linux-amd64-test@sha256:1ec2fde6860186b3d45ac83890167258f83512955dbce65f072d4e8c310cb9de,0.37648844718933105,sleap-lablink-client-prod-vm-10,running,Healthy,1,1788390738.0,1788390767.0,1788390902.0,1788391108.0,1788391046.0,1788391114.0,303.0,1788390768.130117,1788391127.408882,1788391719.228244,i-073b86b279423b5ed
1788391720.75243,10,1,ghcr.io/talmolab/lablink-client-base-image:linux-amd64-test@sha256:1ec2fde6860186b3d45ac83890167258f83512955dbce65f072d4e8c310cb9de,0.37648844718933105,sleap-lablink-client-prod-vm-2,running,Healthy,0,1788390738.0,1788390767.0,1788390813.0,1788391011.0,1788390949.0,1788391016.0,294.0,1788390768.130938,1788391127.407519,1788391711.950262,i-02f122d3eea1c2ca0
1788391720.75243,10,1,ghcr.io/talmolab/lablink-client-base-image:linux-amd64-test@sha256:1ec2fde6860186b3d45ac83890167258f83512955dbce65f072d4e8c310cb9de,0.37648844718933105,sleap-lablink-client-prod-vm-3,running,Healthy,0,1788390738.0,1788390767.0,1788390814.0,1788391004.0,1788390941.0,1788391018.0,296.0,1788390768.131762,1788391127.452474,1788391712.497001,i-04f09804c45834c8a
1788391720.75243,10,1,ghcr.io/talmolab/lablink-client-base-image:linux-amd64-test@sha256:1ec2fde6860186b3d45ac83890167258f83512955dbce65f072d4e8c310cb9de,0.37648844718933105,sleap-lablink-client-prod-vm-4,running,Healthy,0,1788390738.0,1788390767.0,1788390813.0,1788391010.0,1788390947.0,1788391022.0,301.0,1788390768.132688,1788391127.453282,1788391717.175268,i-0b5a2f80e58b1f49e
1788391720.75243,10,1,ghcr.io/talmolab/lablink-client-base-image:linux-amd64-test@sha256:1ec2fde6860186b3d45ac83890167258f83512955dbce65f072d4e8c310cb9de,0.37648844718933105,sleap-lablink-client-prod-vm-5,running,Healthy,0,1788390738.0,1788390767.0,1788390814.0,1788391012.0,1788390949.0,1788391024.0,302.0,1788390768.133418,1788391127.470972,1788391718.24777,i-011c62511afd69360
1788391720.75243,10,1,ghcr.io/talmolab/lablink-client-base-image:linux-amd64-test@sha256:1ec2fde6860186b3d45ac83890167258f83512955dbce65f072d4e8c310cb9de,0.37648844718933105,sleap-lablink-client-prod-vm-6,running,Healthy,0,1788390738.0,1788390767.0,1788390814.0,1788391011.0,1788390949.0,1788391022.0,299.0,1788390768.134149,1788391127.454231,1788391717.303851,i-0cceae5b4237000da
1788391720.75243,10,1,ghcr.io/talmolab/lablink-client-base-image:linux-amd64-test@sha256:1ec2fde6860186b3d45ac83890167258f83512955dbce65f072d4e8c310cb9de,0.37648844718933105,sleap-lablink-client-prod-vm-7,running,Healthy,0,1788390738.0,1788390767.0,1788390813.0,1788391004.0,1788390941.0,1788391016.0,295.0,1788390768.13509,1788391127.485072,1788391711.847125,i-04223bbc5c5f842c7
1788391720.75243,10,1,ghcr.io/talmolab/lablink-client-base-image:linux-amd64-test@sha256:1ec2fde6860186b3d45ac83890167258f83512955dbce65f072d4e8c310cb9de,0.37648844718933105,sleap-lablink-client-prod-vm-8,running,Healthy,0,1788390738.0,1788390767.0,1788390809.0,1788391003.0,1788390941.0,1788391017.0,299.0,1788390768.135877,1788391127.491438,1788391711.165371,i-0798ccd89f26d7cda
1788391720.75243,10,1,ghcr.io/talmolab/lablink-client-base-image:linux-amd64-test@sha256:1ec2fde6860186b3d45ac83890167258f83512955dbce65f072d4e8c310cb9de,0.37648844718933105,sleap-lablink-client-prod-vm-9,running,Healthy,0,1788390738.0,1788390767.0,1788390813.0,1788391010.0,1788390948.0,1788391021.0,299.0,1788390768.136603,1788391127.503832,1788391715.499783,i-0ae3bdc8eb0227987
1788391725.6620219,10,1,ghcr.io/talmolab/lablink-client-base-image:linux-amd64-test@sha256:1ec2fde6860186b3d45ac83890167258f83512955dbce65f072d4e8c310cb9de,0.37648844718933105,sleap-lablink-client-prod-vm-1,running,Healthy,1,1788390738.0,1788390767.0,1788390905.0,1788391113.0,1788391050.0,1788391124.0,311.0,1788390768.128852,1788391127.40029,1788391698.367576,i-0d4ebb2bfcef19f31
1788391725.6620219,10,1,ghcr.io/talmolab/lablink-client-base-image:linux-amd64-test@sha256:1ec2fde6860186b3d45ac83890167258f83512955dbce65f072d4e8c310cb9de,0.37648844718933105,sleap-lablink-client-prod-vm-10,running,Healthy,1,1788390738.0,1788390767.0,1788390902.0,1788391108.0,1788391046.0,1788391114.0,303.0,1788390768.130117,1788391127.408882,1788391719.228244,i-073b86b279423b5ed
1788391725.6620219,10,1,ghcr.io/talmolab/lablink-client-base-image:linux-amd64-test@sha256:1ec2fde6860186b3d45ac83890167258f83512955dbce65f072d4e8c310cb9de,0.37648844718933105,sleap-lablink-client-prod-vm-2,running,Healthy,0,1788390738.0,1788390767.0,1788390813.0,1788391011.0,1788390949.0,1788391016.0,294.0,1788390768.130938,1788391127.407519,1788391711.950262,i-02f122d3eea1c2ca0
1788391725.6620219,10,1,ghcr.io/talmolab/lablink-client-base-image:linux-amd64-test@sha256:1ec2fde6860186b3d45ac83890167258f83512955dbce65f072d4e8c310cb9de,0.37648844718933105,sleap-lablink-client-prod-vm-3,running,Healthy,0,1788390738.0,1788390767.0,1788390814.0,1788391004.0,1788390941.0,1788391018.0,296.0,1788390768.131762,1788391127.452474,1788391712.497001,i-04f09804c45834c8a
1788391725.6620219,10,1,ghcr.io/talmolab/lablink-client-base-image:linux-amd64-test@sha256:1ec2fde6860186b3d45ac83890167258f83512955dbce65f072d4e8c310cb9de,0.37648844718933105,sleap-lablink-client-prod-vm-4,running,Healthy,0,1788390738.0,1788390767.0,1788390813.0,1788391010.0,1788390947.0,1788391022.0,301.0,1788390768.132688,1788391127.453282,1788391717.175268,i-0b5a2f80e58b1f49e
1788391725.6620219,10,1,ghcr.io/talmolab/lablink-client-base-image:linux-amd64-test@sha256:1ec2fde6860186b3d45ac83890167258f83512955dbce65f072d4e8c310cb9de,0.37648844718933105,sleap-lablink-client-prod-vm-5,running,Healthy,0,1788390738.0,1788390767.0,1788390814.0,1788391012.0,1788390949.0,1788391024.0,302.0,1788390768.133418,1788391127.470972,1788391718.24777,i-011c62511afd69360
1788391725.6620219,10,1,ghcr.io/talmolab/lablink-client-base-image:linux-amd64-test@sha256:1ec2fde6860186b3d45ac83890167258f83512955dbce65f072d4e8c310cb9de,0.37648844718933105,sleap-lablink-client-prod-vm-6,running,Healthy,0,1788390738.0,1788390767.0,1788390814.0,1788391011.0,1788390949.0,1788391022.0,299.0,1788390768.134149,1788391127.454231,1788391717.303851,i-0cceae5b4237000da
1788391725.6620219,10,1,ghcr.io/talmolab/lablink-client-base-image:linux-amd64-test@sha256:1ec2fde6860186b3d45ac83890167258f83512955dbce65f072d4e8c310cb9de,0.37648844718933105,sleap-lablink-client-prod-vm-7,running,Healthy,0,1788390738.0,1788390767.0,1788390813.0,1788391004.0,1788390941.0,1788391016.0,295.0,1788390768.13509,1788391127.485072,1788391711.847125,i-04223bbc5c5f842c7
1788391725.6620219,10,1,ghcr.io/talmolab/lablink-client-base-image:linux-amd64-test@sha256:1ec2fde6860186b3d45ac83890167258f83512955dbce65f072d4e8c310cb9de,0.37648844718933105,sleap-lablink-client-prod-vm-8,running,Healthy,0,1788390738.0,1788390767.0,1788390809.0,1788391003.0,1788390941.0,1788391017.0,299.0,1788390768.135877,1788391127.491438,1788391711.165371,i-0798ccd89f26d7cda
1788391725.6620219,10,1,ghcr.io/talmolab/lablink-client-base-image:linux-amd64-test@sha256:1ec2fde6860186b3d45ac83890167258f83512955dbce65f072d4e8c310cb9de,0.37648844718933105,sleap-lablink-client-prod-vm-9,running,Healthy,0,1788390738.0,1788390767.0,1788390813.0,1788391010.0,1788390948.0,1788391021.0,299.0,1788390768.136603,1788391127.503832,1788391715.499783,i-0ae3bdc8eb0227987
1788391730.761579,10,1,ghcr.io/talmolab/lablink-client-base-image:linux-amd64-test@sha256:1ec2fde6860186b3d45ac83890167258f83512955dbce65f072d4e8c310cb9de,0.37648844718933105,sleap-lablink-client-prod-vm-1,running,Healthy,1,1788390738.0,1788390767.0,1788390905.0,1788391113.0,1788391050.0,1788391124.0,311.0,1788390768.128852,1788391127.40029,1788391728.563357,i-0d4ebb2bfcef19f31
1788391730.761579,10,1,ghcr.io/talmolab/lablink-client-base-image:linux-amd64-test@sha256:1ec2fde6860186b3d45ac83890167258f83512955dbce65f072d4e8c310cb9de,0.37648844718933105,sleap-lablink-client-prod-vm-10,running,Healthy,1,1788390738.0,1788390767.0,1788390902.0,1788391108.0,1788391046.0,1788391114.0,303.0,1788390768.130117,1788391127.408882,1788391719.228244,i-073b86b279423b5ed
1788391730.761579,10,1,ghcr.io/talmolab/lablink-client-base-image:linux-amd64-test@sha256:1ec2fde6860186b3d45ac83890167258f83512955dbce65f072d4e8c310cb9de,0.37648844718933105,sleap-lablink-client-prod-vm-2,running,Healthy,0,1788390738.0,1788390767.0,1788390813.0,1788391011.0,1788390949.0,1788391016.0,294.0,1788390768.130938,1788391127.407519,1788391711.950262,i-02f122d3eea1c2ca0
1788391730.761579,10,1,ghcr.io/talmolab/lablink-client-base-image:linux-amd64-test@sha256:1ec2fde6860186b3d45ac83890167258f83512955dbce65f072d4e8c310cb9de,0.37648844718933105,sleap-lablink-client-prod-vm-3,running,Healthy,0,1788390738.0,1788390767.0,1788390814.0,1788391004.0,1788390941.0,1788391018.0,296.0,1788390768.131762,1788391127.452474,1788391712.497001,i-04f09804c45834c8a
1788391730.761579,10,1,ghcr.io/talmolab/lablink-client-base-image:linux-amd64-test@sha256:1ec2fde6860186b3d45ac83890167258f83512955dbce65f072d4e8c310cb9de,0.37648844718933105,sleap-lablink-client-prod-vm-4,running,Healthy,0,1788390738.0,1788390767.0,1788390813.0,1788391010.0,1788390947.0,1788391022.0,301.0,1788390768.132688,1788391127.453282,1788391717.175268,i-0b5a2f80e58b1f49e
1788391730.761579,10,1,ghcr.io/talmolab/lablink-client-base-image:linux-amd64-test@sha256:1ec2fde6860186b3d45ac83890167258f83512955dbce65f072d4e8c310cb9de,0.37648844718933105,sleap-lablink-client-prod-vm-5,running,Healthy,0,1788390738.0,1788390767.0,1788390814.0,1788391012.0,1788390949.0,1788391024.0,302.0,1788390768.133418,1788391127.470972,1788391718.24777,i-011c62511afd69360
1788391730.761579,10,1,ghcr.io/talmolab/lablink-client-base-image:linux-amd64-test@sha256:1ec2fde6860186b3d45ac83890167258f83512955dbce65f072d4e8c310cb9de,0.37648844718933105,sleap-lablink-client-prod-vm-6,running,Healthy,0,1788390738.0,1788390767.0,1788390814.0,1788391011.0,1788390949.0,1788391022.0,299.0,1788390768.134149,1788391127.454231,1788391717.303851,i-0cceae5b4237000da
1788391730.761579,10,1,ghcr.io/talmolab/lablink-client-base-image:linux-amd64-test@sha256:1ec2fde6860186b3d45ac83890167258f83512955dbce65f072d4e8c310cb9de,0.37648844718933105,sleap-lablink-client-prod-vm-7,running,Healthy,0,1788390738.0,1788390767.0,1788390813.0,1788391004.0,1788390941.0,1788391016.0,295.0,1788390768.13509,1788391127.485072,1788391711.847125,i-04223bbc5c5f842c7
1788391730.761579,10,1,ghcr.io/talmolab/lablink-client-base-image:linux-amd64-test@sha256:1ec2fde6860186b3d45ac83890167258f83512955dbce65f072d4e8c310cb9de,0.37648844718933105,sleap-lablink-client-prod-vm-8,running,Healthy,0,1788390738.0,1788390767.0,1788390809.0,1788391003.0,1788390941.0,1788391017.0,299.0,1788390768.135877,1788391127.491438,1788391711.165371,i-0798ccd89f26d7cda
1788391730.761579,10,1,ghcr.io/talmolab/lablink-client-base-image:linux-amd64-test@sha256:1ec2fde6860186b3d45ac83890167258f83512955dbce65f072d4e8c310cb9de,0.37648844718933105,sleap-lablink-client-prod-vm-9,running,Healthy,0,1788390738.0,1788390767.0,1788390813.0,1788391010.0,1788390948.0,1788391021.0,299.0,1788390768.136603,1788391127.503832,1788391715.499783,i-0ae3bdc8eb0227987
1788391735.877175,10,1,ghcr.io/talmolab/lablink-client-base-image:linux-amd64-test@sha256:1ec2fde6860186b3d45ac83890167258f83512955dbce65f072d4e8c310cb9de,0.37648844718933105,sleap-lablink-client-prod-vm-1,running,Healthy,1,1788390738.0,1788390767.0,1788390905.0,1788391113.0,1788391050.0,1788391124.0,311.0,1788390768.128852,1788391127.40029,1788391728.563357,i-0d4ebb2bfcef19f31
1788391735.877175,10,1,ghcr.io/talmolab/lablink-client-base-image:linux-amd64-test@sha256:1ec2fde6860186b3d45ac83890167258f83512955dbce65f072d4e8c310cb9de,0.37648844718933105,sleap-lablink-client-prod-vm-10,running,Healthy,1,1788390738.0,1788390767.0,1788390902.0,1788391108.0,1788391046.0,1788391114.0,303.0,1788390768.130117,1788391127.408882,1788391719.228244,i-073b86b279423b5ed
1788391735.877175,10,1,ghcr.io/talmolab/lablink-client-base-image:linux-amd64-test@sha256:1ec2fde6860186b3d45ac83890167258f83512955dbce65f072d4e8c310cb9de,0.37648844718933105,sleap-lablink-client-prod-vm-2,running,Healthy,0,1788390738.0,1788390767.0,1788390813.0,1788391011.0,1788390949.0,1788391016.0,294.0,1788390768.130938,1788391127.407519,1788391711.950262,i-02f122d3eea1c2ca0
1788391735.877175,10,1,ghcr.io/talmolab/lablink-client-base-image:linux-amd64-test@sha256:1ec2fde6860186b3d45ac83890167258f83512955dbce65f072d4e8c310cb9de,0.37648844718933105,sleap-lablink-client-prod-vm-3,running,Healthy,0,1788390738.0,1788390767.0,1788390814.0,1788391004.0,1788390941.0,1788391018.0,296.0,1788390768.131762,1788391127.452474,1788391712.497001,i-04f09804c45834c8a
1788391735.877175,10,1,ghcr.io/talmolab/lablink-client-base-image:linux-amd64-test@sha256:1ec2fde6860186b3d45ac83890167258f83512955dbce65f072d4e8c310cb9de,0.37648844718933105,sleap-lablink-client-prod-vm-4,running,Healthy,0,1788390738.0,1788390767.0,1788390813.0,1788391010.0,1788390947.0,1788391022.0,301.0,1788390768.132688,1788391127.453282,1788391717.175268,i-0b5a2f80e58b1f49e
1788391735.877175,10,1,ghcr.io/talmolab/lablink-client-base-image:linux-amd64-test@sha256:1ec2fde6860186b3d45ac83890167258f83512955dbce65f072d4e8c310cb9de,0.37648844718933105,sleap-lablink-client-prod-vm-5,running,Healthy,0,1788390738.0,1788390767.0,1788390814.0,1788391012.0,1788390949.0,1788391024.0,302.0,1788390768.133418,1788391127.470972,1788391718.24777,i-011c62511afd69360
1788391735.877175,10,1,ghcr.io/talmolab/lablink-client-base-image:linux-amd64-test@sha256:1ec2fde6860186b3d45ac83890167258f83512955dbce65f072d4e8c310cb9de,0.37648844718933105,sleap-lablink-client-prod-vm-6,running,Healthy,0,1788390738.0,1788390767.0,1788390814.0,1788391011.0,1788390949.0,1788391022.0,299.0,1788390768.134149,1788391127.454231,1788391717.303851,i-0cceae5b4237000da
1788391735.877175,10,1,ghcr.io/talmolab/lablink-client-base-image:linux-amd64-test@sha256:1ec2fde6860186b3d45ac83890167258f83512955dbce65f072d4e8c310cb9de,0.37648844718933105,sleap-lablink-client-prod-vm-7,running,Healthy,0,1788390738.0,1788390767.0,1788390813.0,1788391004.0,1788390941.0,1788391016.0,295.0,1788390768.13509,1788391127.485072,1788391711.847125,i-04223bbc5c5f842c7
1788391735.877175,10,1,ghcr.io/talmolab/lablink-client-base-image:linux-amd64-test@sha256:1ec2fde6860186b3d45ac83890167258f83512955dbce65f072d4e8c310cb9de,0.37648844718933105,sleap-lablink-client-prod-vm-8,running,Healthy,0,1788390738.0,1788390767.0,1788390809.0,1788391003.0,1788390941.0,1788391017.0,299.0,1788390768.135877,1788391127.491438,1788391711.165371,i-0798ccd89f26d7cda
1788391735.877175,10,1,ghcr.io/talmolab/lablink-client-base-image:linux-amd64-test@sha256:1ec2fde6860186b3d45ac83890167258f83512955dbce65f072d4e8c310cb9de,0.37648844718933105,sleap-lablink-client-prod-vm-9,running,Healthy,0,1788390738.0,1788390767.0,1788390813.0,1788391010.0,1788390948.0,1788391021.0,299.0,1788390768.136603,1788391127.503832,1788391715.499783,i-0ae3bdc8eb0227987
1788391740.9830241,10,1,ghcr.io/talmolab/lablink-client-base-image:linux-amd64-test@sha256:1ec2fde6860186b3d45ac83890167258f83512955dbce65f072d4e8c310cb9de,0.37648844718933105,sleap-lablink-client-prod-vm-1,running,Healthy,1,1788390738.0,1788390767.0,1788390905.0,1788391113.0,1788391050.0,1788391124.0,311.0,1788390768.128852,1788391127.40029,1788391728.563357,i-0d4ebb2bfcef19f31
1788391740.9830241,10,1,ghcr.io/talmolab/lablink-client-base-image:linux-amd64-test@sha256:1ec2fde6860186b3d45ac83890167258f83512955dbce65f072d4e8c310cb9de,0.37648844718933105,sleap-lablink-client-prod-vm-10,running,Healthy,1,1788390738.0,1788390767.0,1788390902.0,1788391108.0,1788391046.0,1788391114.0,303.0,1788390768.130117,1788391127.408882,1788391719.228244,i-073b86b279423b5ed
1788391740.9830241,10,1,ghcr.io/talmolab/lablink-client-base-image:linux-amd64-test@sha256:1ec2fde6860186b3d45ac83890167258f83512955dbce65f072d4e8c310cb9de,0.37648844718933105,sleap-lablink-client-prod-vm-2,running,Healthy,0,1788390738.0,1788390767.0,1788390813.0,1788391011.0,1788390949.0,1788391016.0,294.0,1788390768.130938,1788391127.407519,1788391711.950262,i-02f122d3eea1c2ca0
1788391740.9830241,10,1,ghcr.io/talmolab/lablink-client-base-image:linux-amd64-test@sha256:1ec2fde6860186b3d45ac83890167258f83512955dbce65f072d4e8c310cb9de,0.37648844718933105,sleap-lablink-client-prod-vm-3,running,Healthy,0,1788390738.0,1788390767.0,1788390814.0,1788391004.0,1788390941.0,1788391018.0,296.0,1788390768.131762,1788391127.452474,1788391712.497001,i-04f09804c45834c8a
1788391740.9830241,10,1,ghcr.io/talmolab/lablink-client-base-image:linux-amd64-test@sha256:1ec2fde6860186b3d45ac83890167258f83512955dbce65f072d4e8c310cb9de,0.37648844718933105,sleap-lablink-client-prod-vm-4,running,Healthy,0,1788390738.0,1788390767.0,1788390813.0,1788391010.0,1788390947.0,1788391022.0,301.0,1788390768.132688,1788391127.453282,1788391717.175268,i-0b5a2f80e58b1f49e
1788391740.9830241,10,1,ghcr.io/talmolab/lablink-client-base-image:linux-amd64-test@sha256:1ec2fde6860186b3d45ac83890167258f83512955dbce65f072d4e8c310cb9de,0.37648844718933105,sleap-lablink-client-prod-vm-5,running,Healthy,0,1788390738.0,1788390767.0,1788390814.0,1788391012.0,1788390949.0,1788391024.0,302.0,1788390768.133418,1788391127.470972,1788391718.24777,i-011c62511afd69360
1788391740.9830241,10,1,ghcr.io/talmolab/lablink-client-base-image:linux-amd64-test@sha256:1ec2fde6860186b3d45ac83890167258f83512955dbce65f072d4e8c310cb9de,0.37648844718933105,sleap-lablink-client-prod-vm-6,running,Healthy,0,1788390738.0,1788390767.0,1788390814.0,1788391011.0,1788390949.0,1788391022.0,299.0,1788390768.134149,1788391127.454231,1788391717.303851,i-0cceae5b4237000da
1788391740.9830241,10,1,ghcr.io/talmolab/lablink-client-base-image:linux-amd64-test@sha256:1ec2fde6860186b3d45ac83890167258f83512955dbce65f072d4e8c310cb9de,0.37648844718933105,sleap-lablink-client-prod-vm-7,running,Healthy,0,1788390738.0,1788390767.0,1788390813.0,1788391004.0,1788390941.0,1788391016.0,295.0,1788390768.13509,1788391127.485072,1788391711.847125,i-04223bbc5c5f842c7
1788391740.9830241,10,1,ghcr.io/talmolab/lablink-client-base-image:linux-amd64-test@sha256:1ec2fde6860186b3d45ac83890167258f83512955dbce65f072d4e8c310cb9de,0.37648844718933105,sleap-lablink-client-prod-vm-8,running,Healthy,0,1788390738.0,1788390767.0,1788390809.0,1788391003.0,1788390941.0,1788391017.0,299.0,1788390768.135877,1788391127.491438,1788391711.165371,i-0798ccd89f26d7cda
1788391740.9830241,10,1,ghcr.io/talmolab/lablink-client-base-image:linux-amd64-test@sha256:1ec2fde6860186b3d45ac83890167258f83512955dbce65f072d4e8c310cb9de,0.37648844718933105,sleap-lablink-client-prod-vm-9,running,Healthy,0,1788390738.0,1788390767.0,1788390813.0,1788391010.0,1788390948.0,1788391021.0,299.0,1788390768.136603,1788391127.503832,1788391715.499783,i-0ae3bdc8eb0227987
1788391745.970397,10,1,ghcr.io/talmolab/lablink-client-base-image:linux-amd64-test@sha256:1ec2fde6860186b3d45ac83890167258f83512955dbce65f072d4e8c310cb9de,0.37648844718933105,sleap-lablink-client-prod-vm-1,running,Healthy,1,1788390738.0,1788390767.0,1788390905.0,1788391113.0,1788391050.0,1788391124.0,311.0,1788390768.128852,1788391127.40029,1788391728.563357,i-0d4ebb2bfcef19f31
1788391745.970397,10,1,ghcr.io/talmolab/lablink-client-base-image:linux-amd64-test@sha256:1ec2fde6860186b3d45ac83890167258f83512955dbce65f072d4e8c310cb9de,0.37648844718933105,sleap-lablink-client-prod-vm-10,running,Healthy,1,1788390738.0,1788390767.0,1788390902.0,1788391108.0,1788391046.0,1788391114.0,303.0,1788390768.130117,1788391127.408882,1788391719.228244,i-073b86b279423b5ed
1788391745.970397,10,1,ghcr.io/talmolab/lablink-client-base-image:linux-amd64-test@sha256:1ec2fde6860186b3d45ac83890167258f83512955dbce65f072d4e8c310cb9de,0.37648844718933105,sleap-lablink-client-prod-vm-2,running,Healthy,0,1788390738.0,1788390767.0,1788390813.0,1788391011.0,1788390949.0,1788391016.0,294.0,1788390768.130938,1788391127.407519,1788391742.29634,i-02f122d3eea1c2ca0
1788391745.970397,10,1,ghcr.io/talmolab/lablink-client-base-image:linux-amd64-test@sha256:1ec2fde6860186b3d45ac83890167258f83512955dbce65f072d4e8c310cb9de,0.37648844718933105,sleap-lablink-client-prod-vm-3,running,Healthy,0,1788390738.0,1788390767.0,1788390814.0,1788391004.0,1788390941.0,1788391018.0,296.0,1788390768.131762,1788391127.452474,1788391742.729919,i-04f09804c45834c8a
1788391745.970397,10,1,ghcr.io/talmolab/lablink-client-base-image:linux-amd64-test@sha256:1ec2fde6860186b3d45ac83890167258f83512955dbce65f072d4e8c310cb9de,0.37648844718933105,sleap-lablink-client-prod-vm-4,running,Healthy,0,1788390738.0,1788390767.0,1788390813.0,1788391010.0,1788390947.0,1788391022.0,301.0,1788390768.132688,1788391127.453282,1788391717.175268,i-0b5a2f80e58b1f49e
1788391745.970397,10,1,ghcr.io/talmolab/lablink-client-base-image:linux-amd64-test@sha256:1ec2fde6860186b3d45ac83890167258f83512955dbce65f072d4e8c310cb9de,0.37648844718933105,sleap-lablink-client-prod-vm-5,running,Healthy,0,1788390738.0,1788390767.0,1788390814.0,1788391012.0,1788390949.0,1788391024.0,302.0,1788390768.133418,1788391127.470972,1788391718.24777,i-011c62511afd69360
1788391745.970397,10,1,ghcr.io/talmolab/lablink-client-base-image:linux-amd64-test@sha256:1ec2fde6860186b3d45ac83890167258f83512955dbce65f072d4e8c310cb9de,0.37648844718933105,sleap-lablink-client-prod-vm-6,running,Healthy,0,1788390738.0,1788390767.0,1788390814.0,1788391011.0,1788390949.0,1788391022.0,299.0,1788390768.134149,1788391127.454231,1788391717.303851,i-0cceae5b4237000da
1788391745.970397,10,1,ghcr.io/talmolab/lablink-client-base-image:linux-amd64-test@sha256:1ec2fde6860186b3d45ac83890167258f83512955dbce65f072d4e8c310cb9de,0.37648844718933105,sleap-lablink-client-prod-vm-7,running,Healthy,0,1788390738.0,1788390767.0,1788390813.0,1788391004.0,1788390941.0,1788391016.0,295.0,1788390768.13509,1788391127.485072,1788391742.24548,i-04223bbc5c5f842c7
1788391745.970397,10,1,ghcr.io/talmolab/lablink-client-base-image:linux-amd64-test@sha256:1ec2fde6860186b3d45ac83890167258f83512955dbce65f072d4e8c310cb9de,0.37648844718933105,sleap-lablink-client-prod-vm-8,running,Healthy,0,1788390738.0,1788390767.0,1788390809.0,1788391003.0,1788390941.0,1788391017.0,299.0,1788390768.135877,1788391127.491438,1788391741.506624,i-0798ccd89f26d7cda
1788391745.970397,10,1,ghcr.io/talmolab/lablink-client-base-image:linux-amd64-test@sha256:1ec2fde6860186b3d45ac83890167258f83512955dbce65f072d4e8c310cb9de,0.37648844718933105,sleap-lablink-client-prod-vm-9,running,Healthy,0,1788390738.0,1788390767.0,1788390813.0,1788391010.0,1788390948.0,1788391021.0,299.0,1788390768.136603,1788391127.503832,1788391745.95919,i-0ae3bdc8eb0227987
1788391750.938219,10,1,ghcr.io/talmolab/lablink-client-base-image:linux-amd64-test@sha256:1ec2fde6860186b3d45ac83890167258f83512955dbce65f072d4e8c310cb9de,0.37648844718933105,sleap-lablink-client-prod-vm-1,running,Healthy,1,1788390738.0,1788390767.0,1788390905.0,1788391113.0,1788391050.0,1788391124.0,311.0,1788390768.128852,1788391127.40029,1788391728.563357,i-0d4ebb2bfcef19f31
1788391750.938219,10,1,ghcr.io/talmolab/lablink-client-base-image:linux-amd64-test@sha256:1ec2fde6860186b3d45ac83890167258f83512955dbce65f072d4e8c310cb9de,0.37648844718933105,sleap-lablink-client-prod-vm-10,running,Healthy,1,1788390738.0,1788390767.0,1788390902.0,1788391108.0,1788391046.0,1788391114.0,303.0,1788390768.130117,1788391127.408882,1788391749.249416,i-073b86b279423b5ed
1788391750.938219,10,1,ghcr.io/talmolab/lablink-client-base-image:linux-amd64-test@sha256:1ec2fde6860186b3d45ac83890167258f83512955dbce65f072d4e8c310cb9de,0.37648844718933105,sleap-lablink-client-prod-vm-2,running,Healthy,0,1788390738.0,1788390767.0,1788390813.0,1788391011.0,1788390949.0,1788391016.0,294.0,1788390768.130938,1788391127.407519,1788391742.29634,i-02f122d3eea1c2ca0
1788391750.938219,10,1,ghcr.io/talmolab/lablink-client-base-image:linux-amd64-test@sha256:1ec2fde6860186b3d45ac83890167258f83512955dbce65f072d4e8c310cb9de,0.37648844718933105,sleap-lablink-client-prod-vm-3,running,Healthy,0,1788390738.0,1788390767.0,1788390814.0,1788391004.0,1788390941.0,1788391018.0,296.0,1788390768.131762,1788391127.452474,1788391742.729919,i-04f09804c45834c8a
1788391750.938219,10,1,ghcr.io/talmolab/lablink-client-base-image:linux-amd64-test@sha256:1ec2fde6860186b3d45ac83890167258f83512955dbce65f072d4e8c310cb9de,0.37648844718933105,sleap-lablink-client-prod-vm-4,running,Healthy,0,1788390738.0,1788390767.0,1788390813.0,1788391010.0,1788390947.0,1788391022.0,301.0,1788390768.132688,1788391127.453282,1788391747.570198,i-0b5a2f80e58b1f49e
1788391750.938219,10,1,ghcr.io/talmolab/lablink-client-base-image:linux-amd64-test@sha256:1ec2fde6860186b3d45ac83890167258f83512955dbce65f072d4e8c310cb9de,0.37648844718933105,sleap-lablink-client-prod-vm-5,running,Healthy,0,1788390738.0,1788390767.0,1788390814.0,1788391012.0,1788390949.0,1788391024.0,302.0,1788390768.133418,1788391127.470972,1788391748.543962,i-011c62511afd69360
1788391750.938219,10,1,ghcr.io/talmolab/lablink-client-base-image:linux-amd64-test@sha256:1ec2fde6860186b3d45ac83890167258f83512955dbce65f072d4e8c310cb9de,0.37648844718933105,sleap-lablink-client-prod-vm-6,running,Healthy,0,1788390738.0,1788390767.0,1788390814.0,1788391011.0,1788390949.0,1788391022.0,299.0,1788390768.134149,1788391127.454231,1788391747.635328,i-0cceae5b4237000da
1788391750.938219,10,1,ghcr.io/talmolab/lablink-client-base-image:linux-amd64-test@sha256:1ec2fde6860186b3d45ac83890167258f83512955dbce65f072d4e8c310cb9de,0.37648844718933105,sleap-lablink-client-prod-vm-7,running,Healthy,0,1788390738.0,1788390767.0,1788390813.0,1788391004.0,1788390941.0,1788391016.0,295.0,1788390768.13509,1788391127.485072,1788391742.24548,i-04223bbc5c5f842c7
1788391750.938219,10,1,ghcr.io/talmolab/lablink-client-base-image:linux-amd64-test@sha256:1ec2fde6860186b3d45ac83890167258f83512955dbce65f072d4e8c310cb9de,0.37648844718933105,sleap-lablink-client-prod-vm-8,running,Healthy,0,1788390738.0,1788390767.0,1788390809.0,1788391003.0,1788390941.0,1788391017.0,299.0,1788390768.135877,1788391127.491438,1788391741.506624,i-0798ccd89f26d7cda
1788391750.938219,10,1,ghcr.io/talmolab/lablink-client-base-image:linux-amd64-test@sha256:1ec2fde6860186b3d45ac83890167258f83512955dbce65f072d4e8c310cb9de,0.37648844718933105,sleap-lablink-client-prod-vm-9,running,Healthy,0,1788390738.0,1788390767.0,1788390813.0,1788391010.0,1788390948.0,1788391021.0,299.0,1788390768.136603,1788391127.503832,1788391745.95919,i-0ae3bdc8eb0227987
1788391756.004489,10,1,ghcr.io/talmolab/lablink-client-base-image:linux-amd64-test@sha256:1ec2fde6860186b3d45ac83890167258f83512955dbce65f072d4e8c310cb9de,0.37648844718933105,sleap-lablink-client-prod-vm-1,running,Healthy,1,1788390738.0,1788390767.0,1788390905.0,1788391113.0,1788391050.0,1788391124.0,311.0,1788390768.128852,1788391127.40029,1788391728.563357,i-0d4ebb2bfcef19f31
1788391756.004489,10,1,ghcr.io/talmolab/lablink-client-base-image:linux-amd64-test@sha256:1ec2fde6860186b3d45ac83890167258f83512955dbce65f072d4e8c310cb9de,0.37648844718933105,sleap-lablink-client-prod-vm-10,running,Healthy,1,1788390738.0,1788390767.0,1788390902.0,1788391108.0,1788391046.0,1788391114.0,303.0,1788390768.130117,1788391127.408882,1788391749.249416,i-073b86b279423b5ed
1788391756.004489,10,1,ghcr.io/talmolab/lablink-client-base-image:linux-amd64-test@sha256:1ec2fde6860186b3d45ac83890167258f83512955dbce65f072d4e8c310cb9de,0.37648844718933105,sleap-lablink-client-prod-vm-2,running,Healthy,0,1788390738.0,1788390767.0,1788390813.0,1788391011.0,1788390949.0,1788391016.0,294.0,1788390768.130938,1788391127.407519,1788391742.29634,i-02f122d3eea1c2ca0
1788391756.004489,10,1,ghcr.io/talmolab/lablink-client-base-image:linux-amd64-test@sha256:1ec2fde6860186b3d45ac83890167258f83512955dbce65f072d4e8c310cb9de,0.37648844718933105,sleap-lablink-client-prod-vm-3,running,Healthy,0,1788390738.0,1788390767.0,1788390814.0,1788391004.0,1788390941.0,1788391018.0,296.0,1788390768.131762,1788391127.452474,1788391742.729919,i-04f09804c45834c8a
1788391756.004489,10,1,ghcr.io/talmolab/lablink-client-base-image:linux-amd64-test@sha256:1ec2fde6860186b3d45ac83890167258f83512955dbce65f072d4e8c310cb9de,0.37648844718933105,sleap-lablink-client-prod-vm-4,running,Healthy,0,1788390738.0,1788390767.0,1788390813.0,1788391010.0,1788390947.0,1788391022.0,301.0,1788390768.132688,1788391127.453282,1788391747.570198,i-0b5a2f80e58b1f49e
1788391756.004489,10,1,ghcr.io/talmolab/lablink-client-base-image:linux-amd64-test@sha256:1ec2fde6860186b3d45ac83890167258f83512955dbce65f072d4e8c310cb9de,0.37648844718933105,sleap-lablink-client-prod-vm-5,running,Healthy,0,1788390738.0,1788390767.0,1788390814.0,1788391012.0,1788390949.0,1788391024.0,302.0,1788390768.133418,1788391127.470972,1788391748.543962,i-011c62511afd69360
1788391756.004489,10,1,ghcr.io/talmolab/lablink-client-base-image:linux-amd64-test@sha256:1ec2fde6860186b3d45ac83890167258f83512955dbce65f072d4e8c310cb9de,0.37648844718933105,sleap-lablink-client-prod-vm-6,running,Healthy,0,1788390738.0,1788390767.0,1788390814.0,1788391011.0,1788390949.0,1788391022.0,299.0,1788390768.134149,1788391127.454231,1788391747.635328,i-0cceae5b4237000da
1788391756.004489,10,1,ghcr.io/talmolab/lablink-client-base-image:linux-amd64-test@sha256:1ec2fde6860186b3d45ac83890167258f83512955dbce65f072d4e8c310cb9de,0.37648844718933105,sleap-lablink-client-prod-vm-7,running,Healthy,0,1788390738.0,1788390767.0,1788390813.0,1788391004.0,1788390941.0,1788391016.0,295.0,1788390768.13509,1788391127.485072,1788391742.24548,i-04223bbc5c5f842c7
1788391756.004489,10,1,ghcr.io/talmolab/lablink-client-base-image:linux-amd64-test@sha256:1ec2fde6860186b3d45ac83890167258f83512955dbce65f072d4e8c310cb9de,0.37648844718933105,sleap-lablink-client-prod-vm-8,running,Healthy,0,1788390738.0,1788390767.0,1788390809.0,1788391003.0,1788390941.0,1788391017.0,299.0,1788390768.135877,1788391127.491438,1788391741.506624,i-0798ccd89f26d7cda
1788391756.004489,10,1,ghcr.io/talmolab/lablink-client-base-image:linux-amd64-test@sha256:1ec2fde6860186b3d45ac83890167258f83512955dbce65f072d4e8c310cb9de,0.37648844718933105,sleap-lablink-client-prod-vm-9,running,Healthy,0,1788390738.0,1788390767.0,1788390813.0,1788391010.0,1788390948.0,1788391021.0,299.0,1788390768.136603,1788391127.503832,1788391745.95919,i-0ae3bdc8eb0227987
1788391760.752456,10,1,ghcr.io/talmolab/lablink-client-base-image:linux-amd64-test@sha256:1ec2fde6860186b3d45ac83890167258f83512955dbce65f072d4e8c310cb9de,0.37648844718933105,sleap-lablink-client-prod-vm-1,running,Healthy,1,1788390738.0,1788390767.0,1788390905.0,1788391113.0,1788391050.0,1788391124.0,311.0,1788390768.128852,1788391127.40029,1788391728.563357,i-0d4ebb2bfcef19f31
1788391760.752456,10,1,ghcr.io/talmolab/lablink-client-base-image:linux-amd64-test@sha256:1ec2fde6860186b3d45ac83890167258f83512955dbce65f072d4e8c310cb9de,0.37648844718933105,sleap-lablink-client-prod-vm-10,running,Healthy,1,1788390738.0,1788390767.0,1788390902.0,1788391108.0,1788391046.0,1788391114.0,303.0,1788390768.130117,1788391127.408882,1788391749.249416,i-073b86b279423b5ed
1788391760.752456,10,1,ghcr.io/talmolab/lablink-client-base-image:linux-amd64-test@sha256:1ec2fde6860186b3d45ac83890167258f83512955dbce65f072d4e8c310cb9de,0.37648844718933105,sleap-lablink-client-prod-vm-2,running,Healthy,0,1788390738.0,1788390767.0,1788390813.0,1788391011.0,1788390949.0,1788391016.0,294.0,1788390768.130938,1788391127.407519,1788391742.29634,i-02f122d3eea1c2ca0
1788391760.752456,10,1,ghcr.io/talmolab/lablink-client-base-image:linux-amd64-test@sha256:1ec2fde6860186b3d45ac83890167258f83512955dbce65f072d4e8c310cb9de,0.37648844718933105,sleap-lablink-client-prod-vm-3,running,Healthy,0,1788390738.0,1788390767.0,1788390814.0,1788391004.0,1788390941.0,1788391018.0,296.0,1788390768.131762,1788391127.452474,1788391742.729919,i-04f09804c45834c8a
1788391760.752456,10,1,ghcr.io/talmolab/lablink-client-base-image:linux-amd64-test@sha256:1ec2fde6860186b3d45ac83890167258f83512955dbce65f072d4e8c310cb9de,0.37648844718933105,sleap-lablink-client-prod-vm-4,running,Healthy,0,1788390738.0,1788390767.0,1788390813.0,1788391010.0,1788390947.0,1788391022.0,301.0,1788390768.132688,1788391127.453282,1788391747.570198,i-0b5a2f80e58b1f49e
1788391760.752456,10,1,ghcr.io/talmolab/lablink-client-base-image:linux-amd64-test@sha256:1ec2fde6860186b3d45ac83890167258f83512955dbce65f072d4e8c310cb9de,0.37648844718933105,sleap-lablink-client-prod-vm-5,running,Healthy,0,1788390738.0,1788390767.0,1788390814.0,1788391012.0,1788390949.0,1788391024.0,302.0,1788390768.133418,1788391127.470972,1788391748.543962,i-011c62511afd69360
1788391760.752456,10,1,ghcr.io/talmolab/lablink-client-base-image:linux-amd64-test@sha256:1ec2fde6860186b3d45ac83890167258f83512955dbce65f072d4e8c310cb9de,0.37648844718933105,sleap-lablink-client-prod-vm-6,running,Healthy,0,1788390738.0,1788390767.0,1788390814.0,1788391011.0,1788390949.0,1788391022.0,299.0,1788390768.134149,1788391127.454231,1788391747.635328,i-0cceae5b4237000da
1788391760.752456,10,1,ghcr.io/talmolab/lablink-client-base-image:linux-amd64-test@sha256:1ec2fde6860186b3d45ac83890167258f83512955dbce65f072d4e8c310cb9de,0.37648844718933105,sleap-lablink-client-prod-vm-7,running,Healthy,0,1788390738.0,1788390767.0,1788390813.0,1788391004.0,1788390941.0,1788391016.0,295.0,1788390768.13509,1788391127.485072,1788391742.24548,i-04223bbc5c5f842c7
1788391760.752456,10,1,ghcr.io/talmolab/lablink-client-base-image:linux-amd64-test@sha256:1ec2fde6860186b3d45ac83890167258f83512955dbce65f072d4e8c310cb9de,0.37648844718933105,sleap-lablink-client-prod-vm-8,running,Healthy,0,1788390738.0,1788390767.0,1788390809.0,1788391003.0,1788390941.0,1788391017.0,299.0,1788390768.135877,1788391127.491438,1788391741.506624,i-0798ccd89f26d7cda
1788391760.752456,10,1,ghcr.io/talmolab/lablink-client-base-image:linux-amd64-test@sha256:1ec2fde6860186b3d45ac83890167258f83512955dbce65f072d4e8c310cb9de,0.37648844718933105,sleap-lablink-client-prod-vm-9,running,Healthy,0,1788390738.0,1788390767.0,1788390813.0,1788391010.0,1788390948.0,1788391021.0,299.0,1788390768.136603,1788391127.503832,1788391745.95919,i-0ae3bdc8eb0227987
1788391765.802222,10,1,ghcr.io/talmolab/lablink-client-base-image:linux-amd64-test@sha256:1ec2fde6860186b3d45ac83890167258f83512955dbce65f072d4e8c310cb9de,0.37648844718933105,sleap-lablink-client-prod-vm-1,running,Healthy,1,1788390738.0,1788390767.0,1788390905.0,1788391113.0,1788391050.0,1788391124.0,311.0,1788390768.128852,1788391127.40029,1788391728.563357,i-0d4ebb2bfcef19f31
1788391765.802222,10,1,ghcr.io/talmolab/lablink-client-base-image:linux-amd64-test@sha256:1ec2fde6860186b3d45ac83890167258f83512955dbce65f072d4e8c310cb9de,0.37648844718933105,sleap-lablink-client-prod-vm-10,running,Healthy,1,1788390738.0,1788390767.0,1788390902.0,1788391108.0,1788391046.0,1788391114.0,303.0,1788390768.130117,1788391127.408882,1788391749.249416,i-073b86b279423b5ed
1788391765.802222,10,1,ghcr.io/talmolab/lablink-client-base-image:linux-amd64-test@sha256:1ec2fde6860186b3d45ac83890167258f83512955dbce65f072d4e8c310cb9de,0.37648844718933105,sleap-lablink-client-prod-vm-2,running,Healthy,0,1788390738.0,1788390767.0,1788390813.0,1788391011.0,1788390949.0,1788391016.0,294.0,1788390768.130938,1788391127.407519,1788391742.29634,i-02f122d3eea1c2ca0
1788391765.802222,10,1,ghcr.io/talmolab/lablink-client-base-image:linux-amd64-test@sha256:1ec2fde6860186b3d45ac83890167258f83512955dbce65f072d4e8c310cb9de,0.37648844718933105,sleap-lablink-client-prod-vm-3,running,Healthy,0,1788390738.0,1788390767.0,1788390814.0,1788391004.0,1788390941.0,1788391018.0,296.0,1788390768.131762,1788391127.452474,1788391742.729919,i-04f09804c45834c8a
1788391765.802222,10,1,ghcr.io/talmolab/lablink-client-base-image:linux-amd64-test@sha256:1ec2fde6860186b3d45ac83890167258f83512955dbce65f072d4e8c310cb9de,0.37648844718933105,sleap-lablink-client-prod-vm-4,running,Healthy,0,1788390738.0,1788390767.0,1788390813.0,1788391010.0,1788390947.0,1788391022.0,301.0,1788390768.132688,1788391127.453282,1788391747.570198,i-0b5a2f80e58b1f49e
1788391765.802222,10,1,ghcr.io/talmolab/lablink-client-base-image:linux-amd64-test@sha256:1ec2fde6860186b3d45ac83890167258f83512955dbce65f072d4e8c310cb9de,0.37648844718933105,sleap-lablink-client-prod-vm-5,running,Healthy,0,1788390738.0,1788390767.0,1788390814.0,1788391012.0,1788390949.0,1788391024.0,302.0,1788390768.133418,1788391127.470972,1788391748.543962,i-011c62511afd69360
1788391765.802222,10,1,ghcr.io/talmolab/lablink-client-base-image:linux-amd64-test@sha256:1ec2fde6860186b3d45ac83890167258f83512955dbce65f072d4e8c310cb9de,0.37648844718933105,sleap-lablink-client-prod-vm-6,running,Healthy,0,1788390738.0,1788390767.0,1788390814.0,1788391011.0,1788390949.0,1788391022.0,299.0,1788390768.134149,1788391127.454231,1788391747.635328,i-0cceae5b4237000da
1788391765.802222,10,1,ghcr.io/talmolab/lablink-client-base-image:linux-amd64-test@sha256:1ec2fde6860186b3d45ac83890167258f83512955dbce65f072d4e8c310cb9de,0.37648844718933105,sleap-lablink-client-prod-vm-7,running,Healthy,0,1788390738.0,1788390767.0,1788390813.0,1788391004.0,1788390941.0,1788391016.0,295.0,1788390768.13509,1788391127.485072,1788391742.24548,i-04223bbc5c5f842c7
1788391765.802222,10,1,ghcr.io/talmolab/lablink-client-base-image:linux-amd64-test@sha256:1ec2fde6860186b3d45ac83890167258f83512955dbce65f072d4e8c310cb9de,0.37648844718933105,sleap-lablink-client-prod-vm-8,running,Healthy,0,1788390738.0,1788390767.0,1788390809.0,1788391003.0,1788390941.0,1788391017.0,299.0,1788390768.135877,1788391127.491438,1788391741.506624,i-0798ccd89f26d7cda
1788391765.802222,10,1,ghcr.io/talmolab/lablink-client-base-image:linux-amd64-test@sha256:1ec2fde6860186b3d45ac83890167258f83512955dbce65f072d4e8c310cb9de,0.37648844718933105,sleap-lablink-client-prod-vm-9,running,Healthy,0,1788390738.0,1788390767.0,1788390813.0,1788391010.0,1788390948.0,1788391021.0,299.0,1788390768.136603,1788391127.503832,1788391745.95919,i-0ae3bdc8eb0227987
1788391770.741649,10,1,ghcr.io/talmolab/lablink-client-base-image:linux-amd64-test@sha256:1ec2fde6860186b3d45ac83890167258f83512955dbce65f072d4e8c310cb9de,0.37648844718933105,sleap-lablink-client-prod-vm-1,running,Healthy,1,1788390738.0,1788390767.0,1788390905.0,1788391113.0,1788391050.0,1788391124.0,311.0,1788390768.128852,1788391127.40029,1788391728.563357,i-0d4ebb2bfcef19f31
1788391770.741649,10,1,ghcr.io/talmolab/lablink-client-base-image:linux-amd64-test@sha256:1ec2fde6860186b3d45ac83890167258f83512955dbce65f072d4e8c310cb9de,0.37648844718933105,sleap-lablink-client-prod-vm-10,running,Healthy,1,1788390738.0,1788390767.0,1788390902.0,1788391108.0,1788391046.0,1788391114.0,303.0,1788390768.130117,1788391127.408882,1788391749.249416,i-073b86b279423b5ed
1788391770.741649,10,1,ghcr.io/talmolab/lablink-client-base-image:linux-amd64-test@sha256:1ec2fde6860186b3d45ac83890167258f83512955dbce65f072d4e8c310cb9de,0.37648844718933105,sleap-lablink-client-prod-vm-2,running,Healthy,0,1788390738.0,1788390767.0,1788390813.0,1788391011.0,1788390949.0,1788391016.0,294.0,1788390768.130938,1788391127.407519,1788391742.29634,i-02f122d3eea1c2ca0
1788391770.741649,10,1,ghcr.io/talmolab/lablink-client-base-image:linux-amd64-test@sha256:1ec2fde6860186b3d45ac83890167258f83512955dbce65f072d4e8c310cb9de,0.37648844718933105,sleap-lablink-client-prod-vm-3,running,Healthy,0,1788390738.0,1788390767.0,1788390814.0,1788391004.0,1788390941.0,1788391018.0,296.0,1788390768.131762,1788391127.452474,1788391742.729919,i-04f09804c45834c8a
1788391770.741649,10,1,ghcr.io/talmolab/lablink-client-base-image:linux-amd64-test@sha256:1ec2fde6860186b3d45ac83890167258f83512955dbce65f072d4e8c310cb9de,0.37648844718933105,sleap-lablink-client-prod-vm-4,running,Healthy,0,1788390738.0,1788390767.0,1788390813.0,1788391010.0,1788390947.0,1788391022.0,301.0,1788390768.132688,1788391127.453282,1788391747.570198,i-0b5a2f80e58b1f49e
1788391770.741649,10,1,ghcr.io/talmolab/lablink-client-base-image:linux-amd64-test@sha256:1ec2fde6860186b3d45ac83890167258f83512955dbce65f072d4e8c310cb9de,0.37648844718933105,sleap-lablink-client-prod-vm-5,running,Healthy,0,1788390738.0,1788390767.0,1788390814.0,1788391012.0,1788390949.0,1788391024.0,302.0,1788390768.133418,1788391127.470972,1788391748.543962,i-011c62511afd69360
1788391770.741649,10,1,ghcr.io/talmolab/lablink-client-base-image:linux-amd64-test@sha256:1ec2fde6860186b3d45ac83890167258f83512955dbce65f072d4e8c310cb9de,0.37648844718933105,sleap-lablink-client-prod-vm-6,running,Healthy,0,1788390738.0,1788390767.0,1788390814.0,1788391011.0,1788390949.0,1788391022.0,299.0,1788390768.134149,1788391127.454231,1788391747.635328,i-0cceae5b4237000da
1788391770.741649,10,1,ghcr.io/talmolab/lablink-client-base-image:linux-amd64-test@sha256:1ec2fde6860186b3d45ac83890167258f83512955dbce65f072d4e8c310cb9de,0.37648844718933105,sleap-lablink-client-prod-vm-7,running,Healthy,0,1788390738.0,1788390767.0,1788390813.0,1788391004.0,1788390941.0,1788391016.0,295.0,1788390768.13509,1788391127.485072,1788391742.24548,i-04223bbc5c5f842c7
1788391770.741649,10,1,ghcr.io/talmolab/lablink-client-base-image:linux-amd64-test@sha256:1ec2fde6860186b3d45ac83890167258f83512955dbce65f072d4e8c310cb9de,0.37648844718933105,sleap-lablink-client-prod-vm-8,running,Healthy,0,1788390738.0,1788390767.0,1788390809.0,1788391003.0,1788390941.0,1788391017.0,299.0,1788390768.135877,1788391127.491438,1788391741.506624,i-0798ccd89f26d7cda
1788391770.741649,10,1,ghcr.io/talmolab/lablink-client-base-image:linux-amd64-test@sha256:1ec2fde6860186b3d45ac83890167258f83512955dbce65f072d4e8c310cb9de,0.37648844718933105,sleap-lablink-client-prod-vm-9,running,Healthy,0,1788390738.0,1788390767.0,1788390813.0,1788391010.0,1788390948.0,1788391021.0,299.0,1788390768.136603,1788391127.503832,1788391745.95919,i-0ae3bdc8eb0227987
1788391775.803725,10,1,ghcr.io/talmolab/lablink-client-base-image:linux-amd64-test@sha256:1ec2fde6860186b3d45ac83890167258f83512955dbce65f072d4e8c310cb9de,0.37648844718933105,sleap-lablink-client-prod-vm-1,running,Healthy,1,1788390738.0,1788390767.0,1788390905.0,1788391113.0,1788391050.0,1788391124.0,311.0,1788390768.128852,1788391127.40029,1788391728.563357,i-0d4ebb2bfcef19f31
1788391775.803725,10,1,ghcr.io/talmolab/lablink-client-base-image:linux-amd64-test@sha256:1ec2fde6860186b3d45ac83890167258f83512955dbce65f072d4e8c310cb9de,0.37648844718933105,sleap-lablink-client-prod-vm-10,running,Healthy,1,1788390738.0,1788390767.0,1788390902.0,1788391108.0,1788391046.0,1788391114.0,303.0,1788390768.130117,1788391127.408882,1788391749.249416,i-073b86b279423b5ed
1788391775.803725,10,1,ghcr.io/talmolab/lablink-client-base-image:linux-amd64-test@sha256:1ec2fde6860186b3d45ac83890167258f83512955dbce65f072d4e8c310cb9de,0.37648844718933105,sleap-lablink-client-prod-vm-2,running,Healthy,0,1788390738.0,1788390767.0,1788390813.0,1788391011.0,1788390949.0,1788391016.0,294.0,1788390768.130938,1788391127.407519,1788391742.29634,i-02f122d3eea1c2ca0
1788391775.803725,10,1,ghcr.io/talmolab/lablink-client-base-image:linux-amd64-test@sha256:1ec2fde6860186b3d45ac83890167258f83512955dbce65f072d4e8c310cb9de,0.37648844718933105,sleap-lablink-client-prod-vm-3,running,Healthy,0,1788390738.0,1788390767.0,1788390814.0,1788391004.0,1788390941.0,1788391018.0,296.0,1788390768.131762,1788391127.452474,1788391742.729919,i-04f09804c45834c8a
1788391775.803725,10,1,ghcr.io/talmolab/lablink-client-base-image:linux-amd64-test@sha256:1ec2fde6860186b3d45ac83890167258f83512955dbce65f072d4e8c310cb9de,0.37648844718933105,sleap-lablink-client-prod-vm-4,running,Healthy,0,1788390738.0,1788390767.0,1788390813.0,1788391010.0,1788390947.0,1788391022.0,301.0,1788390768.132688,1788391127.453282,1788391747.570198,i-0b5a2f80e58b1f49e
1788391775.803725,10,1,ghcr.io/talmolab/lablink-client-base-image:linux-amd64-test@sha256:1ec2fde6860186b3d45ac83890167258f83512955dbce65f072d4e8c310cb9de,0.37648844718933105,sleap-lablink-client-prod-vm-5,running,Healthy,0,1788390738.0,1788390767.0,1788390814.0,1788391012.0,1788390949.0,1788391024.0,302.0,1788390768.133418,1788391127.470972,1788391748.543962,i-011c62511afd69360
1788391775.803725,10,1,ghcr.io/talmolab/lablink-client-base-image:linux-amd64-test@sha256:1ec2fde6860186b3d45ac83890167258f83512955dbce65f072d4e8c310cb9de,0.37648844718933105,sleap-lablink-client-prod-vm-6,running,Healthy,0,1788390738.0,1788390767.0,1788390814.0,1788391011.0,1788390949.0,1788391022.0,299.0,1788390768.134149,1788391127.454231,1788391747.635328,i-0cceae5b4237000da
1788391775.803725,10,1,ghcr.io/talmolab/lablink-client-base-image:linux-amd64-test@sha256:1ec2fde6860186b3d45ac83890167258f83512955dbce65f072d4e8c310cb9de,0.37648844718933105,sleap-lablink-client-prod-vm-7,running,Healthy,0,1788390738.0,1788390767.0,1788390813.0,1788391004.0,1788390941.0,1788391016.0,295.0,1788390768.13509,1788391127.485072,1788391742.24548,i-04223bbc5c5f842c7
1788391775.803725,10,1,ghcr.io/talmolab/lablink-client-base-image:linux-amd64-test@sha256:1ec2fde6860186b3d45ac83890167258f83512955dbce65f072d4e8c310cb9de,0.37648844718933105,sleap-lablink-client-prod-vm-8,running,Healthy,0,1788390738.0,1788390767.0,1788390809.0,1788391003.0,1788390941.0,1788391017.0,299.0,1788390768.135877,1788391127.491438,1788391741.506624,i-0798ccd89f26d7cda
1788391775.803725,10,1,ghcr.io/talmolab/lablink-client-base-image:linux-amd64-test@sha256:1ec2fde6860186b3d45ac83890167258f83512955dbce65f072d4e8c310cb9de,0.37648844718933105,sleap-lablink-client-prod-vm-9,running,Healthy,0,1788390738.0,1788390767.0,1788390813.0,1788391010.0,1788390948.0,1788391021.0,299.0,1788390768.136603,1788391127.503832,1788391745.95919,i-0ae3bdc8eb0227987
1788391780.8259578,10,1,ghcr.io/talmolab/lablink-client-base-image:linux-amd64-test@sha256:1ec2fde6860186b3d45ac83890167258f83512955dbce65f072d4e8c310cb9de,0.37648844718933105,sleap-lablink-client-prod-vm-1,running,Healthy,1,1788390738.0,1788390767.0,1788390905.0,1788391113.0,1788391050.0,1788391124.0,311.0,1788390768.128852,1788391127.40029,1788391728.563357,i-0d4ebb2bfcef19f31
1788391780.8259578,10,1,ghcr.io/talmolab/lablink-client-base-image:linux-amd64-test@sha256:1ec2fde6860186b3d45ac83890167258f83512955dbce65f072d4e8c310cb9de,0.37648844718933105,sleap-lablink-client-prod-vm-10,running,Healthy,1,1788390738.0,1788390767.0,1788390902.0,1788391108.0,1788391046.0,1788391114.0,303.0,1788390768.130117,1788391127.408882,1788391749.249416,i-073b86b279423b5ed
1788391780.8259578,10,1,ghcr.io/talmolab/lablink-client-base-image:linux-amd64-test@sha256:1ec2fde6860186b3d45ac83890167258f83512955dbce65f072d4e8c310cb9de,0.37648844718933105,sleap-lablink-client-prod-vm-2,running,Healthy,0,1788390738.0,1788390767.0,1788390813.0,1788391011.0,1788390949.0,1788391016.0,294.0,1788390768.130938,1788391127.407519,1788391742.29634,i-02f122d3eea1c2ca0
1788391780.8259578,10,1,ghcr.io/talmolab/lablink-client-base-image:linux-amd64-test@sha256:1ec2fde6860186b3d45ac83890167258f83512955dbce65f072d4e8c310cb9de,0.37648844718933105,sleap-lablink-client-prod-vm-3,running,Healthy,0,1788390738.0,1788390767.0,1788390814.0,1788391004.0,1788390941.0,1788391018.0,296.0,1788390768.131762,1788391127.452474,1788391742.729919,i-04f09804c45834c8a
1788391780.8259578,10,1,ghcr.io/talmolab/lablink-client-base-image:linux-amd64-test@sha256:1ec2fde6860186b3d45ac83890167258f83512955dbce65f072d4e8c310cb9de,0.37648844718933105,sleap-lablink-client-prod-vm-4,running,Healthy,0,1788390738.0,1788390767.0,1788390813.0,1788391010.0,1788390947.0,1788391022.0,301.0,1788390768.132688,1788391127.453282,1788391747.570198,i-0b5a2f80e58b1f49e
1788391780.8259578,10,1,ghcr.io/talmolab/lablink-client-base-image:linux-amd64-test@sha256:1ec2fde6860186b3d45ac83890167258f83512955dbce65f072d4e8c310cb9de,0.37648844718933105,sleap-lablink-client-prod-vm-5,running,Healthy,0,1788390738.0,1788390767.0,1788390814.0,1788391012.0,1788390949.0,1788391024.0,302.0,1788390768.133418,1788391127.470972,1788391748.543962,i-011c62511afd69360
1788391780.8259578,10,1,ghcr.io/talmolab/lablink-client-base-image:linux-amd64-test@sha256:1ec2fde6860186b3d45ac83890167258f83512955dbce65f072d4e8c310cb9de,0.37648844718933105,sleap-lablink-client-prod-vm-6,running,Healthy,0,1788390738.0,1788390767.0,1788390814.0,1788391011.0,1788390949.0,1788391022.0,299.0,1788390768.134149,1788391127.454231,1788391747.635328,i-0cceae5b4237000da
1788391780.8259578,10,1,ghcr.io/talmolab/lablink-client-base-image:linux-amd64-test@sha256:1ec2fde6860186b3d45ac83890167258f83512955dbce65f072d4e8c310cb9de,0.37648844718933105,sleap-lablink-client-prod-vm-7,running,Healthy,0,1788390738.0,1788390767.0,1788390813.0,1788391004.0,1788390941.0,1788391016.0,295.0,1788390768.13509,1788391127.485072,1788391742.24548,i-04223bbc5c5f842c7
1788391780.8259578,10,1,ghcr.io/talmolab/lablink-client-base-image:linux-amd64-test@sha256:1ec2fde6860186b3d45ac83890167258f83512955dbce65f072d4e8c310cb9de,0.37648844718933105,sleap-lablink-client-prod-vm-8,running,Healthy,0,1788390738.0,1788390767.0,1788390809.0,1788391003.0,1788390941.0,1788391017.0,299.0,1788390768.135877,1788391127.491438,1788391741.506624,i-0798ccd89f26d7cda
1788391780.8259578,10,1,ghcr.io/talmolab/lablink-client-base-image:linux-amd64-test@sha256:1ec2fde6860186b3d45ac83890167258f83512955dbce65f072d4e8c310cb9de,0.37648844718933105,sleap-lablink-client-prod-vm-9,running,Healthy,0,1788390738.0,1788390767.0,1788390813.0,1788391010.0,1788390948.0,1788391021.0,299.0,1788390768.136603,1788391127.503832,1788391745.95919,i-0ae3bdc8eb0227987
1788391786.066632,10,1,ghcr.io/talmolab/lablink-client-base-image:linux-amd64-test@sha256:1ec2fde6860186b3d45ac83890167258f83512955dbce65f072d4e8c310cb9de,0.37648844718933105,sleap-lablink-client-prod-vm-1,running,Healthy,1,1788390738.0,1788390767.0,1788390905.0,1788391113.0,1788391050.0,1788391124.0,311.0,1788390768.128852,1788391127.40029,1788391728.563357,i-0d4ebb2bfcef19f31
1788391786.066632,10,1,ghcr.io/talmolab/lablink-client-base-image:linux-amd64-test@sha256:1ec2fde6860186b3d45ac83890167258f83512955dbce65f072d4e8c310cb9de,0.37648844718933105,sleap-lablink-client-prod-vm-10,running,Healthy,1,1788390738.0,1788390767.0,1788390902.0,1788391108.0,1788391046.0,1788391114.0,303.0,1788390768.130117,1788391127.408882,1788391749.249416,i-073b86b279423b5ed
1788391786.066632,10,1,ghcr.io/talmolab/lablink-client-base-image:linux-amd64-test@sha256:1ec2fde6860186b3d45ac83890167258f83512955dbce65f072d4e8c310cb9de,0.37648844718933105,sleap-lablink-client-prod-vm-2,running,Healthy,0,1788390738.0,1788390767.0,1788390813.0,1788391011.0,1788390949.0,1788391016.0,294.0,1788390768.130938,1788391127.407519,1788391742.29634,i-02f122d3eea1c2ca0
1788391786.066632,10,1,ghcr.io/talmolab/lablink-client-base-image:linux-amd64-test@sha256:1ec2fde6860186b3d45ac83890167258f83512955dbce65f072d4e8c310cb9de,0.37648844718933105,sleap-lablink-client-prod-vm-3,running,Healthy,0,1788390738.0,1788390767.0,1788390814.0,1788391004.0,1788390941.0,1788391018.0,296.0,1788390768.131762,1788391127.452474,1788391742.729919,i-04f09804c45834c8a
1788391786.066632,10,1,ghcr.io/talmolab/lablink-client-base-image:linux-amd64-test@sha256:1ec2fde6860186b3d45ac83890167258f83512955dbce65f072d4e8c310cb9de,0.37648844718933105,sleap-lablink-client-prod-vm-4,running,Healthy,0,1788390738.0,1788390767.0,1788390813.0,1788391010.0,1788390947.0,1788391022.0,301.0,1788390768.132688,1788391127.453282,1788391747.570198,i-0b5a2f80e58b1f49e
1788391786.066632,10,1,ghcr.io/talmolab/lablink-client-base-image:linux-amd64-test@sha256:1ec2fde6860186b3d45ac83890167258f83512955dbce65f072d4e8c310cb9de,0.37648844718933105,sleap-lablink-client-prod-vm-5,running,Healthy,0,1788390738.0,1788390767.0,1788390814.0,1788391012.0,1788390949.0,1788391024.0,302.0,1788390768.133418,1788391127.470972,1788391748.543962,i-011c62511afd69360
1788391786.066632,10,1,ghcr.io/talmolab/lablink-client-base-image:linux-amd64-test@sha256:1ec2fde6860186b3d45ac83890167258f83512955dbce65f072d4e8c310cb9de,0.37648844718933105,sleap-lablink-client-prod-vm-6,running,Healthy,0,1788390738.0,1788390767.0,1788390814.0,1788391011.0,1788390949.0,1788391022.0,299.0,1788390768.134149,1788391127.454231,1788391747.635328,i-0cceae5b4237000da
1788391786.066632,10,1,ghcr.io/talmolab/lablink-client-base-image:linux-amd64-test@sha256:1ec2fde6860186b3d45ac83890167258f83512955dbce65f072d4e8c310cb9de,0.37648844718933105,sleap-lablink-client-prod-vm-7,running,Healthy,0,1788390738.0,1788390767.0,1788390813.0,1788391004.0,1788390941.0,1788391016.0,295.0,1788390768.13509,1788391127.485072,1788391742.24548,i-04223bbc5c5f842c7
1788391786.066632,10,1,ghcr.io/talmolab/lablink-client-base-image:linux-amd64-test@sha256:1ec2fde6860186b3d45ac83890167258f83512955dbce65f072d4e8c310cb9de,0.37648844718933105,sleap-lablink-client-prod-vm-8,running,Healthy,0,1788390738.0,1788390767.0,1788390809.0,1788391003.0,1788390941.0,1788391017.0,299.0,1788390768.135877,1788391127.491438,1788391741.506624,i-0798ccd89f26d7cda
1788391786.066632,10,1,ghcr.io/talmolab/lablink-client-base-image:linux-amd64-test@sha256:1ec2fde6860186b3d45ac83890167258f83512955dbce65f072d4e8c310cb9de,0.37648844718933105,sleap-lablink-client-prod-vm-9,running,Healthy,0,1788390738.0,1788390767.0,1788390813.0,1788391010.0,1788390948.0,1788391021.0,299.0,1788390768.136603,1788391127.503832,1788391745.95919,i-0ae3bdc8eb0227987
1788391790.789547,10,1,ghcr.io/talmolab/lablink-client-base-image:linux-amd64-test@sha256:1ec2fde6860186b3d45ac83890167258f83512955dbce65f072d4e8c310cb9de,0.37648844718933105,sleap-lablink-client-prod-vm-1,running,Healthy,1,1788390738.0,1788390767.0,1788390905.0,1788391113.0,1788391050.0,1788391124.0,311.0,1788390768.128852,1788391127.40029,1788391728.563357,i-0d4ebb2bfcef19f31
1788391790.789547,10,1,ghcr.io/talmolab/lablink-client-base-image:linux-amd64-test@sha256:1ec2fde6860186b3d45ac83890167258f83512955dbce65f072d4e8c310cb9de,0.37648844718933105,sleap-lablink-client-prod-vm-10,running,Healthy,1,1788390738.0,1788390767.0,1788390902.0,1788391108.0,1788391046.0,1788391114.0,303.0,1788390768.130117,1788391127.408882,1788391749.249416,i-073b86b279423b5ed
1788391790.789547,10,1,ghcr.io/talmolab/lablink-client-base-image:linux-amd64-test@sha256:1ec2fde6860186b3d45ac83890167258f83512955dbce65f072d4e8c310cb9de,0.37648844718933105,sleap-lablink-client-prod-vm-2,running,Healthy,0,1788390738.0,1788390767.0,1788390813.0,1788391011.0,1788390949.0,1788391016.0,294.0,1788390768.130938,1788391127.407519,1788391742.29634,i-02f122d3eea1c2ca0
1788391790.789547,10,1,ghcr.io/talmolab/lablink-client-base-image:linux-amd64-test@sha256:1ec2fde6860186b3d45ac83890167258f83512955dbce65f072d4e8c310cb9de,0.37648844718933105,sleap-lablink-client-prod-vm-3,running,Healthy,0,1788390738.0,1788390767.0,1788390814.0,1788391004.0,1788390941.0,1788391018.0,296.0,1788390768.131762,1788391127.452474,1788391742.729919,i-04f09804c45834c8a
1788391790.789547,10,1,ghcr.io/talmolab/lablink-client-base-image:linux-amd64-test@sha256:1ec2fde6860186b3d45ac83890167258f83512955dbce65f072d4e8c310cb9de,0.37648844718933105,sleap-lablink-client-prod-vm-4,running,Healthy,0,1788390738.0,1788390767.0,1788390813.0,1788391010.0,1788390947.0,1788391022.0,301.0,1788390768.132688,1788391127.453282,1788391747.570198,i-0b5a2f80e58b1f49e
1788391790.789547,10,1,ghcr.io/talmolab/lablink-client-base-image:linux-amd64-test@sha256:1ec2fde6860186b3d45ac83890167258f83512955dbce65f072d4e8c310cb9de,0.37648844718933105,sleap-lablink-client-prod-vm-5,running,Healthy,0,1788390738.0,1788390767.0,1788390814.0,1788391012.0,1788390949.0,1788391024.0,302.0,1788390768.133418,1788391127.470972,1788391748.543962,i-011c62511afd69360
1788391790.789547,10,1,ghcr.io/talmolab/lablink-client-base-image:linux-amd64-test@sha256:1ec2fde6860186b3d45ac83890167258f83512955dbce65f072d4e8c310cb9de,0.37648844718933105,sleap-lablink-client-prod-vm-6,running,Healthy,0,1788390738.0,1788390767.0,1788390814.0,1788391011.0,1788390949.0,1788391022.0,299.0,1788390768.134149,1788391127.454231,1788391747.635328,i-0cceae5b4237000da
1788391790.789547,10,1,ghcr.io/talmolab/lablink-client-base-image:linux-amd64-test@sha256:1ec2fde6860186b3d45ac83890167258f83512955dbce65f072d4e8c310cb9de,0.37648844718933105,sleap-lablink-client-prod-vm-7,running,Healthy,0,1788390738.0,1788390767.0,1788390813.0,1788391004.0,1788390941.0,1788391016.0,295.0,1788390768.13509,1788391127.485072,1788391742.24548,i-04223bbc5c5f842c7
1788391790.789547,10,1,ghcr.io/talmolab/lablink-client-base-image:linux-amd64-test@sha256:1ec2fde6860186b3d45ac83890167258f83512955dbce65f072d4e8c310cb9de,0.37648844718933105,sleap-lablink-client-prod-vm-8,running,Healthy,0,1788390738.0,1788390767.0,1788390809.0,1788391003.0,1788390941.0,1788391017.0,299.0,1788390768.135877,1788391127.491438,1788391741.506624,i-0798ccd89f26d7cda
1788391790.789547,10,1,ghcr.io/talmolab/lablink-client-base-image:linux-amd64-test@sha256:1ec2fde6860186b3d45ac83890167258f83512955dbce65f072d4e8c310cb9de,0.37648844718933105,sleap-lablink-client-prod-vm-9,running,Healthy,0,1788390738.0,1788390767.0,1788390813.0,1788391010.0,1788390948.0,1788391021.0,299.0,1788390768.136603,1788391127.503832,1788391745.95919,i-0ae3bdc8eb0227987
1788391795.761666,10,1,ghcr.io/talmolab/lablink-client-base-image:linux-amd64-test@sha256:1ec2fde6860186b3d45ac83890167258f83512955dbce65f072d4e8c310cb9de,0.37648844718933105,sleap-lablink-client-prod-vm-1,running,Healthy,1,1788390738.0,1788390767.0,1788390905.0,1788391113.0,1788391050.0,1788391124.0,311.0,1788390768.128852,1788391127.40029,1788391728.563357,i-0d4ebb2bfcef19f31
1788391795.761666,10,1,ghcr.io/talmolab/lablink-client-base-image:linux-amd64-test@sha256:1ec2fde6860186b3d45ac83890167258f83512955dbce65f072d4e8c310cb9de,0.37648844718933105,sleap-lablink-client-prod-vm-10,running,Healthy,1,1788390738.0,1788390767.0,1788390902.0,1788391108.0,1788391046.0,1788391114.0,303.0,1788390768.130117,1788391127.408882,1788391749.249416,i-073b86b279423b5ed
1788391795.761666,10,1,ghcr.io/talmolab/lablink-client-base-image:linux-amd64-test@sha256:1ec2fde6860186b3d45ac83890167258f83512955dbce65f072d4e8c310cb9de,0.37648844718933105,sleap-lablink-client-prod-vm-2,running,Healthy,0,1788390738.0,1788390767.0,1788390813.0,1788391011.0,1788390949.0,1788391016.0,294.0,1788390768.130938,1788391127.407519,1788391742.29634,i-02f122d3eea1c2ca0
1788391795.761666,10,1,ghcr.io/talmolab/lablink-client-base-image:linux-amd64-test@sha256:1ec2fde6860186b3d45ac83890167258f83512955dbce65f072d4e8c310cb9de,0.37648844718933105,sleap-lablink-client-prod-vm-3,running,Healthy,0,1788390738.0,1788390767.0,1788390814.0,1788391004.0,1788390941.0,1788391018.0,296.0,1788390768.131762,1788391127.452474,1788391742.729919,i-04f09804c45834c8a
1788391795.761666,10,1,ghcr.io/talmolab/lablink-client-base-image:linux-amd64-test@sha256:1ec2fde6860186b3d45ac83890167258f83512955dbce65f072d4e8c310cb9de,0.37648844718933105,sleap-lablink-client-prod-vm-4,running,Healthy,0,1788390738.0,1788390767.0,1788390813.0,1788391010.0,1788390947.0,1788391022.0,301.0,1788390768.132688,1788391127.453282,1788391747.570198,i-0b5a2f80e58b1f49e
1788391795.761666,10,1,ghcr.io/talmolab/lablink-client-base-image:linux-amd64-test@sha256:1ec2fde6860186b3d45ac83890167258f83512955dbce65f072d4e8c310cb9de,0.37648844718933105,sleap-lablink-client-prod-vm-5,running,Healthy,0,1788390738.0,1788390767.0,1788390814.0,1788391012.0,1788390949.0,1788391024.0,302.0,1788390768.133418,1788391127.470972,1788391748.543962,i-011c62511afd69360
1788391795.761666,10,1,ghcr.io/talmolab/lablink-client-base-image:linux-amd64-test@sha256:1ec2fde6860186b3d45ac83890167258f83512955dbce65f072d4e8c310cb9de,0.37648844718933105,sleap-lablink-client-prod-vm-6,running,Healthy,0,1788390738.0,1788390767.0,1788390814.0,1788391011.0,1788390949.0,1788391022.0,299.0,1788390768.134149,1788391127.454231,1788391747.635328,i-0cceae5b4237000da
1788391795.761666,10,1,ghcr.io/talmolab/lablink-client-base-image:linux-amd64-test@sha256:1ec2fde6860186b3d45ac83890167258f83512955dbce65f072d4e8c310cb9de,0.37648844718933105,sleap-lablink-client-prod-vm-7,running,Healthy,0,1788390738.0,1788390767.0,1788390813.0,1788391004.0,1788390941.0,1788391016.0,295.0,1788390768.13509,1788391127.485072,1788391742.24548,i-04223bbc5c5f842c7
1788391795.761666,10,1,ghcr.io/talmolab/lablink-client-base-image:linux-amd64-test@sha256:1ec2fde6860186b3d45ac83890167258f83512955dbce65f072d4e8c310cb9de,0.37648844718933105,sleap-lablink-client-prod-vm-8,running,Healthy,0,1788390738.0,1788390767.0,1788390809.0,1788391003.0,1788390941.0,1788391017.0,299.0,1788390768.135877,1788391127.491438,1788391741.506624,i-0798ccd89f26d7cda
1788391795.761666,10,1,ghcr.io/talmolab/lablink-client-base-image:linux-amd64-test@sha256:1ec2fde6860186b3d45ac83890167258f83512955dbce65f072d4e8c310cb9de,0.37648844718933105,sleap-lablink-client-prod-vm-9,running,Healthy,0,1788390738.0,1788390767.0,1788390813.0,1788391010.0,1788390948.0,1788391021.0,299.0,1788390768.136603,1788391127.503832,1788391745.95919,i-0ae3bdc8eb0227987
1788391800.776597,10,1,ghcr.io/talmolab/lablink-client-base-image:linux-amd64-test@sha256:1ec2fde6860186b3d45ac83890167258f83512955dbce65f072d4e8c310cb9de,0.37648844718933105,sleap-lablink-client-prod-vm-1,running,Healthy,1,1788390738.0,1788390767.0,1788390905.0,1788391113.0,1788391050.0,1788391124.0,311.0,1788390768.128852,1788391127.40029,1788391728.563357,i-0d4ebb2bfcef19f31
1788391800.776597,10,1,ghcr.io/talmolab/lablink-client-base-image:linux-amd64-test@sha256:1ec2fde6860186b3d45ac83890167258f83512955dbce65f072d4e8c310cb9de,0.37648844718933105,sleap-lablink-client-prod-vm-10,running,Healthy,1,1788390738.0,1788390767.0,1788390902.0,1788391108.0,1788391046.0,1788391114.0,303.0,1788390768.130117,1788391127.408882,1788391749.249416,i-073b86b279423b5ed
1788391800.776597,10,1,ghcr.io/talmolab/lablink-client-base-image:linux-amd64-test@sha256:1ec2fde6860186b3d45ac83890167258f83512955dbce65f072d4e8c310cb9de,0.37648844718933105,sleap-lablink-client-prod-vm-2,running,Healthy,0,1788390738.0,1788390767.0,1788390813.0,1788391011.0,1788390949.0,1788391016.0,294.0,1788390768.130938,1788391127.407519,1788391742.29634,i-02f122d3eea1c2ca0
1788391800.776597,10,1,ghcr.io/talmolab/lablink-client-base-image:linux-amd64-test@sha256:1ec2fde6860186b3d45ac83890167258f83512955dbce65f072d4e8c310cb9de,0.37648844718933105,sleap-lablink-client-prod-vm-3,running,Healthy,0,1788390738.0,1788390767.0,1788390814.0,1788391004.0,1788390941.0,1788391018.0,296.0,1788390768.131762,1788391127.452474,1788391742.729919,i-04f09804c45834c8a
1788391800.776597,10,1,ghcr.io/talmolab/lablink-client-base-image:linux-amd64-test@sha256:1ec2fde6860186b3d45ac83890167258f83512955dbce65f072d4e8c310cb9de,0.37648844718933105,sleap-lablink-client-prod-vm-4,running,Healthy,0,1788390738.0,1788390767.0,1788390813.0,1788391010.0,1788390947.0,1788391022.0,301.0,1788390768.132688,1788391127.453282,1788391747.570198,i-0b5a2f80e58b1f49e
1788391800.776597,10,1,ghcr.io/talmolab/lablink-client-base-image:linux-amd64-test@sha256:1ec2fde6860186b3d45ac83890167258f83512955dbce65f072d4e8c310cb9de,0.37648844718933105,sleap-lablink-client-prod-vm-5,running,Healthy,0,1788390738.0,1788390767.0,1788390814.0,1788391012.0,1788390949.0,1788391024.0,302.0,1788390768.133418,1788391127.470972,1788391748.543962,i-011c62511afd69360
1788391800.776597,10,1,ghcr.io/talmolab/lablink-client-base-image:linux-amd64-test@sha256:1ec2fde6860186b3d45ac83890167258f83512955dbce65f072d4e8c310cb9de,0.37648844718933105,sleap-lablink-client-prod-vm-6,running,Healthy,0,1788390738.0,1788390767.0,1788390814.0,1788391011.0,1788390949.0,1788391022.0,299.0,1788390768.134149,1788391127.454231,1788391747.635328,i-0cceae5b4237000da
1788391800.776597,10,1,ghcr.io/talmolab/lablink-client-base-image:linux-amd64-test@sha256:1ec2fde6860186b3d45ac83890167258f83512955dbce65f072d4e8c310cb9de,0.37648844718933105,sleap-lablink-client-prod-vm-7,running,Healthy,0,1788390738.0,1788390767.0,1788390813.0,1788391004.0,1788390941.0,1788391016.0,295.0,1788390768.13509,1788391127.485072,1788391742.24548,i-04223bbc5c5f842c7
1788391800.776597,10,1,ghcr.io/talmolab/lablink-client-base-image:linux-amd64-test@sha256:1ec2fde6860186b3d45ac83890167258f83512955dbce65f072d4e8c310cb9de,0.37648844718933105,sleap-lablink-client-prod-vm-8,running,Healthy,0,1788390738.0,1788390767.0,1788390809.0,1788391003.0,1788390941.0,1788391017.0,299.0,1788390768.135877,1788391127.491438,1788391741.506624,i-0798ccd89f26d7cda
1788391800.776597,10,1,ghcr.io/talmolab/lablink-client-base-image:linux-amd64-test@sha256:1ec2fde6860186b3d45ac83890167258f83512955dbce65f072d4e8c310cb9de,0.37648844718933105,sleap-lablink-client-prod-vm-9,running,Healthy,0,1788390738.0,1788390767.0,1788390813.0,1788391010.0,1788390948.0,1788391021.0,299.0,1788390768.136603,1788391127.503832,1788391745.95919,i-0ae3bdc8eb0227987
1788391805.779783,10,1,ghcr.io/talmolab/lablink-client-base-image:linux-amd64-test@sha256:1ec2fde6860186b3d45ac83890167258f83512955dbce65f072d4e8c310cb9de,0.37648844718933105,sleap-lablink-client-prod-vm-1,running,Healthy,1,1788390738.0,1788390767.0,1788390905.0,1788391113.0,1788391050.0,1788391124.0,311.0,1788390768.128852,1788391127.40029,1788391728.563357,i-0d4ebb2bfcef19f31
1788391805.779783,10,1,ghcr.io/talmolab/lablink-client-base-image:linux-amd64-test@sha256:1ec2fde6860186b3d45ac83890167258f83512955dbce65f072d4e8c310cb9de,0.37648844718933105,sleap-lablink-client-prod-vm-10,running,Healthy,1,1788390738.0,1788390767.0,1788390902.0,1788391108.0,1788391046.0,1788391114.0,303.0,1788390768.130117,1788391127.408882,1788391749.249416,i-073b86b279423b5ed
1788391805.779783,10,1,ghcr.io/talmolab/lablink-client-base-image:linux-amd64-test@sha256:1ec2fde6860186b3d45ac83890167258f83512955dbce65f072d4e8c310cb9de,0.37648844718933105,sleap-lablink-client-prod-vm-2,running,Healthy,0,1788390738.0,1788390767.0,1788390813.0,1788391011.0,1788390949.0,1788391016.0,294.0,1788390768.130938,1788391127.407519,1788391742.29634,i-02f122d3eea1c2ca0
1788391805.779783,10,1,ghcr.io/talmolab/lablink-client-base-image:linux-amd64-test@sha256:1ec2fde6860186b3d45ac83890167258f83512955dbce65f072d4e8c310cb9de,0.37648844718933105,sleap-lablink-client-prod-vm-3,running,Healthy,0,1788390738.0,1788390767.0,1788390814.0,1788391004.0,1788390941.0,1788391018.0,296.0,1788390768.131762,1788391127.452474,1788391742.729919,i-04f09804c45834c8a
1788391805.779783,10,1,ghcr.io/talmolab/lablink-client-base-image:linux-amd64-test@sha256:1ec2fde6860186b3d45ac83890167258f83512955dbce65f072d4e8c310cb9de,0.37648844718933105,sleap-lablink-client-prod-vm-4,running,Healthy,0,1788390738.0,1788390767.0,1788390813.0,1788391010.0,1788390947.0,1788391022.0,301.0,1788390768.132688,1788391127.453282,1788391747.570198,i-0b5a2f80e58b1f49e
1788391805.779783,10,1,ghcr.io/talmolab/lablink-client-base-image:linux-amd64-test@sha256:1ec2fde6860186b3d45ac83890167258f83512955dbce65f072d4e8c310cb9de,0.37648844718933105,sleap-lablink-client-prod-vm-5,running,Healthy,0,1788390738.0,1788390767.0,1788390814.0,1788391012.0,1788390949.0,1788391024.0,302.0,1788390768.133418,1788391127.470972,1788391748.543962,i-011c62511afd69360
1788391805.779783,10,1,ghcr.io/talmolab/lablink-client-base-image:linux-amd64-test@sha256:1ec2fde6860186b3d45ac83890167258f83512955dbce65f072d4e8c310cb9de,0.37648844718933105,sleap-lablink-client-prod-vm-6,running,Healthy,0,1788390738.0,1788390767.0,1788390814.0,1788391011.0,1788390949.0,1788391022.0,299.0,1788390768.134149,1788391127.454231,1788391747.635328,i-0cceae5b4237000da
1788391805.779783,10,1,ghcr.io/talmolab/lablink-client-base-image:linux-amd64-test@sha256:1ec2fde6860186b3d45ac83890167258f83512955dbce65f072d4e8c310cb9de,0.37648844718933105,sleap-lablink-client-prod-vm-7,running,Healthy,0,1788390738.0,1788390767.0,1788390813.0,1788391004.0,1788390941.0,1788391016.0,295.0,1788390768.13509,1788391127.485072,1788391742.24548,i-04223bbc5c5f842c7
1788391805.779783,10,1,ghcr.io/talmolab/lablink-client-base-image:linux-amd64-test@sha256:1ec2fde6860186b3d45ac83890167258f83512955dbce65f072d4e8c310cb9de,0.37648844718933105,sleap-lablink-client-prod-vm-8,running,Healthy,0,1788390738.0,1788390767.0,1788390809.0,1788391003.0,1788390941.0,1788391017.0,299.0,1788390768.135877,1788391127.491438,1788391741.506624,i-0798ccd89f26d7cda
1788391805.779783,10,1,ghcr.io/talmolab/lablink-client-base-image:linux-amd64-test@sha256:1ec2fde6860186b3d45ac83890167258f83512955dbce65f072d4e8c310cb9de,0.37648844718933105,sleap-lablink-client-prod-vm-9,running,Healthy,0,1788390738.0,1788390767.0,1788390813.0,1788391010.0,1788390948.0,1788391021.0,299.0,1788390768.136603,1788391127.503832,1788391745.95919,i-0ae3bdc8eb0227987
1788391810.762508,10,1,ghcr.io/talmolab/lablink-client-base-image:linux-amd64-test@sha256:1ec2fde6860186b3d45ac83890167258f83512955dbce65f072d4e8c310cb9de,0.37648844718933105,sleap-lablink-client-prod-vm-1,running,Healthy,1,1788390738.0,1788390767.0,1788390905.0,1788391113.0,1788391050.0,1788391124.0,311.0,1788390768.128852,1788391127.40029,1788391728.563357,i-0d4ebb2bfcef19f31
1788391810.762508,10,1,ghcr.io/talmolab/lablink-client-base-image:linux-amd64-test@sha256:1ec2fde6860186b3d45ac83890167258f83512955dbce65f072d4e8c310cb9de,0.37648844718933105,sleap-lablink-client-prod-vm-10,running,Healthy,1,1788390738.0,1788390767.0,1788390902.0,1788391108.0,1788391046.0,1788391114.0,303.0,1788390768.130117,1788391127.408882,1788391749.249416,i-073b86b279423b5ed
1788391810.762508,10,1,ghcr.io/talmolab/lablink-client-base-image:linux-amd64-test@sha256:1ec2fde6860186b3d45ac83890167258f83512955dbce65f072d4e8c310cb9de,0.37648844718933105,sleap-lablink-client-prod-vm-2,running,Healthy,0,1788390738.0,1788390767.0,1788390813.0,1788391011.0,1788390949.0,1788391016.0,294.0,1788390768.130938,1788391127.407519,1788391742.29634,i-02f122d3eea1c2ca0
1788391810.762508,10,1,ghcr.io/talmolab/lablink-client-base-image:linux-amd64-test@sha256:1ec2fde6860186b3d45ac83890167258f83512955dbce65f072d4e8c310cb9de,0.37648844718933105,sleap-lablink-client-prod-vm-3,running,Healthy,0,1788390738.0,1788390767.0,1788390814.0,1788391004.0,1788390941.0,1788391018.0,296.0,1788390768.131762,1788391127.452474,1788391742.729919,i-04f09804c45834c8a
1788391810.762508,10,1,ghcr.io/talmolab/lablink-client-base-image:linux-amd64-test@sha256:1ec2fde6860186b3d45ac83890167258f83512955dbce65f072d4e8c310cb9de,0.37648844718933105,sleap-lablink-client-prod-vm-4,running,Healthy,0,1788390738.0,1788390767.0,1788390813.0,1788391010.0,1788390947.0,1788391022.0,301.0,1788390768.132688,1788391127.453282,1788391747.570198,i-0b5a2f80e58b1f49e
1788391810.762508,10,1,ghcr.io/talmolab/lablink-client-base-image:linux-amd64-test@sha256:1ec2fde6860186b3d45ac83890167258f83512955dbce65f072d4e8c310cb9de,0.37648844718933105,sleap-lablink-client-prod-vm-5,running,Healthy,0,1788390738.0,1788390767.0,1788390814.0,1788391012.0,1788390949.0,1788391024.0,302.0,1788390768.133418,1788391127.470972,1788391748.543962,i-011c62511afd69360
1788391810.762508,10,1,ghcr.io/talmolab/lablink-client-base-image:linux-amd64-test@sha256:1ec2fde6860186b3d45ac83890167258f83512955dbce65f072d4e8c310cb9de,0.37648844718933105,sleap-lablink-client-prod-vm-6,running,Healthy,0,1788390738.0,1788390767.0,1788390814.0,1788391011.0,1788390949.0,1788391022.0,299.0,1788390768.134149,1788391127.454231,1788391747.635328,i-0cceae5b4237000da
1788391810.762508,10,1,ghcr.io/talmolab/lablink-client-base-image:linux-amd64-test@sha256:1ec2fde6860186b3d45ac83890167258f83512955dbce65f072d4e8c310cb9de,0.37648844718933105,sleap-lablink-client-prod-vm-7,running,Healthy,0,1788390738.0,1788390767.0,1788390813.0,1788391004.0,1788390941.0,1788391016.0,295.0,1788390768.13509,1788391127.485072,1788391742.24548,i-04223bbc5c5f842c7
1788391810.762508,10,1,ghcr.io/talmolab/lablink-client-base-image:linux-amd64-test@sha256:1ec2fde6860186b3d45ac83890167258f83512955dbce65f072d4e8c310cb9de,0.37648844718933105,sleap-lablink-client-prod-vm-8,running,Healthy,0,1788390738.0,1788390767.0,1788390809.0,1788391003.0,1788390941.0,1788391017.0,299.0,1788390768.135877,1788391127.491438,1788391741.506624,i-0798ccd89f26d7cda
1788391810.762508,10,1,ghcr.io/talmolab/lablink-client-base-image:linux-amd64-test@sha256:1ec2fde6860186b3d45ac83890167258f83512955dbce65f072d4e8c310cb9de,0.37648844718933105,sleap-lablink-client-prod-vm-9,running,Healthy,0,1788390738.0,1788390767.0,1788390813.0,1788391010.0,1788390948.0,1788391021.0,299.0,1788390768.136603,1788391127.503832,1788391745.95919,i-0ae3bdc8eb0227987
1788391815.799562,10,1,ghcr.io/talmolab/lablink-client-base-image:linux-amd64-test@sha256:1ec2fde6860186b3d45ac83890167258f83512955dbce65f072d4e8c310cb9de,0.37648844718933105,sleap-lablink-client-prod-vm-1,running,Healthy,1,1788390738.0,1788390767.0,1788390905.0,1788391113.0,1788391050.0,1788391124.0,311.0,1788390768.128852,1788391127.40029,1788391728.563357,i-0d4ebb2bfcef19f31
1788391815.799562,10,1,ghcr.io/talmolab/lablink-client-base-image:linux-amd64-test@sha256:1ec2fde6860186b3d45ac83890167258f83512955dbce65f072d4e8c310cb9de,0.37648844718933105,sleap-lablink-client-prod-vm-10,running,Healthy,1,1788390738.0,1788390767.0,1788390902.0,1788391108.0,1788391046.0,1788391114.0,303.0,1788390768.130117,1788391127.408882,1788391749.249416,i-073b86b279423b5ed
1788391815.799562,10,1,ghcr.io/talmolab/lablink-client-base-image:linux-amd64-test@sha256:1ec2fde6860186b3d45ac83890167258f83512955dbce65f072d4e8c310cb9de,0.37648844718933105,sleap-lablink-client-prod-vm-2,running,Healthy,0,1788390738.0,1788390767.0,1788390813.0,1788391011.0,1788390949.0,1788391016.0,294.0,1788390768.130938,1788391127.407519,1788391742.29634,i-02f122d3eea1c2ca0
1788391815.799562,10,1,ghcr.io/talmolab/lablink-client-base-image:linux-amd64-test@sha256:1ec2fde6860186b3d45ac83890167258f83512955dbce65f072d4e8c310cb9de,0.37648844718933105,sleap-lablink-client-prod-vm-3,running,Healthy,0,1788390738.0,1788390767.0,1788390814.0,1788391004.0,1788390941.0,1788391018.0,296.0,1788390768.131762,1788391127.452474,1788391742.729919,i-04f09804c45834c8a
1788391815.799562,10,1,ghcr.io/talmolab/lablink-client-base-image:linux-amd64-test@sha256:1ec2fde6860186b3d45ac83890167258f83512955dbce65f072d4e8c310cb9de,0.37648844718933105,sleap-lablink-client-prod-vm-4,running,Healthy,0,1788390738.0,1788390767.0,1788390813.0,1788391010.0,1788390947.0,1788391022.0,301.0,1788390768.132688,1788391127.453282,1788391747.570198,i-0b5a2f80e58b1f49e
1788391815.799562,10,1,ghcr.io/talmolab/lablink-client-base-image:linux-amd64-test@sha256:1ec2fde6860186b3d45ac83890167258f83512955dbce65f072d4e8c310cb9de,0.37648844718933105,sleap-lablink-client-prod-vm-5,running,Healthy,0,1788390738.0,1788390767.0,1788390814.0,1788391012.0,1788390949.0,1788391024.0,302.0,1788390768.133418,1788391127.470972,1788391748.543962,i-011c62511afd69360
1788391815.799562,10,1,ghcr.io/talmolab/lablink-client-base-image:linux-amd64-test@sha256:1ec2fde6860186b3d45ac83890167258f83512955dbce65f072d4e8c310cb9de,0.37648844718933105,sleap-lablink-client-prod-vm-6,running,Healthy,0,1788390738.0,1788390767.0,1788390814.0,1788391011.0,1788390949.0,1788391022.0,299.0,1788390768.134149,1788391127.454231,1788391747.635328,i-0cceae5b4237000da
1788391815.799562,10,1,ghcr.io/talmolab/lablink-client-base-image:linux-amd64-test@sha256:1ec2fde6860186b3d45ac83890167258f83512955dbce65f072d4e8c310cb9de,0.37648844718933105,sleap-lablink-client-prod-vm-7,running,Healthy,0,1788390738.0,1788390767.0,1788390813.0,1788391004.0,1788390941.0,1788391016.0,295.0,1788390768.13509,1788391127.485072,1788391742.24548,i-04223bbc5c5f842c7
1788391815.799562,10,1,ghcr.io/talmolab/lablink-client-base-image:linux-amd64-test@sha256:1ec2fde6860186b3d45ac83890167258f83512955dbce65f072d4e8c310cb9de,0.37648844718933105,sleap-lablink-client-prod-vm-8,running,Healthy,0,1788390738.0,1788390767.0,1788390809.0,1788391003.0,1788390941.0,1788391017.0,299.0,1788390768.135877,1788391127.491438,1788391741.506624,i-0798ccd89f26d7cda
1788391815.799562,10,1,ghcr.io/talmolab/lablink-client-base-image:linux-amd64-test@sha256:1ec2fde6860186b3d45ac83890167258f83512955dbce65f072d4e8c310cb9de,0.37648844718933105,sleap-lablink-client-prod-vm-9,running,Healthy,0,1788390738.0,1788390767.0,1788390813.0,1788391010.0,1788390948.0,1788391021.0,299.0,1788390768.136603,1788391127.503832,1788391745.95919,i-0ae3bdc8eb0227987
1788391820.8627279,10,1,ghcr.io/talmolab/lablink-client-base-image:linux-amd64-test@sha256:1ec2fde6860186b3d45ac83890167258f83512955dbce65f072d4e8c310cb9de,0.37648844718933105,sleap-lablink-client-prod-vm-1,running,Healthy,1,1788390738.0,1788390767.0,1788390905.0,1788391113.0,1788391050.0,1788391124.0,311.0,1788390768.128852,1788391127.40029,1788391728.563357,i-0d4ebb2bfcef19f31
1788391820.8627279,10,1,ghcr.io/talmolab/lablink-client-base-image:linux-amd64-test@sha256:1ec2fde6860186b3d45ac83890167258f83512955dbce65f072d4e8c310cb9de,0.37648844718933105,sleap-lablink-client-prod-vm-10,running,Healthy,1,1788390738.0,1788390767.0,1788390902.0,1788391108.0,1788391046.0,1788391114.0,303.0,1788390768.130117,1788391127.408882,1788391749.249416,i-073b86b279423b5ed
1788391820.8627279,10,1,ghcr.io/talmolab/lablink-client-base-image:linux-amd64-test@sha256:1ec2fde6860186b3d45ac83890167258f83512955dbce65f072d4e8c310cb9de,0.37648844718933105,sleap-lablink-client-prod-vm-2,running,Healthy,0,1788390738.0,1788390767.0,1788390813.0,1788391011.0,1788390949.0,1788391016.0,294.0,1788390768.130938,1788391127.407519,1788391742.29634,i-02f122d3eea1c2ca0
1788391820.8627279,10,1,ghcr.io/talmolab/lablink-client-base-image:linux-amd64-test@sha256:1ec2fde6860186b3d45ac83890167258f83512955dbce65f072d4e8c310cb9de,0.37648844718933105,sleap-lablink-client-prod-vm-3,running,Healthy,0,1788390738.0,1788390767.0,1788390814.0,1788391004.0,1788390941.0,1788391018.0,296.0,1788390768.131762,1788391127.452474,1788391742.729919,i-04f09804c45834c8a
1788391820.8627279,10,1,ghcr.io/talmolab/lablink-client-base-image:linux-amd64-test@sha256:1ec2fde6860186b3d45ac83890167258f83512955dbce65f072d4e8c310cb9de,0.37648844718933105,sleap-lablink-client-prod-vm-4,running,Healthy,0,1788390738.0,1788390767.0,1788390813.0,1788391010.0,1788390947.0,1788391022.0,301.0,1788390768.132688,1788391127.453282,1788391747.570198,i-0b5a2f80e58b1f49e
1788391820.8627279,10,1,ghcr.io/talmolab/lablink-client-base-image:linux-amd64-test@sha256:1ec2fde6860186b3d45ac83890167258f83512955dbce65f072d4e8c310cb9de,0.37648844718933105,sleap-lablink-client-prod-vm-5,running,Healthy,0,1788390738.0,1788390767.0,1788390814.0,1788391012.0,1788390949.0,1788391024.0,302.0,1788390768.133418,1788391127.470972,1788391748.543962,i-011c62511afd69360
1788391820.8627279,10,1,ghcr.io/talmolab/lablink-client-base-image:linux-amd64-test@sha256:1ec2fde6860186b3d45ac83890167258f83512955dbce65f072d4e8c310cb9de,0.37648844718933105,sleap-lablink-client-prod-vm-6,running,Healthy,0,1788390738.0,1788390767.0,1788390814.0,1788391011.0,1788390949.0,1788391022.0,299.0,1788390768.134149,1788391127.454231,1788391747.635328,i-0cceae5b4237000da
1788391820.8627279,10,1,ghcr.io/talmolab/lablink-client-base-image:linux-amd64-test@sha256:1ec2fde6860186b3d45ac83890167258f83512955dbce65f072d4e8c310cb9de,0.37648844718933105,sleap-lablink-client-prod-vm-7,running,Healthy,0,1788390738.0,1788390767.0,1788390813.0,1788391004.0,1788390941.0,1788391016.0,295.0,1788390768.13509,1788391127.485072,1788391742.24548,i-04223bbc5c5f842c7
1788391820.8627279,10,1,ghcr.io/talmolab/lablink-client-base-image:linux-amd64-test@sha256:1ec2fde6860186b3d45ac83890167258f83512955dbce65f072d4e8c310cb9de,0.37648844718933105,sleap-lablink-client-prod-vm-8,running,Healthy,0,1788390738.0,1788390767.0,1788390809.0,1788391003.0,1788390941.0,1788391017.0,299.0,1788390768.135877,1788391127.491438,1788391741.506624,i-0798ccd89f26d7cda
1788391820.8627279,10,1,ghcr.io/talmolab/lablink-client-base-image:linux-amd64-test@sha256:1ec2fde6860186b3d45ac83890167258f83512955dbce65f072d4e8c310cb9de,0.37648844718933105,sleap-lablink-client-prod-vm-9,running,Healthy,0,1788390738.0,1788390767.0,1788390813.0,1788391010.0,1788390948.0,1788391021.0,299.0,1788390768.136603,1788391127.503832,1788391745.95919,i-0ae3bdc8eb0227987
1788391825.81089,10,1,ghcr.io/talmolab/lablink-client-base-image:linux-amd64-test@sha256:1ec2fde6860186b3d45ac83890167258f83512955dbce65f072d4e8c310cb9de,0.37648844718933105,sleap-lablink-client-prod-vm-1,running,Healthy,1,1788390738.0,1788390767.0,1788390905.0,1788391113.0,1788391050.0,1788391124.0,311.0,1788390768.128852,1788391127.40029,1788391728.563357,i-0d4ebb2bfcef19f31
1788391825.81089,10,1,ghcr.io/talmolab/lablink-client-base-image:linux-amd64-test@sha256:1ec2fde6860186b3d45ac83890167258f83512955dbce65f072d4e8c310cb9de,0.37648844718933105,sleap-lablink-client-prod-vm-10,running,Healthy,1,1788390738.0,1788390767.0,1788390902.0,1788391108.0,1788391046.0,1788391114.0,303.0,1788390768.130117,1788391127.408882,1788391749.249416,i-073b86b279423b5ed
1788391825.81089,10,1,ghcr.io/talmolab/lablink-client-base-image:linux-amd64-test@sha256:1ec2fde6860186b3d45ac83890167258f83512955dbce65f072d4e8c310cb9de,0.37648844718933105,sleap-lablink-client-prod-vm-2,running,Healthy,0,1788390738.0,1788390767.0,1788390813.0,1788391011.0,1788390949.0,1788391016.0,294.0,1788390768.130938,1788391127.407519,1788391742.29634,i-02f122d3eea1c2ca0
1788391825.81089,10,1,ghcr.io/talmolab/lablink-client-base-image:linux-amd64-test@sha256:1ec2fde6860186b3d45ac83890167258f83512955dbce65f072d4e8c310cb9de,0.37648844718933105,sleap-lablink-client-prod-vm-3,running,Healthy,0,1788390738.0,1788390767.0,1788390814.0,1788391004.0,1788390941.0,1788391018.0,296.0,1788390768.131762,1788391127.452474,1788391742.729919,i-04f09804c45834c8a
1788391825.81089,10,1,ghcr.io/talmolab/lablink-client-base-image:linux-amd64-test@sha256:1ec2fde6860186b3d45ac83890167258f83512955dbce65f072d4e8c310cb9de,0.37648844718933105,sleap-lablink-client-prod-vm-4,running,Healthy,0,1788390738.0,1788390767.0,1788390813.0,1788391010.0,1788390947.0,1788391022.0,301.0,1788390768.132688,1788391127.453282,1788391747.570198,i-0b5a2f80e58b1f49e
1788391825.81089,10,1,ghcr.io/talmolab/lablink-client-base-image:linux-amd64-test@sha256:1ec2fde6860186b3d45ac83890167258f83512955dbce65f072d4e8c310cb9de,0.37648844718933105,sleap-lablink-client-prod-vm-5,running,Healthy,0,1788390738.0,1788390767.0,1788390814.0,1788391012.0,1788390949.0,1788391024.0,302.0,1788390768.133418,1788391127.470972,1788391748.543962,i-011c62511afd69360
1788391825.81089,10,1,ghcr.io/talmolab/lablink-client-base-image:linux-amd64-test@sha256:1ec2fde6860186b3d45ac83890167258f83512955dbce65f072d4e8c310cb9de,0.37648844718933105,sleap-lablink-client-prod-vm-6,running,Healthy,0,1788390738.0,1788390767.0,1788390814.0,1788391011.0,1788390949.0,1788391022.0,299.0,1788390768.134149,1788391127.454231,1788391747.635328,i-0cceae5b4237000da
1788391825.81089,10,1,ghcr.io/talmolab/lablink-client-base-image:linux-amd64-test@sha256:1ec2fde6860186b3d45ac83890167258f83512955dbce65f072d4e8c310cb9de,0.37648844718933105,sleap-lablink-client-prod-vm-7,running,Healthy,0,1788390738.0,1788390767.0,1788390813.0,1788391004.0,1788390941.0,1788391016.0,295.0,1788390768.13509,1788391127.485072,1788391742.24548,i-04223bbc5c5f842c7
1788391825.81089,10,1,ghcr.io/talmolab/lablink-client-base-image:linux-amd64-test@sha256:1ec2fde6860186b3d45ac83890167258f83512955dbce65f072d4e8c310cb9de,0.37648844718933105,sleap-lablink-client-prod-vm-8,running,Healthy,0,1788390738.0,1788390767.0,1788390809.0,1788391003.0,1788390941.0,1788391017.0,299.0,1788390768.135877,1788391127.491438,1788391741.506624,i-0798ccd89f26d7cda
1788391825.81089,10,1,ghcr.io/talmolab/lablink-client-base-image:linux-amd64-test@sha256:1ec2fde6860186b3d45ac83890167258f83512955dbce65f072d4e8c310cb9de,0.37648844718933105,sleap-lablink-client-prod-vm-9,running,Healthy,0,1788390738.0,1788390767.0,1788390813.0,1788391010.0,1788390948.0,1788391021.0,299.0,1788390768.136603,1788391127.503832,1788391745.95919,i-0ae3bdc8eb0227987
1788391830.847499,10,1,ghcr.io/talmolab/lablink-client-base-image:linux-amd64-test@sha256:1ec2fde6860186b3d45ac83890167258f83512955dbce65f072d4e8c310cb9de,0.37648844718933105,sleap-lablink-client-prod-vm-1,running,Healthy,1,1788390738.0,1788390767.0,1788390905.0,1788391113.0,1788391050.0,1788391124.0,311.0,1788390768.128852,1788391127.40029,1788391728.563357,i-0d4ebb2bfcef19f31
1788391830.847499,10,1,ghcr.io/talmolab/lablink-client-base-image:linux-amd64-test@sha256:1ec2fde6860186b3d45ac83890167258f83512955dbce65f072d4e8c310cb9de,0.37648844718933105,sleap-lablink-client-prod-vm-10,running,Healthy,1,1788390738.0,1788390767.0,1788390902.0,1788391108.0,1788391046.0,1788391114.0,303.0,1788390768.130117,1788391127.408882,1788391749.249416,i-073b86b279423b5ed
1788391830.847499,10,1,ghcr.io/talmolab/lablink-client-base-image:linux-amd64-test@sha256:1ec2fde6860186b3d45ac83890167258f83512955dbce65f072d4e8c310cb9de,0.37648844718933105,sleap-lablink-client-prod-vm-2,running,Healthy,0,1788390738.0,1788390767.0,1788390813.0,1788391011.0,1788390949.0,1788391016.0,294.0,1788390768.130938,1788391127.407519,1788391742.29634,i-02f122d3eea1c2ca0
1788391830.847499,10,1,ghcr.io/talmolab/lablink-client-base-image:linux-amd64-test@sha256:1ec2fde6860186b3d45ac83890167258f83512955dbce65f072d4e8c310cb9de,0.37648844718933105,sleap-lablink-client-prod-vm-3,running,Healthy,0,1788390738.0,1788390767.0,1788390814.0,1788391004.0,1788390941.0,1788391018.0,296.0,1788390768.131762,1788391127.452474,1788391742.729919,i-04f09804c45834c8a
1788391830.847499,10,1,ghcr.io/talmolab/lablink-client-base-image:linux-amd64-test@sha256:1ec2fde6860186b3d45ac83890167258f83512955dbce65f072d4e8c310cb9de,0.37648844718933105,sleap-lablink-client-prod-vm-4,running,Healthy,0,1788390738.0,1788390767.0,1788390813.0,1788391010.0,1788390947.0,1788391022.0,301.0,1788390768.132688,1788391127.453282,1788391747.570198,i-0b5a2f80e58b1f49e
1788391830.847499,10,1,ghcr.io/talmolab/lablink-client-base-image:linux-amd64-test@sha256:1ec2fde6860186b3d45ac83890167258f83512955dbce65f072d4e8c310cb9de,0.37648844718933105,sleap-lablink-client-prod-vm-5,running,Healthy,0,1788390738.0,1788390767.0,1788390814.0,1788391012.0,1788390949.0,1788391024.0,302.0,1788390768.133418,1788391127.470972,1788391748.543962,i-011c62511afd69360
1788391830.847499,10,1,ghcr.io/talmolab/lablink-client-base-image:linux-amd64-test@sha256:1ec2fde6860186b3d45ac83890167258f83512955dbce65f072d4e8c310cb9de,0.37648844718933105,sleap-lablink-client-prod-vm-6,running,Healthy,0,1788390738.0,1788390767.0,1788390814.0,1788391011.0,1788390949.0,1788391022.0,299.0,1788390768.134149,1788391127.454231,1788391747.635328,i-0cceae5b4237000da
1788391830.847499,10,1,ghcr.io/talmolab/lablink-client-base-image:linux-amd64-test@sha256:1ec2fde6860186b3d45ac83890167258f83512955dbce65f072d4e8c310cb9de,0.37648844718933105,sleap-lablink-client-prod-vm-7,running,Healthy,0,1788390738.0,1788390767.0,1788390813.0,1788391004.0,1788390941.0,1788391016.0,295.0,1788390768.13509,1788391127.485072,1788391742.24548,i-04223bbc5c5f842c7
1788391830.847499,10,1,ghcr.io/talmolab/lablink-client-base-image:linux-amd64-test@sha256:1ec2fde6860186b3d45ac83890167258f83512955dbce65f072d4e8c310cb9de,0.37648844718933105,sleap-lablink-client-prod-vm-8,running,Healthy,0,1788390738.0,1788390767.0,1788390809.0,1788391003.0,1788390941.0,1788391017.0,299.0,1788390768.135877,1788391127.491438,1788391741.506624,i-0798ccd89f26d7cda
1788391830.847499,10,1,ghcr.io/talmolab/lablink-client-base-image:linux-amd64-test@sha256:1ec2fde6860186b3d45ac83890167258f83512955dbce65f072d4e8c310cb9de,0.37648844718933105,sleap-lablink-client-prod-vm-9,running,Healthy,0,1788390738.0,1788390767.0,1788390813.0,1788391010.0,1788390948.0,1788391021.0,299.0,1788390768.136603,1788391127.503832,1788391745.95919,i-0ae3bdc8eb0227987
1788391835.757919,10,1,ghcr.io/talmolab/lablink-client-base-image:linux-amd64-test@sha256:1ec2fde6860186b3d45ac83890167258f83512955dbce65f072d4e8c310cb9de,0.37648844718933105,sleap-lablink-client-prod-vm-1,running,Healthy,1,1788390738.0,1788390767.0,1788390905.0,1788391113.0,1788391050.0,1788391124.0,311.0,1788390768.128852,1788391127.40029,1788391728.563357,i-0d4ebb2bfcef19f31
1788391835.757919,10,1,ghcr.io/talmolab/lablink-client-base-image:linux-amd64-test@sha256:1ec2fde6860186b3d45ac83890167258f83512955dbce65f072d4e8c310cb9de,0.37648844718933105,sleap-lablink-client-prod-vm-10,running,Healthy,1,1788390738.0,1788390767.0,1788390902.0,1788391108.0,1788391046.0,1788391114.0,303.0,1788390768.130117,1788391127.408882,1788391749.249416,i-073b86b279423b5ed
1788391835.757919,10,1,ghcr.io/talmolab/lablink-client-base-image:linux-amd64-test@sha256:1ec2fde6860186b3d45ac83890167258f83512955dbce65f072d4e8c310cb9de,0.37648844718933105,sleap-lablink-client-prod-vm-2,running,Healthy,0,1788390738.0,1788390767.0,1788390813.0,1788391011.0,1788390949.0,1788391016.0,294.0,1788390768.130938,1788391127.407519,1788391742.29634,i-02f122d3eea1c2ca0
1788391835.757919,10,1,ghcr.io/talmolab/lablink-client-base-image:linux-amd64-test@sha256:1ec2fde6860186b3d45ac83890167258f83512955dbce65f072d4e8c310cb9de,0.37648844718933105,sleap-lablink-client-prod-vm-3,running,Healthy,0,1788390738.0,1788390767.0,1788390814.0,1788391004.0,1788390941.0,1788391018.0,296.0,1788390768.131762,1788391127.452474,1788391742.729919,i-04f09804c45834c8a
1788391835.757919,10,1,ghcr.io/talmolab/lablink-client-base-image:linux-amd64-test@sha256:1ec2fde6860186b3d45ac83890167258f83512955dbce65f072d4e8c310cb9de,0.37648844718933105,sleap-lablink-client-prod-vm-4,running,Healthy,0,1788390738.0,1788390767.0,1788390813.0,1788391010.0,1788390947.0,1788391022.0,301.0,1788390768.132688,1788391127.453282,1788391747.570198,i-0b5a2f80e58b1f49e
1788391835.757919,10,1,ghcr.io/talmolab/lablink-client-base-image:linux-amd64-test@sha256:1ec2fde6860186b3d45ac83890167258f83512955dbce65f072d4e8c310cb9de,0.37648844718933105,sleap-lablink-client-prod-vm-5,running,Healthy,0,1788390738.0,1788390767.0,1788390814.0,1788391012.0,1788390949.0,1788391024.0,302.0,1788390768.133418,1788391127.470972,1788391748.543962,i-011c62511afd69360
1788391835.757919,10,1,ghcr.io/talmolab/lablink-client-base-image:linux-amd64-test@sha256:1ec2fde6860186b3d45ac83890167258f83512955dbce65f072d4e8c310cb9de,0.37648844718933105,sleap-lablink-client-prod-vm-6,running,Healthy,0,1788390738.0,1788390767.0,1788390814.0,1788391011.0,1788390949.0,1788391022.0,299.0,1788390768.134149,1788391127.454231,1788391747.635328,i-0cceae5b4237000da
1788391835.757919,10,1,ghcr.io/talmolab/lablink-client-base-image:linux-amd64-test@sha256:1ec2fde6860186b3d45ac83890167258f83512955dbce65f072d4e8c310cb9de,0.37648844718933105,sleap-lablink-client-prod-vm-7,running,Healthy,0,1788390738.0,1788390767.0,1788390813.0,1788391004.0,1788390941.0,1788391016.0,295.0,1788390768.13509,1788391127.485072,1788391742.24548,i-04223bbc5c5f842c7
1788391835.757919,10,1,ghcr.io/talmolab/lablink-client-base-image:linux-amd64-test@sha256:1ec2fde6860186b3d45ac83890167258f83512955dbce65f072d4e8c310cb9de,0.37648844718933105,sleap-lablink-client-prod-vm-8,running,Healthy,0,1788390738.0,1788390767.0,1788390809.0,1788391003.0,1788390941.0,1788391017.0,299.0,1788390768.135877,1788391127.491438,1788391741.506624,i-0798ccd89f26d7cda
1788391835.757919,10,1,ghcr.io/talmolab/lablink-client-base-image:linux-amd64-test@sha256:1ec2fde6860186b3d45ac83890167258f83512955dbce65f072d4e8c310cb9de,0.37648844718933105,sleap-lablink-client-prod-vm-9,running,Healthy,0,1788390738.0,1788390767.0,1788390813.0,1788391010.0,1788390948.0,1788391021.0,299.0,1788390768.136603,1788391127.503832,1788391745.95919,i-0ae3bdc8eb0227987
1788391840.8167748,10,1,ghcr.io/talmolab/lablink-client-base-image:linux-amd64-test@sha256:1ec2fde6860186b3d45ac83890167258f83512955dbce65f072d4e8c310cb9de,0.37648844718933105,sleap-lablink-client-prod-vm-1,running,Healthy,1,1788390738.0,1788390767.0,1788390905.0,1788391113.0,1788391050.0,1788391124.0,311.0,1788390768.128852,1788391127.40029,1788391728.563357,i-0d4ebb2bfcef19f31
1788391840.8167748,10,1,ghcr.io/talmolab/lablink-client-base-image:linux-amd64-test@sha256:1ec2fde6860186b3d45ac83890167258f83512955dbce65f072d4e8c310cb9de,0.37648844718933105,sleap-lablink-client-prod-vm-10,running,Healthy,1,1788390738.0,1788390767.0,1788390902.0,1788391108.0,1788391046.0,1788391114.0,303.0,1788390768.130117,1788391127.408882,1788391749.249416,i-073b86b279423b5ed
1788391840.8167748,10,1,ghcr.io/talmolab/lablink-client-base-image:linux-amd64-test@sha256:1ec2fde6860186b3d45ac83890167258f83512955dbce65f072d4e8c310cb9de,0.37648844718933105,sleap-lablink-client-prod-vm-2,running,Healthy,0,1788390738.0,1788390767.0,1788390813.0,1788391011.0,1788390949.0,1788391016.0,294.0,1788390768.130938,1788391127.407519,1788391742.29634,i-02f122d3eea1c2ca0
1788391840.8167748,10,1,ghcr.io/talmolab/lablink-client-base-image:linux-amd64-test@sha256:1ec2fde6860186b3d45ac83890167258f83512955dbce65f072d4e8c310cb9de,0.37648844718933105,sleap-lablink-client-prod-vm-3,running,Healthy,0,1788390738.0,1788390767.0,1788390814.0,1788391004.0,1788390941.0,1788391018.0,296.0,1788390768.131762,1788391127.452474,1788391742.729919,i-04f09804c45834c8a
1788391840.8167748,10,1,ghcr.io/talmolab/lablink-client-base-image:linux-amd64-test@sha256:1ec2fde6860186b3d45ac83890167258f83512955dbce65f072d4e8c310cb9de,0.37648844718933105,sleap-lablink-client-prod-vm-4,running,Healthy,0,1788390738.0,1788390767.0,1788390813.0,1788391010.0,1788390947.0,1788391022.0,301.0,1788390768.132688,1788391127.453282,1788391747.570198,i-0b5a2f80e58b1f49e
1788391840.8167748,10,1,ghcr.io/talmolab/lablink-client-base-image:linux-amd64-test@sha256:1ec2fde6860186b3d45ac83890167258f83512955dbce65f072d4e8c310cb9de,0.37648844718933105,sleap-lablink-client-prod-vm-5,running,Healthy,0,1788390738.0,1788390767.0,1788390814.0,1788391012.0,1788390949.0,1788391024.0,302.0,1788390768.133418,1788391127.470972,1788391748.543962,i-011c62511afd69360
1788391840.8167748,10,1,ghcr.io/talmolab/lablink-client-base-image:linux-amd64-test@sha256:1ec2fde6860186b3d45ac83890167258f83512955dbce65f072d4e8c310cb9de,0.37648844718933105,sleap-lablink-client-prod-vm-6,running,Healthy,0,1788390738.0,1788390767.0,1788390814.0,1788391011.0,1788390949.0,1788391022.0,299.0,1788390768.134149,1788391127.454231,1788391747.635328,i-0cceae5b4237000da
1788391840.8167748,10,1,ghcr.io/talmolab/lablink-client-base-image:linux-amd64-test@sha256:1ec2fde6860186b3d45ac83890167258f83512955dbce65f072d4e8c310cb9de,0.37648844718933105,sleap-lablink-client-prod-vm-7,running,Healthy,0,1788390738.0,1788390767.0,1788390813.0,1788391004.0,1788390941.0,1788391016.0,295.0,1788390768.13509,1788391127.485072,1788391742.24548,i-04223bbc5c5f842c7
1788391840.8167748,10,1,ghcr.io/talmolab/lablink-client-base-image:linux-amd64-test@sha256:1ec2fde6860186b3d45ac83890167258f83512955dbce65f072d4e8c310cb9de,0.37648844718933105,sleap-lablink-client-prod-vm-8,running,Healthy,0,1788390738.0,1788390767.0,1788390809.0,1788391003.0,1788390941.0,1788391017.0,299.0,1788390768.135877,1788391127.491438,1788391741.506624,i-0798ccd89f26d7cda
1788391840.8167748,10,1,ghcr.io/talmolab/lablink-client-base-image:linux-amd64-test@sha256:1ec2fde6860186b3d45ac83890167258f83512955dbce65f072d4e8c310cb9de,0.37648844718933105,sleap-lablink-client-prod-vm-9,running,Healthy,0,1788390738.0,1788390767.0,1788390813.0,1788391010.0,1788390948.0,1788391021.0,299.0,1788390768.136603,1788391127.503832,1788391745.95919,i-0ae3bdc8eb0227987
1788391845.833477,10,1,ghcr.io/talmolab/lablink-client-base-image:linux-amd64-test@sha256:1ec2fde6860186b3d45ac83890167258f83512955dbce65f072d4e8c310cb9de,0.37648844718933105,sleap-lablink-client-prod-vm-1,running,Healthy,1,1788390738.0,1788390767.0,1788390905.0,1788391113.0,1788391050.0,1788391124.0,311.0,1788390768.128852,1788391127.40029,1788391728.563357,i-0d4ebb2bfcef19f31
1788391845.833477,10,1,ghcr.io/talmolab/lablink-client-base-image:linux-amd64-test@sha256:1ec2fde6860186b3d45ac83890167258f83512955dbce65f072d4e8c310cb9de,0.37648844718933105,sleap-lablink-client-prod-vm-10,running,Healthy,1,1788390738.0,1788390767.0,1788390902.0,1788391108.0,1788391046.0,1788391114.0,303.0,1788390768.130117,1788391127.408882,1788391749.249416,i-073b86b279423b5ed
1788391845.833477,10,1,ghcr.io/talmolab/lablink-client-base-image:linux-amd64-test@sha256:1ec2fde6860186b3d45ac83890167258f83512955dbce65f072d4e8c310cb9de,0.37648844718933105,sleap-lablink-client-prod-vm-2,running,Healthy,0,1788390738.0,1788390767.0,1788390813.0,1788391011.0,1788390949.0,1788391016.0,294.0,1788390768.130938,1788391127.407519,1788391742.29634,i-02f122d3eea1c2ca0
1788391845.833477,10,1,ghcr.io/talmolab/lablink-client-base-image:linux-amd64-test@sha256:1ec2fde6860186b3d45ac83890167258f83512955dbce65f072d4e8c310cb9de,0.37648844718933105,sleap-lablink-client-prod-vm-3,running,Healthy,0,1788390738.0,1788390767.0,1788390814.0,1788391004.0,1788390941.0,1788391018.0,296.0,1788390768.131762,1788391127.452474,1788391742.729919,i-04f09804c45834c8a
1788391845.833477,10,1,ghcr.io/talmolab/lablink-client-base-image:linux-amd64-test@sha256:1ec2fde6860186b3d45ac83890167258f83512955dbce65f072d4e8c310cb9de,0.37648844718933105,sleap-lablink-client-prod-vm-4,running,Healthy,0,1788390738.0,1788390767.0,1788390813.0,1788391010.0,1788390947.0,1788391022.0,301.0,1788390768.132688,1788391127.453282,1788391747.570198,i-0b5a2f80e58b1f49e
1788391845.833477,10,1,ghcr.io/talmolab/lablink-client-base-image:linux-amd64-test@sha256:1ec2fde6860186b3d45ac83890167258f83512955dbce65f072d4e8c310cb9de,0.37648844718933105,sleap-lablink-client-prod-vm-5,running,Healthy,0,1788390738.0,1788390767.0,1788390814.0,1788391012.0,1788390949.0,1788391024.0,302.0,1788390768.133418,1788391127.470972,1788391748.543962,i-011c62511afd69360
1788391845.833477,10,1,ghcr.io/talmolab/lablink-client-base-image:linux-amd64-test@sha256:1ec2fde6860186b3d45ac83890167258f83512955dbce65f072d4e8c310cb9de,0.37648844718933105,sleap-lablink-client-prod-vm-6,running,Healthy,0,1788390738.0,1788390767.0,1788390814.0,1788391011.0,1788390949.0,1788391022.0,299.0,1788390768.134149,1788391127.454231,1788391747.635328,i-0cceae5b4237000da
1788391845.833477,10,1,ghcr.io/talmolab/lablink-client-base-image:linux-amd64-test@sha256:1ec2fde6860186b3d45ac83890167258f83512955dbce65f072d4e8c310cb9de,0.37648844718933105,sleap-lablink-client-prod-vm-7,running,Healthy,0,1788390738.0,1788390767.0,1788390813.0,1788391004.0,1788390941.0,1788391016.0,295.0,1788390768.13509,1788391127.485072,1788391742.24548,i-04223bbc5c5f842c7
1788391845.833477,10,1,ghcr.io/talmolab/lablink-client-base-image:linux-amd64-test@sha256:1ec2fde6860186b3d45ac83890167258f83512955dbce65f072d4e8c310cb9de,0.37648844718933105,sleap-lablink-client-prod-vm-8,running,Healthy,0,1788390738.0,1788390767.0,1788390809.0,1788391003.0,1788390941.0,1788391017.0,299.0,1788390768.135877,1788391127.491438,1788391741.506624,i-0798ccd89f26d7cda
1788391845.833477,10,1,ghcr.io/talmolab/lablink-client-base-image:linux-amd64-test@sha256:1ec2fde6860186b3d45ac83890167258f83512955dbce65f072d4e8c310cb9de,0.37648844718933105,sleap-lablink-client-prod-vm-9,running,Healthy,0,1788390738.0,1788390767.0,1788390813.0,1788391010.0,1788390948.0,1788391021.0,299.0,1788390768.136603,1788391127.503832,1788391745.95919,i-0ae3bdc8eb0227987
1788391850.770737,10,1,ghcr.io/talmolab/lablink-client-base-image:linux-amd64-test@sha256:1ec2fde6860186b3d45ac83890167258f83512955dbce65f072d4e8c310cb9de,0.37648844718933105,sleap-lablink-client-prod-vm-1,running,Healthy,1,1788390738.0,1788390767.0,1788390905.0,1788391113.0,1788391050.0,1788391124.0,311.0,1788390768.128852,1788391127.40029,1788391728.563357,i-0d4ebb2bfcef19f31
1788391850.770737,10,1,ghcr.io/talmolab/lablink-client-base-image:linux-amd64-test@sha256:1ec2fde6860186b3d45ac83890167258f83512955dbce65f072d4e8c310cb9de,0.37648844718933105,sleap-lablink-client-prod-vm-10,running,Healthy,1,1788390738.0,1788390767.0,1788390902.0,1788391108.0,1788391046.0,1788391114.0,303.0,1788390768.130117,1788391127.408882,1788391749.249416,i-073b86b279423b5ed
1788391850.770737,10,1,ghcr.io/talmolab/lablink-client-base-image:linux-amd64-test@sha256:1ec2fde6860186b3d45ac83890167258f83512955dbce65f072d4e8c310cb9de,0.37648844718933105,sleap-lablink-client-prod-vm-2,running,Healthy,0,1788390738.0,1788390767.0,1788390813.0,1788391011.0,1788390949.0,1788391016.0,294.0,1788390768.130938,1788391127.407519,1788391742.29634,i-02f122d3eea1c2ca0
1788391850.770737,10,1,ghcr.io/talmolab/lablink-client-base-image:linux-amd64-test@sha256:1ec2fde6860186b3d45ac83890167258f83512955dbce65f072d4e8c310cb9de,0.37648844718933105,sleap-lablink-client-prod-vm-3,running,Healthy,0,1788390738.0,1788390767.0,1788390814.0,1788391004.0,1788390941.0,1788391018.0,296.0,1788390768.131762,1788391127.452474,1788391742.729919,i-04f09804c45834c8a
1788391850.770737,10,1,ghcr.io/talmolab/lablink-client-base-image:linux-amd64-test@sha256:1ec2fde6860186b3d45ac83890167258f83512955dbce65f072d4e8c310cb9de,0.37648844718933105,sleap-lablink-client-prod-vm-4,running,Healthy,0,1788390738.0,1788390767.0,1788390813.0,1788391010.0,1788390947.0,1788391022.0,301.0,1788390768.132688,1788391127.453282,1788391747.570198,i-0b5a2f80e58b1f49e
1788391850.770737,10,1,ghcr.io/talmolab/lablink-client-base-image:linux-amd64-test@sha256:1ec2fde6860186b3d45ac83890167258f83512955dbce65f072d4e8c310cb9de,0.37648844718933105,sleap-lablink-client-prod-vm-5,running,Healthy,0,1788390738.0,1788390767.0,1788390814.0,1788391012.0,1788390949.0,1788391024.0,302.0,1788390768.133418,1788391127.470972,1788391748.543962,i-011c62511afd69360
1788391850.770737,10,1,ghcr.io/talmolab/lablink-client-base-image:linux-amd64-test@sha256:1ec2fde6860186b3d45ac83890167258f83512955dbce65f072d4e8c310cb9de,0.37648844718933105,sleap-lablink-client-prod-vm-6,running,Healthy,0,1788390738.0,1788390767.0,1788390814.0,1788391011.0,1788390949.0,1788391022.0,299.0,1788390768.134149,1788391127.454231,1788391747.635328,i-0cceae5b4237000da
1788391850.770737,10,1,ghcr.io/talmolab/lablink-client-base-image:linux-amd64-test@sha256:1ec2fde6860186b3d45ac83890167258f83512955dbce65f072d4e8c310cb9de,0.37648844718933105,sleap-lablink-client-prod-vm-7,running,Healthy,0,1788390738.0,1788390767.0,1788390813.0,1788391004.0,1788390941.0,1788391016.0,295.0,1788390768.13509,1788391127.485072,1788391742.24548,i-04223bbc5c5f842c7
1788391850.770737,10,1,ghcr.io/talmolab/lablink-client-base-image:linux-amd64-test@sha256:1ec2fde6860186b3d45ac83890167258f83512955dbce65f072d4e8c310cb9de,0.37648844718933105,sleap-lablink-client-prod-vm-8,running,Healthy,0,1788390738.0,1788390767.0,1788390809.0,1788391003.0,1788390941.0,1788391017.0,299.0,1788390768.135877,1788391127.491438,1788391741.506624,i-0798ccd89f26d7cda
1788391850.770737,10,1,ghcr.io/talmolab/lablink-client-base-image:linux-amd64-test@sha256:1ec2fde6860186b3d45ac83890167258f83512955dbce65f072d4e8c310cb9de,0.37648844718933105,sleap-lablink-client-prod-vm-9,running,Healthy,0,1788390738.0,1788390767.0,1788390813.0,1788391010.0,1788390948.0,1788391021.0,299.0,1788390768.136603,1788391127.503832,1788391745.95919,i-0ae3bdc8eb0227987
1788391856.053359,10,1,ghcr.io/talmolab/lablink-client-base-image:linux-amd64-test@sha256:1ec2fde6860186b3d45ac83890167258f83512955dbce65f072d4e8c310cb9de,0.37648844718933105,sleap-lablink-client-prod-vm-1,running,Healthy,1,1788390738.0,1788390767.0,1788390905.0,1788391113.0,1788391050.0,1788391124.0,311.0,1788390768.128852,1788391127.40029,1788391728.563357,i-0d4ebb2bfcef19f31
1788391856.053359,10,1,ghcr.io/talmolab/lablink-client-base-image:linux-amd64-test@sha256:1ec2fde6860186b3d45ac83890167258f83512955dbce65f072d4e8c310cb9de,0.37648844718933105,sleap-lablink-client-prod-vm-10,running,Healthy,1,1788390738.0,1788390767.0,1788390902.0,1788391108.0,1788391046.0,1788391114.0,303.0,1788390768.130117,1788391127.408882,1788391749.249416,i-073b86b279423b5ed
1788391856.053359,10,1,ghcr.io/talmolab/lablink-client-base-image:linux-amd64-test@sha256:1ec2fde6860186b3d45ac83890167258f83512955dbce65f072d4e8c310cb9de,0.37648844718933105,sleap-lablink-client-prod-vm-2,running,Healthy,0,1788390738.0,1788390767.0,1788390813.0,1788391011.0,1788390949.0,1788391016.0,294.0,1788390768.130938,1788391127.407519,1788391742.29634,i-02f122d3eea1c2ca0
1788391856.053359,10,1,ghcr.io/talmolab/lablink-client-base-image:linux-amd64-test@sha256:1ec2fde6860186b3d45ac83890167258f83512955dbce65f072d4e8c310cb9de,0.37648844718933105,sleap-lablink-client-prod-vm-3,running,Healthy,0,1788390738.0,1788390767.0,1788390814.0,1788391004.0,1788390941.0,1788391018.0,296.0,1788390768.131762,1788391127.452474,1788391742.729919,i-04f09804c45834c8a
1788391856.053359,10,1,ghcr.io/talmolab/lablink-client-base-image:linux-amd64-test@sha256:1ec2fde6860186b3d45ac83890167258f83512955dbce65f072d4e8c310cb9de,0.37648844718933105,sleap-lablink-client-prod-vm-4,running,Healthy,0,1788390738.0,1788390767.0,1788390813.0,1788391010.0,1788390947.0,1788391022.0,301.0,1788390768.132688,1788391127.453282,1788391747.570198,i-0b5a2f80e58b1f49e
1788391856.053359,10,1,ghcr.io/talmolab/lablink-client-base-image:linux-amd64-test@sha256:1ec2fde6860186b3d45ac83890167258f83512955dbce65f072d4e8c310cb9de,0.37648844718933105,sleap-lablink-client-prod-vm-5,running,Healthy,0,1788390738.0,1788390767.0,1788390814.0,1788391012.0,1788390949.0,1788391024.0,302.0,1788390768.133418,1788391127.470972,1788391748.543962,i-011c62511afd69360
1788391856.053359,10,1,ghcr.io/talmolab/lablink-client-base-image:linux-amd64-test@sha256:1ec2fde6860186b3d45ac83890167258f83512955dbce65f072d4e8c310cb9de,0.37648844718933105,sleap-lablink-client-prod-vm-6,running,Healthy,0,1788390738.0,1788390767.0,1788390814.0,1788391011.0,1788390949.0,1788391022.0,299.0,1788390768.134149,1788391127.454231,1788391747.635328,i-0cceae5b4237000da
1788391856.053359,10,1,ghcr.io/talmolab/lablink-client-base-image:linux-amd64-test@sha256:1ec2fde6860186b3d45ac83890167258f83512955dbce65f072d4e8c310cb9de,0.37648844718933105,sleap-lablink-client-prod-vm-7,running,Healthy,0,1788390738.0,1788390767.0,1788390813.0,1788391004.0,1788390941.0,1788391016.0,295.0,1788390768.13509,1788391127.485072,1788391742.24548,i-04223bbc5c5f842c7
1788391856.053359,10,1,ghcr.io/talmolab/lablink-client-base-image:linux-amd64-test@sha256:1ec2fde6860186b3d45ac83890167258f83512955dbce65f072d4e8c310cb9de,0.37648844718933105,sleap-lablink-client-prod-vm-8,running,Healthy,0,1788390738.0,1788390767.0,1788390809.0,1788391003.0,1788390941.0,1788391017.0,299.0,1788390768.135877,1788391127.491438,1788391741.506624,i-0798ccd89f26d7cda
1788391856.053359,10,1,ghcr.io/talmolab/lablink-client-base-image:linux-amd64-test@sha256:1ec2fde6860186b3d45ac83890167258f83512955dbce65f072d4e8c310cb9de,0.37648844718933105,sleap-lablink-client-prod-vm-9,running,Healthy,0,1788390738.0,1788390767.0,1788390813.0,1788391010.0,1788390948.0,1788391021.0,299.0,1788390768.136603,1788391127.503832,1788391745.95919,i-0ae3bdc8eb0227987
1788391860.768754,10,1,ghcr.io/talmolab/lablink-client-base-image:linux-amd64-test@sha256:1ec2fde6860186b3d45ac83890167258f83512955dbce65f072d4e8c310cb9de,0.37648844718933105,sleap-lablink-client-prod-vm-1,running,Healthy,1,1788390738.0,1788390767.0,1788390905.0,1788391113.0,1788391050.0,1788391124.0,311.0,1788390768.128852,1788391127.40029,1788391728.563357,i-0d4ebb2bfcef19f31
1788391860.768754,10,1,ghcr.io/talmolab/lablink-client-base-image:linux-amd64-test@sha256:1ec2fde6860186b3d45ac83890167258f83512955dbce65f072d4e8c310cb9de,0.37648844718933105,sleap-lablink-client-prod-vm-10,running,Healthy,1,1788390738.0,1788390767.0,1788390902.0,1788391108.0,1788391046.0,1788391114.0,303.0,1788390768.130117,1788391127.408882,1788391749.249416,i-073b86b279423b5ed
1788391860.768754,10,1,ghcr.io/talmolab/lablink-client-base-image:linux-amd64-test@sha256:1ec2fde6860186b3d45ac83890167258f83512955dbce65f072d4e8c310cb9de,0.37648844718933105,sleap-lablink-client-prod-vm-2,running,Healthy,0,1788390738.0,1788390767.0,1788390813.0,1788391011.0,1788390949.0,1788391016.0,294.0,1788390768.130938,1788391127.407519,1788391742.29634,i-02f122d3eea1c2ca0
1788391860.768754,10,1,ghcr.io/talmolab/lablink-client-base-image:linux-amd64-test@sha256:1ec2fde6860186b3d45ac83890167258f83512955dbce65f072d4e8c310cb9de,0.37648844718933105,sleap-lablink-client-prod-vm-3,running,Healthy,0,1788390738.0,1788390767.0,1788390814.0,1788391004.0,1788390941.0,1788391018.0,296.0,1788390768.131762,1788391127.452474,1788391742.729919,i-04f09804c45834c8a
1788391860.768754,10,1,ghcr.io/talmolab/lablink-client-base-image:linux-amd64-test@sha256:1ec2fde6860186b3d45ac83890167258f83512955dbce65f072d4e8c310cb9de,0.37648844718933105,sleap-lablink-client-prod-vm-4,running,Healthy,0,1788390738.0,1788390767.0,1788390813.0,1788391010.0,1788390947.0,1788391022.0,301.0,1788390768.132688,1788391127.453282,1788391747.570198,i-0b5a2f80e58b1f49e
1788391860.768754,10,1,ghcr.io/talmolab/lablink-client-base-image:linux-amd64-test@sha256:1ec2fde6860186b3d45ac83890167258f83512955dbce65f072d4e8c310cb9de,0.37648844718933105,sleap-lablink-client-prod-vm-5,running,Healthy,0,1788390738.0,1788390767.0,1788390814.0,1788391012.0,1788390949.0,1788391024.0,302.0,1788390768.133418,1788391127.470972,1788391748.543962,i-011c62511afd69360
1788391860.768754,10,1,ghcr.io/talmolab/lablink-client-base-image:linux-amd64-test@sha256:1ec2fde6860186b3d45ac83890167258f83512955dbce65f072d4e8c310cb9de,0.37648844718933105,sleap-lablink-client-prod-vm-6,running,Healthy,0,1788390738.0,1788390767.0,1788390814.0,1788391011.0,1788390949.0,1788391022.0,299.0,1788390768.134149,1788391127.454231,1788391747.635328,i-0cceae5b4237000da
1788391860.768754,10,1,ghcr.io/talmolab/lablink-client-base-image:linux-amd64-test@sha256:1ec2fde6860186b3d45ac83890167258f83512955dbce65f072d4e8c310cb9de,0.37648844718933105,sleap-lablink-client-prod-vm-7,running,Healthy,0,1788390738.0,1788390767.0,1788390813.0,1788391004.0,1788390941.0,1788391016.0,295.0,1788390768.13509,1788391127.485072,1788391742.24548,i-04223bbc5c5f842c7
1788391860.768754,10,1,ghcr.io/talmolab/lablink-client-base-image:linux-amd64-test@sha256:1ec2fde6860186b3d45ac83890167258f83512955dbce65f072d4e8c310cb9de,0.37648844718933105,sleap-lablink-client-prod-vm-8,running,Healthy,0,1788390738.0,1788390767.0,1788390809.0,1788391003.0,1788390941.0,1788391017.0,299.0,1788390768.135877,1788391127.491438,1788391741.506624,i-0798ccd89f26d7cda
1788391860.768754,10,1,ghcr.io/talmolab/lablink-client-base-image:linux-amd64-test@sha256:1ec2fde6860186b3d45ac83890167258f83512955dbce65f072d4e8c310cb9de,0.37648844718933105,sleap-lablink-client-prod-vm-9,running,Healthy,0,1788390738.0,1788390767.0,1788390813.0,1788391010.0,1788390948.0,1788391021.0,299.0,1788390768.136603,1788391127.503832,1788391745.95919,i-0ae3bdc8eb0227987
1788391865.808785,10,1,ghcr.io/talmolab/lablink-client-base-image:linux-amd64-test@sha256:1ec2fde6860186b3d45ac83890167258f83512955dbce65f072d4e8c310cb9de,0.37648844718933105,sleap-lablink-client-prod-vm-1,running,Healthy,1,1788390738.0,1788390767.0,1788390905.0,1788391113.0,1788391050.0,1788391124.0,311.0,1788390768.128852,1788391127.40029,1788391728.563357,i-0d4ebb2bfcef19f31
1788391865.808785,10,1,ghcr.io/talmolab/lablink-client-base-image:linux-amd64-test@sha256:1ec2fde6860186b3d45ac83890167258f83512955dbce65f072d4e8c310cb9de,0.37648844718933105,sleap-lablink-client-prod-vm-10,running,Healthy,1,1788390738.0,1788390767.0,1788390902.0,1788391108.0,1788391046.0,1788391114.0,303.0,1788390768.130117,1788391127.408882,1788391749.249416,i-073b86b279423b5ed
1788391865.808785,10,1,ghcr.io/talmolab/lablink-client-base-image:linux-amd64-test@sha256:1ec2fde6860186b3d45ac83890167258f83512955dbce65f072d4e8c310cb9de,0.37648844718933105,sleap-lablink-client-prod-vm-2,running,Healthy,0,1788390738.0,1788390767.0,1788390813.0,1788391011.0,1788390949.0,1788391016.0,294.0,1788390768.130938,1788391127.407519,1788391742.29634,i-02f122d3eea1c2ca0
1788391865.808785,10,1,ghcr.io/talmolab/lablink-client-base-image:linux-amd64-test@sha256:1ec2fde6860186b3d45ac83890167258f83512955dbce65f072d4e8c310cb9de,0.37648844718933105,sleap-lablink-client-prod-vm-3,running,Healthy,0,1788390738.0,1788390767.0,1788390814.0,1788391004.0,1788390941.0,1788391018.0,296.0,1788390768.131762,1788391127.452474,1788391742.729919,i-04f09804c45834c8a
1788391865.808785,10,1,ghcr.io/talmolab/lablink-client-base-image:linux-amd64-test@sha256:1ec2fde6860186b3d45ac83890167258f83512955dbce65f072d4e8c310cb9de,0.37648844718933105,sleap-lablink-client-prod-vm-4,running,Healthy,0,1788390738.0,1788390767.0,1788390813.0,1788391010.0,1788390947.0,1788391022.0,301.0,1788390768.132688,1788391127.453282,1788391747.570198,i-0b5a2f80e58b1f49e
1788391865.808785,10,1,ghcr.io/talmolab/lablink-client-base-image:linux-amd64-test@sha256:1ec2fde6860186b3d45ac83890167258f83512955dbce65f072d4e8c310cb9de,0.37648844718933105,sleap-lablink-client-prod-vm-5,running,Healthy,0,1788390738.0,1788390767.0,1788390814.0,1788391012.0,1788390949.0,1788391024.0,302.0,1788390768.133418,1788391127.470972,1788391748.543962,i-011c62511afd69360
1788391865.808785,10,1,ghcr.io/talmolab/lablink-client-base-image:linux-amd64-test@sha256:1ec2fde6860186b3d45ac83890167258f83512955dbce65f072d4e8c310cb9de,0.37648844718933105,sleap-lablink-client-prod-vm-6,running,Healthy,0,1788390738.0,1788390767.0,1788390814.0,1788391011.0,1788390949.0,1788391022.0,299.0,1788390768.134149,1788391127.454231,1788391747.635328,i-0cceae5b4237000da
1788391865.808785,10,1,ghcr.io/talmolab/lablink-client-base-image:linux-amd64-test@sha256:1ec2fde6860186b3d45ac83890167258f83512955dbce65f072d4e8c310cb9de,0.37648844718933105,sleap-lablink-client-prod-vm-7,running,Healthy,0,1788390738.0,1788390767.0,1788390813.0,1788391004.0,1788390941.0,1788391016.0,295.0,1788390768.13509,1788391127.485072,1788391742.24548,i-04223bbc5c5f842c7
1788391865.808785,10,1,ghcr.io/talmolab/lablink-client-base-image:linux-amd64-test@sha256:1ec2fde6860186b3d45ac83890167258f83512955dbce65f072d4e8c310cb9de,0.37648844718933105,sleap-lablink-client-prod-vm-8,running,Healthy,0,1788390738.0,1788390767.0,1788390809.0,1788391003.0,1788390941.0,1788391017.0,299.0,1788390768.135877,1788391127.491438,1788391741.506624,i-0798ccd89f26d7cda
1788391865.808785,10,1,ghcr.io/talmolab/lablink-client-base-image:linux-amd64-test@sha256:1ec2fde6860186b3d45ac83890167258f83512955dbce65f072d4e8c310cb9de,0.37648844718933105,sleap-lablink-client-prod-vm-9,running,Healthy,0,1788390738.0,1788390767.0,1788390813.0,1788391010.0,1788390948.0,1788391021.0,299.0,1788390768.136603,1788391127.503832,1788391745.95919,i-0ae3bdc8eb0227987
1788391870.779049,10,1,ghcr.io/talmolab/lablink-client-base-image:linux-amd64-test@sha256:1ec2fde6860186b3d45ac83890167258f83512955dbce65f072d4e8c310cb9de,0.37648844718933105,sleap-lablink-client-prod-vm-1,running,Healthy,1,1788390738.0,1788390767.0,1788390905.0,1788391113.0,1788391050.0,1788391124.0,311.0,1788390768.128852,1788391127.40029,1788391728.563357,i-0d4ebb2bfcef19f31
1788391870.779049,10,1,ghcr.io/talmolab/lablink-client-base-image:linux-amd64-test@sha256:1ec2fde6860186b3d45ac83890167258f83512955dbce65f072d4e8c310cb9de,0.37648844718933105,sleap-lablink-client-prod-vm-10,running,Healthy,1,1788390738.0,1788390767.0,1788390902.0,1788391108.0,1788391046.0,1788391114.0,303.0,1788390768.130117,1788391127.408882,1788391749.249416,i-073b86b279423b5ed
1788391870.779049,10,1,ghcr.io/talmolab/lablink-client-base-image:linux-amd64-test@sha256:1ec2fde6860186b3d45ac83890167258f83512955dbce65f072d4e8c310cb9de,0.37648844718933105,sleap-lablink-client-prod-vm-2,running,Healthy,0,1788390738.0,1788390767.0,1788390813.0,1788391011.0,1788390949.0,1788391016.0,294.0,1788390768.130938,1788391127.407519,1788391742.29634,i-02f122d3eea1c2ca0
1788391870.779049,10,1,ghcr.io/talmolab/lablink-client-base-image:linux-amd64-test@sha256:1ec2fde6860186b3d45ac83890167258f83512955dbce65f072d4e8c310cb9de,0.37648844718933105,sleap-lablink-client-prod-vm-3,running,Healthy,0,1788390738.0,1788390767.0,1788390814.0,1788391004.0,1788390941.0,1788391018.0,296.0,1788390768.131762,1788391127.452474,1788391742.729919,i-04f09804c45834c8a
1788391870.779049,10,1,ghcr.io/talmolab/lablink-client-base-image:linux-amd64-test@sha256:1ec2fde6860186b3d45ac83890167258f83512955dbce65f072d4e8c310cb9de,0.37648844718933105,sleap-lablink-client-prod-vm-4,running,Healthy,0,1788390738.0,1788390767.0,1788390813.0,1788391010.0,1788390947.0,1788391022.0,301.0,1788390768.132688,1788391127.453282,1788391747.570198,i-0b5a2f80e58b1f49e
1788391870.779049,10,1,ghcr.io/talmolab/lablink-client-base-image:linux-amd64-test@sha256:1ec2fde6860186b3d45ac83890167258f83512955dbce65f072d4e8c310cb9de,0.37648844718933105,sleap-lablink-client-prod-vm-5,running,Healthy,0,1788390738.0,1788390767.0,1788390814.0,1788391012.0,1788390949.0,1788391024.0,302.0,1788390768.133418,1788391127.470972,1788391748.543962,i-011c62511afd69360
1788391870.779049,10,1,ghcr.io/talmolab/lablink-client-base-image:linux-amd64-test@sha256:1ec2fde6860186b3d45ac83890167258f83512955dbce65f072d4e8c310cb9de,0.37648844718933105,sleap-lablink-client-prod-vm-6,running,Healthy,0,1788390738.0,1788390767.0,1788390814.0,1788391011.0,1788390949.0,1788391022.0,299.0,1788390768.134149,1788391127.454231,1788391747.635328,i-0cceae5b4237000da
1788391870.779049,10,1,ghcr.io/talmolab/lablink-client-base-image:linux-amd64-test@sha256:1ec2fde6860186b3d45ac83890167258f83512955dbce65f072d4e8c310cb9de,0.37648844718933105,sleap-lablink-client-prod-vm-7,running,Healthy,0,1788390738.0,1788390767.0,1788390813.0,1788391004.0,1788390941.0,1788391016.0,295.0,1788390768.13509,1788391127.485072,1788391742.24548,i-04223bbc5c5f842c7
1788391870.779049,10,1,ghcr.io/talmolab/lablink-client-base-image:linux-amd64-test@sha256:1ec2fde6860186b3d45ac83890167258f83512955dbce65f072d4e8c310cb9de,0.37648844718933105,sleap-lablink-client-prod-vm-8,running,Healthy,0,1788390738.0,1788390767.0,1788390809.0,1788391003.0,1788390941.0,1788391017.0,299.0,1788390768.135877,1788391127.491438,1788391741.506624,i-0798ccd89f26d7cda
1788391870.779049,10,1,ghcr.io/talmolab/lablink-client-base-image:linux-amd64-test@sha256:1ec2fde6860186b3d45ac83890167258f83512955dbce65f072d4e8c310cb9de,0.37648844718933105,sleap-lablink-client-prod-vm-9,running,Healthy,0,1788390738.0,1788390767.0,1788390813.0,1788391010.0,1788390948.0,1788391021.0,299.0,1788390768.136603,1788391127.503832,1788391745.95919,i-0ae3bdc8eb0227987
1788391875.806609,10,1,ghcr.io/talmolab/lablink-client-base-image:linux-amd64-test@sha256:1ec2fde6860186b3d45ac83890167258f83512955dbce65f072d4e8c310cb9de,0.37648844718933105,sleap-lablink-client-prod-vm-1,running,Healthy,1,1788390738.0,1788390767.0,1788390905.0,1788391113.0,1788391050.0,1788391124.0,311.0,1788390768.128852,1788391127.40029,1788391728.563357,i-0d4ebb2bfcef19f31
1788391875.806609,10,1,ghcr.io/talmolab/lablink-client-base-image:linux-amd64-test@sha256:1ec2fde6860186b3d45ac83890167258f83512955dbce65f072d4e8c310cb9de,0.37648844718933105,sleap-lablink-client-prod-vm-10,running,Healthy,1,1788390738.0,1788390767.0,1788390902.0,1788391108.0,1788391046.0,1788391114.0,303.0,1788390768.130117,1788391127.408882,1788391749.249416,i-073b86b279423b5ed
1788391875.806609,10,1,ghcr.io/talmolab/lablink-client-base-image:linux-amd64-test@sha256:1ec2fde6860186b3d45ac83890167258f83512955dbce65f072d4e8c310cb9de,0.37648844718933105,sleap-lablink-client-prod-vm-2,running,Healthy,0,1788390738.0,1788390767.0,1788390813.0,1788391011.0,1788390949.0,1788391016.0,294.0,1788390768.130938,1788391127.407519,1788391742.29634,i-02f122d3eea1c2ca0
1788391875.806609,10,1,ghcr.io/talmolab/lablink-client-base-image:linux-amd64-test@sha256:1ec2fde6860186b3d45ac83890167258f83512955dbce65f072d4e8c310cb9de,0.37648844718933105,sleap-lablink-client-prod-vm-3,running,Healthy,0,1788390738.0,1788390767.0,1788390814.0,1788391004.0,1788390941.0,1788391018.0,296.0,1788390768.131762,1788391127.452474,1788391742.729919,i-04f09804c45834c8a
1788391875.806609,10,1,ghcr.io/talmolab/lablink-client-base-image:linux-amd64-test@sha256:1ec2fde6860186b3d45ac83890167258f83512955dbce65f072d4e8c310cb9de,0.37648844718933105,sleap-lablink-client-prod-vm-4,running,Healthy,0,1788390738.0,1788390767.0,1788390813.0,1788391010.0,1788390947.0,1788391022.0,301.0,1788390768.132688,1788391127.453282,1788391747.570198,i-0b5a2f80e58b1f49e
1788391875.806609,10,1,ghcr.io/talmolab/lablink-client-base-image:linux-amd64-test@sha256:1ec2fde6860186b3d45ac83890167258f83512955dbce65f072d4e8c310cb9de,0.37648844718933105,sleap-lablink-client-prod-vm-5,running,Healthy,0,1788390738.0,1788390767.0,1788390814.0,1788391012.0,1788390949.0,1788391024.0,302.0,1788390768.133418,1788391127.470972,1788391748.543962,i-011c62511afd69360
1788391875.806609,10,1,ghcr.io/talmolab/lablink-client-base-image:linux-amd64-test@sha256:1ec2fde6860186b3d45ac83890167258f83512955dbce65f072d4e8c310cb9de,0.37648844718933105,sleap-lablink-client-prod-vm-6,running,Healthy,0,1788390738.0,1788390767.0,1788390814.0,1788391011.0,1788390949.0,1788391022.0,299.0,1788390768.134149,1788391127.454231,1788391747.635328,i-0cceae5b4237000da
1788391875.806609,10,1,ghcr.io/talmolab/lablink-client-base-image:linux-amd64-test@sha256:1ec2fde6860186b3d45ac83890167258f83512955dbce65f072d4e8c310cb9de,0.37648844718933105,sleap-lablink-client-prod-vm-7,running,Healthy,0,1788390738.0,1788390767.0,1788390813.0,1788391004.0,1788390941.0,1788391016.0,295.0,1788390768.13509,1788391127.485072,1788391742.24548,i-04223bbc5c5f842c7
1788391875.806609,10,1,ghcr.io/talmolab/lablink-client-base-image:linux-amd64-test@sha256:1ec2fde6860186b3d45ac83890167258f83512955dbce65f072d4e8c310cb9de,0.37648844718933105,sleap-lablink-client-prod-vm-8,running,Healthy,0,1788390738.0,1788390767.0,1788390809.0,1788391003.0,1788390941.0,1788391017.0,299.0,1788390768.135877,1788391127.491438,1788391741.506624,i-0798ccd89f26d7cda
1788391875.806609,10,1,ghcr.io/talmolab/lablink-client-base-image:linux-amd64-test@sha256:1ec2fde6860186b3d45ac83890167258f83512955dbce65f072d4e8c310cb9de,0.37648844718933105,sleap-lablink-client-prod-vm-9,running,Healthy,0,1788390738.0,1788390767.0,1788390813.0,1788391010.0,1788390948.0,1788391021.0,299.0,1788390768.136603,1788391127.503832,1788391745.95919,i-0ae3bdc8eb0227987
1788391880.828623,10,1,ghcr.io/talmolab/lablink-client-base-image:linux-amd64-test@sha256:1ec2fde6860186b3d45ac83890167258f83512955dbce65f072d4e8c310cb9de,0.37648844718933105,sleap-lablink-client-prod-vm-1,running,Healthy,1,1788390738.0,1788390767.0,1788390905.0,1788391113.0,1788391050.0,1788391124.0,311.0,1788390768.128852,1788391127.40029,1788391728.563357,i-0d4ebb2bfcef19f31
1788391880.828623,10,1,ghcr.io/talmolab/lablink-client-base-image:linux-amd64-test@sha256:1ec2fde6860186b3d45ac83890167258f83512955dbce65f072d4e8c310cb9de,0.37648844718933105,sleap-lablink-client-prod-vm-10,running,Healthy,1,1788390738.0,1788390767.0,1788390902.0,1788391108.0,1788391046.0,1788391114.0,303.0,1788390768.130117,1788391127.408882,1788391749.249416,i-073b86b279423b5ed
1788391880.828623,10,1,ghcr.io/talmolab/lablink-client-base-image:linux-amd64-test@sha256:1ec2fde6860186b3d45ac83890167258f83512955dbce65f072d4e8c310cb9de,0.37648844718933105,sleap-lablink-client-prod-vm-2,running,Healthy,0,1788390738.0,1788390767.0,1788390813.0,1788391011.0,1788390949.0,1788391016.0,294.0,1788390768.130938,1788391127.407519,1788391742.29634,i-02f122d3eea1c2ca0
1788391880.828623,10,1,ghcr.io/talmolab/lablink-client-base-image:linux-amd64-test@sha256:1ec2fde6860186b3d45ac83890167258f83512955dbce65f072d4e8c310cb9de,0.37648844718933105,sleap-lablink-client-prod-vm-3,running,Healthy,0,1788390738.0,1788390767.0,1788390814.0,1788391004.0,1788390941.0,1788391018.0,296.0,1788390768.131762,1788391127.452474,1788391742.729919,i-04f09804c45834c8a
1788391880.828623,10,1,ghcr.io/talmolab/lablink-client-base-image:linux-amd64-test@sha256:1ec2fde6860186b3d45ac83890167258f83512955dbce65f072d4e8c310cb9de,0.37648844718933105,sleap-lablink-client-prod-vm-4,running,Healthy,0,1788390738.0,1788390767.0,1788390813.0,1788391010.0,1788390947.0,1788391022.0,301.0,1788390768.132688,1788391127.453282,1788391747.570198,i-0b5a2f80e58b1f49e
1788391880.828623,10,1,ghcr.io/talmolab/lablink-client-base-image:linux-amd64-test@sha256:1ec2fde6860186b3d45ac83890167258f83512955dbce65f072d4e8c310cb9de,0.37648844718933105,sleap-lablink-client-prod-vm-5,running,Healthy,0,1788390738.0,1788390767.0,1788390814.0,1788391012.0,1788390949.0,1788391024.0,302.0,1788390768.133418,1788391127.470972,1788391748.543962,i-011c62511afd69360
1788391880.828623,10,1,ghcr.io/talmolab/lablink-client-base-image:linux-amd64-test@sha256:1ec2fde6860186b3d45ac83890167258f83512955dbce65f072d4e8c310cb9de,0.37648844718933105,sleap-lablink-client-prod-vm-6,running,Healthy,0,1788390738.0,1788390767.0,1788390814.0,1788391011.0,1788390949.0,1788391022.0,299.0,1788390768.134149,1788391127.454231,1788391747.635328,i-0cceae5b4237000da
1788391880.828623,10,1,ghcr.io/talmolab/lablink-client-base-image:linux-amd64-test@sha256:1ec2fde6860186b3d45ac83890167258f83512955dbce65f072d4e8c310cb9de,0.37648844718933105,sleap-lablink-client-prod-vm-7,running,Healthy,0,1788390738.0,1788390767.0,1788390813.0,1788391004.0,1788390941.0,1788391016.0,295.0,1788390768.13509,1788391127.485072,1788391742.24548,i-04223bbc5c5f842c7
1788391880.828623,10,1,ghcr.io/talmolab/lablink-client-base-image:linux-amd64-test@sha256:1ec2fde6860186b3d45ac83890167258f83512955dbce65f072d4e8c310cb9de,0.37648844718933105,sleap-lablink-client-prod-vm-8,running,Healthy,0,1788390738.0,1788390767.0,1788390809.0,1788391003.0,1788390941.0,1788391017.0,299.0,1788390768.135877,1788391127.491438,1788391741.506624,i-0798ccd89f26d7cda
1788391880.828623,10,1,ghcr.io/talmolab/lablink-client-base-image:linux-amd64-test@sha256:1ec2fde6860186b3d45ac83890167258f83512955dbce65f072d4e8c310cb9de,0.37648844718933105,sleap-lablink-client-prod-vm-9,running,Healthy,0,1788390738.0,1788390767.0,1788390813.0,1788391010.0,1788390948.0,1788391021.0,299.0,1788390768.136603,1788391127.503832,1788391745.95919,i-0ae3bdc8eb0227987
1788391885.869569,10,1,ghcr.io/talmolab/lablink-client-base-image:linux-amd64-test@sha256:1ec2fde6860186b3d45ac83890167258f83512955dbce65f072d4e8c310cb9de,0.37648844718933105,sleap-lablink-client-prod-vm-1,running,Healthy,1,1788390738.0,1788390767.0,1788390905.0,1788391113.0,1788391050.0,1788391124.0,311.0,1788390768.128852,1788391127.40029,1788391728.563357,i-0d4ebb2bfcef19f31
1788391885.869569,10,1,ghcr.io/talmolab/lablink-client-base-image:linux-amd64-test@sha256:1ec2fde6860186b3d45ac83890167258f83512955dbce65f072d4e8c310cb9de,0.37648844718933105,sleap-lablink-client-prod-vm-10,running,Healthy,1,1788390738.0,1788390767.0,1788390902.0,1788391108.0,1788391046.0,1788391114.0,303.0,1788390768.130117,1788391127.408882,1788391749.249416,i-073b86b279423b5ed
1788391885.869569,10,1,ghcr.io/talmolab/lablink-client-base-image:linux-amd64-test@sha256:1ec2fde6860186b3d45ac83890167258f83512955dbce65f072d4e8c310cb9de,0.37648844718933105,sleap-lablink-client-prod-vm-2,running,Healthy,0,1788390738.0,1788390767.0,1788390813.0,1788391011.0,1788390949.0,1788391016.0,294.0,1788390768.130938,1788391127.407519,1788391742.29634,i-02f122d3eea1c2ca0
1788391885.869569,10,1,ghcr.io/talmolab/lablink-client-base-image:linux-amd64-test@sha256:1ec2fde6860186b3d45ac83890167258f83512955dbce65f072d4e8c310cb9de,0.37648844718933105,sleap-lablink-client-prod-vm-3,running,Healthy,0,1788390738.0,1788390767.0,1788390814.0,1788391004.0,1788390941.0,1788391018.0,296.0,1788390768.131762,1788391127.452474,1788391742.729919,i-04f09804c45834c8a
1788391885.869569,10,1,ghcr.io/talmolab/lablink-client-base-image:linux-amd64-test@sha256:1ec2fde6860186b3d45ac83890167258f83512955dbce65f072d4e8c310cb9de,0.37648844718933105,sleap-lablink-client-prod-vm-4,running,Healthy,0,1788390738.0,1788390767.0,1788390813.0,1788391010.0,1788390947.0,1788391022.0,301.0,1788390768.132688,1788391127.453282,1788391747.570198,i-0b5a2f80e58b1f49e
1788391885.869569,10,1,ghcr.io/talmolab/lablink-client-base-image:linux-amd64-test@sha256:1ec2fde6860186b3d45ac83890167258f83512955dbce65f072d4e8c310cb9de,0.37648844718933105,sleap-lablink-client-prod-vm-5,running,Healthy,0,1788390738.0,1788390767.0,1788390814.0,1788391012.0,1788390949.0,1788391024.0,302.0,1788390768.133418,1788391127.470972,1788391748.543962,i-011c62511afd69360
1788391885.869569,10,1,ghcr.io/talmolab/lablink-client-base-image:linux-amd64-test@sha256:1ec2fde6860186b3d45ac83890167258f83512955dbce65f072d4e8c310cb9de,0.37648844718933105,sleap-lablink-client-prod-vm-6,running,Healthy,0,1788390738.0,1788390767.0,1788390814.0,1788391011.0,1788390949.0,1788391022.0,299.0,1788390768.134149,1788391127.454231,1788391747.635328,i-0cceae5b4237000da
1788391885.869569,10,1,ghcr.io/talmolab/lablink-client-base-image:linux-amd64-test@sha256:1ec2fde6860186b3d45ac83890167258f83512955dbce65f072d4e8c310cb9de,0.37648844718933105,sleap-lablink-client-prod-vm-7,running,Healthy,0,1788390738.0,1788390767.0,1788390813.0,1788391004.0,1788390941.0,1788391016.0,295.0,1788390768.13509,1788391127.485072,1788391742.24548,i-04223bbc5c5f842c7
1788391885.869569,10,1,ghcr.io/talmolab/lablink-client-base-image:linux-amd64-test@sha256:1ec2fde6860186b3d45ac83890167258f83512955dbce65f072d4e8c310cb9de,0.37648844718933105,sleap-lablink-client-prod-vm-8,running,Healthy,0,1788390738.0,1788390767.0,1788390809.0,1788391003.0,1788390941.0,1788391017.0,299.0,1788390768.135877,1788391127.491438,1788391741.506624,i-0798ccd89f26d7cda
1788391885.869569,10,1,ghcr.io/talmolab/lablink-client-base-image:linux-amd64-test@sha256:1ec2fde6860186b3d45ac83890167258f83512955dbce65f072d4e8c310cb9de,0.37648844718933105,sleap-lablink-client-prod-vm-9,running,Healthy,0,1788390738.0,1788390767.0,1788390813.0,1788391010.0,1788390948.0,1788391021.0,299.0,1788390768.136603,1788391127.503832,1788391745.95919,i-0ae3bdc8eb0227987
1788391890.80927,10,1,ghcr.io/talmolab/lablink-client-base-image:linux-amd64-test@sha256:1ec2fde6860186b3d45ac83890167258f83512955dbce65f072d4e8c310cb9de,0.37648844718933105,sleap-lablink-client-prod-vm-1,running,Healthy,1,1788390738.0,1788390767.0,1788390905.0,1788391113.0,1788391050.0,1788391124.0,311.0,1788390768.128852,1788391127.40029,1788391728.563357,i-0d4ebb2bfcef19f31
1788391890.80927,10,1,ghcr.io/talmolab/lablink-client-base-image:linux-amd64-test@sha256:1ec2fde6860186b3d45ac83890167258f83512955dbce65f072d4e8c310cb9de,0.37648844718933105,sleap-lablink-client-prod-vm-10,running,Healthy,1,1788390738.0,1788390767.0,1788390902.0,1788391108.0,1788391046.0,1788391114.0,303.0,1788390768.130117,1788391127.408882,1788391749.249416,i-073b86b279423b5ed
1788391890.80927,10,1,ghcr.io/talmolab/lablink-client-base-image:linux-amd64-test@sha256:1ec2fde6860186b3d45ac83890167258f83512955dbce65f072d4e8c310cb9de,0.37648844718933105,sleap-lablink-client-prod-vm-2,running,Healthy,0,1788390738.0,1788390767.0,1788390813.0,1788391011.0,1788390949.0,1788391016.0,294.0,1788390768.130938,1788391127.407519,1788391742.29634,i-02f122d3eea1c2ca0
1788391890.80927,10,1,ghcr.io/talmolab/lablink-client-base-image:linux-amd64-test@sha256:1ec2fde6860186b3d45ac83890167258f83512955dbce65f072d4e8c310cb9de,0.37648844718933105,sleap-lablink-client-prod-vm-3,running,Healthy,0,1788390738.0,1788390767.0,1788390814.0,1788391004.0,1788390941.0,1788391018.0,296.0,1788390768.131762,1788391127.452474,1788391742.729919,i-04f09804c45834c8a
1788391890.80927,10,1,ghcr.io/talmolab/lablink-client-base-image:linux-amd64-test@sha256:1ec2fde6860186b3d45ac83890167258f83512955dbce65f072d4e8c310cb9de,0.37648844718933105,sleap-lablink-client-prod-vm-4,running,Healthy,0,1788390738.0,1788390767.0,1788390813.0,1788391010.0,1788390947.0,1788391022.0,301.0,1788390768.132688,1788391127.453282,1788391747.570198,i-0b5a2f80e58b1f49e
1788391890.80927,10,1,ghcr.io/talmolab/lablink-client-base-image:linux-amd64-test@sha256:1ec2fde6860186b3d45ac83890167258f83512955dbce65f072d4e8c310cb9de,0.37648844718933105,sleap-lablink-client-prod-vm-5,running,Healthy,0,1788390738.0,1788390767.0,1788390814.0,1788391012.0,1788390949.0,1788391024.0,302.0,1788390768.133418,1788391127.470972,1788391748.543962,i-011c62511afd69360
1788391890.80927,10,1,ghcr.io/talmolab/lablink-client-base-image:linux-amd64-test@sha256:1ec2fde6860186b3d45ac83890167258f83512955dbce65f072d4e8c310cb9de,0.37648844718933105,sleap-lablink-client-prod-vm-6,running,Healthy,0,1788390738.0,1788390767.0,1788390814.0,1788391011.0,1788390949.0,1788391022.0,299.0,1788390768.134149,1788391127.454231,1788391747.635328,i-0cceae5b4237000da
1788391890.80927,10,1,ghcr.io/talmolab/lablink-client-base-image:linux-amd64-test@sha256:1ec2fde6860186b3d45ac83890167258f83512955dbce65f072d4e8c310cb9de,0.37648844718933105,sleap-lablink-client-prod-vm-7,running,Healthy,0,1788390738.0,1788390767.0,1788390813.0,1788391004.0,1788390941.0,1788391016.0,295.0,1788390768.13509,1788391127.485072,1788391742.24548,i-04223bbc5c5f842c7
1788391890.80927,10,1,ghcr.io/talmolab/lablink-client-base-image:linux-amd64-test@sha256:1ec2fde6860186b3d45ac83890167258f83512955dbce65f072d4e8c310cb9de,0.37648844718933105,sleap-lablink-client-prod-vm-8,running,Healthy,0,1788390738.0,1788390767.0,1788390809.0,1788391003.0,1788390941.0,1788391017.0,299.0,1788390768.135877,1788391127.491438,1788391741.506624,i-0798ccd89f26d7cda
1788391890.80927,10,1,ghcr.io/talmolab/lablink-client-base-image:linux-amd64-test@sha256:1ec2fde6860186b3d45ac83890167258f83512955dbce65f072d4e8c310cb9de,0.37648844718933105,sleap-lablink-client-prod-vm-9,running,Healthy,0,1788390738.0,1788390767.0,1788390813.0,1788391010.0,1788390948.0,1788391021.0,299.0,1788390768.136603,1788391127.503832,1788391745.95919,i-0ae3bdc8eb0227987
1788391895.8625028,10,1,ghcr.io/talmolab/lablink-client-base-image:linux-amd64-test@sha256:1ec2fde6860186b3d45ac83890167258f83512955dbce65f072d4e8c310cb9de,0.37648844718933105,sleap-lablink-client-prod-vm-1,running,Healthy,1,1788390738.0,1788390767.0,1788390905.0,1788391113.0,1788391050.0,1788391124.0,311.0,1788390768.128852,1788391127.40029,1788391728.563357,i-0d4ebb2bfcef19f31
1788391895.8625028,10,1,ghcr.io/talmolab/lablink-client-base-image:linux-amd64-test@sha256:1ec2fde6860186b3d45ac83890167258f83512955dbce65f072d4e8c310cb9de,0.37648844718933105,sleap-lablink-client-prod-vm-10,running,Healthy,1,1788390738.0,1788390767.0,1788390902.0,1788391108.0,1788391046.0,1788391114.0,303.0,1788390768.130117,1788391127.408882,1788391749.249416,i-073b86b279423b5ed
1788391895.8625028,10,1,ghcr.io/talmolab/lablink-client-base-image:linux-amd64-test@sha256:1ec2fde6860186b3d45ac83890167258f83512955dbce65f072d4e8c310cb9de,0.37648844718933105,sleap-lablink-client-prod-vm-2,running,Healthy,0,1788390738.0,1788390767.0,1788390813.0,1788391011.0,1788390949.0,1788391016.0,294.0,1788390768.130938,1788391127.407519,1788391742.29634,i-02f122d3eea1c2ca0
1788391895.8625028,10,1,ghcr.io/talmolab/lablink-client-base-image:linux-amd64-test@sha256:1ec2fde6860186b3d45ac83890167258f83512955dbce65f072d4e8c310cb9de,0.37648844718933105,sleap-lablink-client-prod-vm-3,running,Healthy,0,1788390738.0,1788390767.0,1788390814.0,1788391004.0,1788390941.0,1788391018.0,296.0,1788390768.131762,1788391127.452474,1788391742.729919,i-04f09804c45834c8a
1788391895.8625028,10,1,ghcr.io/talmolab/lablink-client-base-image:linux-amd64-test@sha256:1ec2fde6860186b3d45ac83890167258f83512955dbce65f072d4e8c310cb9de,0.37648844718933105,sleap-lablink-client-prod-vm-4,running,Healthy,0,1788390738.0,1788390767.0,1788390813.0,1788391010.0,1788390947.0,1788391022.0,301.0,1788390768.132688,1788391127.453282,1788391747.570198,i-0b5a2f80e58b1f49e
1788391895.8625028,10,1,ghcr.io/talmolab/lablink-client-base-image:linux-amd64-test@sha256:1ec2fde6860186b3d45ac83890167258f83512955dbce65f072d4e8c310cb9de,0.37648844718933105,sleap-lablink-client-prod-vm-5,running,Healthy,0,1788390738.0,1788390767.0,1788390814.0,1788391012.0,1788390949.0,1788391024.0,302.0,1788390768.133418,1788391127.470972,1788391748.543962,i-011c62511afd69360
1788391895.8625028,10,1,ghcr.io/talmolab/lablink-client-base-image:linux-amd64-test@sha256:1ec2fde6860186b3d45ac83890167258f83512955dbce65f072d4e8c310cb9de,0.37648844718933105,sleap-lablink-client-prod-vm-6,running,Healthy,0,1788390738.0,1788390767.0,1788390814.0,1788391011.0,1788390949.0,1788391022.0,299.0,1788390768.134149,1788391127.454231,1788391747.635328,i-0cceae5b4237000da
1788391895.8625028,10,1,ghcr.io/talmolab/lablink-client-base-image:linux-amd64-test@sha256:1ec2fde6860186b3d45ac83890167258f83512955dbce65f072d4e8c310cb9de,0.37648844718933105,sleap-lablink-client-prod-vm-7,running,Healthy,0,1788390738.0,1788390767.0,1788390813.0,1788391004.0,1788390941.0,1788391016.0,295.0,1788390768.13509,1788391127.485072,1788391742.24548,i-04223bbc5c5f842c7
1788391895.8625028,10,1,ghcr.io/talmolab/lablink-client-base-image:linux-amd64-test@sha256:1ec2fde6860186b3d45ac83890167258f83512955dbce65f072d4e8c310cb9de,0.37648844718933105,sleap-lablink-client-prod-vm-8,running,Healthy,0,1788390738.0,1788390767.0,1788390809.0,1788391003.0,1788390941.0,1788391017.0,299.0,1788390768.135877,1788391127.491438,1788391741.506624,i-0798ccd89f26d7cda
1788391895.8625028,10,1,ghcr.io/talmolab/lablink-client-base-image:linux-amd64-test@sha256:1ec2fde6860186b3d45ac83890167258f83512955dbce65f072d4e8c310cb9de,0.37648844718933105,sleap-lablink-client-prod-vm-9,running,Healthy,0,1788390738.0,1788390767.0,1788390813.0,1788391010.0,1788390948.0,1788391021.0,299.0,1788390768.136603,1788391127.503832,1788391745.95919,i-0ae3bdc8eb0227987
1788391900.8840818,10,1,ghcr.io/talmolab/lablink-client-base-image:linux-amd64-test@sha256:1ec2fde6860186b3d45ac83890167258f83512955dbce65f072d4e8c310cb9de,0.37648844718933105,sleap-lablink-client-prod-vm-1,running,Healthy,1,1788390738.0,1788390767.0,1788390905.0,1788391113.0,1788391050.0,1788391124.0,311.0,1788390768.128852,1788391127.40029,1788391728.563357,i-0d4ebb2bfcef19f31
1788391900.8840818,10,1,ghcr.io/talmolab/lablink-client-base-image:linux-amd64-test@sha256:1ec2fde6860186b3d45ac83890167258f83512955dbce65f072d4e8c310cb9de,0.37648844718933105,sleap-lablink-client-prod-vm-10,running,Healthy,1,1788390738.0,1788390767.0,1788390902.0,1788391108.0,1788391046.0,1788391114.0,303.0,1788390768.130117,1788391127.408882,1788391749.249416,i-073b86b279423b5ed
1788391900.8840818,10,1,ghcr.io/talmolab/lablink-client-base-image:linux-amd64-test@sha256:1ec2fde6860186b3d45ac83890167258f83512955dbce65f072d4e8c310cb9de,0.37648844718933105,sleap-lablink-client-prod-vm-2,running,Healthy,0,1788390738.0,1788390767.0,1788390813.0,1788391011.0,1788390949.0,1788391016.0,294.0,1788390768.130938,1788391127.407519,1788391742.29634,i-02f122d3eea1c2ca0
1788391900.8840818,10,1,ghcr.io/talmolab/lablink-client-base-image:linux-amd64-test@sha256:1ec2fde6860186b3d45ac83890167258f83512955dbce65f072d4e8c310cb9de,0.37648844718933105,sleap-lablink-client-prod-vm-3,running,Healthy,0,1788390738.0,1788390767.0,1788390814.0,1788391004.0,1788390941.0,1788391018.0,296.0,1788390768.131762,1788391127.452474,1788391742.729919,i-04f09804c45834c8a
1788391900.8840818,10,1,ghcr.io/talmolab/lablink-client-base-image:linux-amd64-test@sha256:1ec2fde6860186b3d45ac83890167258f83512955dbce65f072d4e8c310cb9de,0.37648844718933105,sleap-lablink-client-prod-vm-4,running,Healthy,0,1788390738.0,1788390767.0,1788390813.0,1788391010.0,1788390947.0,1788391022.0,301.0,1788390768.132688,1788391127.453282,1788391747.570198,i-0b5a2f80e58b1f49e
1788391900.8840818,10,1,ghcr.io/talmolab/lablink-client-base-image:linux-amd64-test@sha256:1ec2fde6860186b3d45ac83890167258f83512955dbce65f072d4e8c310cb9de,0.37648844718933105,sleap-lablink-client-prod-vm-5,running,Healthy,0,1788390738.0,1788390767.0,1788390814.0,1788391012.0,1788390949.0,1788391024.0,302.0,1788390768.133418,1788391127.470972,1788391748.543962,i-011c62511afd69360
1788391900.8840818,10,1,ghcr.io/talmolab/lablink-client-base-image:linux-amd64-test@sha256:1ec2fde6860186b3d45ac83890167258f83512955dbce65f072d4e8c310cb9de,0.37648844718933105,sleap-lablink-client-prod-vm-6,running,Healthy,0,1788390738.0,1788390767.0,1788390814.0,1788391011.0,1788390949.0,1788391022.0,299.0,1788390768.134149,1788391127.454231,1788391747.635328,i-0cceae5b4237000da
1788391900.8840818,10,1,ghcr.io/talmolab/lablink-client-base-image:linux-amd64-test@sha256:1ec2fde6860186b3d45ac83890167258f83512955dbce65f072d4e8c310cb9de,0.37648844718933105,sleap-lablink-client-prod-vm-7,running,Healthy,0,1788390738.0,1788390767.0,1788390813.0,1788391004.0,1788390941.0,1788391016.0,295.0,1788390768.13509,1788391127.485072,1788391742.24548,i-04223bbc5c5f842c7
1788391900.8840818,10,1,ghcr.io/talmolab/lablink-client-base-image:linux-amd64-test@sha256:1ec2fde6860186b3d45ac83890167258f83512955dbce65f072d4e8c310cb9de,0.37648844718933105,sleap-lablink-client-prod-vm-8,running,Healthy,0,1788390738.0,1788390767.0,1788390809.0,1788391003.0,1788390941.0,1788391017.0,299.0,1788390768.135877,1788391127.491438,1788391741.506624,i-0798ccd89f26d7cda
1788391900.8840818,10,1,ghcr.io/talmolab/lablink-client-base-image:linux-amd64-test@sha256:1ec2fde6860186b3d45ac83890167258f83512955dbce65f072d4e8c310cb9de,0.37648844718933105,sleap-lablink-client-prod-vm-9,running,Healthy,0,1788390738.0,1788390767.0,1788390813.0,1788391010.0,1788390948.0,1788391021.0,299.0,1788390768.136603,1788391127.503832,1788391745.95919,i-0ae3bdc8eb0227987
1788391905.826852,10,1,ghcr.io/talmolab/lablink-client-base-image:linux-amd64-test@sha256:1ec2fde6860186b3d45ac83890167258f83512955dbce65f072d4e8c310cb9de,0.37648844718933105,sleap-lablink-client-prod-vm-1,running,Healthy,1,1788390738.0,1788390767.0,1788390905.0,1788391113.0,1788391050.0,1788391124.0,311.0,1788390768.128852,1788391127.40029,1788391728.563357,i-0d4ebb2bfcef19f31
1788391905.826852,10,1,ghcr.io/talmolab/lablink-client-base-image:linux-amd64-test@sha256:1ec2fde6860186b3d45ac83890167258f83512955dbce65f072d4e8c310cb9de,0.37648844718933105,sleap-lablink-client-prod-vm-10,running,Healthy,1,1788390738.0,1788390767.0,1788390902.0,1788391108.0,1788391046.0,1788391114.0,303.0,1788390768.130117,1788391127.408882,1788391749.249416,i-073b86b279423b5ed
1788391905.826852,10,1,ghcr.io/talmolab/lablink-client-base-image:linux-amd64-test@sha256:1ec2fde6860186b3d45ac83890167258f83512955dbce65f072d4e8c310cb9de,0.37648844718933105,sleap-lablink-client-prod-vm-2,running,Healthy,0,1788390738.0,1788390767.0,1788390813.0,1788391011.0,1788390949.0,1788391016.0,294.0,1788390768.130938,1788391127.407519,1788391742.29634,i-02f122d3eea1c2ca0
1788391905.826852,10,1,ghcr.io/talmolab/lablink-client-base-image:linux-amd64-test@sha256:1ec2fde6860186b3d45ac83890167258f83512955dbce65f072d4e8c310cb9de,0.37648844718933105,sleap-lablink-client-prod-vm-3,running,Healthy,0,1788390738.0,1788390767.0,1788390814.0,1788391004.0,1788390941.0,1788391018.0,296.0,1788390768.131762,1788391127.452474,1788391742.729919,i-04f09804c45834c8a
1788391905.826852,10,1,ghcr.io/talmolab/lablink-client-base-image:linux-amd64-test@sha256:1ec2fde6860186b3d45ac83890167258f83512955dbce65f072d4e8c310cb9de,0.37648844718933105,sleap-lablink-client-prod-vm-4,running,Healthy,0,1788390738.0,1788390767.0,1788390813.0,1788391010.0,1788390947.0,1788391022.0,301.0,1788390768.132688,1788391127.453282,1788391747.570198,i-0b5a2f80e58b1f49e
1788391905.826852,10,1,ghcr.io/talmolab/lablink-client-base-image:linux-amd64-test@sha256:1ec2fde6860186b3d45ac83890167258f83512955dbce65f072d4e8c310cb9de,0.37648844718933105,sleap-lablink-client-prod-vm-5,running,Healthy,0,1788390738.0,1788390767.0,1788390814.0,1788391012.0,1788390949.0,1788391024.0,302.0,1788390768.133418,1788391127.470972,1788391748.543962,i-011c62511afd69360
1788391905.826852,10,1,ghcr.io/talmolab/lablink-client-base-image:linux-amd64-test@sha256:1ec2fde6860186b3d45ac83890167258f83512955dbce65f072d4e8c310cb9de,0.37648844718933105,sleap-lablink-client-prod-vm-6,running,Healthy,0,1788390738.0,1788390767.0,1788390814.0,1788391011.0,1788390949.0,1788391022.0,299.0,1788390768.134149,1788391127.454231,1788391747.635328,i-0cceae5b4237000da
1788391905.826852,10,1,ghcr.io/talmolab/lablink-client-base-image:linux-amd64-test@sha256:1ec2fde6860186b3d45ac83890167258f83512955dbce65f072d4e8c310cb9de,0.37648844718933105,sleap-lablink-client-prod-vm-7,running,Healthy,0,1788390738.0,1788390767.0,1788390813.0,1788391004.0,1788390941.0,1788391016.0,295.0,1788390768.13509,1788391127.485072,1788391742.24548,i-04223bbc5c5f842c7
1788391905.826852,10,1,ghcr.io/talmolab/lablink-client-base-image:linux-amd64-test@sha256:1ec2fde6860186b3d45ac83890167258f83512955dbce65f072d4e8c310cb9de,0.37648844718933105,sleap-lablink-client-prod-vm-8,running,Healthy,0,1788390738.0,1788390767.0,1788390809.0,1788391003.0,1788390941.0,1788391017.0,299.0,1788390768.135877,1788391127.491438,1788391741.506624,i-0798ccd89f26d7cda
1788391905.826852,10,1,ghcr.io/talmolab/lablink-client-base-image:linux-amd64-test@sha256:1ec2fde6860186b3d45ac83890167258f83512955dbce65f072d4e8c310cb9de,0.37648844718933105,sleap-lablink-client-prod-vm-9,running,Healthy,0,1788390738.0,1788390767.0,1788390813.0,1788391010.0,1788390948.0,1788391021.0,299.0,1788390768.136603,1788391127.503832,1788391745.95919,i-0ae3bdc8eb0227987
1788391911.153332,10,1,ghcr.io/talmolab/lablink-client-base-image:linux-amd64-test@sha256:1ec2fde6860186b3d45ac83890167258f83512955dbce65f072d4e8c310cb9de,0.37648844718933105,sleap-lablink-client-prod-vm-1,running,Healthy,1,1788390738.0,1788390767.0,1788390905.0,1788391113.0,1788391050.0,1788391124.0,311.0,1788390768.128852,1788391127.40029,1788391728.563357,i-0d4ebb2bfcef19f31
1788391911.153332,10,1,ghcr.io/talmolab/lablink-client-base-image:linux-amd64-test@sha256:1ec2fde6860186b3d45ac83890167258f83512955dbce65f072d4e8c310cb9de,0.37648844718933105,sleap-lablink-client-prod-vm-10,running,Healthy,1,1788390738.0,1788390767.0,1788390902.0,1788391108.0,1788391046.0,1788391114.0,303.0,1788390768.130117,1788391127.408882,1788391749.249416,i-073b86b279423b5ed
1788391911.153332,10,1,ghcr.io/talmolab/lablink-client-base-image:linux-amd64-test@sha256:1ec2fde6860186b3d45ac83890167258f83512955dbce65f072d4e8c310cb9de,0.37648844718933105,sleap-lablink-client-prod-vm-2,running,Healthy,0,1788390738.0,1788390767.0,1788390813.0,1788391011.0,1788390949.0,1788391016.0,294.0,1788390768.130938,1788391127.407519,1788391742.29634,i-02f122d3eea1c2ca0
1788391911.153332,10,1,ghcr.io/talmolab/lablink-client-base-image:linux-amd64-test@sha256:1ec2fde6860186b3d45ac83890167258f83512955dbce65f072d4e8c310cb9de,0.37648844718933105,sleap-lablink-client-prod-vm-3,running,Healthy,0,1788390738.0,1788390767.0,1788390814.0,1788391004.0,1788390941.0,1788391018.0,296.0,1788390768.131762,1788391127.452474,1788391742.729919,i-04f09804c45834c8a
1788391911.153332,10,1,ghcr.io/talmolab/lablink-client-base-image:linux-amd64-test@sha256:1ec2fde6860186b3d45ac83890167258f83512955dbce65f072d4e8c310cb9de,0.37648844718933105,sleap-lablink-client-prod-vm-4,running,Healthy,0,1788390738.0,1788390767.0,1788390813.0,1788391010.0,1788390947.0,1788391022.0,301.0,1788390768.132688,1788391127.453282,1788391747.570198,i-0b5a2f80e58b1f49e
1788391911.153332,10,1,ghcr.io/talmolab/lablink-client-base-image:linux-amd64-test@sha256:1ec2fde6860186b3d45ac83890167258f83512955dbce65f072d4e8c310cb9de,0.37648844718933105,sleap-lablink-client-prod-vm-5,running,Healthy,0,1788390738.0,1788390767.0,1788390814.0,1788391012.0,1788390949.0,1788391024.0,302.0,1788390768.133418,1788391127.470972,1788391748.543962,i-011c62511afd69360
1788391911.153332,10,1,ghcr.io/talmolab/lablink-client-base-image:linux-amd64-test@sha256:1ec2fde6860186b3d45ac83890167258f83512955dbce65f072d4e8c310cb9de,0.37648844718933105,sleap-lablink-client-prod-vm-6,running,Healthy,0,1788390738.0,1788390767.0,1788390814.0,1788391011.0,1788390949.0,1788391022.0,299.0,1788390768.134149,1788391127.454231,1788391747.635328,i-0cceae5b4237000da
1788391911.153332,10,1,ghcr.io/talmolab/lablink-client-base-image:linux-amd64-test@sha256:1ec2fde6860186b3d45ac83890167258f83512955dbce65f072d4e8c310cb9de,0.37648844718933105,sleap-lablink-client-prod-vm-7,running,Healthy,0,1788390738.0,1788390767.0,1788390813.0,1788391004.0,1788390941.0,1788391016.0,295.0,1788390768.13509,1788391127.485072,1788391742.24548,i-04223bbc5c5f842c7
1788391911.153332,10,1,ghcr.io/talmolab/lablink-client-base-image:linux-amd64-test@sha256:1ec2fde6860186b3d45ac83890167258f83512955dbce65f072d4e8c310cb9de,0.37648844718933105,sleap-lablink-client-prod-vm-8,running,Healthy,0,1788390738.0,1788390767.0,1788390809.0,1788391003.0,1788390941.0,1788391017.0,299.0,1788390768.135877,1788391127.491438,1788391741.506624,i-0798ccd89f26d7cda
1788391911.153332,10,1,ghcr.io/talmolab/lablink-client-base-image:linux-amd64-test@sha256:1ec2fde6860186b3d45ac83890167258f83512955dbce65f072d4e8c310cb9de,0.37648844718933105,sleap-lablink-client-prod-vm-9,running,Healthy,0,1788390738.0,1788390767.0,1788390813.0,1788391010.0,1788390948.0,1788391021.0,299.0,1788390768.136603,1788391127.503832,1788391745.95919,i-0ae3bdc8eb0227987
1788391915.813704,10,1,ghcr.io/talmolab/lablink-client-base-image:linux-amd64-test@sha256:1ec2fde6860186b3d45ac83890167258f83512955dbce65f072d4e8c310cb9de,0.37648844718933105,sleap-lablink-client-prod-vm-1,running,Healthy,1,1788390738.0,1788390767.0,1788390905.0,1788391113.0,1788391050.0,1788391124.0,311.0,1788390768.128852,1788391127.40029,1788391728.563357,i-0d4ebb2bfcef19f31
1788391915.813704,10,1,ghcr.io/talmolab/lablink-client-base-image:linux-amd64-test@sha256:1ec2fde6860186b3d45ac83890167258f83512955dbce65f072d4e8c310cb9de,0.37648844718933105,sleap-lablink-client-prod-vm-10,running,Healthy,1,1788390738.0,1788390767.0,1788390902.0,1788391108.0,1788391046.0,1788391114.0,303.0,1788390768.130117,1788391127.408882,1788391749.249416,i-073b86b279423b5ed
1788391915.813704,10,1,ghcr.io/talmolab/lablink-client-base-image:linux-amd64-test@sha256:1ec2fde6860186b3d45ac83890167258f83512955dbce65f072d4e8c310cb9de,0.37648844718933105,sleap-lablink-client-prod-vm-2,running,Healthy,0,1788390738.0,1788390767.0,1788390813.0,1788391011.0,1788390949.0,1788391016.0,294.0,1788390768.130938,1788391127.407519,1788391742.29634,i-02f122d3eea1c2ca0
1788391915.813704,10,1,ghcr.io/talmolab/lablink-client-base-image:linux-amd64-test@sha256:1ec2fde6860186b3d45ac83890167258f83512955dbce65f072d4e8c310cb9de,0.37648844718933105,sleap-lablink-client-prod-vm-3,running,Healthy,0,1788390738.0,1788390767.0,1788390814.0,1788391004.0,1788390941.0,1788391018.0,296.0,1788390768.131762,1788391127.452474,1788391742.729919,i-04f09804c45834c8a
1788391915.813704,10,1,ghcr.io/talmolab/lablink-client-base-image:linux-amd64-test@sha256:1ec2fde6860186b3d45ac83890167258f83512955dbce65f072d4e8c310cb9de,0.37648844718933105,sleap-lablink-client-prod-vm-4,running,Healthy,0,1788390738.0,1788390767.0,1788390813.0,1788391010.0,1788390947.0,1788391022.0,301.0,1788390768.132688,1788391127.453282,1788391747.570198,i-0b5a2f80e58b1f49e
1788391915.813704,10,1,ghcr.io/talmolab/lablink-client-base-image:linux-amd64-test@sha256:1ec2fde6860186b3d45ac83890167258f83512955dbce65f072d4e8c310cb9de,0.37648844718933105,sleap-lablink-client-prod-vm-5,running,Healthy,0,1788390738.0,1788390767.0,1788390814.0,1788391012.0,1788390949.0,1788391024.0,302.0,1788390768.133418,1788391127.470972,1788391748.543962,i-011c62511afd69360
1788391915.813704,10,1,ghcr.io/talmolab/lablink-client-base-image:linux-amd64-test@sha256:1ec2fde6860186b3d45ac83890167258f83512955dbce65f072d4e8c310cb9de,0.37648844718933105,sleap-lablink-client-prod-vm-6,running,Healthy,0,1788390738.0,1788390767.0,1788390814.0,1788391011.0,1788390949.0,1788391022.0,299.0,1788390768.134149,1788391127.454231,1788391747.635328,i-0cceae5b4237000da
1788391915.813704,10,1,ghcr.io/talmolab/lablink-client-base-image:linux-amd64-test@sha256:1ec2fde6860186b3d45ac83890167258f83512955dbce65f072d4e8c310cb9de,0.37648844718933105,sleap-lablink-client-prod-vm-7,running,Healthy,0,1788390738.0,1788390767.0,1788390813.0,1788391004.0,1788390941.0,1788391016.0,295.0,1788390768.13509,1788391127.485072,1788391742.24548,i-04223bbc5c5f842c7
1788391915.813704,10,1,ghcr.io/talmolab/lablink-client-base-image:linux-amd64-test@sha256:1ec2fde6860186b3d45ac83890167258f83512955dbce65f072d4e8c310cb9de,0.37648844718933105,sleap-lablink-client-prod-vm-8,running,Healthy,0,1788390738.0,1788390767.0,1788390809.0,1788391003.0,1788390941.0,1788391017.0,299.0,1788390768.135877,1788391127.491438,1788391741.506624,i-0798ccd89f26d7cda
1788391915.813704,10,1,ghcr.io/talmolab/lablink-client-base-image:linux-amd64-test@sha256:1ec2fde6860186b3d45ac83890167258f83512955dbce65f072d4e8c310cb9de,0.37648844718933105,sleap-lablink-client-prod-vm-9,running,Healthy,0,1788390738.0,1788390767.0,1788390813.0,1788391010.0,1788390948.0,1788391021.0,299.0,1788390768.136603,1788391127.503832,1788391745.95919,i-0ae3bdc8eb0227987
1788391920.823583,10,1,ghcr.io/talmolab/lablink-client-base-image:linux-amd64-test@sha256:1ec2fde6860186b3d45ac83890167258f83512955dbce65f072d4e8c310cb9de,0.37648844718933105,sleap-lablink-client-prod-vm-1,running,Healthy,1,1788390738.0,1788390767.0,1788390905.0,1788391113.0,1788391050.0,1788391124.0,311.0,1788390768.128852,1788391127.40029,1788391728.563357,i-0d4ebb2bfcef19f31
1788391920.823583,10,1,ghcr.io/talmolab/lablink-client-base-image:linux-amd64-test@sha256:1ec2fde6860186b3d45ac83890167258f83512955dbce65f072d4e8c310cb9de,0.37648844718933105,sleap-lablink-client-prod-vm-10,running,Healthy,1,1788390738.0,1788390767.0,1788390902.0,1788391108.0,1788391046.0,1788391114.0,303.0,1788390768.130117,1788391127.408882,1788391749.249416,i-073b86b279423b5ed
1788391920.823583,10,1,ghcr.io/talmolab/lablink-client-base-image:linux-amd64-test@sha256:1ec2fde6860186b3d45ac83890167258f83512955dbce65f072d4e8c310cb9de,0.37648844718933105,sleap-lablink-client-prod-vm-2,running,Healthy,0,1788390738.0,1788390767.0,1788390813.0,1788391011.0,1788390949.0,1788391016.0,294.0,1788390768.130938,1788391127.407519,1788391742.29634,i-02f122d3eea1c2ca0
1788391920.823583,10,1,ghcr.io/talmolab/lablink-client-base-image:linux-amd64-test@sha256:1ec2fde6860186b3d45ac83890167258f83512955dbce65f072d4e8c310cb9de,0.37648844718933105,sleap-lablink-client-prod-vm-3,running,Healthy,0,1788390738.0,1788390767.0,1788390814.0,1788391004.0,1788390941.0,1788391018.0,296.0,1788390768.131762,1788391127.452474,1788391742.729919,i-04f09804c45834c8a
1788391920.823583,10,1,ghcr.io/talmolab/lablink-client-base-image:linux-amd64-test@sha256:1ec2fde6860186b3d45ac83890167258f83512955dbce65f072d4e8c310cb9de,0.37648844718933105,sleap-lablink-client-prod-vm-4,running,Healthy,0,1788390738.0,1788390767.0,1788390813.0,1788391010.0,1788390947.0,1788391022.0,301.0,1788390768.132688,1788391127.453282,1788391747.570198,i-0b5a2f80e58b1f49e
1788391920.823583,10,1,ghcr.io/talmolab/lablink-client-base-image:linux-amd64-test@sha256:1ec2fde6860186b3d45ac83890167258f83512955dbce65f072d4e8c310cb9de,0.37648844718933105,sleap-lablink-client-prod-vm-5,running,Healthy,0,1788390738.0,1788390767.0,1788390814.0,1788391012.0,1788390949.0,1788391024.0,302.0,1788390768.133418,1788391127.470972,1788391748.543962,i-011c62511afd69360
1788391920.823583,10,1,ghcr.io/talmolab/lablink-client-base-image:linux-amd64-test@sha256:1ec2fde6860186b3d45ac83890167258f83512955dbce65f072d4e8c310cb9de,0.37648844718933105,sleap-lablink-client-prod-vm-6,running,Healthy,0,1788390738.0,1788390767.0,1788390814.0,1788391011.0,1788390949.0,1788391022.0,299.0,1788390768.134149,1788391127.454231,1788391747.635328,i-0cceae5b4237000da
1788391920.823583,10,1,ghcr.io/talmolab/lablink-client-base-image:linux-amd64-test@sha256:1ec2fde6860186b3d45ac83890167258f83512955dbce65f072d4e8c310cb9de,0.37648844718933105,sleap-lablink-client-prod-vm-7,running,Healthy,0,1788390738.0,1788390767.0,1788390813.0,1788391004.0,1788390941.0,1788391016.0,295.0,1788390768.13509,1788391127.485072,1788391742.24548,i-04223bbc5c5f842c7
1788391920.823583,10,1,ghcr.io/talmolab/lablink-client-base-image:linux-amd64-test@sha256:1ec2fde6860186b3d45ac83890167258f83512955dbce65f072d4e8c310cb9de,0.37648844718933105,sleap-lablink-client-prod-vm-8,running,Healthy,0,1788390738.0,1788390767.0,1788390809.0,1788391003.0,1788390941.0,1788391017.0,299.0,1788390768.135877,1788391127.491438,1788391741.506624,i-0798ccd89f26d7cda
1788391920.823583,10,1,ghcr.io/talmolab/lablink-client-base-image:linux-amd64-test@sha256:1ec2fde6860186b3d45ac83890167258f83512955dbce65f072d4e8c310cb9de,0.37648844718933105,sleap-lablink-client-prod-vm-9,running,Healthy,0,1788390738.0,1788390767.0,1788390813.0,1788391010.0,1788390948.0,1788391021.0,299.0,1788390768.136603,1788391127.503832,1788391745.95919,i-0ae3bdc8eb0227987
1788391925.8607712,10,1,ghcr.io/talmolab/lablink-client-base-image:linux-amd64-test@sha256:1ec2fde6860186b3d45ac83890167258f83512955dbce65f072d4e8c310cb9de,0.37648844718933105,sleap-lablink-client-prod-vm-1,running,Healthy,1,1788390738.0,1788390767.0,1788390905.0,1788391113.0,1788391050.0,1788391124.0,311.0,1788390768.128852,1788391127.40029,1788391728.563357,i-0d4ebb2bfcef19f31
1788391925.8607712,10,1,ghcr.io/talmolab/lablink-client-base-image:linux-amd64-test@sha256:1ec2fde6860186b3d45ac83890167258f83512955dbce65f072d4e8c310cb9de,0.37648844718933105,sleap-lablink-client-prod-vm-10,running,Healthy,1,1788390738.0,1788390767.0,1788390902.0,1788391108.0,1788391046.0,1788391114.0,303.0,1788390768.130117,1788391127.408882,1788391749.249416,i-073b86b279423b5ed
1788391925.8607712,10,1,ghcr.io/talmolab/lablink-client-base-image:linux-amd64-test@sha256:1ec2fde6860186b3d45ac83890167258f83512955dbce65f072d4e8c310cb9de,0.37648844718933105,sleap-lablink-client-prod-vm-2,running,Healthy,0,1788390738.0,1788390767.0,1788390813.0,1788391011.0,1788390949.0,1788391016.0,294.0,1788390768.130938,1788391127.407519,1788391742.29634,i-02f122d3eea1c2ca0
1788391925.8607712,10,1,ghcr.io/talmolab/lablink-client-base-image:linux-amd64-test@sha256:1ec2fde6860186b3d45ac83890167258f83512955dbce65f072d4e8c310cb9de,0.37648844718933105,sleap-lablink-client-prod-vm-3,running,Healthy,0,1788390738.0,1788390767.0,1788390814.0,1788391004.0,1788390941.0,1788391018.0,296.0,1788390768.131762,1788391127.452474,1788391742.729919,i-04f09804c45834c8a
1788391925.8607712,10,1,ghcr.io/talmolab/lablink-client-base-image:linux-amd64-test@sha256:1ec2fde6860186b3d45ac83890167258f83512955dbce65f072d4e8c310cb9de,0.37648844718933105,sleap-lablink-client-prod-vm-4,running,Healthy,0,1788390738.0,1788390767.0,1788390813.0,1788391010.0,1788390947.0,1788391022.0,301.0,1788390768.132688,1788391127.453282,1788391747.570198,i-0b5a2f80e58b1f49e
1788391925.8607712,10,1,ghcr.io/talmolab/lablink-client-base-image:linux-amd64-test@sha256:1ec2fde6860186b3d45ac83890167258f83512955dbce65f072d4e8c310cb9de,0.37648844718933105,sleap-lablink-client-prod-vm-5,running,Healthy,0,1788390738.0,1788390767.0,1788390814.0,1788391012.0,1788390949.0,1788391024.0,302.0,1788390768.133418,1788391127.470972,1788391748.543962,i-011c62511afd69360
1788391925.8607712,10,1,ghcr.io/talmolab/lablink-client-base-image:linux-amd64-test@sha256:1ec2fde6860186b3d45ac83890167258f83512955dbce65f072d4e8c310cb9de,0.37648844718933105,sleap-lablink-client-prod-vm-6,running,Healthy,0,1788390738.0,1788390767.0,1788390814.0,1788391011.0,1788390949.0,1788391022.0,299.0,1788390768.134149,1788391127.454231,1788391747.635328,i-0cceae5b4237000da
1788391925.8607712,10,1,ghcr.io/talmolab/lablink-client-base-image:linux-amd64-test@sha256:1ec2fde6860186b3d45ac83890167258f83512955dbce65f072d4e8c310cb9de,0.37648844718933105,sleap-lablink-client-prod-vm-7,running,Healthy,0,1788390738.0,1788390767.0,1788390813.0,1788391004.0,1788390941.0,1788391016.0,295.0,1788390768.13509,1788391127.485072,1788391742.24548,i-04223bbc5c5f842c7
1788391925.8607712,10,1,ghcr.io/talmolab/lablink-client-base-image:linux-amd64-test@sha256:1ec2fde6860186b3d45ac83890167258f83512955dbce65f072d4e8c310cb9de,0.37648844718933105,sleap-lablink-client-prod-vm-8,running,Healthy,0,1788390738.0,1788390767.0,1788390809.0,1788391003.0,1788390941.0,1788391017.0,299.0,1788390768.135877,1788391127.491438,1788391741.506624,i-0798ccd89f26d7cda
1788391925.8607712,10,1,ghcr.io/talmolab/lablink-client-base-image:linux-amd64-test@sha256:1ec2fde6860186b3d45ac83890167258f83512955dbce65f072d4e8c310cb9de,0.37648844718933105,sleap-lablink-client-prod-vm-9,running,Healthy,0,1788390738.0,1788390767.0,1788390813.0,1788391010.0,1788390948.0,1788391021.0,299.0,1788390768.136603,1788391127.503832,1788391745.95919,i-0ae3bdc8eb0227987
1788391930.849708,10,1,ghcr.io/talmolab/lablink-client-base-image:linux-amd64-test@sha256:1ec2fde6860186b3d45ac83890167258f83512955dbce65f072d4e8c310cb9de,0.37648844718933105,sleap-lablink-client-prod-vm-1,running,Healthy,1,1788390738.0,1788390767.0,1788390905.0,1788391113.0,1788391050.0,1788391124.0,311.0,1788390768.128852,1788391127.40029,1788391728.563357,i-0d4ebb2bfcef19f31
1788391930.849708,10,1,ghcr.io/talmolab/lablink-client-base-image:linux-amd64-test@sha256:1ec2fde6860186b3d45ac83890167258f83512955dbce65f072d4e8c310cb9de,0.37648844718933105,sleap-lablink-client-prod-vm-10,running,Healthy,1,1788390738.0,1788390767.0,1788390902.0,1788391108.0,1788391046.0,1788391114.0,303.0,1788390768.130117,1788391127.408882,1788391749.249416,i-073b86b279423b5ed
1788391930.849708,10,1,ghcr.io/talmolab/lablink-client-base-image:linux-amd64-test@sha256:1ec2fde6860186b3d45ac83890167258f83512955dbce65f072d4e8c310cb9de,0.37648844718933105,sleap-lablink-client-prod-vm-2,running,Healthy,0,1788390738.0,1788390767.0,1788390813.0,1788391011.0,1788390949.0,1788391016.0,294.0,1788390768.130938,1788391127.407519,1788391742.29634,i-02f122d3eea1c2ca0
1788391930.849708,10,1,ghcr.io/talmolab/lablink-client-base-image:linux-amd64-test@sha256:1ec2fde6860186b3d45ac83890167258f83512955dbce65f072d4e8c310cb9de,0.37648844718933105,sleap-lablink-client-prod-vm-3,running,Healthy,0,1788390738.0,1788390767.0,1788390814.0,1788391004.0,1788390941.0,1788391018.0,296.0,1788390768.131762,1788391127.452474,1788391742.729919,i-04f09804c45834c8a
1788391930.849708,10,1,ghcr.io/talmolab/lablink-client-base-image:linux-amd64-test@sha256:1ec2fde6860186b3d45ac83890167258f83512955dbce65f072d4e8c310cb9de,0.37648844718933105,sleap-lablink-client-prod-vm-4,running,Healthy,0,1788390738.0,1788390767.0,1788390813.0,1788391010.0,1788390947.0,1788391022.0,301.0,1788390768.132688,1788391127.453282,1788391747.570198,i-0b5a2f80e58b1f49e
1788391930.849708,10,1,ghcr.io/talmolab/lablink-client-base-image:linux-amd64-test@sha256:1ec2fde6860186b3d45ac83890167258f83512955dbce65f072d4e8c310cb9de,0.37648844718933105,sleap-lablink-client-prod-vm-5,running,Healthy,0,1788390738.0,1788390767.0,1788390814.0,1788391012.0,1788390949.0,1788391024.0,302.0,1788390768.133418,1788391127.470972,1788391748.543962,i-011c62511afd69360
1788391930.849708,10,1,ghcr.io/talmolab/lablink-client-base-image:linux-amd64-test@sha256:1ec2fde6860186b3d45ac83890167258f83512955dbce65f072d4e8c310cb9de,0.37648844718933105,sleap-lablink-client-prod-vm-6,running,Healthy,0,1788390738.0,1788390767.0,1788390814.0,1788391011.0,1788390949.0,1788391022.0,299.0,1788390768.134149,1788391127.454231,1788391747.635328,i-0cceae5b4237000da
1788391930.849708,10,1,ghcr.io/talmolab/lablink-client-base-image:linux-amd64-test@sha256:1ec2fde6860186b3d45ac83890167258f83512955dbce65f072d4e8c310cb9de,0.37648844718933105,sleap-lablink-client-prod-vm-7,running,Healthy,0,1788390738.0,1788390767.0,1788390813.0,1788391004.0,1788390941.0,1788391016.0,295.0,1788390768.13509,1788391127.485072,1788391742.24548,i-04223bbc5c5f842c7
1788391930.849708,10,1,ghcr.io/talmolab/lablink-client-base-image:linux-amd64-test@sha256:1ec2fde6860186b3d45ac83890167258f83512955dbce65f072d4e8c310cb9de,0.37648844718933105,sleap-lablink-client-prod-vm-8,running,Healthy,0,1788390738.0,1788390767.0,1788390809.0,1788391003.0,1788390941.0,1788391017.0,299.0,1788390768.135877,1788391127.491438,1788391741.506624,i-0798ccd89f26d7cda
1788391930.849708,10,1,ghcr.io/talmolab/lablink-client-base-image:linux-amd64-test@sha256:1ec2fde6860186b3d45ac83890167258f83512955dbce65f072d4e8c310cb9de,0.37648844718933105,sleap-lablink-client-prod-vm-9,running,Healthy,0,1788390738.0,1788390767.0,1788390813.0,1788391010.0,1788390948.0,1788391021.0,299.0,1788390768.136603,1788391127.503832,1788391745.95919,i-0ae3bdc8eb0227987
1788391935.828594,10,1,ghcr.io/talmolab/lablink-client-base-image:linux-amd64-test@sha256:1ec2fde6860186b3d45ac83890167258f83512955dbce65f072d4e8c310cb9de,0.37648844718933105,sleap-lablink-client-prod-vm-1,running,Healthy,1,1788390738.0,1788390767.0,1788390905.0,1788391113.0,1788391050.0,1788391124.0,311.0,1788390768.128852,1788391127.40029,1788391728.563357,i-0d4ebb2bfcef19f31
1788391935.828594,10,1,ghcr.io/talmolab/lablink-client-base-image:linux-amd64-test@sha256:1ec2fde6860186b3d45ac83890167258f83512955dbce65f072d4e8c310cb9de,0.37648844718933105,sleap-lablink-client-prod-vm-10,running,Healthy,1,1788390738.0,1788390767.0,1788390902.0,1788391108.0,1788391046.0,1788391114.0,303.0,1788390768.130117,1788391127.408882,1788391749.249416,i-073b86b279423b5ed
1788391935.828594,10,1,ghcr.io/talmolab/lablink-client-base-image:linux-amd64-test@sha256:1ec2fde6860186b3d45ac83890167258f83512955dbce65f072d4e8c310cb9de,0.37648844718933105,sleap-lablink-client-prod-vm-2,running,Healthy,0,1788390738.0,1788390767.0,1788390813.0,1788391011.0,1788390949.0,1788391016.0,294.0,1788390768.130938,1788391127.407519,1788391742.29634,i-02f122d3eea1c2ca0
1788391935.828594,10,1,ghcr.io/talmolab/lablink-client-base-image:linux-amd64-test@sha256:1ec2fde6860186b3d45ac83890167258f83512955dbce65f072d4e8c310cb9de,0.37648844718933105,sleap-lablink-client-prod-vm-3,running,Healthy,0,1788390738.0,1788390767.0,1788390814.0,1788391004.0,1788390941.0,1788391018.0,296.0,1788390768.131762,1788391127.452474,1788391742.729919,i-04f09804c45834c8a
1788391935.828594,10,1,ghcr.io/talmolab/lablink-client-base-image:linux-amd64-test@sha256:1ec2fde6860186b3d45ac83890167258f83512955dbce65f072d4e8c310cb9de,0.37648844718933105,sleap-lablink-client-prod-vm-4,running,Healthy,0,1788390738.0,1788390767.0,1788390813.0,1788391010.0,1788390947.0,1788391022.0,301.0,1788390768.132688,1788391127.453282,1788391747.570198,i-0b5a2f80e58b1f49e
1788391935.828594,10,1,ghcr.io/talmolab/lablink-client-base-image:linux-amd64-test@sha256:1ec2fde6860186b3d45ac83890167258f83512955dbce65f072d4e8c310cb9de,0.37648844718933105,sleap-lablink-client-prod-vm-5,running,Healthy,0,1788390738.0,1788390767.0,1788390814.0,1788391012.0,1788390949.0,1788391024.0,302.0,1788390768.133418,1788391127.470972,1788391748.543962,i-011c62511afd69360
1788391935.828594,10,1,ghcr.io/talmolab/lablink-client-base-image:linux-amd64-test@sha256:1ec2fde6860186b3d45ac83890167258f83512955dbce65f072d4e8c310cb9de,0.37648844718933105,sleap-lablink-client-prod-vm-6,running,Healthy,0,1788390738.0,1788390767.0,1788390814.0,1788391011.0,1788390949.0,1788391022.0,299.0,1788390768.134149,1788391127.454231,1788391747.635328,i-0cceae5b4237000da
1788391935.828594,10,1,ghcr.io/talmolab/lablink-client-base-image:linux-amd64-test@sha256:1ec2fde6860186b3d45ac83890167258f83512955dbce65f072d4e8c310cb9de,0.37648844718933105,sleap-lablink-client-prod-vm-7,running,Healthy,0,1788390738.0,1788390767.0,1788390813.0,1788391004.0,1788390941.0,1788391016.0,295.0,1788390768.13509,1788391127.485072,1788391742.24548,i-04223bbc5c5f842c7
1788391935.828594,10,1,ghcr.io/talmolab/lablink-client-base-image:linux-amd64-test@sha256:1ec2fde6860186b3d45ac83890167258f83512955dbce65f072d4e8c310cb9de,0.37648844718933105,sleap-lablink-client-prod-vm-8,running,Healthy,0,1788390738.0,1788390767.0,1788390809.0,1788391003.0,1788390941.0,1788391017.0,299.0,1788390768.135877,1788391127.491438,1788391741.506624,i-0798ccd89f26d7cda
1788391935.828594,10,1,ghcr.io/talmolab/lablink-client-base-image:linux-amd64-test@sha256:1ec2fde6860186b3d45ac83890167258f83512955dbce65f072d4e8c310cb9de,0.37648844718933105,sleap-lablink-client-prod-vm-9,running,Healthy,0,1788390738.0,1788390767.0,1788390813.0,1788391010.0,1788390948.0,1788391021.0,299.0,1788390768.136603,1788391127.503832,1788391745.95919,i-0ae3bdc8eb0227987
1788391940.920234,10,1,ghcr.io/talmolab/lablink-client-base-image:linux-amd64-test@sha256:1ec2fde6860186b3d45ac83890167258f83512955dbce65f072d4e8c310cb9de,0.37648844718933105,sleap-lablink-client-prod-vm-1,running,Healthy,1,1788390738.0,1788390767.0,1788390905.0,1788391113.0,1788391050.0,1788391124.0,311.0,1788390768.128852,1788391127.40029,1788391728.563357,i-0d4ebb2bfcef19f31
1788391940.920234,10,1,ghcr.io/talmolab/lablink-client-base-image:linux-amd64-test@sha256:1ec2fde6860186b3d45ac83890167258f83512955dbce65f072d4e8c310cb9de,0.37648844718933105,sleap-lablink-client-prod-vm-10,running,Healthy,1,1788390738.0,1788390767.0,1788390902.0,1788391108.0,1788391046.0,1788391114.0,303.0,1788390768.130117,1788391127.408882,1788391749.249416,i-073b86b279423b5ed
1788391940.920234,10,1,ghcr.io/talmolab/lablink-client-base-image:linux-amd64-test@sha256:1ec2fde6860186b3d45ac83890167258f83512955dbce65f072d4e8c310cb9de,0.37648844718933105,sleap-lablink-client-prod-vm-2,running,Healthy,0,1788390738.0,1788390767.0,1788390813.0,1788391011.0,1788390949.0,1788391016.0,294.0,1788390768.130938,1788391127.407519,1788391742.29634,i-02f122d3eea1c2ca0
1788391940.920234,10,1,ghcr.io/talmolab/lablink-client-base-image:linux-amd64-test@sha256:1ec2fde6860186b3d45ac83890167258f83512955dbce65f072d4e8c310cb9de,0.37648844718933105,sleap-lablink-client-prod-vm-3,running,Healthy,0,1788390738.0,1788390767.0,1788390814.0,1788391004.0,1788390941.0,1788391018.0,296.0,1788390768.131762,1788391127.452474,1788391742.729919,i-04f09804c45834c8a
1788391940.920234,10,1,ghcr.io/talmolab/lablink-client-base-image:linux-amd64-test@sha256:1ec2fde6860186b3d45ac83890167258f83512955dbce65f072d4e8c310cb9de,0.37648844718933105,sleap-lablink-client-prod-vm-4,running,Healthy,0,1788390738.0,1788390767.0,1788390813.0,1788391010.0,1788390947.0,1788391022.0,301.0,1788390768.132688,1788391127.453282,1788391747.570198,i-0b5a2f80e58b1f49e
1788391940.920234,10,1,ghcr.io/talmolab/lablink-client-base-image:linux-amd64-test@sha256:1ec2fde6860186b3d45ac83890167258f83512955dbce65f072d4e8c310cb9de,0.37648844718933105,sleap-lablink-client-prod-vm-5,running,Healthy,0,1788390738.0,1788390767.0,1788390814.0,1788391012.0,1788390949.0,1788391024.0,302.0,1788390768.133418,1788391127.470972,1788391748.543962,i-011c62511afd69360
1788391940.920234,10,1,ghcr.io/talmolab/lablink-client-base-image:linux-amd64-test@sha256:1ec2fde6860186b3d45ac83890167258f83512955dbce65f072d4e8c310cb9de,0.37648844718933105,sleap-lablink-client-prod-vm-6,running,Healthy,0,1788390738.0,1788390767.0,1788390814.0,1788391011.0,1788390949.0,1788391022.0,299.0,1788390768.134149,1788391127.454231,1788391747.635328,i-0cceae5b4237000da
1788391940.920234,10,1,ghcr.io/talmolab/lablink-client-base-image:linux-amd64-test@sha256:1ec2fde6860186b3d45ac83890167258f83512955dbce65f072d4e8c310cb9de,0.37648844718933105,sleap-lablink-client-prod-vm-7,running,Healthy,0,1788390738.0,1788390767.0,1788390813.0,1788391004.0,1788390941.0,1788391016.0,295.0,1788390768.13509,1788391127.485072,1788391742.24548,i-04223bbc5c5f842c7
1788391940.920234,10,1,ghcr.io/talmolab/lablink-client-base-image:linux-amd64-test@sha256:1ec2fde6860186b3d45ac83890167258f83512955dbce65f072d4e8c310cb9de,0.37648844718933105,sleap-lablink-client-prod-vm-8,running,Healthy,0,1788390738.0,1788390767.0,1788390809.0,1788391003.0,1788390941.0,1788391017.0,299.0,1788390768.135877,1788391127.491438,1788391741.506624,i-0798ccd89f26d7cda
1788391940.920234,10,1,ghcr.io/talmolab/lablink-client-base-image:linux-amd64-test@sha256:1ec2fde6860186b3d45ac83890167258f83512955dbce65f072d4e8c310cb9de,0.37648844718933105,sleap-lablink-client-prod-vm-9,running,Healthy,0,1788390738.0,1788390767.0,1788390813.0,1788391010.0,1788390948.0,1788391021.0,299.0,1788390768.136603,1788391127.503832,1788391745.95919,i-0ae3bdc8eb0227987
1788391945.8508139,10,1,ghcr.io/talmolab/lablink-client-base-image:linux-amd64-test@sha256:1ec2fde6860186b3d45ac83890167258f83512955dbce65f072d4e8c310cb9de,0.37648844718933105,sleap-lablink-client-prod-vm-1,running,Healthy,1,1788390738.0,1788390767.0,1788390905.0,1788391113.0,1788391050.0,1788391124.0,311.0,1788390768.128852,1788391127.40029,1788391728.563357,i-0d4ebb2bfcef19f31
1788391945.8508139,10,1,ghcr.io/talmolab/lablink-client-base-image:linux-amd64-test@sha256:1ec2fde6860186b3d45ac83890167258f83512955dbce65f072d4e8c310cb9de,0.37648844718933105,sleap-lablink-client-prod-vm-10,running,Healthy,1,1788390738.0,1788390767.0,1788390902.0,1788391108.0,1788391046.0,1788391114.0,303.0,1788390768.130117,1788391127.408882,1788391749.249416,i-073b86b279423b5ed
1788391945.8508139,10,1,ghcr.io/talmolab/lablink-client-base-image:linux-amd64-test@sha256:1ec2fde6860186b3d45ac83890167258f83512955dbce65f072d4e8c310cb9de,0.37648844718933105,sleap-lablink-client-prod-vm-2,running,Healthy,0,1788390738.0,1788390767.0,1788390813.0,1788391011.0,1788390949.0,1788391016.0,294.0,1788390768.130938,1788391127.407519,1788391742.29634,i-02f122d3eea1c2ca0
1788391945.8508139,10,1,ghcr.io/talmolab/lablink-client-base-image:linux-amd64-test@sha256:1ec2fde6860186b3d45ac83890167258f83512955dbce65f072d4e8c310cb9de,0.37648844718933105,sleap-lablink-client-prod-vm-3,running,Healthy,0,1788390738.0,1788390767.0,1788390814.0,1788391004.0,1788390941.0,1788391018.0,296.0,1788390768.131762,1788391127.452474,1788391742.729919,i-04f09804c45834c8a
1788391945.8508139,10,1,ghcr.io/talmolab/lablink-client-base-image:linux-amd64-test@sha256:1ec2fde6860186b3d45ac83890167258f83512955dbce65f072d4e8c310cb9de,0.37648844718933105,sleap-lablink-client-prod-vm-4,running,Healthy,0,1788390738.0,1788390767.0,1788390813.0,1788391010.0,1788390947.0,1788391022.0,301.0,1788390768.132688,1788391127.453282,1788391747.570198,i-0b5a2f80e58b1f49e
1788391945.8508139,10,1,ghcr.io/talmolab/lablink-client-base-image:linux-amd64-test@sha256:1ec2fde6860186b3d45ac83890167258f83512955dbce65f072d4e8c310cb9de,0.37648844718933105,sleap-lablink-client-prod-vm-5,running,Healthy,0,1788390738.0,1788390767.0,1788390814.0,1788391012.0,1788390949.0,1788391024.0,302.0,1788390768.133418,1788391127.470972,1788391748.543962,i-011c62511afd69360
1788391945.8508139,10,1,ghcr.io/talmolab/lablink-client-base-image:linux-amd64-test@sha256:1ec2fde6860186b3d45ac83890167258f83512955dbce65f072d4e8c310cb9de,0.37648844718933105,sleap-lablink-client-prod-vm-6,running,Healthy,0,1788390738.0,1788390767.0,1788390814.0,1788391011.0,1788390949.0,1788391022.0,299.0,1788390768.134149,1788391127.454231,1788391747.635328,i-0cceae5b4237000da
1788391945.8508139,10,1,ghcr.io/talmolab/lablink-client-base-image:linux-amd64-test@sha256:1ec2fde6860186b3d45ac83890167258f83512955dbce65f072d4e8c310cb9de,0.37648844718933105,sleap-lablink-client-prod-vm-7,running,Healthy,0,1788390738.0,1788390767.0,1788390813.0,1788391004.0,1788390941.0,1788391016.0,295.0,1788390768.13509,1788391127.485072,1788391742.24548,i-04223bbc5c5f842c7
1788391945.8508139,10,1,ghcr.io/talmolab/lablink-client-base-image:linux-amd64-test@sha256:1ec2fde6860186b3d45ac83890167258f83512955dbce65f072d4e8c310cb9de,0.37648844718933105,sleap-lablink-client-prod-vm-8,running,Healthy,0,1788390738.0,1788390767.0,1788390809.0,1788391003.0,1788390941.0,1788391017.0,299.0,1788390768.135877,1788391127.491438,1788391741.506624,i-0798ccd89f26d7cda
1788391945.8508139,10,1,ghcr.io/talmolab/lablink-client-base-image:linux-amd64-test@sha256:1ec2fde6860186b3d45ac83890167258f83512955dbce65f072d4e8c310cb9de,0.37648844718933105,sleap-lablink-client-prod-vm-9,running,Healthy,0,1788390738.0,1788390767.0,1788390813.0,1788391010.0,1788390948.0,1788391021.0,299.0,1788390768.136603,1788391127.503832,1788391745.95919,i-0ae3bdc8eb0227987
1788391950.95376,10,1,ghcr.io/talmolab/lablink-client-base-image:linux-amd64-test@sha256:1ec2fde6860186b3d45ac83890167258f83512955dbce65f072d4e8c310cb9de,0.37648844718933105,sleap-lablink-client-prod-vm-1,running,Healthy,1,1788390738.0,1788390767.0,1788390905.0,1788391113.0,1788391050.0,1788391124.0,311.0,1788390768.128852,1788391127.40029,1788391728.563357,i-0d4ebb2bfcef19f31
1788391950.95376,10,1,ghcr.io/talmolab/lablink-client-base-image:linux-amd64-test@sha256:1ec2fde6860186b3d45ac83890167258f83512955dbce65f072d4e8c310cb9de,0.37648844718933105,sleap-lablink-client-prod-vm-10,running,Healthy,1,1788390738.0,1788390767.0,1788390902.0,1788391108.0,1788391046.0,1788391114.0,303.0,1788390768.130117,1788391127.408882,1788391749.249416,i-073b86b279423b5ed
1788391950.95376,10,1,ghcr.io/talmolab/lablink-client-base-image:linux-amd64-test@sha256:1ec2fde6860186b3d45ac83890167258f83512955dbce65f072d4e8c310cb9de,0.37648844718933105,sleap-lablink-client-prod-vm-2,running,Healthy,0,1788390738.0,1788390767.0,1788390813.0,1788391011.0,1788390949.0,1788391016.0,294.0,1788390768.130938,1788391127.407519,1788391742.29634,i-02f122d3eea1c2ca0
1788391950.95376,10,1,ghcr.io/talmolab/lablink-client-base-image:linux-amd64-test@sha256:1ec2fde6860186b3d45ac83890167258f83512955dbce65f072d4e8c310cb9de,0.37648844718933105,sleap-lablink-client-prod-vm-3,running,Healthy,0,1788390738.0,1788390767.0,1788390814.0,1788391004.0,1788390941.0,1788391018.0,296.0,1788390768.131762,1788391127.452474,1788391742.729919,i-04f09804c45834c8a
1788391950.95376,10,1,ghcr.io/talmolab/lablink-client-base-image:linux-amd64-test@sha256:1ec2fde6860186b3d45ac83890167258f83512955dbce65f072d4e8c310cb9de,0.37648844718933105,sleap-lablink-client-prod-vm-4,running,Healthy,0,1788390738.0,1788390767.0,1788390813.0,1788391010.0,1788390947.0,1788391022.0,301.0,1788390768.132688,1788391127.453282,1788391747.570198,i-0b5a2f80e58b1f49e
1788391950.95376,10,1,ghcr.io/talmolab/lablink-client-base-image:linux-amd64-test@sha256:1ec2fde6860186b3d45ac83890167258f83512955dbce65f072d4e8c310cb9de,0.37648844718933105,sleap-lablink-client-prod-vm-5,running,Healthy,0,1788390738.0,1788390767.0,1788390814.0,1788391012.0,1788390949.0,1788391024.0,302.0,1788390768.133418,1788391127.470972,1788391748.543962,i-011c62511afd69360
1788391950.95376,10,1,ghcr.io/talmolab/lablink-client-base-image:linux-amd64-test@sha256:1ec2fde6860186b3d45ac83890167258f83512955dbce65f072d4e8c310cb9de,0.37648844718933105,sleap-lablink-client-prod-vm-6,running,Healthy,0,1788390738.0,1788390767.0,1788390814.0,1788391011.0,1788390949.0,1788391022.0,299.0,1788390768.134149,1788391127.454231,1788391747.635328,i-0cceae5b4237000da
1788391950.95376,10,1,ghcr.io/talmolab/lablink-client-base-image:linux-amd64-test@sha256:1ec2fde6860186b3d45ac83890167258f83512955dbce65f072d4e8c310cb9de,0.37648844718933105,sleap-lablink-client-prod-vm-7,running,Healthy,0,1788390738.0,1788390767.0,1788390813.0,1788391004.0,1788390941.0,1788391016.0,295.0,1788390768.13509,1788391127.485072,1788391742.24548,i-04223bbc5c5f842c7
1788391950.95376,10,1,ghcr.io/talmolab/lablink-client-base-image:linux-amd64-test@sha256:1ec2fde6860186b3d45ac83890167258f83512955dbce65f072d4e8c310cb9de,0.37648844718933105,sleap-lablink-client-prod-vm-8,running,Healthy,0,1788390738.0,1788390767.0,1788390809.0,1788391003.0,1788390941.0,1788391017.0,299.0,1788390768.135877,1788391127.491438,1788391741.506624,i-0798ccd89f26d7cda
1788391950.95376,10,1,ghcr.io/talmolab/lablink-client-base-image:linux-amd64-test@sha256:1ec2fde6860186b3d45ac83890167258f83512955dbce65f072d4e8c310cb9de,0.37648844718933105,sleap-lablink-client-prod-vm-9,running,Healthy,0,1788390738.0,1788390767.0,1788390813.0,1788391010.0,1788390948.0,1788391021.0,299.0,1788390768.136603,1788391127.503832,1788391745.95919,i-0ae3bdc8eb0227987
1788391955.824157,10,1,ghcr.io/talmolab/lablink-client-base-image:linux-amd64-test@sha256:1ec2fde6860186b3d45ac83890167258f83512955dbce65f072d4e8c310cb9de,0.37648844718933105,sleap-lablink-client-prod-vm-1,running,Healthy,1,1788390738.0,1788390767.0,1788390905.0,1788391113.0,1788391050.0,1788391124.0,311.0,1788390768.128852,1788391127.40029,1788391728.563357,i-0d4ebb2bfcef19f31
1788391955.824157,10,1,ghcr.io/talmolab/lablink-client-base-image:linux-amd64-test@sha256:1ec2fde6860186b3d45ac83890167258f83512955dbce65f072d4e8c310cb9de,0.37648844718933105,sleap-lablink-client-prod-vm-10,running,Healthy,1,1788390738.0,1788390767.0,1788390902.0,1788391108.0,1788391046.0,1788391114.0,303.0,1788390768.130117,1788391127.408882,1788391749.249416,i-073b86b279423b5ed
1788391955.824157,10,1,ghcr.io/talmolab/lablink-client-base-image:linux-amd64-test@sha256:1ec2fde6860186b3d45ac83890167258f83512955dbce65f072d4e8c310cb9de,0.37648844718933105,sleap-lablink-client-prod-vm-2,running,Healthy,0,1788390738.0,1788390767.0,1788390813.0,1788391011.0,1788390949.0,1788391016.0,294.0,1788390768.130938,1788391127.407519,1788391742.29634,i-02f122d3eea1c2ca0
1788391955.824157,10,1,ghcr.io/talmolab/lablink-client-base-image:linux-amd64-test@sha256:1ec2fde6860186b3d45ac83890167258f83512955dbce65f072d4e8c310cb9de,0.37648844718933105,sleap-lablink-client-prod-vm-3,running,Healthy,0,1788390738.0,1788390767.0,1788390814.0,1788391004.0,1788390941.0,1788391018.0,296.0,1788390768.131762,1788391127.452474,1788391742.729919,i-04f09804c45834c8a
1788391955.824157,10,1,ghcr.io/talmolab/lablink-client-base-image:linux-amd64-test@sha256:1ec2fde6860186b3d45ac83890167258f83512955dbce65f072d4e8c310cb9de,0.37648844718933105,sleap-lablink-client-prod-vm-4,running,Healthy,0,1788390738.0,1788390767.0,1788390813.0,1788391010.0,1788390947.0,1788391022.0,301.0,1788390768.132688,1788391127.453282,1788391747.570198,i-0b5a2f80e58b1f49e
1788391955.824157,10,1,ghcr.io/talmolab/lablink-client-base-image:linux-amd64-test@sha256:1ec2fde6860186b3d45ac83890167258f83512955dbce65f072d4e8c310cb9de,0.37648844718933105,sleap-lablink-client-prod-vm-5,running,Healthy,0,1788390738.0,1788390767.0,1788390814.0,1788391012.0,1788390949.0,1788391024.0,302.0,1788390768.133418,1788391127.470972,1788391748.543962,i-011c62511afd69360
1788391955.824157,10,1,ghcr.io/talmolab/lablink-client-base-image:linux-amd64-test@sha256:1ec2fde6860186b3d45ac83890167258f83512955dbce65f072d4e8c310cb9de,0.37648844718933105,sleap-lablink-client-prod-vm-6,running,Healthy,0,1788390738.0,1788390767.0,1788390814.0,1788391011.0,1788390949.0,1788391022.0,299.0,1788390768.134149,1788391127.454231,1788391747.635328,i-0cceae5b4237000da
1788391955.824157,10,1,ghcr.io/talmolab/lablink-client-base-image:linux-amd64-test@sha256:1ec2fde6860186b3d45ac83890167258f83512955dbce65f072d4e8c310cb9de,0.37648844718933105,sleap-lablink-client-prod-vm-7,running,Healthy,0,1788390738.0,1788390767.0,1788390813.0,1788391004.0,1788390941.0,1788391016.0,295.0,1788390768.13509,1788391127.485072,1788391742.24548,i-04223bbc5c5f842c7
1788391955.824157,10,1,ghcr.io/talmolab/lablink-client-base-image:linux-amd64-test@sha256:1ec2fde6860186b3d45ac83890167258f83512955dbce65f072d4e8c310cb9de,0.37648844718933105,sleap-lablink-client-prod-vm-8,running,Healthy,0,1788390738.0,1788390767.0,1788390809.0,1788391003.0,1788390941.0,1788391017.0,299.0,1788390768.135877,1788391127.491438,1788391741.506624,i-0798ccd89f26d7cda
1788391955.824157,10,1,ghcr.io/talmolab/lablink-client-base-image:linux-amd64-test@sha256:1ec2fde6860186b3d45ac83890167258f83512955dbce65f072d4e8c310cb9de,0.37648844718933105,sleap-lablink-client-prod-vm-9,running,Healthy,0,1788390738.0,1788390767.0,1788390813.0,1788391010.0,1788390948.0,1788391021.0,299.0,1788390768.136603,1788391127.503832,1788391745.95919,i-0ae3bdc8eb0227987
1788391960.871469,10,1,ghcr.io/talmolab/lablink-client-base-image:linux-amd64-test@sha256:1ec2fde6860186b3d45ac83890167258f83512955dbce65f072d4e8c310cb9de,0.37648844718933105,sleap-lablink-client-prod-vm-1,running,Healthy,1,1788390738.0,1788390767.0,1788390905.0,1788391113.0,1788391050.0,1788391124.0,311.0,1788390768.128852,1788391127.40029,1788391728.563357,i-0d4ebb2bfcef19f31
1788391960.871469,10,1,ghcr.io/talmolab/lablink-client-base-image:linux-amd64-test@sha256:1ec2fde6860186b3d45ac83890167258f83512955dbce65f072d4e8c310cb9de,0.37648844718933105,sleap-lablink-client-prod-vm-10,running,Healthy,1,1788390738.0,1788390767.0,1788390902.0,1788391108.0,1788391046.0,1788391114.0,303.0,1788390768.130117,1788391127.408882,1788391749.249416,i-073b86b279423b5ed
1788391960.871469,10,1,ghcr.io/talmolab/lablink-client-base-image:linux-amd64-test@sha256:1ec2fde6860186b3d45ac83890167258f83512955dbce65f072d4e8c310cb9de,0.37648844718933105,sleap-lablink-client-prod-vm-2,running,Healthy,0,1788390738.0,1788390767.0,1788390813.0,1788391011.0,1788390949.0,1788391016.0,294.0,1788390768.130938,1788391127.407519,1788391742.29634,i-02f122d3eea1c2ca0
1788391960.871469,10,1,ghcr.io/talmolab/lablink-client-base-image:linux-amd64-test@sha256:1ec2fde6860186b3d45ac83890167258f83512955dbce65f072d4e8c310cb9de,0.37648844718933105,sleap-lablink-client-prod-vm-3,running,Healthy,0,1788390738.0,1788390767.0,1788390814.0,1788391004.0,1788390941.0,1788391018.0,296.0,1788390768.131762,1788391127.452474,1788391742.729919,i-04f09804c45834c8a
1788391960.871469,10,1,ghcr.io/talmolab/lablink-client-base-image:linux-amd64-test@sha256:1ec2fde6860186b3d45ac83890167258f83512955dbce65f072d4e8c310cb9de,0.37648844718933105,sleap-lablink-client-prod-vm-4,running,Healthy,0,1788390738.0,1788390767.0,1788390813.0,1788391010.0,1788390947.0,1788391022.0,301.0,1788390768.132688,1788391127.453282,1788391747.570198,i-0b5a2f80e58b1f49e
1788391960.871469,10,1,ghcr.io/talmolab/lablink-client-base-image:linux-amd64-test@sha256:1ec2fde6860186b3d45ac83890167258f83512955dbce65f072d4e8c310cb9de,0.37648844718933105,sleap-lablink-client-prod-vm-5,running,Healthy,0,1788390738.0,1788390767.0,1788390814.0,1788391012.0,1788390949.0,1788391024.0,302.0,1788390768.133418,1788391127.470972,1788391748.543962,i-011c62511afd69360
1788391960.871469,10,1,ghcr.io/talmolab/lablink-client-base-image:linux-amd64-test@sha256:1ec2fde6860186b3d45ac83890167258f83512955dbce65f072d4e8c310cb9de,0.37648844718933105,sleap-lablink-client-prod-vm-6,running,Healthy,0,1788390738.0,1788390767.0,1788390814.0,1788391011.0,1788390949.0,1788391022.0,299.0,1788390768.134149,1788391127.454231,1788391747.635328,i-0cceae5b4237000da
1788391960.871469,10,1,ghcr.io/talmolab/lablink-client-base-image:linux-amd64-test@sha256:1ec2fde6860186b3d45ac83890167258f83512955dbce65f072d4e8c310cb9de,0.37648844718933105,sleap-lablink-client-prod-vm-7,running,Healthy,0,1788390738.0,1788390767.0,1788390813.0,1788391004.0,1788390941.0,1788391016.0,295.0,1788390768.13509,1788391127.485072,1788391742.24548,i-04223bbc5c5f842c7
1788391960.871469,10,1,ghcr.io/talmolab/lablink-client-base-image:linux-amd64-test@sha256:1ec2fde6860186b3d45ac83890167258f83512955dbce65f072d4e8c310cb9de,0.37648844718933105,sleap-lablink-client-prod-vm-8,running,Healthy,0,1788390738.0,1788390767.0,1788390809.0,1788391003.0,1788390941.0,1788391017.0,299.0,1788390768.135877,1788391127.491438,1788391741.506624,i-0798ccd89f26d7cda
1788391960.871469,10,1,ghcr.io/talmolab/lablink-client-base-image:linux-amd64-test@sha256:1ec2fde6860186b3d45ac83890167258f83512955dbce65f072d4e8c310cb9de,0.37648844718933105,sleap-lablink-client-prod-vm-9,running,Healthy,0,1788390738.0,1788390767.0,1788390813.0,1788391010.0,1788390948.0,1788391021.0,299.0,1788390768.136603,1788391127.503832,1788391745.95919,i-0ae3bdc8eb0227987
1788391965.8955362,10,1,ghcr.io/talmolab/lablink-client-base-image:linux-amd64-test@sha256:1ec2fde6860186b3d45ac83890167258f83512955dbce65f072d4e8c310cb9de,0.37648844718933105,sleap-lablink-client-prod-vm-1,running,Healthy,1,1788390738.0,1788390767.0,1788390905.0,1788391113.0,1788391050.0,1788391124.0,311.0,1788390768.128852,1788391127.40029,1788391728.563357,i-0d4ebb2bfcef19f31
1788391965.8955362,10,1,ghcr.io/talmolab/lablink-client-base-image:linux-amd64-test@sha256:1ec2fde6860186b3d45ac83890167258f83512955dbce65f072d4e8c310cb9de,0.37648844718933105,sleap-lablink-client-prod-vm-10,running,Healthy,1,1788390738.0,1788390767.0,1788390902.0,1788391108.0,1788391046.0,1788391114.0,303.0,1788390768.130117,1788391127.408882,1788391749.249416,i-073b86b279423b5ed
1788391965.8955362,10,1,ghcr.io/talmolab/lablink-client-base-image:linux-amd64-test@sha256:1ec2fde6860186b3d45ac83890167258f83512955dbce65f072d4e8c310cb9de,0.37648844718933105,sleap-lablink-client-prod-vm-2,running,Healthy,0,1788390738.0,1788390767.0,1788390813.0,1788391011.0,1788390949.0,1788391016.0,294.0,1788390768.130938,1788391127.407519,1788391742.29634,i-02f122d3eea1c2ca0
1788391965.8955362,10,1,ghcr.io/talmolab/lablink-client-base-image:linux-amd64-test@sha256:1ec2fde6860186b3d45ac83890167258f83512955dbce65f072d4e8c310cb9de,0.37648844718933105,sleap-lablink-client-prod-vm-3,running,Healthy,0,1788390738.0,1788390767.0,1788390814.0,1788391004.0,1788390941.0,1788391018.0,296.0,1788390768.131762,1788391127.452474,1788391742.729919,i-04f09804c45834c8a
1788391965.8955362,10,1,ghcr.io/talmolab/lablink-client-base-image:linux-amd64-test@sha256:1ec2fde6860186b3d45ac83890167258f83512955dbce65f072d4e8c310cb9de,0.37648844718933105,sleap-lablink-client-prod-vm-4,running,Healthy,0,1788390738.0,1788390767.0,1788390813.0,1788391010.0,1788390947.0,1788391022.0,301.0,1788390768.132688,1788391127.453282,1788391747.570198,i-0b5a2f80e58b1f49e
1788391965.8955362,10,1,ghcr.io/talmolab/lablink-client-base-image:linux-amd64-test@sha256:1ec2fde6860186b3d45ac83890167258f83512955dbce65f072d4e8c310cb9de,0.37648844718933105,sleap-lablink-client-prod-vm-5,running,Healthy,0,1788390738.0,1788390767.0,1788390814.0,1788391012.0,1788390949.0,1788391024.0,302.0,1788390768.133418,1788391127.470972,1788391748.543962,i-011c62511afd69360
1788391965.8955362,10,1,ghcr.io/talmolab/lablink-client-base-image:linux-amd64-test@sha256:1ec2fde6860186b3d45ac83890167258f83512955dbce65f072d4e8c310cb9de,0.37648844718933105,sleap-lablink-client-prod-vm-6,running,Healthy,0,1788390738.0,1788390767.0,1788390814.0,1788391011.0,1788390949.0,1788391022.0,299.0,1788390768.134149,1788391127.454231,1788391747.635328,i-0cceae5b4237000da
1788391965.8955362,10,1,ghcr.io/talmolab/lablink-client-base-image:linux-amd64-test@sha256:1ec2fde6860186b3d45ac83890167258f83512955dbce65f072d4e8c310cb9de,0.37648844718933105,sleap-lablink-client-prod-vm-7,running,Healthy,0,1788390738.0,1788390767.0,1788390813.0,1788391004.0,1788390941.0,1788391016.0,295.0,1788390768.13509,1788391127.485072,1788391742.24548,i-04223bbc5c5f842c7
1788391965.8955362,10,1,ghcr.io/talmolab/lablink-client-base-image:linux-amd64-test@sha256:1ec2fde6860186b3d45ac83890167258f83512955dbce65f072d4e8c310cb9de,0.37648844718933105,sleap-lablink-client-prod-vm-8,running,Healthy,0,1788390738.0,1788390767.0,1788390809.0,1788391003.0,1788390941.0,1788391017.0,299.0,1788390768.135877,1788391127.491438,1788391741.506624,i-0798ccd89f26d7cda
1788391965.8955362,10,1,ghcr.io/talmolab/lablink-client-base-image:linux-amd64-test@sha256:1ec2fde6860186b3d45ac83890167258f83512955dbce65f072d4e8c310cb9de,0.37648844718933105,sleap-lablink-client-prod-vm-9,running,Healthy,0,1788390738.0,1788390767.0,1788390813.0,1788391010.0,1788390948.0,1788391021.0,299.0,1788390768.136603,1788391127.503832,1788391745.95919,i-0ae3bdc8eb0227987
1788391970.854202,10,1,ghcr.io/talmolab/lablink-client-base-image:linux-amd64-test@sha256:1ec2fde6860186b3d45ac83890167258f83512955dbce65f072d4e8c310cb9de,0.37648844718933105,sleap-lablink-client-prod-vm-1,running,Healthy,1,1788390738.0,1788390767.0,1788390905.0,1788391113.0,1788391050.0,1788391124.0,311.0,1788390768.128852,1788391127.40029,1788391728.563357,i-0d4ebb2bfcef19f31
1788391970.854202,10,1,ghcr.io/talmolab/lablink-client-base-image:linux-amd64-test@sha256:1ec2fde6860186b3d45ac83890167258f83512955dbce65f072d4e8c310cb9de,0.37648844718933105,sleap-lablink-client-prod-vm-10,running,Healthy,1,1788390738.0,1788390767.0,1788390902.0,1788391108.0,1788391046.0,1788391114.0,303.0,1788390768.130117,1788391127.408882,1788391749.249416,i-073b86b279423b5ed
1788391970.854202,10,1,ghcr.io/talmolab/lablink-client-base-image:linux-amd64-test@sha256:1ec2fde6860186b3d45ac83890167258f83512955dbce65f072d4e8c310cb9de,0.37648844718933105,sleap-lablink-client-prod-vm-2,running,Healthy,0,1788390738.0,1788390767.0,1788390813.0,1788391011.0,1788390949.0,1788391016.0,294.0,1788390768.130938,1788391127.407519,1788391742.29634,i-02f122d3eea1c2ca0
1788391970.854202,10,1,ghcr.io/talmolab/lablink-client-base-image:linux-amd64-test@sha256:1ec2fde6860186b3d45ac83890167258f83512955dbce65f072d4e8c310cb9de,0.37648844718933105,sleap-lablink-client-prod-vm-3,running,Healthy,0,1788390738.0,1788390767.0,1788390814.0,1788391004.0,1788390941.0,1788391018.0,296.0,1788390768.131762,1788391127.452474,1788391742.729919,i-04f09804c45834c8a
1788391970.854202,10,1,ghcr.io/talmolab/lablink-client-base-image:linux-amd64-test@sha256:1ec2fde6860186b3d45ac83890167258f83512955dbce65f072d4e8c310cb9de,0.37648844718933105,sleap-lablink-client-prod-vm-4,running,Healthy,0,1788390738.0,1788390767.0,1788390813.0,1788391010.0,1788390947.0,1788391022.0,301.0,1788390768.132688,1788391127.453282,1788391747.570198,i-0b5a2f80e58b1f49e
1788391970.854202,10,1,ghcr.io/talmolab/lablink-client-base-image:linux-amd64-test@sha256:1ec2fde6860186b3d45ac83890167258f83512955dbce65f072d4e8c310cb9de,0.37648844718933105,sleap-lablink-client-prod-vm-5,running,Healthy,0,1788390738.0,1788390767.0,1788390814.0,1788391012.0,1788390949.0,1788391024.0,302.0,1788390768.133418,1788391127.470972,1788391748.543962,i-011c62511afd69360
1788391970.854202,10,1,ghcr.io/talmolab/lablink-client-base-image:linux-amd64-test@sha256:1ec2fde6860186b3d45ac83890167258f83512955dbce65f072d4e8c310cb9de,0.37648844718933105,sleap-lablink-client-prod-vm-6,running,Healthy,0,1788390738.0,1788390767.0,1788390814.0,1788391011.0,1788390949.0,1788391022.0,299.0,1788390768.134149,1788391127.454231,1788391747.635328,i-0cceae5b4237000da
1788391970.854202,10,1,ghcr.io/talmolab/lablink-client-base-image:linux-amd64-test@sha256:1ec2fde6860186b3d45ac83890167258f83512955dbce65f072d4e8c310cb9de,0.37648844718933105,sleap-lablink-client-prod-vm-7,running,Healthy,0,1788390738.0,1788390767.0,1788390813.0,1788391004.0,1788390941.0,1788391016.0,295.0,1788390768.13509,1788391127.485072,1788391742.24548,i-04223bbc5c5f842c7
1788391970.854202,10,1,ghcr.io/talmolab/lablink-client-base-image:linux-amd64-test@sha256:1ec2fde6860186b3d45ac83890167258f83512955dbce65f072d4e8c310cb9de,0.37648844718933105,sleap-lablink-client-prod-vm-8,running,Healthy,0,1788390738.0,1788390767.0,1788390809.0,1788391003.0,1788390941.0,1788391017.0,299.0,1788390768.135877,1788391127.491438,1788391741.506624,i-0798ccd89f26d7cda
1788391970.854202,10,1,ghcr.io/talmolab/lablink-client-base-image:linux-amd64-test@sha256:1ec2fde6860186b3d45ac83890167258f83512955dbce65f072d4e8c310cb9de,0.37648844718933105,sleap-lablink-client-prod-vm-9,running,Healthy,0,1788390738.0,1788390767.0,1788390813.0,1788391010.0,1788390948.0,1788391021.0,299.0,1788390768.136603,1788391127.503832,1788391745.95919,i-0ae3bdc8eb0227987
1788391975.9200819,10,1,ghcr.io/talmolab/lablink-client-base-image:linux-amd64-test@sha256:1ec2fde6860186b3d45ac83890167258f83512955dbce65f072d4e8c310cb9de,0.37648844718933105,sleap-lablink-client-prod-vm-1,running,Healthy,1,1788390738.0,1788390767.0,1788390905.0,1788391113.0,1788391050.0,1788391124.0,311.0,1788390768.128852,1788391127.40029,1788391728.563357,i-0d4ebb2bfcef19f31
1788391975.9200819,10,1,ghcr.io/talmolab/lablink-client-base-image:linux-amd64-test@sha256:1ec2fde6860186b3d45ac83890167258f83512955dbce65f072d4e8c310cb9de,0.37648844718933105,sleap-lablink-client-prod-vm-10,running,Healthy,1,1788390738.0,1788390767.0,1788390902.0,1788391108.0,1788391046.0,1788391114.0,303.0,1788390768.130117,1788391127.408882,1788391749.249416,i-073b86b279423b5ed
1788391975.9200819,10,1,ghcr.io/talmolab/lablink-client-base-image:linux-amd64-test@sha256:1ec2fde6860186b3d45ac83890167258f83512955dbce65f072d4e8c310cb9de,0.37648844718933105,sleap-lablink-client-prod-vm-2,running,Healthy,0,1788390738.0,1788390767.0,1788390813.0,1788391011.0,1788390949.0,1788391016.0,294.0,1788390768.130938,1788391127.407519,1788391742.29634,i-02f122d3eea1c2ca0
1788391975.9200819,10,1,ghcr.io/talmolab/lablink-client-base-image:linux-amd64-test@sha256:1ec2fde6860186b3d45ac83890167258f83512955dbce65f072d4e8c310cb9de,0.37648844718933105,sleap-lablink-client-prod-vm-3,running,Healthy,0,1788390738.0,1788390767.0,1788390814.0,1788391004.0,1788390941.0,1788391018.0,296.0,1788390768.131762,1788391127.452474,1788391742.729919,i-04f09804c45834c8a
1788391975.9200819,10,1,ghcr.io/talmolab/lablink-client-base-image:linux-amd64-test@sha256:1ec2fde6860186b3d45ac83890167258f83512955dbce65f072d4e8c310cb9de,0.37648844718933105,sleap-lablink-client-prod-vm-4,running,Healthy,0,1788390738.0,1788390767.0,1788390813.0,1788391010.0,1788390947.0,1788391022.0,301.0,1788390768.132688,1788391127.453282,1788391747.570198,i-0b5a2f80e58b1f49e
1788391975.9200819,10,1,ghcr.io/talmolab/lablink-client-base-image:linux-amd64-test@sha256:1ec2fde6860186b3d45ac83890167258f83512955dbce65f072d4e8c310cb9de,0.37648844718933105,sleap-lablink-client-prod-vm-5,running,Healthy,0,1788390738.0,1788390767.0,1788390814.0,1788391012.0,1788390949.0,1788391024.0,302.0,1788390768.133418,1788391127.470972,1788391748.543962,i-011c62511afd69360
1788391975.9200819,10,1,ghcr.io/talmolab/lablink-client-base-image:linux-amd64-test@sha256:1ec2fde6860186b3d45ac83890167258f83512955dbce65f072d4e8c310cb9de,0.37648844718933105,sleap-lablink-client-prod-vm-6,running,Healthy,0,1788390738.0,1788390767.0,1788390814.0,1788391011.0,1788390949.0,1788391022.0,299.0,1788390768.134149,1788391127.454231,1788391747.635328,i-0cceae5b4237000da
1788391975.9200819,10,1,ghcr.io/talmolab/lablink-client-base-image:linux-amd64-test@sha256:1ec2fde6860186b3d45ac83890167258f83512955dbce65f072d4e8c310cb9de,0.37648844718933105,sleap-lablink-client-prod-vm-7,running,Healthy,0,1788390738.0,1788390767.0,1788390813.0,1788391004.0,1788390941.0,1788391016.0,295.0,1788390768.13509,1788391127.485072,1788391742.24548,i-04223bbc5c5f842c7
1788391975.9200819,10,1,ghcr.io/talmolab/lablink-client-base-image:linux-amd64-test@sha256:1ec2fde6860186b3d45ac83890167258f83512955dbce65f072d4e8c310cb9de,0.37648844718933105,sleap-lablink-client-prod-vm-8,running,Healthy,0,1788390738.0,1788390767.0,1788390809.0,1788391003.0,1788390941.0,1788391017.0,299.0,1788390768.135877,1788391127.491438,1788391741.506624,i-0798ccd89f26d7cda
1788391975.9200819,10,1,ghcr.io/talmolab/lablink-client-base-image:linux-amd64-test@sha256:1ec2fde6860186b3d45ac83890167258f83512955dbce65f072d4e8c310cb9de,0.37648844718933105,sleap-lablink-client-prod-vm-9,running,Healthy,0,1788390738.0,1788390767.0,1788390813.0,1788391010.0,1788390948.0,1788391021.0,299.0,1788390768.136603,1788391127.503832,1788391745.95919,i-0ae3bdc8eb0227987
1788391980.8224242,10,1,ghcr.io/talmolab/lablink-client-base-image:linux-amd64-test@sha256:1ec2fde6860186b3d45ac83890167258f83512955dbce65f072d4e8c310cb9de,0.37648844718933105,sleap-lablink-client-prod-vm-1,running,Healthy,1,1788390738.0,1788390767.0,1788390905.0,1788391113.0,1788391050.0,1788391124.0,311.0,1788390768.128852,1788391127.40029,1788391728.563357,i-0d4ebb2bfcef19f31
1788391980.8224242,10,1,ghcr.io/talmolab/lablink-client-base-image:linux-amd64-test@sha256:1ec2fde6860186b3d45ac83890167258f83512955dbce65f072d4e8c310cb9de,0.37648844718933105,sleap-lablink-client-prod-vm-10,running,Healthy,1,1788390738.0,1788390767.0,1788390902.0,1788391108.0,1788391046.0,1788391114.0,303.0,1788390768.130117,1788391127.408882,1788391749.249416,i-073b86b279423b5ed
1788391980.8224242,10,1,ghcr.io/talmolab/lablink-client-base-image:linux-amd64-test@sha256:1ec2fde6860186b3d45ac83890167258f83512955dbce65f072d4e8c310cb9de,0.37648844718933105,sleap-lablink-client-prod-vm-2,running,Healthy,0,1788390738.0,1788390767.0,1788390813.0,1788391011.0,1788390949.0,1788391016.0,294.0,1788390768.130938,1788391127.407519,1788391742.29634,i-02f122d3eea1c2ca0
1788391980.8224242,10,1,ghcr.io/talmolab/lablink-client-base-image:linux-amd64-test@sha256:1ec2fde6860186b3d45ac83890167258f83512955dbce65f072d4e8c310cb9de,0.37648844718933105,sleap-lablink-client-prod-vm-3,running,Healthy,0,1788390738.0,1788390767.0,1788390814.0,1788391004.0,1788390941.0,1788391018.0,296.0,1788390768.131762,1788391127.452474,1788391742.729919,i-04f09804c45834c8a
1788391980.8224242,10,1,ghcr.io/talmolab/lablink-client-base-image:linux-amd64-test@sha256:1ec2fde6860186b3d45ac83890167258f83512955dbce65f072d4e8c310cb9de,0.37648844718933105,sleap-lablink-client-prod-vm-4,running,Healthy,0,1788390738.0,1788390767.0,1788390813.0,1788391010.0,1788390947.0,1788391022.0,301.0,1788390768.132688,1788391127.453282,1788391747.570198,i-0b5a2f80e58b1f49e
1788391980.8224242,10,1,ghcr.io/talmolab/lablink-client-base-image:linux-amd64-test@sha256:1ec2fde6860186b3d45ac83890167258f83512955dbce65f072d4e8c310cb9de,0.37648844718933105,sleap-lablink-client-prod-vm-5,running,Healthy,0,1788390738.0,1788390767.0,1788390814.0,1788391012.0,1788390949.0,1788391024.0,302.0,1788390768.133418,1788391127.470972,1788391748.543962,i-011c62511afd69360
1788391980.8224242,10,1,ghcr.io/talmolab/lablink-client-base-image:linux-amd64-test@sha256:1ec2fde6860186b3d45ac83890167258f83512955dbce65f072d4e8c310cb9de,0.37648844718933105,sleap-lablink-client-prod-vm-6,running,Healthy,0,1788390738.0,1788390767.0,1788390814.0,1788391011.0,1788390949.0,1788391022.0,299.0,1788390768.134149,1788391127.454231,1788391747.635328,i-0cceae5b4237000da
1788391980.8224242,10,1,ghcr.io/talmolab/lablink-client-base-image:linux-amd64-test@sha256:1ec2fde6860186b3d45ac83890167258f83512955dbce65f072d4e8c310cb9de,0.37648844718933105,sleap-lablink-client-prod-vm-7,running,Healthy,0,1788390738.0,1788390767.0,1788390813.0,1788391004.0,1788390941.0,1788391016.0,295.0,1788390768.13509,1788391127.485072,1788391742.24548,i-04223bbc5c5f842c7
1788391980.8224242,10,1,ghcr.io/talmolab/lablink-client-base-image:linux-amd64-test@sha256:1ec2fde6860186b3d45ac83890167258f83512955dbce65f072d4e8c310cb9de,0.37648844718933105,sleap-lablink-client-prod-vm-8,running,Healthy,0,1788390738.0,1788390767.0,1788390809.0,1788391003.0,1788390941.0,1788391017.0,299.0,1788390768.135877,1788391127.491438,1788391741.506624,i-0798ccd89f26d7cda
1788391980.8224242,10,1,ghcr.io/talmolab/lablink-client-base-image:linux-amd64-test@sha256:1ec2fde6860186b3d45ac83890167258f83512955dbce65f072d4e8c310cb9de,0.37648844718933105,sleap-lablink-client-prod-vm-9,running,Healthy,0,1788390738.0,1788390767.0,1788390813.0,1788391010.0,1788390948.0,1788391021.0,299.0,1788390768.136603,1788391127.503832,1788391745.95919,i-0ae3bdc8eb0227987
1788391985.862379,10,1,ghcr.io/talmolab/lablink-client-base-image:linux-amd64-test@sha256:1ec2fde6860186b3d45ac83890167258f83512955dbce65f072d4e8c310cb9de,0.37648844718933105,sleap-lablink-client-prod-vm-1,running,Healthy,1,1788390738.0,1788390767.0,1788390905.0,1788391113.0,1788391050.0,1788391124.0,311.0,1788390768.128852,1788391127.40029,1788391728.563357,i-0d4ebb2bfcef19f31
1788391985.862379,10,1,ghcr.io/talmolab/lablink-client-base-image:linux-amd64-test@sha256:1ec2fde6860186b3d45ac83890167258f83512955dbce65f072d4e8c310cb9de,0.37648844718933105,sleap-lablink-client-prod-vm-10,running,Healthy,1,1788390738.0,1788390767.0,1788390902.0,1788391108.0,1788391046.0,1788391114.0,303.0,1788390768.130117,1788391127.408882,1788391749.249416,i-073b86b279423b5ed
1788391985.862379,10,1,ghcr.io/talmolab/lablink-client-base-image:linux-amd64-test@sha256:1ec2fde6860186b3d45ac83890167258f83512955dbce65f072d4e8c310cb9de,0.37648844718933105,sleap-lablink-client-prod-vm-2,running,Healthy,0,1788390738.0,1788390767.0,1788390813.0,1788391011.0,1788390949.0,1788391016.0,294.0,1788390768.130938,1788391127.407519,1788391742.29634,i-02f122d3eea1c2ca0
1788391985.862379,10,1,ghcr.io/talmolab/lablink-client-base-image:linux-amd64-test@sha256:1ec2fde6860186b3d45ac83890167258f83512955dbce65f072d4e8c310cb9de,0.37648844718933105,sleap-lablink-client-prod-vm-3,running,Healthy,0,1788390738.0,1788390767.0,1788390814.0,1788391004.0,1788390941.0,1788391018.0,296.0,1788390768.131762,1788391127.452474,1788391742.729919,i-04f09804c45834c8a
1788391985.862379,10,1,ghcr.io/talmolab/lablink-client-base-image:linux-amd64-test@sha256:1ec2fde6860186b3d45ac83890167258f83512955dbce65f072d4e8c310cb9de,0.37648844718933105,sleap-lablink-client-prod-vm-4,running,Healthy,0,1788390738.0,1788390767.0,1788390813.0,1788391010.0,1788390947.0,1788391022.0,301.0,1788390768.132688,1788391127.453282,1788391747.570198,i-0b5a2f80e58b1f49e
1788391985.862379,10,1,ghcr.io/talmolab/lablink-client-base-image:linux-amd64-test@sha256:1ec2fde6860186b3d45ac83890167258f83512955dbce65f072d4e8c310cb9de,0.37648844718933105,sleap-lablink-client-prod-vm-5,running,Healthy,0,1788390738.0,1788390767.0,1788390814.0,1788391012.0,1788390949.0,1788391024.0,302.0,1788390768.133418,1788391127.470972,1788391748.543962,i-011c62511afd69360
1788391985.862379,10,1,ghcr.io/talmolab/lablink-client-base-image:linux-amd64-test@sha256:1ec2fde6860186b3d45ac83890167258f83512955dbce65f072d4e8c310cb9de,0.37648844718933105,sleap-lablink-client-prod-vm-6,running,Healthy,0,1788390738.0,1788390767.0,1788390814.0,1788391011.0,1788390949.0,1788391022.0,299.0,1788390768.134149,1788391127.454231,1788391747.635328,i-0cceae5b4237000da
1788391985.862379,10,1,ghcr.io/talmolab/lablink-client-base-image:linux-amd64-test@sha256:1ec2fde6860186b3d45ac83890167258f83512955dbce65f072d4e8c310cb9de,0.37648844718933105,sleap-lablink-client-prod-vm-7,running,Healthy,0,1788390738.0,1788390767.0,1788390813.0,1788391004.0,1788390941.0,1788391016.0,295.0,1788390768.13509,1788391127.485072,1788391742.24548,i-04223bbc5c5f842c7
1788391985.862379,10,1,ghcr.io/talmolab/lablink-client-base-image:linux-amd64-test@sha256:1ec2fde6860186b3d45ac83890167258f83512955dbce65f072d4e8c310cb9de,0.37648844718933105,sleap-lablink-client-prod-vm-8,running,Healthy,0,1788390738.0,1788390767.0,1788390809.0,1788391003.0,1788390941.0,1788391017.0,299.0,1788390768.135877,1788391127.491438,1788391741.506624,i-0798ccd89f26d7cda
1788391985.862379,10,1,ghcr.io/talmolab/lablink-client-base-image:linux-amd64-test@sha256:1ec2fde6860186b3d45ac83890167258f83512955dbce65f072d4e8c310cb9de,0.37648844718933105,sleap-lablink-client-prod-vm-9,running,Healthy,0,1788390738.0,1788390767.0,1788390813.0,1788391010.0,1788390948.0,1788391021.0,299.0,1788390768.136603,1788391127.503832,1788391745.95919,i-0ae3bdc8eb0227987
1788391990.882536,10,1,ghcr.io/talmolab/lablink-client-base-image:linux-amd64-test@sha256:1ec2fde6860186b3d45ac83890167258f83512955dbce65f072d4e8c310cb9de,0.37648844718933105,sleap-lablink-client-prod-vm-1,running,Healthy,1,1788390738.0,1788390767.0,1788390905.0,1788391113.0,1788391050.0,1788391124.0,311.0,1788390768.128852,1788391127.40029,1788391728.563357,i-0d4ebb2bfcef19f31
1788391990.882536,10,1,ghcr.io/talmolab/lablink-client-base-image:linux-amd64-test@sha256:1ec2fde6860186b3d45ac83890167258f83512955dbce65f072d4e8c310cb9de,0.37648844718933105,sleap-lablink-client-prod-vm-10,running,Healthy,1,1788390738.0,1788390767.0,1788390902.0,1788391108.0,1788391046.0,1788391114.0,303.0,1788390768.130117,1788391127.408882,1788391749.249416,i-073b86b279423b5ed
1788391990.882536,10,1,ghcr.io/talmolab/lablink-client-base-image:linux-amd64-test@sha256:1ec2fde6860186b3d45ac83890167258f83512955dbce65f072d4e8c310cb9de,0.37648844718933105,sleap-lablink-client-prod-vm-2,running,Healthy,0,1788390738.0,1788390767.0,1788390813.0,1788391011.0,1788390949.0,1788391016.0,294.0,1788390768.130938,1788391127.407519,1788391742.29634,i-02f122d3eea1c2ca0
1788391990.882536,10,1,ghcr.io/talmolab/lablink-client-base-image:linux-amd64-test@sha256:1ec2fde6860186b3d45ac83890167258f83512955dbce65f072d4e8c310cb9de,0.37648844718933105,sleap-lablink-client-prod-vm-3,running,Healthy,0,1788390738.0,1788390767.0,1788390814.0,1788391004.0,1788390941.0,1788391018.0,296.0,1788390768.131762,1788391127.452474,1788391742.729919,i-04f09804c45834c8a
1788391990.882536,10,1,ghcr.io/talmolab/lablink-client-base-image:linux-amd64-test@sha256:1ec2fde6860186b3d45ac83890167258f83512955dbce65f072d4e8c310cb9de,0.37648844718933105,sleap-lablink-client-prod-vm-4,running,Healthy,0,1788390738.0,1788390767.0,1788390813.0,1788391010.0,1788390947.0,1788391022.0,301.0,1788390768.132688,1788391127.453282,1788391747.570198,i-0b5a2f80e58b1f49e
1788391990.882536,10,1,ghcr.io/talmolab/lablink-client-base-image:linux-amd64-test@sha256:1ec2fde6860186b3d45ac83890167258f83512955dbce65f072d4e8c310cb9de,0.37648844718933105,sleap-lablink-client-prod-vm-5,running,Healthy,0,1788390738.0,1788390767.0,1788390814.0,1788391012.0,1788390949.0,1788391024.0,302.0,1788390768.133418,1788391127.470972,1788391748.543962,i-011c62511afd69360
1788391990.882536,10,1,ghcr.io/talmolab/lablink-client-base-image:linux-amd64-test@sha256:1ec2fde6860186b3d45ac83890167258f83512955dbce65f072d4e8c310cb9de,0.37648844718933105,sleap-lablink-client-prod-vm-6,running,Healthy,0,1788390738.0,1788390767.0,1788390814.0,1788391011.0,1788390949.0,1788391022.0,299.0,1788390768.134149,1788391127.454231,1788391747.635328,i-0cceae5b4237000da
1788391990.882536,10,1,ghcr.io/talmolab/lablink-client-base-image:linux-amd64-test@sha256:1ec2fde6860186b3d45ac83890167258f83512955dbce65f072d4e8c310cb9de,0.37648844718933105,sleap-lablink-client-prod-vm-7,running,Healthy,0,1788390738.0,1788390767.0,1788390813.0,1788391004.0,1788390941.0,1788391016.0,295.0,1788390768.13509,1788391127.485072,1788391742.24548,i-04223bbc5c5f842c7
1788391990.882536,10,1,ghcr.io/talmolab/lablink-client-base-image:linux-amd64-test@sha256:1ec2fde6860186b3d45ac83890167258f83512955dbce65f072d4e8c310cb9de,0.37648844718933105,sleap-lablink-client-prod-vm-8,running,Healthy,0,1788390738.0,1788390767.0,1788390809.0,1788391003.0,1788390941.0,1788391017.0,299.0,1788390768.135877,1788391127.491438,1788391741.506624,i-0798ccd89f26d7cda
1788391990.882536,10,1,ghcr.io/talmolab/lablink-client-base-image:linux-amd64-test@sha256:1ec2fde6860186b3d45ac83890167258f83512955dbce65f072d4e8c310cb9de,0.37648844718933105,sleap-lablink-client-prod-vm-9,running,Healthy,0,1788390738.0,1788390767.0,1788390813.0,1788391010.0,1788390948.0,1788391021.0,299.0,1788390768.136603,1788391127.503832,1788391745.95919,i-0ae3bdc8eb0227987
1788391995.8680289,10,1,ghcr.io/talmolab/lablink-client-base-image:linux-amd64-test@sha256:1ec2fde6860186b3d45ac83890167258f83512955dbce65f072d4e8c310cb9de,0.37648844718933105,sleap-lablink-client-prod-vm-1,running,Healthy,1,1788390738.0,1788390767.0,1788390905.0,1788391113.0,1788391050.0,1788391124.0,311.0,1788390768.128852,1788391127.40029,1788391728.563357,i-0d4ebb2bfcef19f31
1788391995.8680289,10,1,ghcr.io/talmolab/lablink-client-base-image:linux-amd64-test@sha256:1ec2fde6860186b3d45ac83890167258f83512955dbce65f072d4e8c310cb9de,0.37648844718933105,sleap-lablink-client-prod-vm-10,running,Healthy,1,1788390738.0,1788390767.0,1788390902.0,1788391108.0,1788391046.0,1788391114.0,303.0,1788390768.130117,1788391127.408882,1788391749.249416,i-073b86b279423b5ed
1788391995.8680289,10,1,ghcr.io/talmolab/lablink-client-base-image:linux-amd64-test@sha256:1ec2fde6860186b3d45ac83890167258f83512955dbce65f072d4e8c310cb9de,0.37648844718933105,sleap-lablink-client-prod-vm-2,running,Healthy,0,1788390738.0,1788390767.0,1788390813.0,1788391011.0,1788390949.0,1788391016.0,294.0,1788390768.130938,1788391127.407519,1788391742.29634,i-02f122d3eea1c2ca0
1788391995.8680289,10,1,ghcr.io/talmolab/lablink-client-base-image:linux-amd64-test@sha256:1ec2fde6860186b3d45ac83890167258f83512955dbce65f072d4e8c310cb9de,0.37648844718933105,sleap-lablink-client-prod-vm-3,running,Healthy,0,1788390738.0,1788390767.0,1788390814.0,1788391004.0,1788390941.0,1788391018.0,296.0,1788390768.131762,1788391127.452474,1788391742.729919,i-04f09804c45834c8a
1788391995.8680289,10,1,ghcr.io/talmolab/lablink-client-base-image:linux-amd64-test@sha256:1ec2fde6860186b3d45ac83890167258f83512955dbce65f072d4e8c310cb9de,0.37648844718933105,sleap-lablink-client-prod-vm-4,running,Healthy,0,1788390738.0,1788390767.0,1788390813.0,1788391010.0,1788390947.0,1788391022.0,301.0,1788390768.132688,1788391127.453282,1788391747.570198,i-0b5a2f80e58b1f49e
1788391995.8680289,10,1,ghcr.io/talmolab/lablink-client-base-image:linux-amd64-test@sha256:1ec2fde6860186b3d45ac83890167258f83512955dbce65f072d4e8c310cb9de,0.37648844718933105,sleap-lablink-client-prod-vm-5,running,Healthy,0,1788390738.0,1788390767.0,1788390814.0,1788391012.0,1788390949.0,1788391024.0,302.0,1788390768.133418,1788391127.470972,1788391748.543962,i-011c62511afd69360
1788391995.8680289,10,1,ghcr.io/talmolab/lablink-client-base-image:linux-amd64-test@sha256:1ec2fde6860186b3d45ac83890167258f83512955dbce65f072d4e8c310cb9de,0.37648844718933105,sleap-lablink-client-prod-vm-6,running,Healthy,0,1788390738.0,1788390767.0,1788390814.0,1788391011.0,1788390949.0,1788391022.0,299.0,1788390768.134149,1788391127.454231,1788391747.635328,i-0cceae5b4237000da
1788391995.8680289,10,1,ghcr.io/talmolab/lablink-client-base-image:linux-amd64-test@sha256:1ec2fde6860186b3d45ac83890167258f83512955dbce65f072d4e8c310cb9de,0.37648844718933105,sleap-lablink-client-prod-vm-7,running,Healthy,0,1788390738.0,1788390767.0,1788390813.0,1788391004.0,1788390941.0,1788391016.0,295.0,1788390768.13509,1788391127.485072,1788391742.24548,i-04223bbc5c5f842c7
1788391995.8680289,10,1,ghcr.io/talmolab/lablink-client-base-image:linux-amd64-test@sha256:1ec2fde6860186b3d45ac83890167258f83512955dbce65f072d4e8c310cb9de,0.37648844718933105,sleap-lablink-client-prod-vm-8,running,Healthy,0,1788390738.0,1788390767.0,1788390809.0,1788391003.0,1788390941.0,1788391017.0,299.0,1788390768.135877,1788391127.491438,1788391741.506624,i-0798ccd89f26d7cda
1788391995.8680289,10,1,ghcr.io/talmolab/lablink-client-base-image:linux-amd64-test@sha256:1ec2fde6860186b3d45ac83890167258f83512955dbce65f072d4e8c310cb9de,0.37648844718933105,sleap-lablink-client-prod-vm-9,running,Healthy,0,1788390738.0,1788390767.0,1788390813.0,1788391010.0,1788390948.0,1788391021.0,299.0,1788390768.136603,1788391127.503832,1788391745.95919,i-0ae3bdc8eb0227987
1788392001.020656,10,1,ghcr.io/talmolab/lablink-client-base-image:linux-amd64-test@sha256:1ec2fde6860186b3d45ac83890167258f83512955dbce65f072d4e8c310cb9de,0.37648844718933105,sleap-lablink-client-prod-vm-1,running,Healthy,1,1788390738.0,1788390767.0,1788390905.0,1788391113.0,1788391050.0,1788391124.0,311.0,1788390768.128852,1788391127.40029,1788391728.563357,i-0d4ebb2bfcef19f31
1788392001.020656,10,1,ghcr.io/talmolab/lablink-client-base-image:linux-amd64-test@sha256:1ec2fde6860186b3d45ac83890167258f83512955dbce65f072d4e8c310cb9de,0.37648844718933105,sleap-lablink-client-prod-vm-10,running,Healthy,1,1788390738.0,1788390767.0,1788390902.0,1788391108.0,1788391046.0,1788391114.0,303.0,1788390768.130117,1788391127.408882,1788391749.249416,i-073b86b279423b5ed
1788392001.020656,10,1,ghcr.io/talmolab/lablink-client-base-image:linux-amd64-test@sha256:1ec2fde6860186b3d45ac83890167258f83512955dbce65f072d4e8c310cb9de,0.37648844718933105,sleap-lablink-client-prod-vm-2,running,Healthy,0,1788390738.0,1788390767.0,1788390813.0,1788391011.0,1788390949.0,1788391016.0,294.0,1788390768.130938,1788391127.407519,1788391742.29634,i-02f122d3eea1c2ca0
1788392001.020656,10,1,ghcr.io/talmolab/lablink-client-base-image:linux-amd64-test@sha256:1ec2fde6860186b3d45ac83890167258f83512955dbce65f072d4e8c310cb9de,0.37648844718933105,sleap-lablink-client-prod-vm-3,running,Healthy,0,1788390738.0,1788390767.0,1788390814.0,1788391004.0,1788390941.0,1788391018.0,296.0,1788390768.131762,1788391127.452474,1788391742.729919,i-04f09804c45834c8a
1788392001.020656,10,1,ghcr.io/talmolab/lablink-client-base-image:linux-amd64-test@sha256:1ec2fde6860186b3d45ac83890167258f83512955dbce65f072d4e8c310cb9de,0.37648844718933105,sleap-lablink-client-prod-vm-4,running,Healthy,0,1788390738.0,1788390767.0,1788390813.0,1788391010.0,1788390947.0,1788391022.0,301.0,1788390768.132688,1788391127.453282,1788391747.570198,i-0b5a2f80e58b1f49e
1788392001.020656,10,1,ghcr.io/talmolab/lablink-client-base-image:linux-amd64-test@sha256:1ec2fde6860186b3d45ac83890167258f83512955dbce65f072d4e8c310cb9de,0.37648844718933105,sleap-lablink-client-prod-vm-5,running,Healthy,0,1788390738.0,1788390767.0,1788390814.0,1788391012.0,1788390949.0,1788391024.0,302.0,1788390768.133418,1788391127.470972,1788391748.543962,i-011c62511afd69360
1788392001.020656,10,1,ghcr.io/talmolab/lablink-client-base-image:linux-amd64-test@sha256:1ec2fde6860186b3d45ac83890167258f83512955dbce65f072d4e8c310cb9de,0.37648844718933105,sleap-lablink-client-prod-vm-6,running,Healthy,0,1788390738.0,1788390767.0,1788390814.0,1788391011.0,1788390949.0,1788391022.0,299.0,1788390768.134149,1788391127.454231,1788391747.635328,i-0cceae5b4237000da
1788392001.020656,10,1,ghcr.io/talmolab/lablink-client-base-image:linux-amd64-test@sha256:1ec2fde6860186b3d45ac83890167258f83512955dbce65f072d4e8c310cb9de,0.37648844718933105,sleap-lablink-client-prod-vm-7,running,Healthy,0,1788390738.0,1788390767.0,1788390813.0,1788391004.0,1788390941.0,1788391016.0,295.0,1788390768.13509,1788391127.485072,1788391742.24548,i-04223bbc5c5f842c7
1788392001.020656,10,1,ghcr.io/talmolab/lablink-client-base-image:linux-amd64-test@sha256:1ec2fde6860186b3d45ac83890167258f83512955dbce65f072d4e8c310cb9de,0.37648844718933105,sleap-lablink-client-prod-vm-8,running,Healthy,0,1788390738.0,1788390767.0,1788390809.0,1788391003.0,1788390941.0,1788391017.0,299.0,1788390768.135877,1788391127.491438,1788391741.506624,i-0798ccd89f26d7cda
1788392001.020656,10,1,ghcr.io/talmolab/lablink-client-base-image:linux-amd64-test@sha256:1ec2fde6860186b3d45ac83890167258f83512955dbce65f072d4e8c310cb9de,0.37648844718933105,sleap-lablink-client-prod-vm-9,running,Healthy,0,1788390738.0,1788390767.0,1788390813.0,1788391010.0,1788390948.0,1788391021.0,299.0,1788390768.136603,1788391127.503832,1788391745.95919,i-0ae3bdc8eb0227987
1788392005.997101,10,1,ghcr.io/talmolab/lablink-client-base-image:linux-amd64-test@sha256:1ec2fde6860186b3d45ac83890167258f83512955dbce65f072d4e8c310cb9de,0.37648844718933105,sleap-lablink-client-prod-vm-1,running,Healthy,1,1788390738.0,1788390767.0,1788390905.0,1788391113.0,1788391050.0,1788391124.0,311.0,1788390768.128852,1788391127.40029,1788391728.563357,i-0d4ebb2bfcef19f31
1788392005.997101,10,1,ghcr.io/talmolab/lablink-client-base-image:linux-amd64-test@sha256:1ec2fde6860186b3d45ac83890167258f83512955dbce65f072d4e8c310cb9de,0.37648844718933105,sleap-lablink-client-prod-vm-10,running,Healthy,1,1788390738.0,1788390767.0,1788390902.0,1788391108.0,1788391046.0,1788391114.0,303.0,1788390768.130117,1788391127.408882,1788391749.249416,i-073b86b279423b5ed
1788392005.997101,10,1,ghcr.io/talmolab/lablink-client-base-image:linux-amd64-test@sha256:1ec2fde6860186b3d45ac83890167258f83512955dbce65f072d4e8c310cb9de,0.37648844718933105,sleap-lablink-client-prod-vm-2,running,Healthy,0,1788390738.0,1788390767.0,1788390813.0,1788391011.0,1788390949.0,1788391016.0,294.0,1788390768.130938,1788391127.407519,1788391742.29634,i-02f122d3eea1c2ca0
1788392005.997101,10,1,ghcr.io/talmolab/lablink-client-base-image:linux-amd64-test@sha256:1ec2fde6860186b3d45ac83890167258f83512955dbce65f072d4e8c310cb9de,0.37648844718933105,sleap-lablink-client-prod-vm-3,running,Healthy,0,1788390738.0,1788390767.0,1788390814.0,1788391004.0,1788390941.0,1788391018.0,296.0,1788390768.131762,1788391127.452474,1788391742.729919,i-04f09804c45834c8a
1788392005.997101,10,1,ghcr.io/talmolab/lablink-client-base-image:linux-amd64-test@sha256:1ec2fde6860186b3d45ac83890167258f83512955dbce65f072d4e8c310cb9de,0.37648844718933105,sleap-lablink-client-prod-vm-4,running,Healthy,0,1788390738.0,1788390767.0,1788390813.0,1788391010.0,1788390947.0,1788391022.0,301.0,1788390768.132688,1788391127.453282,1788391747.570198,i-0b5a2f80e58b1f49e
1788392005.997101,10,1,ghcr.io/talmolab/lablink-client-base-image:linux-amd64-test@sha256:1ec2fde6860186b3d45ac83890167258f83512955dbce65f072d4e8c310cb9de,0.37648844718933105,sleap-lablink-client-prod-vm-5,running,Healthy,0,1788390738.0,1788390767.0,1788390814.0,1788391012.0,1788390949.0,1788391024.0,302.0,1788390768.133418,1788391127.470972,1788391748.543962,i-011c62511afd69360
1788392005.997101,10,1,ghcr.io/talmolab/lablink-client-base-image:linux-amd64-test@sha256:1ec2fde6860186b3d45ac83890167258f83512955dbce65f072d4e8c310cb9de,0.37648844718933105,sleap-lablink-client-prod-vm-6,running,Healthy,0,1788390738.0,1788390767.0,1788390814.0,1788391011.0,1788390949.0,1788391022.0,299.0,1788390768.134149,1788391127.454231,1788391747.635328,i-0cceae5b4237000da
1788392005.997101,10,1,ghcr.io/talmolab/lablink-client-base-image:linux-amd64-test@sha256:1ec2fde6860186b3d45ac83890167258f83512955dbce65f072d4e8c310cb9de,0.37648844718933105,sleap-lablink-client-prod-vm-7,running,Healthy,0,1788390738.0,1788390767.0,1788390813.0,1788391004.0,1788390941.0,1788391016.0,295.0,1788390768.13509,1788391127.485072,1788391742.24548,i-04223bbc5c5f842c7
1788392005.997101,10,1,ghcr.io/talmolab/lablink-client-base-image:linux-amd64-test@sha256:1ec2fde6860186b3d45ac83890167258f83512955dbce65f072d4e8c310cb9de,0.37648844718933105,sleap-lablink-client-prod-vm-8,running,Healthy,0,1788390738.0,1788390767.0,1788390809.0,1788391003.0,1788390941.0,1788391017.0,299.0,1788390768.135877,1788391127.491438,1788391741.506624,i-0798ccd89f26d7cda
1788392005.997101,10,1,ghcr.io/talmolab/lablink-client-base-image:linux-amd64-test@sha256:1ec2fde6860186b3d45ac83890167258f83512955dbce65f072d4e8c310cb9de,0.37648844718933105,sleap-lablink-client-prod-vm-9,running,Healthy,0,1788390738.0,1788390767.0,1788390813.0,1788391010.0,1788390948.0,1788391021.0,299.0,1788390768.136603,1788391127.503832,1788391745.95919,i-0ae3bdc8eb0227987
1788392010.8686872,10,1,ghcr.io/talmolab/lablink-client-base-image:linux-amd64-test@sha256:1ec2fde6860186b3d45ac83890167258f83512955dbce65f072d4e8c310cb9de,0.37648844718933105,sleap-lablink-client-prod-vm-1,running,Healthy,1,1788390738.0,1788390767.0,1788390905.0,1788391113.0,1788391050.0,1788391124.0,311.0,1788390768.128852,1788391127.40029,1788391728.563357,i-0d4ebb2bfcef19f31
1788392010.8686872,10,1,ghcr.io/talmolab/lablink-client-base-image:linux-amd64-test@sha256:1ec2fde6860186b3d45ac83890167258f83512955dbce65f072d4e8c310cb9de,0.37648844718933105,sleap-lablink-client-prod-vm-10,running,Healthy,1,1788390738.0,1788390767.0,1788390902.0,1788391108.0,1788391046.0,1788391114.0,303.0,1788390768.130117,1788391127.408882,1788391749.249416,i-073b86b279423b5ed
1788392010.8686872,10,1,ghcr.io/talmolab/lablink-client-base-image:linux-amd64-test@sha256:1ec2fde6860186b3d45ac83890167258f83512955dbce65f072d4e8c310cb9de,0.37648844718933105,sleap-lablink-client-prod-vm-2,running,Healthy,0,1788390738.0,1788390767.0,1788390813.0,1788391011.0,1788390949.0,1788391016.0,294.0,1788390768.130938,1788391127.407519,1788391742.29634,i-02f122d3eea1c2ca0
1788392010.8686872,10,1,ghcr.io/talmolab/lablink-client-base-image:linux-amd64-test@sha256:1ec2fde6860186b3d45ac83890167258f83512955dbce65f072d4e8c310cb9de,0.37648844718933105,sleap-lablink-client-prod-vm-3,running,Healthy,0,1788390738.0,1788390767.0,1788390814.0,1788391004.0,1788390941.0,1788391018.0,296.0,1788390768.131762,1788391127.452474,1788391742.729919,i-04f09804c45834c8a
1788392010.8686872,10,1,ghcr.io/talmolab/lablink-client-base-image:linux-amd64-test@sha256:1ec2fde6860186b3d45ac83890167258f83512955dbce65f072d4e8c310cb9de,0.37648844718933105,sleap-lablink-client-prod-vm-4,running,Healthy,0,1788390738.0,1788390767.0,1788390813.0,1788391010.0,1788390947.0,1788391022.0,301.0,1788390768.132688,1788391127.453282,1788391747.570198,i-0b5a2f80e58b1f49e
1788392010.8686872,10,1,ghcr.io/talmolab/lablink-client-base-image:linux-amd64-test@sha256:1ec2fde6860186b3d45ac83890167258f83512955dbce65f072d4e8c310cb9de,0.37648844718933105,sleap-lablink-client-prod-vm-5,running,Healthy,0,1788390738.0,1788390767.0,1788390814.0,1788391012.0,1788390949.0,1788391024.0,302.0,1788390768.133418,1788391127.470972,1788391748.543962,i-011c62511afd69360
1788392010.8686872,10,1,ghcr.io/talmolab/lablink-client-base-image:linux-amd64-test@sha256:1ec2fde6860186b3d45ac83890167258f83512955dbce65f072d4e8c310cb9de,0.37648844718933105,sleap-lablink-client-prod-vm-6,running,Healthy,0,1788390738.0,1788390767.0,1788390814.0,1788391011.0,1788390949.0,1788391022.0,299.0,1788390768.134149,1788391127.454231,1788391747.635328,i-0cceae5b4237000da
1788392010.8686872,10,1,ghcr.io/talmolab/lablink-client-base-image:linux-amd64-test@sha256:1ec2fde6860186b3d45ac83890167258f83512955dbce65f072d4e8c310cb9de,0.37648844718933105,sleap-lablink-client-prod-vm-7,running,Healthy,0,1788390738.0,1788390767.0,1788390813.0,1788391004.0,1788390941.0,1788391016.0,295.0,1788390768.13509,1788391127.485072,1788391742.24548,i-04223bbc5c5f842c7
1788392010.8686872,10,1,ghcr.io/talmolab/lablink-client-base-image:linux-amd64-test@sha256:1ec2fde6860186b3d45ac83890167258f83512955dbce65f072d4e8c310cb9de,0.37648844718933105,sleap-lablink-client-prod-vm-8,running,Healthy,0,1788390738.0,1788390767.0,1788390809.0,1788391003.0,1788390941.0,1788391017.0,299.0,1788390768.135877,1788391127.491438,1788391741.506624,i-0798ccd89f26d7cda
1788392010.8686872,10,1,ghcr.io/talmolab/lablink-client-base-image:linux-amd64-test@sha256:1ec2fde6860186b3d45ac83890167258f83512955dbce65f072d4e8c310cb9de,0.37648844718933105,sleap-lablink-client-prod-vm-9,running,Healthy,0,1788390738.0,1788390767.0,1788390813.0,1788391010.0,1788390948.0,1788391021.0,299.0,1788390768.136603,1788391127.503832,1788391745.95919,i-0ae3bdc8eb0227987
1788392015.9221041,10,1,ghcr.io/talmolab/lablink-client-base-image:linux-amd64-test@sha256:1ec2fde6860186b3d45ac83890167258f83512955dbce65f072d4e8c310cb9de,0.37648844718933105,sleap-lablink-client-prod-vm-1,running,Healthy,1,1788390738.0,1788390767.0,1788390905.0,1788391113.0,1788391050.0,1788391124.0,311.0,1788390768.128852,1788391127.40029,1788391728.563357,i-0d4ebb2bfcef19f31
1788392015.9221041,10,1,ghcr.io/talmolab/lablink-client-base-image:linux-amd64-test@sha256:1ec2fde6860186b3d45ac83890167258f83512955dbce65f072d4e8c310cb9de,0.37648844718933105,sleap-lablink-client-prod-vm-10,running,Healthy,1,1788390738.0,1788390767.0,1788390902.0,1788391108.0,1788391046.0,1788391114.0,303.0,1788390768.130117,1788391127.408882,1788391749.249416,i-073b86b279423b5ed
1788392015.9221041,10,1,ghcr.io/talmolab/lablink-client-base-image:linux-amd64-test@sha256:1ec2fde6860186b3d45ac83890167258f83512955dbce65f072d4e8c310cb9de,0.37648844718933105,sleap-lablink-client-prod-vm-2,running,Healthy,0,1788390738.0,1788390767.0,1788390813.0,1788391011.0,1788390949.0,1788391016.0,294.0,1788390768.130938,1788391127.407519,1788391742.29634,i-02f122d3eea1c2ca0
1788392015.9221041,10,1,ghcr.io/talmolab/lablink-client-base-image:linux-amd64-test@sha256:1ec2fde6860186b3d45ac83890167258f83512955dbce65f072d4e8c310cb9de,0.37648844718933105,sleap-lablink-client-prod-vm-3,running,Healthy,0,1788390738.0,1788390767.0,1788390814.0,1788391004.0,1788390941.0,1788391018.0,296.0,1788390768.131762,1788391127.452474,1788391742.729919,i-04f09804c45834c8a
1788392015.9221041,10,1,ghcr.io/talmolab/lablink-client-base-image:linux-amd64-test@sha256:1ec2fde6860186b3d45ac83890167258f83512955dbce65f072d4e8c310cb9de,0.37648844718933105,sleap-lablink-client-prod-vm-4,running,Healthy,0,1788390738.0,1788390767.0,1788390813.0,1788391010.0,1788390947.0,1788391022.0,301.0,1788390768.132688,1788391127.453282,1788391747.570198,i-0b5a2f80e58b1f49e
1788392015.9221041,10,1,ghcr.io/talmolab/lablink-client-base-image:linux-amd64-test@sha256:1ec2fde6860186b3d45ac83890167258f83512955dbce65f072d4e8c310cb9de,0.37648844718933105,sleap-lablink-client-prod-vm-5,running,Healthy,0,1788390738.0,1788390767.0,1788390814.0,1788391012.0,1788390949.0,1788391024.0,302.0,1788390768.133418,1788391127.470972,1788391748.543962,i-011c62511afd69360
1788392015.9221041,10,1,ghcr.io/talmolab/lablink-client-base-image:linux-amd64-test@sha256:1ec2fde6860186b3d45ac83890167258f83512955dbce65f072d4e8c310cb9de,0.37648844718933105,sleap-lablink-client-prod-vm-6,running,Healthy,0,1788390738.0,1788390767.0,1788390814.0,1788391011.0,1788390949.0,1788391022.0,299.0,1788390768.134149,1788391127.454231,1788391747.635328,i-0cceae5b4237000da
1788392015.9221041,10,1,ghcr.io/talmolab/lablink-client-base-image:linux-amd64-test@sha256:1ec2fde6860186b3d45ac83890167258f83512955dbce65f072d4e8c310cb9de,0.37648844718933105,sleap-lablink-client-prod-vm-7,running,Healthy,0,1788390738.0,1788390767.0,1788390813.0,1788391004.0,1788390941.0,1788391016.0,295.0,1788390768.13509,1788391127.485072,1788391742.24548,i-04223bbc5c5f842c7
1788392015.9221041,10,1,ghcr.io/talmolab/lablink-client-base-image:linux-amd64-test@sha256:1ec2fde6860186b3d45ac83890167258f83512955dbce65f072d4e8c310cb9de,0.37648844718933105,sleap-lablink-client-prod-vm-8,running,Healthy,0,1788390738.0,1788390767.0,1788390809.0,1788391003.0,1788390941.0,1788391017.0,299.0,1788390768.135877,1788391127.491438,1788391741.506624,i-0798ccd89f26d7cda
1788392015.9221041,10,1,ghcr.io/talmolab/lablink-client-base-image:linux-amd64-test@sha256:1ec2fde6860186b3d45ac83890167258f83512955dbce65f072d4e8c310cb9de,0.37648844718933105,sleap-lablink-client-prod-vm-9,running,Healthy,0,1788390738.0,1788390767.0,1788390813.0,1788391010.0,1788390948.0,1788391021.0,299.0,1788390768.136603,1788391127.503832,1788391745.95919,i-0ae3bdc8eb0227987
1788392020.942837,10,1,ghcr.io/talmolab/lablink-client-base-image:linux-amd64-test@sha256:1ec2fde6860186b3d45ac83890167258f83512955dbce65f072d4e8c310cb9de,0.37648844718933105,sleap-lablink-client-prod-vm-1,running,Healthy,1,1788390738.0,1788390767.0,1788390905.0,1788391113.0,1788391050.0,1788391124.0,311.0,1788390768.128852,1788391127.40029,1788391728.563357,i-0d4ebb2bfcef19f31
1788392020.942837,10,1,ghcr.io/talmolab/lablink-client-base-image:linux-amd64-test@sha256:1ec2fde6860186b3d45ac83890167258f83512955dbce65f072d4e8c310cb9de,0.37648844718933105,sleap-lablink-client-prod-vm-10,running,Healthy,1,1788390738.0,1788390767.0,1788390902.0,1788391108.0,1788391046.0,1788391114.0,303.0,1788390768.130117,1788391127.408882,1788391749.249416,i-073b86b279423b5ed
1788392020.942837,10,1,ghcr.io/talmolab/lablink-client-base-image:linux-amd64-test@sha256:1ec2fde6860186b3d45ac83890167258f83512955dbce65f072d4e8c310cb9de,0.37648844718933105,sleap-lablink-client-prod-vm-2,running,Healthy,0,1788390738.0,1788390767.0,1788390813.0,1788391011.0,1788390949.0,1788391016.0,294.0,1788390768.130938,1788391127.407519,1788391742.29634,i-02f122d3eea1c2ca0
1788392020.942837,10,1,ghcr.io/talmolab/lablink-client-base-image:linux-amd64-test@sha256:1ec2fde6860186b3d45ac83890167258f83512955dbce65f072d4e8c310cb9de,0.37648844718933105,sleap-lablink-client-prod-vm-3,running,Healthy,0,1788390738.0,1788390767.0,1788390814.0,1788391004.0,1788390941.0,1788391018.0,296.0,1788390768.131762,1788391127.452474,1788391742.729919,i-04f09804c45834c8a
1788392020.942837,10,1,ghcr.io/talmolab/lablink-client-base-image:linux-amd64-test@sha256:1ec2fde6860186b3d45ac83890167258f83512955dbce65f072d4e8c310cb9de,0.37648844718933105,sleap-lablink-client-prod-vm-4,running,Healthy,0,1788390738.0,1788390767.0,1788390813.0,1788391010.0,1788390947.0,1788391022.0,301.0,1788390768.132688,1788391127.453282,1788391747.570198,i-0b5a2f80e58b1f49e
1788392020.942837,10,1,ghcr.io/talmolab/lablink-client-base-image:linux-amd64-test@sha256:1ec2fde6860186b3d45ac83890167258f83512955dbce65f072d4e8c310cb9de,0.37648844718933105,sleap-lablink-client-prod-vm-5,running,Healthy,0,1788390738.0,1788390767.0,1788390814.0,1788391012.0,1788390949.0,1788391024.0,302.0,1788390768.133418,1788391127.470972,1788391748.543962,i-011c62511afd69360
1788392020.942837,10,1,ghcr.io/talmolab/lablink-client-base-image:linux-amd64-test@sha256:1ec2fde6860186b3d45ac83890167258f83512955dbce65f072d4e8c310cb9de,0.37648844718933105,sleap-lablink-client-prod-vm-6,running,Healthy,0,1788390738.0,1788390767.0,1788390814.0,1788391011.0,1788390949.0,1788391022.0,299.0,1788390768.134149,1788391127.454231,1788391747.635328,i-0cceae5b4237000da
1788392020.942837,10,1,ghcr.io/talmolab/lablink-client-base-image:linux-amd64-test@sha256:1ec2fde6860186b3d45ac83890167258f83512955dbce65f072d4e8c310cb9de,0.37648844718933105,sleap-lablink-client-prod-vm-7,running,Healthy,0,1788390738.0,1788390767.0,1788390813.0,1788391004.0,1788390941.0,1788391016.0,295.0,1788390768.13509,1788391127.485072,1788391742.24548,i-04223bbc5c5f842c7
1788392020.942837,10,1,ghcr.io/talmolab/lablink-client-base-image:linux-amd64-test@sha256:1ec2fde6860186b3d45ac83890167258f83512955dbce65f072d4e8c310cb9de,0.37648844718933105,sleap-lablink-client-prod-vm-8,running,Healthy,0,1788390738.0,1788390767.0,1788390809.0,1788391003.0,1788390941.0,1788391017.0,299.0,1788390768.135877,1788391127.491438,1788391741.506624,i-0798ccd89f26d7cda
1788392020.942837,10,1,ghcr.io/talmolab/lablink-client-base-image:linux-amd64-test@sha256:1ec2fde6860186b3d45ac83890167258f83512955dbce65f072d4e8c310cb9de,0.37648844718933105,sleap-lablink-client-prod-vm-9,running,Healthy,0,1788390738.0,1788390767.0,1788390813.0,1788391010.0,1788390948.0,1788391021.0,299.0,1788390768.136603,1788391127.503832,1788391745.95919,i-0ae3bdc8eb0227987
1788392025.9319701,10,1,ghcr.io/talmolab/lablink-client-base-image:linux-amd64-test@sha256:1ec2fde6860186b3d45ac83890167258f83512955dbce65f072d4e8c310cb9de,0.37648844718933105,sleap-lablink-client-prod-vm-1,running,Healthy,1,1788390738.0,1788390767.0,1788390905.0,1788391113.0,1788391050.0,1788391124.0,311.0,1788390768.128852,1788391127.40029,1788391728.563357,i-0d4ebb2bfcef19f31
1788392025.9319701,10,1,ghcr.io/talmolab/lablink-client-base-image:linux-amd64-test@sha256:1ec2fde6860186b3d45ac83890167258f83512955dbce65f072d4e8c310cb9de,0.37648844718933105,sleap-lablink-client-prod-vm-10,running,Healthy,1,1788390738.0,1788390767.0,1788390902.0,1788391108.0,1788391046.0,1788391114.0,303.0,1788390768.130117,1788391127.408882,1788391749.249416,i-073b86b279423b5ed
1788392025.9319701,10,1,ghcr.io/talmolab/lablink-client-base-image:linux-amd64-test@sha256:1ec2fde6860186b3d45ac83890167258f83512955dbce65f072d4e8c310cb9de,0.37648844718933105,sleap-lablink-client-prod-vm-2,running,Healthy,0,1788390738.0,1788390767.0,1788390813.0,1788391011.0,1788390949.0,1788391016.0,294.0,1788390768.130938,1788391127.407519,1788391742.29634,i-02f122d3eea1c2ca0
1788392025.9319701,10,1,ghcr.io/talmolab/lablink-client-base-image:linux-amd64-test@sha256:1ec2fde6860186b3d45ac83890167258f83512955dbce65f072d4e8c310cb9de,0.37648844718933105,sleap-lablink-client-prod-vm-3,running,Healthy,0,1788390738.0,1788390767.0,1788390814.0,1788391004.0,1788390941.0,1788391018.0,296.0,1788390768.131762,1788391127.452474,1788391742.729919,i-04f09804c45834c8a
1788392025.9319701,10,1,ghcr.io/talmolab/lablink-client-base-image:linux-amd64-test@sha256:1ec2fde6860186b3d45ac83890167258f83512955dbce65f072d4e8c310cb9de,0.37648844718933105,sleap-lablink-client-prod-vm-4,running,Healthy,0,1788390738.0,1788390767.0,1788390813.0,1788391010.0,1788390947.0,1788391022.0,301.0,1788390768.132688,1788391127.453282,1788391747.570198,i-0b5a2f80e58b1f49e
1788392025.9319701,10,1,ghcr.io/talmolab/lablink-client-base-image:linux-amd64-test@sha256:1ec2fde6860186b3d45ac83890167258f83512955dbce65f072d4e8c310cb9de,0.37648844718933105,sleap-lablink-client-prod-vm-5,running,Healthy,0,1788390738.0,1788390767.0,1788390814.0,1788391012.0,1788390949.0,1788391024.0,302.0,1788390768.133418,1788391127.470972,1788391748.543962,i-011c62511afd69360
1788392025.9319701,10,1,ghcr.io/talmolab/lablink-client-base-image:linux-amd64-test@sha256:1ec2fde6860186b3d45ac83890167258f83512955dbce65f072d4e8c310cb9de,0.37648844718933105,sleap-lablink-client-prod-vm-6,running,Healthy,0,1788390738.0,1788390767.0,1788390814.0,1788391011.0,1788390949.0,1788391022.0,299.0,1788390768.134149,1788391127.454231,1788391747.635328,i-0cceae5b4237000da
1788392025.9319701,10,1,ghcr.io/talmolab/lablink-client-base-image:linux-amd64-test@sha256:1ec2fde6860186b3d45ac83890167258f83512955dbce65f072d4e8c310cb9de,0.37648844718933105,sleap-lablink-client-prod-vm-7,running,Healthy,0,1788390738.0,1788390767.0,1788390813.0,1788391004.0,1788390941.0,1788391016.0,295.0,1788390768.13509,1788391127.485072,1788391742.24548,i-04223bbc5c5f842c7
1788392025.9319701,10,1,ghcr.io/talmolab/lablink-client-base-image:linux-amd64-test@sha256:1ec2fde6860186b3d45ac83890167258f83512955dbce65f072d4e8c310cb9de,0.37648844718933105,sleap-lablink-client-prod-vm-8,running,Healthy,0,1788390738.0,1788390767.0,1788390809.0,1788391003.0,1788390941.0,1788391017.0,299.0,1788390768.135877,1788391127.491438,1788391741.506624,i-0798ccd89f26d7cda
1788392025.9319701,10,1,ghcr.io/talmolab/lablink-client-base-image:linux-amd64-test@sha256:1ec2fde6860186b3d45ac83890167258f83512955dbce65f072d4e8c310cb9de,0.37648844718933105,sleap-lablink-client-prod-vm-9,running,Healthy,0,1788390738.0,1788390767.0,1788390813.0,1788391010.0,1788390948.0,1788391021.0,299.0,1788390768.136603,1788391127.503832,1788391745.95919,i-0ae3bdc8eb0227987
1788392030.942361,10,1,ghcr.io/talmolab/lablink-client-base-image:linux-amd64-test@sha256:1ec2fde6860186b3d45ac83890167258f83512955dbce65f072d4e8c310cb9de,0.37648844718933105,sleap-lablink-client-prod-vm-1,running,Healthy,1,1788390738.0,1788390767.0,1788390905.0,1788391113.0,1788391050.0,1788391124.0,311.0,1788390768.128852,1788391127.40029,1788391728.563357,i-0d4ebb2bfcef19f31
1788392030.942361,10,1,ghcr.io/talmolab/lablink-client-base-image:linux-amd64-test@sha256:1ec2fde6860186b3d45ac83890167258f83512955dbce65f072d4e8c310cb9de,0.37648844718933105,sleap-lablink-client-prod-vm-10,running,Healthy,1,1788390738.0,1788390767.0,1788390902.0,1788391108.0,1788391046.0,1788391114.0,303.0,1788390768.130117,1788391127.408882,1788391749.249416,i-073b86b279423b5ed
1788392030.942361,10,1,ghcr.io/talmolab/lablink-client-base-image:linux-amd64-test@sha256:1ec2fde6860186b3d45ac83890167258f83512955dbce65f072d4e8c310cb9de,0.37648844718933105,sleap-lablink-client-prod-vm-2,running,Healthy,0,1788390738.0,1788390767.0,1788390813.0,1788391011.0,1788390949.0,1788391016.0,294.0,1788390768.130938,1788391127.407519,1788391742.29634,i-02f122d3eea1c2ca0
1788392030.942361,10,1,ghcr.io/talmolab/lablink-client-base-image:linux-amd64-test@sha256:1ec2fde6860186b3d45ac83890167258f83512955dbce65f072d4e8c310cb9de,0.37648844718933105,sleap-lablink-client-prod-vm-3,running,Healthy,0,1788390738.0,1788390767.0,1788390814.0,1788391004.0,1788390941.0,1788391018.0,296.0,1788390768.131762,1788391127.452474,1788391742.729919,i-04f09804c45834c8a
1788392030.942361,10,1,ghcr.io/talmolab/lablink-client-base-image:linux-amd64-test@sha256:1ec2fde6860186b3d45ac83890167258f83512955dbce65f072d4e8c310cb9de,0.37648844718933105,sleap-lablink-client-prod-vm-4,running,Healthy,0,1788390738.0,1788390767.0,1788390813.0,1788391010.0,1788390947.0,1788391022.0,301.0,1788390768.132688,1788391127.453282,1788391747.570198,i-0b5a2f80e58b1f49e
1788392030.942361,10,1,ghcr.io/talmolab/lablink-client-base-image:linux-amd64-test@sha256:1ec2fde6860186b3d45ac83890167258f83512955dbce65f072d4e8c310cb9de,0.37648844718933105,sleap-lablink-client-prod-vm-5,running,Healthy,0,1788390738.0,1788390767.0,1788390814.0,1788391012.0,1788390949.0,1788391024.0,302.0,1788390768.133418,1788391127.470972,1788391748.543962,i-011c62511afd69360
1788392030.942361,10,1,ghcr.io/talmolab/lablink-client-base-image:linux-amd64-test@sha256:1ec2fde6860186b3d45ac83890167258f83512955dbce65f072d4e8c310cb9de,0.37648844718933105,sleap-lablink-client-prod-vm-6,running,Healthy,0,1788390738.0,1788390767.0,1788390814.0,1788391011.0,1788390949.0,1788391022.0,299.0,1788390768.134149,1788391127.454231,1788391747.635328,i-0cceae5b4237000da
1788392030.942361,10,1,ghcr.io/talmolab/lablink-client-base-image:linux-amd64-test@sha256:1ec2fde6860186b3d45ac83890167258f83512955dbce65f072d4e8c310cb9de,0.37648844718933105,sleap-lablink-client-prod-vm-7,running,Healthy,0,1788390738.0,1788390767.0,1788390813.0,1788391004.0,1788390941.0,1788391016.0,295.0,1788390768.13509,1788391127.485072,1788391742.24548,i-04223bbc5c5f842c7
1788392030.942361,10,1,ghcr.io/talmolab/lablink-client-base-image:linux-amd64-test@sha256:1ec2fde6860186b3d45ac83890167258f83512955dbce65f072d4e8c310cb9de,0.37648844718933105,sleap-lablink-client-prod-vm-8,running,Healthy,0,1788390738.0,1788390767.0,1788390809.0,1788391003.0,1788390941.0,1788391017.0,299.0,1788390768.135877,1788391127.491438,1788391741.506624,i-0798ccd89f26d7cda
1788392030.942361,10,1,ghcr.io/talmolab/lablink-client-base-image:linux-amd64-test@sha256:1ec2fde6860186b3d45ac83890167258f83512955dbce65f072d4e8c310cb9de,0.37648844718933105,sleap-lablink-client-prod-vm-9,running,Healthy,0,1788390738.0,1788390767.0,1788390813.0,1788391010.0,1788390948.0,1788391021.0,299.0,1788390768.136603,1788391127.503832,1788391745.95919,i-0ae3bdc8eb0227987
1788392036.3332422,10,1,ghcr.io/talmolab/lablink-client-base-image:linux-amd64-test@sha256:1ec2fde6860186b3d45ac83890167258f83512955dbce65f072d4e8c310cb9de,0.37648844718933105,sleap-lablink-client-prod-vm-1,running,Healthy,1,1788390738.0,1788390767.0,1788390905.0,1788391113.0,1788391050.0,1788391124.0,311.0,1788390768.128852,1788391127.40029,1788391728.563357,i-0d4ebb2bfcef19f31
1788392036.3332422,10,1,ghcr.io/talmolab/lablink-client-base-image:linux-amd64-test@sha256:1ec2fde6860186b3d45ac83890167258f83512955dbce65f072d4e8c310cb9de,0.37648844718933105,sleap-lablink-client-prod-vm-10,running,Healthy,1,1788390738.0,1788390767.0,1788390902.0,1788391108.0,1788391046.0,1788391114.0,303.0,1788390768.130117,1788391127.408882,1788391749.249416,i-073b86b279423b5ed
1788392036.3332422,10,1,ghcr.io/talmolab/lablink-client-base-image:linux-amd64-test@sha256:1ec2fde6860186b3d45ac83890167258f83512955dbce65f072d4e8c310cb9de,0.37648844718933105,sleap-lablink-client-prod-vm-2,running,Healthy,0,1788390738.0,1788390767.0,1788390813.0,1788391011.0,1788390949.0,1788391016.0,294.0,1788390768.130938,1788391127.407519,1788391742.29634,i-02f122d3eea1c2ca0
1788392036.3332422,10,1,ghcr.io/talmolab/lablink-client-base-image:linux-amd64-test@sha256:1ec2fde6860186b3d45ac83890167258f83512955dbce65f072d4e8c310cb9de,0.37648844718933105,sleap-lablink-client-prod-vm-3,running,Healthy,0,1788390738.0,1788390767.0,1788390814.0,1788391004.0,1788390941.0,1788391018.0,296.0,1788390768.131762,1788391127.452474,1788391742.729919,i-04f09804c45834c8a
1788392036.3332422,10,1,ghcr.io/talmolab/lablink-client-base-image:linux-amd64-test@sha256:1ec2fde6860186b3d45ac83890167258f83512955dbce65f072d4e8c310cb9de,0.37648844718933105,sleap-lablink-client-prod-vm-4,running,Healthy,0,1788390738.0,1788390767.0,1788390813.0,1788391010.0,1788390947.0,1788391022.0,301.0,1788390768.132688,1788391127.453282,1788391747.570198,i-0b5a2f80e58b1f49e
1788392036.3332422,10,1,ghcr.io/talmolab/lablink-client-base-image:linux-amd64-test@sha256:1ec2fde6860186b3d45ac83890167258f83512955dbce65f072d4e8c310cb9de,0.37648844718933105,sleap-lablink-client-prod-vm-5,running,Healthy,0,1788390738.0,1788390767.0,1788390814.0,1788391012.0,1788390949.0,1788391024.0,302.0,1788390768.133418,1788391127.470972,1788391748.543962,i-011c62511afd69360
1788392036.3332422,10,1,ghcr.io/talmolab/lablink-client-base-image:linux-amd64-test@sha256:1ec2fde6860186b3d45ac83890167258f83512955dbce65f072d4e8c310cb9de,0.37648844718933105,sleap-lablink-client-prod-vm-6,running,Healthy,0,1788390738.0,1788390767.0,1788390814.0,1788391011.0,1788390949.0,1788391022.0,299.0,1788390768.134149,1788391127.454231,1788391747.635328,i-0cceae5b4237000da
1788392036.3332422,10,1,ghcr.io/talmolab/lablink-client-base-image:linux-amd64-test@sha256:1ec2fde6860186b3d45ac83890167258f83512955dbce65f072d4e8c310cb9de,0.37648844718933105,sleap-lablink-client-prod-vm-7,running,Healthy,0,1788390738.0,1788390767.0,1788390813.0,1788391004.0,1788390941.0,1788391016.0,295.0,1788390768.13509,1788391127.485072,1788391742.24548,i-04223bbc5c5f842c7
1788392036.3332422,10,1,ghcr.io/talmolab/lablink-client-base-image:linux-amd64-test@sha256:1ec2fde6860186b3d45ac83890167258f83512955dbce65f072d4e8c310cb9de,0.37648844718933105,sleap-lablink-client-prod-vm-8,running,Healthy,0,1788390738.0,1788390767.0,1788390809.0,1788391003.0,1788390941.0,1788391017.0,299.0,1788390768.135877,1788391127.491438,1788391741.506624,i-0798ccd89f26d7cda
1788392036.3332422,10,1,ghcr.io/talmolab/lablink-client-base-image:linux-amd64-test@sha256:1ec2fde6860186b3d45ac83890167258f83512955dbce65f072d4e8c310cb9de,0.37648844718933105,sleap-lablink-client-prod-vm-9,running,Healthy,0,1788390738.0,1788390767.0,1788390813.0,1788391010.0,1788390948.0,1788391021.0,299.0,1788390768.136603,1788391127.503832,1788391745.95919,i-0ae3bdc8eb0227987
1788392040.919939,10,1,ghcr.io/talmolab/lablink-client-base-image:linux-amd64-test@sha256:1ec2fde6860186b3d45ac83890167258f83512955dbce65f072d4e8c310cb9de,0.37648844718933105,sleap-lablink-client-prod-vm-1,running,Healthy,1,1788390738.0,1788390767.0,1788390905.0,1788391113.0,1788391050.0,1788391124.0,311.0,1788390768.128852,1788391127.40029,1788391728.563357,i-0d4ebb2bfcef19f31
1788392040.919939,10,1,ghcr.io/talmolab/lablink-client-base-image:linux-amd64-test@sha256:1ec2fde6860186b3d45ac83890167258f83512955dbce65f072d4e8c310cb9de,0.37648844718933105,sleap-lablink-client-prod-vm-10,running,Healthy,1,1788390738.0,1788390767.0,1788390902.0,1788391108.0,1788391046.0,1788391114.0,303.0,1788390768.130117,1788391127.408882,1788391749.249416,i-073b86b279423b5ed
1788392040.919939,10,1,ghcr.io/talmolab/lablink-client-base-image:linux-amd64-test@sha256:1ec2fde6860186b3d45ac83890167258f83512955dbce65f072d4e8c310cb9de,0.37648844718933105,sleap-lablink-client-prod-vm-2,running,Healthy,0,1788390738.0,1788390767.0,1788390813.0,1788391011.0,1788390949.0,1788391016.0,294.0,1788390768.130938,1788391127.407519,1788391742.29634,i-02f122d3eea1c2ca0
1788392040.919939,10,1,ghcr.io/talmolab/lablink-client-base-image:linux-amd64-test@sha256:1ec2fde6860186b3d45ac83890167258f83512955dbce65f072d4e8c310cb9de,0.37648844718933105,sleap-lablink-client-prod-vm-3,running,Healthy,0,1788390738.0,1788390767.0,1788390814.0,1788391004.0,1788390941.0,1788391018.0,296.0,1788390768.131762,1788391127.452474,1788391742.729919,i-04f09804c45834c8a
1788392040.919939,10,1,ghcr.io/talmolab/lablink-client-base-image:linux-amd64-test@sha256:1ec2fde6860186b3d45ac83890167258f83512955dbce65f072d4e8c310cb9de,0.37648844718933105,sleap-lablink-client-prod-vm-4,running,Healthy,0,1788390738.0,1788390767.0,1788390813.0,1788391010.0,1788390947.0,1788391022.0,301.0,1788390768.132688,1788391127.453282,1788391747.570198,i-0b5a2f80e58b1f49e
1788392040.919939,10,1,ghcr.io/talmolab/lablink-client-base-image:linux-amd64-test@sha256:1ec2fde6860186b3d45ac83890167258f83512955dbce65f072d4e8c310cb9de,0.37648844718933105,sleap-lablink-client-prod-vm-5,running,Healthy,0,1788390738.0,1788390767.0,1788390814.0,1788391012.0,1788390949.0,1788391024.0,302.0,1788390768.133418,1788391127.470972,1788391748.543962,i-011c62511afd69360
1788392040.919939,10,1,ghcr.io/talmolab/lablink-client-base-image:linux-amd64-test@sha256:1ec2fde6860186b3d45ac83890167258f83512955dbce65f072d4e8c310cb9de,0.37648844718933105,sleap-lablink-client-prod-vm-6,running,Healthy,0,1788390738.0,1788390767.0,1788390814.0,1788391011.0,1788390949.0,1788391022.0,299.0,1788390768.134149,1788391127.454231,1788391747.635328,i-0cceae5b4237000da
1788392040.919939,10,1,ghcr.io/talmolab/lablink-client-base-image:linux-amd64-test@sha256:1ec2fde6860186b3d45ac83890167258f83512955dbce65f072d4e8c310cb9de,0.37648844718933105,sleap-lablink-client-prod-vm-7,running,Healthy,0,1788390738.0,1788390767.0,1788390813.0,1788391004.0,1788390941.0,1788391016.0,295.0,1788390768.13509,1788391127.485072,1788391742.24548,i-04223bbc5c5f842c7
1788392040.919939,10,1,ghcr.io/talmolab/lablink-client-base-image:linux-amd64-test@sha256:1ec2fde6860186b3d45ac83890167258f83512955dbce65f072d4e8c310cb9de,0.37648844718933105,sleap-lablink-client-prod-vm-8,running,Healthy,0,1788390738.0,1788390767.0,1788390809.0,1788391003.0,1788390941.0,1788391017.0,299.0,1788390768.135877,1788391127.491438,1788391741.506624,i-0798ccd89f26d7cda
1788392040.919939,10,1,ghcr.io/talmolab/lablink-client-base-image:linux-amd64-test@sha256:1ec2fde6860186b3d45ac83890167258f83512955dbce65f072d4e8c310cb9de,0.37648844718933105,sleap-lablink-client-prod-vm-9,running,Healthy,0,1788390738.0,1788390767.0,1788390813.0,1788391010.0,1788390948.0,1788391021.0,299.0,1788390768.136603,1788391127.503832,1788391745.95919,i-0ae3bdc8eb0227987
1788392045.93856,10,1,ghcr.io/talmolab/lablink-client-base-image:linux-amd64-test@sha256:1ec2fde6860186b3d45ac83890167258f83512955dbce65f072d4e8c310cb9de,0.37648844718933105,sleap-lablink-client-prod-vm-1,running,Healthy,1,1788390738.0,1788390767.0,1788390905.0,1788391113.0,1788391050.0,1788391124.0,311.0,1788390768.128852,1788391127.40029,1788391728.563357,i-0d4ebb2bfcef19f31
1788392045.93856,10,1,ghcr.io/talmolab/lablink-client-base-image:linux-amd64-test@sha256:1ec2fde6860186b3d45ac83890167258f83512955dbce65f072d4e8c310cb9de,0.37648844718933105,sleap-lablink-client-prod-vm-10,running,Healthy,1,1788390738.0,1788390767.0,1788390902.0,1788391108.0,1788391046.0,1788391114.0,303.0,1788390768.130117,1788391127.408882,1788391749.249416,i-073b86b279423b5ed
1788392045.93856,10,1,ghcr.io/talmolab/lablink-client-base-image:linux-amd64-test@sha256:1ec2fde6860186b3d45ac83890167258f83512955dbce65f072d4e8c310cb9de,0.37648844718933105,sleap-lablink-client-prod-vm-2,running,Healthy,0,1788390738.0,1788390767.0,1788390813.0,1788391011.0,1788390949.0,1788391016.0,294.0,1788390768.130938,1788391127.407519,1788391742.29634,i-02f122d3eea1c2ca0
1788392045.93856,10,1,ghcr.io/talmolab/lablink-client-base-image:linux-amd64-test@sha256:1ec2fde6860186b3d45ac83890167258f83512955dbce65f072d4e8c310cb9de,0.37648844718933105,sleap-lablink-client-prod-vm-3,running,Healthy,0,1788390738.0,1788390767.0,1788390814.0,1788391004.0,1788390941.0,1788391018.0,296.0,1788390768.131762,1788391127.452474,1788391742.729919,i-04f09804c45834c8a
1788392045.93856,10,1,ghcr.io/talmolab/lablink-client-base-image:linux-amd64-test@sha256:1ec2fde6860186b3d45ac83890167258f83512955dbce65f072d4e8c310cb9de,0.37648844718933105,sleap-lablink-client-prod-vm-4,running,Healthy,0,1788390738.0,1788390767.0,1788390813.0,1788391010.0,1788390947.0,1788391022.0,301.0,1788390768.132688,1788391127.453282,1788391747.570198,i-0b5a2f80e58b1f49e
1788392045.93856,10,1,ghcr.io/talmolab/lablink-client-base-image:linux-amd64-test@sha256:1ec2fde6860186b3d45ac83890167258f83512955dbce65f072d4e8c310cb9de,0.37648844718933105,sleap-lablink-client-prod-vm-5,running,Healthy,0,1788390738.0,1788390767.0,1788390814.0,1788391012.0,1788390949.0,1788391024.0,302.0,1788390768.133418,1788391127.470972,1788391748.543962,i-011c62511afd69360
1788392045.93856,10,1,ghcr.io/talmolab/lablink-client-base-image:linux-amd64-test@sha256:1ec2fde6860186b3d45ac83890167258f83512955dbce65f072d4e8c310cb9de,0.37648844718933105,sleap-lablink-client-prod-vm-6,running,Healthy,0,1788390738.0,1788390767.0,1788390814.0,1788391011.0,1788390949.0,1788391022.0,299.0,1788390768.134149,1788391127.454231,1788391747.635328,i-0cceae5b4237000da
1788392045.93856,10,1,ghcr.io/talmolab/lablink-client-base-image:linux-amd64-test@sha256:1ec2fde6860186b3d45ac83890167258f83512955dbce65f072d4e8c310cb9de,0.37648844718933105,sleap-lablink-client-prod-vm-7,running,Healthy,0,1788390738.0,1788390767.0,1788390813.0,1788391004.0,1788390941.0,1788391016.0,295.0,1788390768.13509,1788391127.485072,1788391742.24548,i-04223bbc5c5f842c7
1788392045.93856,10,1,ghcr.io/talmolab/lablink-client-base-image:linux-amd64-test@sha256:1ec2fde6860186b3d45ac83890167258f83512955dbce65f072d4e8c310cb9de,0.37648844718933105,sleap-lablink-client-prod-vm-8,running,Healthy,0,1788390738.0,1788390767.0,1788390809.0,1788391003.0,1788390941.0,1788391017.0,299.0,1788390768.135877,1788391127.491438,1788391741.506624,i-0798ccd89f26d7cda
1788392045.93856,10,1,ghcr.io/talmolab/lablink-client-base-image:linux-amd64-test@sha256:1ec2fde6860186b3d45ac83890167258f83512955dbce65f072d4e8c310cb9de,0.37648844718933105,sleap-lablink-client-prod-vm-9,running,Healthy,0,1788390738.0,1788390767.0,1788390813.0,1788391010.0,1788390948.0,1788391021.0,299.0,1788390768.136603,1788391127.503832,1788391745.95919,i-0ae3bdc8eb0227987
1788392050.930308,10,1,ghcr.io/talmolab/lablink-client-base-image:linux-amd64-test@sha256:1ec2fde6860186b3d45ac83890167258f83512955dbce65f072d4e8c310cb9de,0.37648844718933105,sleap-lablink-client-prod-vm-1,running,Healthy,1,1788390738.0,1788390767.0,1788390905.0,1788391113.0,1788391050.0,1788391124.0,311.0,1788390768.128852,1788391127.40029,1788391728.563357,i-0d4ebb2bfcef19f31
1788392050.930308,10,1,ghcr.io/talmolab/lablink-client-base-image:linux-amd64-test@sha256:1ec2fde6860186b3d45ac83890167258f83512955dbce65f072d4e8c310cb9de,0.37648844718933105,sleap-lablink-client-prod-vm-10,running,Healthy,1,1788390738.0,1788390767.0,1788390902.0,1788391108.0,1788391046.0,1788391114.0,303.0,1788390768.130117,1788391127.408882,1788391749.249416,i-073b86b279423b5ed
1788392050.930308,10,1,ghcr.io/talmolab/lablink-client-base-image:linux-amd64-test@sha256:1ec2fde6860186b3d45ac83890167258f83512955dbce65f072d4e8c310cb9de,0.37648844718933105,sleap-lablink-client-prod-vm-2,running,Healthy,0,1788390738.0,1788390767.0,1788390813.0,1788391011.0,1788390949.0,1788391016.0,294.0,1788390768.130938,1788391127.407519,1788391742.29634,i-02f122d3eea1c2ca0
1788392050.930308,10,1,ghcr.io/talmolab/lablink-client-base-image:linux-amd64-test@sha256:1ec2fde6860186b3d45ac83890167258f83512955dbce65f072d4e8c310cb9de,0.37648844718933105,sleap-lablink-client-prod-vm-3,running,Healthy,0,1788390738.0,1788390767.0,1788390814.0,1788391004.0,1788390941.0,1788391018.0,296.0,1788390768.131762,1788391127.452474,1788391742.729919,i-04f09804c45834c8a
1788392050.930308,10,1,ghcr.io/talmolab/lablink-client-base-image:linux-amd64-test@sha256:1ec2fde6860186b3d45ac83890167258f83512955dbce65f072d4e8c310cb9de,0.37648844718933105,sleap-lablink-client-prod-vm-4,running,Healthy,0,1788390738.0,1788390767.0,1788390813.0,1788391010.0,1788390947.0,1788391022.0,301.0,1788390768.132688,1788391127.453282,1788391747.570198,i-0b5a2f80e58b1f49e
1788392050.930308,10,1,ghcr.io/talmolab/lablink-client-base-image:linux-amd64-test@sha256:1ec2fde6860186b3d45ac83890167258f83512955dbce65f072d4e8c310cb9de,0.37648844718933105,sleap-lablink-client-prod-vm-5,running,Healthy,0,1788390738.0,1788390767.0,1788390814.0,1788391012.0,1788390949.0,1788391024.0,302.0,1788390768.133418,1788391127.470972,1788391748.543962,i-011c62511afd69360
1788392050.930308,10,1,ghcr.io/talmolab/lablink-client-base-image:linux-amd64-test@sha256:1ec2fde6860186b3d45ac83890167258f83512955dbce65f072d4e8c310cb9de,0.37648844718933105,sleap-lablink-client-prod-vm-6,running,Healthy,0,1788390738.0,1788390767.0,1788390814.0,1788391011.0,1788390949.0,1788391022.0,299.0,1788390768.134149,1788391127.454231,1788391747.635328,i-0cceae5b4237000da
1788392050.930308,10,1,ghcr.io/talmolab/lablink-client-base-image:linux-amd64-test@sha256:1ec2fde6860186b3d45ac83890167258f83512955dbce65f072d4e8c310cb9de,0.37648844718933105,sleap-lablink-client-prod-vm-7,running,Healthy,0,1788390738.0,1788390767.0,1788390813.0,1788391004.0,1788390941.0,1788391016.0,295.0,1788390768.13509,1788391127.485072,1788391742.24548,i-04223bbc5c5f842c7
1788392050.930308,10,1,ghcr.io/talmolab/lablink-client-base-image:linux-amd64-test@sha256:1ec2fde6860186b3d45ac83890167258f83512955dbce65f072d4e8c310cb9de,0.37648844718933105,sleap-lablink-client-prod-vm-8,running,Healthy,0,1788390738.0,1788390767.0,1788390809.0,1788391003.0,1788390941.0,1788391017.0,299.0,1788390768.135877,1788391127.491438,1788391741.506624,i-0798ccd89f26d7cda
1788392050.930308,10,1,ghcr.io/talmolab/lablink-client-base-image:linux-amd64-test@sha256:1ec2fde6860186b3d45ac83890167258f83512955dbce65f072d4e8c310cb9de,0.37648844718933105,sleap-lablink-client-prod-vm-9,running,Healthy,0,1788390738.0,1788390767.0,1788390813.0,1788391010.0,1788390948.0,1788391021.0,299.0,1788390768.136603,1788391127.503832,1788391745.95919,i-0ae3bdc8eb0227987
1788392055.929628,10,1,ghcr.io/talmolab/lablink-client-base-image:linux-amd64-test@sha256:1ec2fde6860186b3d45ac83890167258f83512955dbce65f072d4e8c310cb9de,0.37648844718933105,sleap-lablink-client-prod-vm-1,running,Healthy,1,1788390738.0,1788390767.0,1788390905.0,1788391113.0,1788391050.0,1788391124.0,311.0,1788390768.128852,1788391127.40029,1788391728.563357,i-0d4ebb2bfcef19f31
1788392055.929628,10,1,ghcr.io/talmolab/lablink-client-base-image:linux-amd64-test@sha256:1ec2fde6860186b3d45ac83890167258f83512955dbce65f072d4e8c310cb9de,0.37648844718933105,sleap-lablink-client-prod-vm-10,running,Healthy,1,1788390738.0,1788390767.0,1788390902.0,1788391108.0,1788391046.0,1788391114.0,303.0,1788390768.130117,1788391127.408882,1788391749.249416,i-073b86b279423b5ed
1788392055.929628,10,1,ghcr.io/talmolab/lablink-client-base-image:linux-amd64-test@sha256:1ec2fde6860186b3d45ac83890167258f83512955dbce65f072d4e8c310cb9de,0.37648844718933105,sleap-lablink-client-prod-vm-2,running,Healthy,0,1788390738.0,1788390767.0,1788390813.0,1788391011.0,1788390949.0,1788391016.0,294.0,1788390768.130938,1788391127.407519,1788391742.29634,i-02f122d3eea1c2ca0
1788392055.929628,10,1,ghcr.io/talmolab/lablink-client-base-image:linux-amd64-test@sha256:1ec2fde6860186b3d45ac83890167258f83512955dbce65f072d4e8c310cb9de,0.37648844718933105,sleap-lablink-client-prod-vm-3,running,Healthy,0,1788390738.0,1788390767.0,1788390814.0,1788391004.0,1788390941.0,1788391018.0,296.0,1788390768.131762,1788391127.452474,1788391742.729919,i-04f09804c45834c8a
1788392055.929628,10,1,ghcr.io/talmolab/lablink-client-base-image:linux-amd64-test@sha256:1ec2fde6860186b3d45ac83890167258f83512955dbce65f072d4e8c310cb9de,0.37648844718933105,sleap-lablink-client-prod-vm-4,running,Healthy,0,1788390738.0,1788390767.0,1788390813.0,1788391010.0,1788390947.0,1788391022.0,301.0,1788390768.132688,1788391127.453282,1788391747.570198,i-0b5a2f80e58b1f49e
1788392055.929628,10,1,ghcr.io/talmolab/lablink-client-base-image:linux-amd64-test@sha256:1ec2fde6860186b3d45ac83890167258f83512955dbce65f072d4e8c310cb9de,0.37648844718933105,sleap-lablink-client-prod-vm-5,running,Healthy,0,1788390738.0,1788390767.0,1788390814.0,1788391012.0,1788390949.0,1788391024.0,302.0,1788390768.133418,1788391127.470972,1788391748.543962,i-011c62511afd69360
1788392055.929628,10,1,ghcr.io/talmolab/lablink-client-base-image:linux-amd64-test@sha256:1ec2fde6860186b3d45ac83890167258f83512955dbce65f072d4e8c310cb9de,0.37648844718933105,sleap-lablink-client-prod-vm-6,running,Healthy,0,1788390738.0,1788390767.0,1788390814.0,1788391011.0,1788390949.0,1788391022.0,299.0,1788390768.134149,1788391127.454231,1788391747.635328,i-0cceae5b4237000da
1788392055.929628,10,1,ghcr.io/talmolab/lablink-client-base-image:linux-amd64-test@sha256:1ec2fde6860186b3d45ac83890167258f83512955dbce65f072d4e8c310cb9de,0.37648844718933105,sleap-lablink-client-prod-vm-7,running,Healthy,0,1788390738.0,1788390767.0,1788390813.0,1788391004.0,1788390941.0,1788391016.0,295.0,1788390768.13509,1788391127.485072,1788391742.24548,i-04223bbc5c5f842c7
1788392055.929628,10,1,ghcr.io/talmolab/lablink-client-base-image:linux-amd64-test@sha256:1ec2fde6860186b3d45ac83890167258f83512955dbce65f072d4e8c310cb9de,0.37648844718933105,sleap-lablink-client-prod-vm-8,running,Healthy,0,1788390738.0,1788390767.0,1788390809.0,1788391003.0,1788390941.0,1788391017.0,299.0,1788390768.135877,1788391127.491438,1788391741.506624,i-0798ccd89f26d7cda
1788392055.929628,10,1,ghcr.io/talmolab/lablink-client-base-image:linux-amd64-test@sha256:1ec2fde6860186b3d45ac83890167258f83512955dbce65f072d4e8c310cb9de,0.37648844718933105,sleap-lablink-client-prod-vm-9,running,Healthy,0,1788390738.0,1788390767.0,1788390813.0,1788391010.0,1788390948.0,1788391021.0,299.0,1788390768.136603,1788391127.503832,1788391745.95919,i-0ae3bdc8eb0227987
