poll_epoch,arm_n,replicate,image_digest,operation_id,op_type,status,created_epoch,started_epoch,finished_epoch,error,resources_total,resources_completed
1788389408.469589,5,1,ghcr.io/talmolab/lablink-client-base-image:linux-amd64-test@sha256:1ec2fde6860186b3d45ac83890167258f83512955dbce65f072d4e8c310cb9de,1,apply,succeeded,1788380921.682491,1788380921.685047,1788380971.541328,,20,20
1788389408.469589,5,1,ghcr.io/talmolab/lablink-client-base-image:linux-amd64-test@sha256:1ec2fde6860186b3d45ac83890167258f83512955dbce65f072d4e8c310cb9de,2,destroy,succeeded,1788381612.379228,1788381612.381237,1788381939.351963,,20,20
1788389408.469589,5,1,ghcr.io/talmolab/lablink-client-base-image:linux-amd64-test@sha256:1ec2fde6860186b3d45ac83890167258f83512955dbce65f072d4e8c310cb9de,3,apply,succeeded,1788381976.63281,1788381976.63526,1788382026.043455,,20,20
1788389408.469589,5,1,ghcr.io/talmolab/lablink-client-base-image:linux-amd64-test@sha256:1ec2fde6860186b3d45ac83890167258f83512955dbce65f072d4e8c310cb9de,4,destroy,succeeded,1788382875.148234,1788382875.150169,1788383194.833905,,20,20
1788389408.469589,5,1,ghcr.io/talmolab/lablink-client-base-image:linux-amd64-test@sha256:1ec2fde6860186b3d45ac83890167258f83512955dbce65f072d4e8c310cb9de,5,apply,succeeded,1788383308.62635,1788383308.629388,1788383361.88001,,35,35
1788389408.469589,5,1,ghcr.io/talmolab/lablink-client-base-image:linux-amd64-test@sha256:1ec2fde6860186b3d45ac83890167258f83512955dbce65f072d4e8c310cb9de,6,destroy,succeeded,1788384337.446569,1788384337.448163,1788384657.690712,,35,35
1788389408.469589,5,1,ghcr.io/talmolab/lablink-client-base-image:linux-amd64-test@sha256:1ec2fde6860186b3d45ac83890167258f83512955dbce65f072d4e8c310cb9de,7,apply,succeeded,1788384727.528365,1788384727.530681,1788384808.61864,,95,95
1788389408.469589,5,1,ghcr.io/talmolab/lablink-client-base-image:linux-amd64-test@sha256:1ec2fde6860186b3d45ac83890167258f83512955dbce65f072d4e8c310cb9de,8,destroy,succeeded,1788385076.969534,1788385076.971902,1788385973.63117,,95,95
1788389408.469589,5,1,ghcr.io/talmolab/lablink-client-base-image:linux-amd64-test@sha256:1ec2fde6860186b3d45ac83890167258f83512955dbce65f072d4e8c310cb9de,9,apply,running,1788389407.309799,1788389407.313231,,,,
1788389413.661598,5,1,ghcr.io/talmolab/lablink-client-base-image:linux-amd64-test@sha256:1ec2fde6860186b3d45ac83890167258f83512955dbce65f072d4e8c310cb9de,1,apply,succeeded,1788380921.682491,1788380921.685047,1788380971.541328,,20,20
1788389413.661598,5,1,ghcr.io/talmolab/lablink-client-base-image:linux-amd64-test@sha256:1ec2fde6860186b3d45ac83890167258f83512955dbce65f072d4e8c310cb9de,2,destroy,succeeded,1788381612.379228,1788381612.381237,1788381939.351963,,20,20
1788389413.661598,5,1,ghcr.io/talmolab/lablink-client-base-image:linux-amd64-test@sha256:1ec2fde6860186b3d45ac83890167258f83512955dbce65f072d4e8c310cb9de,3,apply,succeeded,1788381976.63281,1788381976.63526,1788382026.043455,,20,20
1788389413.661598,5,1,ghcr.io/talmolab/lablink-client-base-image:linux-amd64-test@sha256:1ec2fde6860186b3d45ac83890167258f83512955dbce65f072d4e8c310cb9de,4,destroy,succeeded,1788382875.148234,1788382875.150169,1788383194.833905,,20,20
1788389413.661598,5,1,ghcr.io/talmolab/lablink-client-base-image:linux-amd64-test@sha256:1ec2fde6860186b3d45ac83890167258f83512955dbce65f072d4e8c310cb9de,5,apply,succeeded,1788383308.62635,1788383308.629388,1788383361.88001,,35,35
1788389413.661598,5,1,ghcr.io/talmolab/lablink-client-base-image:linux-amd64-test@sha256:1ec2fde6860186b3d45ac83890167258f83512955dbce65f072d4e8c310cb9de,6,destroy,succeeded,1788384337.446569,1788384337.448163,1788384657.690712,,35,35
1788389413.661598,5,1,ghcr.io/talmolab/lablink-client-base-image:linux-amd64-test@sha256:1ec2fde6860186b3d45ac83890167258f83512955dbce65f072d4e8c310cb9de,7,apply,succeeded,1788384727.528365,1788384727.530681,1788384808.61864,,95,95
1788389413.661598,5,1,ghcr.io/talmolab/lablink-client-base-image:linux-amd64-test@sha256:1ec2fde6860186b3d45ac83890167258f83512955dbce65f072d4e8c310cb9de,8,destroy,succeeded,1788385076.969534,1788385076.971902,1788385973.63117,,95,95
1788389413.661598,5,1,ghcr.io/talmolab/lablink-client-base-image:linux-amd64-test@sha256:1ec2fde6860186b3d45ac83890167258f83512955dbce65f072d4e8c310cb9de,9,apply,running,1788389407.309799,1788389407.313231,,,,
1788389418.4211788,5,1,ghcr.io/talmolab/lablink-client-base-image:linux-amd64-test@sha256:1ec2fde6860186b3d45ac83890167258f83512955dbce65f072d4e8c310cb9de,1,apply,succeeded,1788380921.682491,1788380921.685047,1788380971.541328,,20,20
1788389418.4211788,5,1,ghcr.io/talmolab/lablink-client-base-image:linux-amd64-test@sha256:1ec2fde6860186b3d45ac83890167258f83512955dbce65f072d4e8c310cb9de,2,destroy,succeeded,1788381612.379228,1788381612.381237,1788381939.351963,,20,20
1788389418.4211788,5,1,ghcr.io/talmolab/lablink-client-base-image:linux-amd64-test@sha256:1ec2fde6860186b3d45ac83890167258f83512955dbce65f072d4e8c310cb9de,3,apply,succeeded,1788381976.63281,1788381976.63526,1788382026.043455,,20,20
1788389418.4211788,5,1,ghcr.io/talmolab/lablink-client-base-image:linux-amd64-test@sha256:1ec2fde6860186b3d45ac83890167258f83512955dbce65f072d4e8c310cb9de,4,destroy,succeeded,1788382875.148234,1788382875.150169,1788383194.833905,,20,20
1788389418.4211788,5,1,ghcr.io/talmolab/lablink-client-base-image:linux-amd64-test@sha256:1ec2fde6860186b3d45ac83890167258f83512955dbce65f072d4e8c310cb9de,5,apply,succeeded,1788383308.62635,1788383308.629388,1788383361.88001,,35,35
1788389418.4211788,5,1,ghcr.io/talmolab/lablink-client-base-image:linux-amd64-test@sha256:1ec2fde6860186b3d45ac83890167258f83512955dbce65f072d4e8c310cb9de,6,destroy,succeeded,1788384337.446569,1788384337.448163,1788384657.690712,,35,35
1788389418.4211788,5,1,ghcr.io/talmolab/lablink-client-base-image:linux-amd64-test@sha256:1ec2fde6860186b3d45ac83890167258f83512955dbce65f072d4e8c310cb9de,7,apply,succeeded,1788384727.528365,1788384727.530681,1788384808.61864,,95,95
1788389418.4211788,5,1,ghcr.io/talmolab/lablink-client-base-image:linux-amd64-test@sha256:1ec2fde6860186b3d45ac83890167258f83512955dbce65f072d4e8c310cb9de,8,destroy,succeeded,1788385076.969534,1788385076.971902,1788385973.63117,,95,95
1788389418.4211788,5,1,ghcr.io/talmolab/lablink-client-base-image:linux-amd64-test@sha256:1ec2fde6860186b3d45ac83890167258f83512955dbce65f072d4e8c310cb9de,9,apply,running,1788389407.309799,1788389407.313231,,,,
1788389423.472102,5,1,ghcr.io/talmolab/lablink-client-base-image:linux-amd64-test@sha256:1ec2fde6860186b3d45ac83890167258f83512955dbce65f072d4e8c310cb9de,1,apply,succeeded,1788380921.682491,1788380921.685047,1788380971.541328,,20,20
1788389423.472102,5,1,ghcr.io/talmolab/lablink-client-base-image:linux-amd64-test@sha256:1ec2fde6860186b3d45ac83890167258f83512955dbce65f072d4e8c310cb9de,2,destroy,succeeded,1788381612.379228,1788381612.381237,1788381939.351963,,20,20
1788389423.472102,5,1,ghcr.io/talmolab/lablink-client-base-image:linux-amd64-test@sha256:1ec2fde6860186b3d45ac83890167258f83512955dbce65f072d4e8c310cb9de,3,apply,succeeded,1788381976.63281,1788381976.63526,1788382026.043455,,20,20
1788389423.472102,5,1,ghcr.io/talmolab/lablink-client-base-image:linux-amd64-test@sha256:1ec2fde6860186b3d45ac83890167258f83512955dbce65f072d4e8c310cb9de,4,destroy,succeeded,1788382875.148234,1788382875.150169,1788383194.833905,,20,20
1788389423.472102,5,1,ghcr.io/talmolab/lablink-client-base-image:linux-amd64-test@sha256:1ec2fde6860186b3d45ac83890167258f83512955dbce65f072d4e8c310cb9de,5,apply,succeeded,1788383308.62635,1788383308.629388,1788383361.88001,,35,35
1788389423.472102,5,1,ghcr.io/talmolab/lablink-client-base-image:linux-amd64-test@sha256:1ec2fde6860186b3d45ac83890167258f83512955dbce65f072d4e8c310cb9de,6,destroy,succeeded,1788384337.446569,1788384337.448163,1788384657.690712,,35,35
1788389423.472102,5,1,ghcr.io/talmolab/lablink-client-base-image:linux-amd64-test@sha256:1ec2fde6860186b3d45ac83890167258f83512955dbce65f072d4e8c310cb9de,7,apply,succeeded,1788384727.528365,1788384727.530681,1788384808.61864,,95,95
1788389423.472102,5,1,ghcr.io/talmolab/lablink-client-base-image:linux-amd64-test@sha256:1ec2fde6860186b3d45ac83890167258f83512955dbce65f072d4e8c310cb9de,8,destroy,succeeded,1788385076.969534,1788385076.971902,1788385973.63117,,95,95
1788389423.472102,5,1,ghcr.io/talmolab/lablink-client-base-image:linux-amd64-test@sha256:1ec2fde6860186b3d45ac83890167258f83512955dbce65f072d4e8c310cb9de,9,apply,running,1788389407.309799,1788389407.313231,,,,
1788389428.506623,5,1,ghcr.io/talmolab/lablink-client-base-image:linux-amd64-test@sha256:1ec2fde6860186b3d45ac83890167258f83512955dbce65f072d4e8c310cb9de,1,apply,succeeded,1788380921.682491,1788380921.685047,1788380971.541328,,20,20
1788389428.506623,5,1,ghcr.io/talmolab/lablink-client-base-image:linux-amd64-test@sha256:1ec2fde6860186b3d45ac83890167258f83512955dbce65f072d4e8c310cb9de,2,destroy,succeeded,1788381612.379228,1788381612.381237,1788381939.351963,,20,20
1788389428.506623,5,1,ghcr.io/talmolab/lablink-client-base-image:linux-amd64-test@sha256:1ec2fde6860186b3d45ac83890167258f83512955dbce65f072d4e8c310cb9de,3,apply,succeeded,1788381976.63281,1788381976.63526,1788382026.043455,,20,20
1788389428.506623,5,1,ghcr.io/talmolab/lablink-client-base-image:linux-amd64-test@sha256:1ec2fde6860186b3d45ac83890167258f83512955dbce65f072d4e8c310cb9de,4,destroy,succeeded,1788382875.148234,1788382875.150169,1788383194.833905,,20,20
1788389428.506623,5,1,ghcr.io/talmolab/lablink-client-base-image:linux-amd64-test@sha256:1ec2fde6860186b3d45ac83890167258f83512955dbce65f072d4e8c310cb9de,5,apply,succeeded,1788383308.62635,1788383308.629388,1788383361.88001,,35,35
1788389428.506623,5,1,ghcr.io/talmolab/lablink-client-base-image:linux-amd64-test@sha256:1ec2fde6860186b3d45ac83890167258f83512955dbce65f072d4e8c310cb9de,6,destroy,succeeded,1788384337.446569,1788384337.448163,1788384657.690712,,35,35
1788389428.506623,5,1,ghcr.io/talmolab/lablink-client-base-image:linux-amd64-test@sha256:1ec2fde6860186b3d45ac83890167258f83512955dbce65f072d4e8c310cb9de,7,apply,succeeded,1788384727.528365,1788384727.530681,1788384808.61864,,95,95
1788389428.506623,5,1,ghcr.io/talmolab/lablink-client-base-image:linux-amd64-test@sha256:1ec2fde6860186b3d45ac83890167258f83512955dbce65f072d4e8c310cb9de,8,destroy,succeeded,1788385076.969534,1788385076.971902,1788385973.63117,,95,95
1788389428.506623,5,1,ghcr.io/talmolab/lablink-client-base-image:linux-amd64-test@sha256:1ec2fde6860186b3d45ac83890167258f83512955dbce65f072d4e8c310cb9de,9,apply,running,1788389407.309799,1788389407.313231,,,20,0
1788389433.2453399,5,1,ghcr.io/talmolab/lablink-client-base-image:linux-amd64-test@sha256:1ec2fde6860186b3d45ac83890167258f83512955dbce65f072d4e8c310cb9de,1,apply,succeeded,1788380921.682491,1788380921.685047,1788380971.541328,,20,20
1788389433.2453399,5,1,ghcr.io/talmolab/lablink-client-base-image:linux-amd64-test@sha256:1ec2fde6860186b3d45ac83890167258f83512955dbce65f072d4e8c310cb9de,2,destroy,succeeded,1788381612.379228,1788381612.381237,1788381939.351963,,20,20
1788389433.2453399,5,1,ghcr.io/talmolab/lablink-client-base-image:linux-amd64-test@sha256:1ec2fde6860186b3d45ac83890167258f83512955dbce65f072d4e8c310cb9de,3,apply,succeeded,1788381976.63281,1788381976.63526,1788382026.043455,,20,20
1788389433.2453399,5,1,ghcr.io/talmolab/lablink-client-base-image:linux-amd64-test@sha256:1ec2fde6860186b3d45ac83890167258f83512955dbce65f072d4e8c310cb9de,4,destroy,succeeded,1788382875.148234,1788382875.150169,1788383194.833905,,20,20
1788389433.2453399,5,1,ghcr.io/talmolab/lablink-client-base-image:linux-amd64-test@sha256:1ec2fde6860186b3d45ac83890167258f83512955dbce65f072d4e8c310cb9de,5,apply,succeeded,1788383308.62635,1788383308.629388,1788383361.88001,,35,35
1788389433.2453399,5,1,ghcr.io/talmolab/lablink-client-base-image:linux-amd64-test@sha256:1ec2fde6860186b3d45ac83890167258f83512955dbce65f072d4e8c310cb9de,6,destroy,succeeded,1788384337.446569,1788384337.448163,1788384657.690712,,35,35
1788389433.2453399,5,1,ghcr.io/talmolab/lablink-client-base-image:linux-amd64-test@sha256:1ec2fde6860186b3d45ac83890167258f83512955dbce65f072d4e8c310cb9de,7,apply,succeeded,1788384727.528365,1788384727.530681,1788384808.61864,,95,95
1788389433.2453399,5,1,ghcr.io/talmolab/lablink-client-base-image:linux-amd64-test@sha256:1ec2fde6860186b3d45ac83890167258f83512955dbce65f072d4e8c310cb9de,8,destroy,succeeded,1788385076.969534,1788385076.971902,1788385973.63117,,95,95
1788389433.2453399,5,1,ghcr.io/talmolab/lablink-client-base-image:linux-amd64-test@sha256:1ec2fde6860186b3d45ac83890167258f83512955dbce65f072d4e8c310cb9de,9,apply,running,1788389407.309799,1788389407.313231,,,20,8
1788389438.340231,5,1,ghcr.io/talmolab/lablink-client-base-image:linux-amd64-test@sha256:1ec2fde6860186b3d45ac83890167258f83512955dbce65f072d4e8c310cb9de,1,apply,succeeded,1788380921.682491,1788380921.685047,1788380971.541328,,20,20
1788389438.340231,5,1,ghcr.io/talmolab/lablink-client-base-image:linux-amd64-test@sha256:1ec2fde6860186b3d45ac83890167258f83512955dbce65f072d4e8c310cb9de,2,destroy,succeeded,1788381612.379228,1788381612.381237,1788381939.351963,,20,20
1788389438.340231,5,1,ghcr.io/talmolab/lablink-client-base-image:linux-amd64-test@sha256:1ec2fde6860186b3d45ac83890167258f83512955dbce65f072d4e8c310cb9de,3,apply,succeeded,1788381976.63281,1788381976.63526,1788382026.043455,,20,20
1788389438.340231,5,1,ghcr.io/talmolab/lablink-client-base-image:linux-amd64-test@sha256:1ec2fde6860186b3d45ac83890167258f83512955dbce65f072d4e8c310cb9de,4,destroy,succeeded,1788382875.148234,1788382875.150169,1788383194.833905,,20,20
1788389438.340231,5,1,ghcr.io/talmolab/lablink-client-base-image:linux-amd64-test@sha256:1ec2fde6860186b3d45ac83890167258f83512955dbce65f072d4e8c310cb9de,5,apply,succeeded,1788383308.62635,1788383308.629388,1788383361.88001,,35,35
1788389438.340231,5,1,ghcr.io/talmolab/lablink-client-base-image:linux-amd64-test@sha256:1ec2fde6860186b3d45ac83890167258f83512955dbce65f072d4e8c310cb9de,6,destroy,succeeded,1788384337.446569,1788384337.448163,1788384657.690712,,35,35
1788389438.340231,5,1,ghcr.io/talmolab/lablink-client-base-image:linux-amd64-test@sha256:1ec2fde6860186b3d45ac83890167258f83512955dbce65f072d4e8c310cb9de,7,apply,succeeded,1788384727.528365,1788384727.530681,1788384808.61864,,95,95
1788389438.340231,5,1,ghcr.io/talmolab/lablink-client-base-image:linux-amd64-test@sha256:1ec2fde6860186b3d45ac83890167258f83512955dbce65f072d4e8c310cb9de,8,destroy,succeeded,1788385076.969534,1788385076.971902,1788385973.63117,,95,95
1788389438.340231,5,1,ghcr.io/talmolab/lablink-client-base-image:linux-amd64-test@sha256:1ec2fde6860186b3d45ac83890167258f83512955dbce65f072d4e8c310cb9de,9,apply,running,1788389407.309799,1788389407.313231,,,20,10
1788389443.239578,5,1,ghcr.io/talmolab/lablink-client-base-image:linux-amd64-test@sha256:1ec2fde6860186b3d45ac83890167258f83512955dbce65f072d4e8c310cb9de,1,apply,succeeded,1788380921.682491,1788380921.685047,1788380971.541328,,20,20
1788389443.239578,5,1,ghcr.io/talmolab/lablink-client-base-image:linux-amd64-test@sha256:1ec2fde6860186b3d45ac83890167258f83512955dbce65f072d4e8c310cb9de,2,destroy,succeeded,1788381612.379228,1788381612.381237,1788381939.351963,,20,20
1788389443.239578,5,1,ghcr.io/talmolab/lablink-client-base-image:linux-amd64-test@sha256:1ec2fde6860186b3d45ac83890167258f83512955dbce65f072d4e8c310cb9de,3,apply,succeeded,1788381976.63281,1788381976.63526,1788382026.043455,,20,20
1788389443.239578,5,1,ghcr.io/talmolab/lablink-client-base-image:linux-amd64-test@sha256:1ec2fde6860186b3d45ac83890167258f83512955dbce65f072d4e8c310cb9de,4,destroy,succeeded,1788382875.148234,1788382875.150169,1788383194.833905,,20,20
1788389443.239578,5,1,ghcr.io/talmolab/lablink-client-base-image:linux-amd64-test@sha256:1ec2fde6860186b3d45ac83890167258f83512955dbce65f072d4e8c310cb9de,5,apply,succeeded,1788383308.62635,1788383308.629388,1788383361.88001,,35,35
1788389443.239578,5,1,ghcr.io/talmolab/lablink-client-base-image:linux-amd64-test@sha256:1ec2fde6860186b3d45ac83890167258f83512955dbce65f072d4e8c310cb9de,6,destroy,succeeded,1788384337.446569,1788384337.448163,1788384657.690712,,35,35
1788389443.239578,5,1,ghcr.io/talmolab/lablink-client-base-image:linux-amd64-test@sha256:1ec2fde6860186b3d45ac83890167258f83512955dbce65f072d4e8c310cb9de,7,apply,succeeded,1788384727.528365,1788384727.530681,1788384808.61864,,95,95
1788389443.239578,5,1,ghcr.io/talmolab/lablink-client-base-image:linux-amd64-test@sha256:1ec2fde6860186b3d45ac83890167258f83512955dbce65f072d4e8c310cb9de,8,destroy,succeeded,1788385076.969534,1788385076.971902,1788385973.63117,,95,95
1788389443.239578,5,1,ghcr.io/talmolab/lablink-client-base-image:linux-amd64-test@sha256:1ec2fde6860186b3d45ac83890167258f83512955dbce65f072d4e8c310cb9de,9,apply,running,1788389407.309799,1788389407.313231,,,20,10
1788389448.2988071,5,1,ghcr.io/talmolab/lablink-client-base-image:linux-amd64-test@sha256:1ec2fde6860186b3d45ac83890167258f83512955dbce65f072d4e8c310cb9de,1,apply,succeeded,1788380921.682491,1788380921.685047,1788380971.541328,,20,20
1788389448.2988071,5,1,ghcr.io/talmolab/lablink-client-base-image:linux-amd64-test@sha256:1ec2fde6860186b3d45ac83890167258f83512955dbce65f072d4e8c310cb9de,2,destroy,succeeded,1788381612.379228,1788381612.381237,1788381939.351963,,20,20
1788389448.2988071,5,1,ghcr.io/talmolab/lablink-client-base-image:linux-amd64-test@sha256:1ec2fde6860186b3d45ac83890167258f83512955dbce65f072d4e8c310cb9de,3,apply,succeeded,1788381976.63281,1788381976.63526,1788382026.043455,,20,20
1788389448.2988071,5,1,ghcr.io/talmolab/lablink-client-base-image:linux-amd64-test@sha256:1ec2fde6860186b3d45ac83890167258f83512955dbce65f072d4e8c310cb9de,4,destroy,succeeded,1788382875.148234,1788382875.150169,1788383194.833905,,20,20
1788389448.2988071,5,1,ghcr.io/talmolab/lablink-client-base-image:linux-amd64-test@sha256:1ec2fde6860186b3d45ac83890167258f83512955dbce65f072d4e8c310cb9de,5,apply,succeeded,1788383308.62635,1788383308.629388,1788383361.88001,,35,35
1788389448.2988071,5,1,ghcr.io/talmolab/lablink-client-base-image:linux-amd64-test@sha256:1ec2fde6860186b3d45ac83890167258f83512955dbce65f072d4e8c310cb9de,6,destroy,succeeded,1788384337.446569,1788384337.448163,1788384657.690712,,35,35
1788389448.2988071,5,1,ghcr.io/talmolab/lablink-client-base-image:linux-amd64-test@sha256:1ec2fde6860186b3d45ac83890167258f83512955dbce65f072d4e8c310cb9de,7,apply,succeeded,1788384727.528365,1788384727.530681,1788384808.61864,,95,95
1788389448.2988071,5,1,ghcr.io/talmolab/lablink-client-base-image:linux-amd64-test@sha256:1ec2fde6860186b3d45ac83890167258f83512955dbce65f072d4e8c310cb9de,8,destroy,succeeded,1788385076.969534,1788385076.971902,1788385973.63117,,95,95
1788389448.2988071,5,1,ghcr.io/talmolab/lablink-client-base-image:linux-amd64-test@sha256:1ec2fde6860186b3d45ac83890167258f83512955dbce65f072d4e8c310cb9de,9,apply,running,1788389407.309799,1788389407.313231,,,20,10
1788389453.211137,5,1,ghcr.io/talmolab/lablink-client-base-image:linux-amd64-test@sha256:1ec2fde6860186b3d45ac83890167258f83512955dbce65f072d4e8c310cb9de,1,apply,succeeded,1788380921.682491,1788380921.685047,1788380971.541328,,20,20
1788389453.211137,5,1,ghcr.io/talmolab/lablink-client-base-image:linux-amd64-test@sha256:1ec2fde6860186b3d45ac83890167258f83512955dbce65f072d4e8c310cb9de,2,destroy,succeeded,1788381612.379228,1788381612.381237,1788381939.351963,,20,20
1788389453.211137,5,1,ghcr.io/talmolab/lablink-client-base-image:linux-amd64-test@sha256:1ec2fde6860186b3d45ac83890167258f83512955dbce65f072d4e8c310cb9de,3,apply,succeeded,1788381976.63281,1788381976.63526,1788382026.043455,,20,20
1788389453.211137,5,1,ghcr.io/talmolab/lablink-client-base-image:linux-amd64-test@sha256:1ec2fde6860186b3d45ac83890167258f83512955dbce65f072d4e8c310cb9de,4,destroy,succeeded,1788382875.148234,1788382875.150169,1788383194.833905,,20,20
1788389453.211137,5,1,ghcr.io/talmolab/lablink-client-base-image:linux-amd64-test@sha256:1ec2fde6860186b3d45ac83890167258f83512955dbce65f072d4e8c310cb9de,5,apply,succeeded,1788383308.62635,1788383308.629388,1788383361.88001,,35,35
1788389453.211137,5,1,ghcr.io/talmolab/lablink-client-base-image:linux-amd64-test@sha256:1ec2fde6860186b3d45ac83890167258f83512955dbce65f072d4e8c310cb9de,6,destroy,succeeded,1788384337.446569,1788384337.448163,1788384657.690712,,35,35
1788389453.211137,5,1,ghcr.io/talmolab/lablink-client-base-image:linux-amd64-test@sha256:1ec2fde6860186b3d45ac83890167258f83512955dbce65f072d4e8c310cb9de,7,apply,succeeded,1788384727.528365,1788384727.530681,1788384808.61864,,95,95
1788389453.211137,5,1,ghcr.io/talmolab/lablink-client-base-image:linux-amd64-test@sha256:1ec2fde6860186b3d45ac83890167258f83512955dbce65f072d4e8c310cb9de,8,destroy,succeeded,1788385076.969534,1788385076.971902,1788385973.63117,,95,95
1788389453.211137,5,1,ghcr.io/talmolab/lablink-client-base-image:linux-amd64-test@sha256:1ec2fde6860186b3d45ac83890167258f83512955dbce65f072d4e8c310cb9de,9,apply,running,1788389407.309799,1788389407.313231,,,20,13
1788389458.2232409,5,1,ghcr.io/talmolab/lablink-client-base-image:linux-amd64-test@sha256:1ec2fde6860186b3d45ac83890167258f83512955dbce65f072d4e8c310cb9de,1,apply,succeeded,1788380921.682491,1788380921.685047,1788380971.541328,,20,20
1788389458.2232409,5,1,ghcr.io/talmolab/lablink-client-base-image:linux-amd64-test@sha256:1ec2fde6860186b3d45ac83890167258f83512955dbce65f072d4e8c310cb9de,2,destroy,succeeded,1788381612.379228,1788381612.381237,1788381939.351963,,20,20
1788389458.2232409,5,1,ghcr.io/talmolab/lablink-client-base-image:linux-amd64-test@sha256:1ec2fde6860186b3d45ac83890167258f83512955dbce65f072d4e8c310cb9de,3,apply,succeeded,1788381976.63281,1788381976.63526,1788382026.043455,,20,20
1788389458.2232409,5,1,ghcr.io/talmolab/lablink-client-base-image:linux-amd64-test@sha256:1ec2fde6860186b3d45ac83890167258f83512955dbce65f072d4e8c310cb9de,4,destroy,succeeded,1788382875.148234,1788382875.150169,1788383194.833905,,20,20
1788389458.2232409,5,1,ghcr.io/talmolab/lablink-client-base-image:linux-amd64-test@sha256:1ec2fde6860186b3d45ac83890167258f83512955dbce65f072d4e8c310cb9de,5,apply,succeeded,1788383308.62635,1788383308.629388,1788383361.88001,,35,35
1788389458.2232409,5,1,ghcr.io/talmolab/lablink-client-base-image:linux-amd64-test@sha256:1ec2fde6860186b3d45ac83890167258f83512955dbce65f072d4e8c310cb9de,6,destroy,succeeded,1788384337.446569,1788384337.448163,1788384657.690712,,35,35
1788389458.2232409,5,1,ghcr.io/talmolab/lablink-client-base-image:linux-amd64-test@sha256:1ec2fde6860186b3d45ac83890167258f83512955dbce65f072d4e8c310cb9de,7,apply,succeeded,1788384727.528365,1788384727.530681,1788384808.61864,,95,95
1788389458.2232409,5,1,ghcr.io/talmolab/lablink-client-base-image:linux-amd64-test@sha256:1ec2fde6860186b3d45ac83890167258f83512955dbce65f072d4e8c310cb9de,8,destroy,succeeded,1788385076.969534,1788385076.971902,1788385973.63117,,95,95
1788389458.2232409,5,1,ghcr.io/talmolab/lablink-client-base-image:linux-amd64-test@sha256:1ec2fde6860186b3d45ac83890167258f83512955dbce65f072d4e8c310cb9de,9,apply,succeeded,1788389407.309799,1788389407.313231,1788389454.98231,,20,20
1788389463.24619,5,1,ghcr.io/talmolab/lablink-client-base-image:linux-amd64-test@sha256:1ec2fde6860186b3d45ac83890167258f83512955dbce65f072d4e8c310cb9de,1,apply,succeeded,1788380921.682491,1788380921.685047,1788380971.541328,,20,20
1788389463.24619,5,1,ghcr.io/talmolab/lablink-client-base-image:linux-amd64-test@sha256:1ec2fde6860186b3d45ac83890167258f83512955dbce65f072d4e8c310cb9de,2,destroy,succeeded,1788381612.379228,1788381612.381237,1788381939.351963,,20,20
1788389463.24619,5,1,ghcr.io/talmolab/lablink-client-base-image:linux-amd64-test@sha256:1ec2fde6860186b3d45ac83890167258f83512955dbce65f072d4e8c310cb9de,3,apply,succeeded,1788381976.63281,1788381976.63526,1788382026.043455,,20,20
1788389463.24619,5,1,ghcr.io/talmolab/lablink-client-base-image:linux-amd64-test@sha256:1ec2fde6860186b3d45ac83890167258f83512955dbce65f072d4e8c310cb9de,4,destroy,succeeded,1788382875.148234,1788382875.150169,1788383194.833905,,20,20
1788389463.24619,5,1,ghcr.io/talmolab/lablink-client-base-image:linux-amd64-test@sha256:1ec2fde6860186b3d45ac83890167258f83512955dbce65f072d4e8c310cb9de,5,apply,succeeded,1788383308.62635,1788383308.629388,1788383361.88001,,35,35
1788389463.24619,5,1,ghcr.io/talmolab/lablink-client-base-image:linux-amd64-test@sha256:1ec2fde6860186b3d45ac83890167258f83512955dbce65f072d4e8c310cb9de,6,destroy,succeeded,1788384337.446569,1788384337.448163,1788384657.690712,,35,35
1788389463.24619,5,1,ghcr.io/talmolab/lablink-client-base-image:linux-amd64-test@sha256:1ec2fde6860186b3d45ac83890167258f83512955dbce65f072d4e8c310cb9de,7,apply,succeeded,1788384727.528365,1788384727.530681,1788384808.61864,,95,95
1788389463.24619,5,1,ghcr.io/talmolab/lablink-client-base-image:linux-amd64-test@sha256:1ec2fde6860186b3d45ac83890167258f83512955dbce65f072d4e8c310cb9de,8,destroy,succeeded,1788385076.969534,1788385076.971902,1788385973.63117,,95,95
1788389463.24619,5,1,ghcr.io/talmolab/lablink-client-base-image:linux-amd64-test@sha256:1ec2fde6860186b3d45ac83890167258f83512955dbce65f072d4e8c310cb9de,9,apply,succeeded,1788389407.309799,1788389407.313231,1788389454.98231,,20,20
1788389468.710937,5,1,ghcr.io/talmolab/lablink-client-base-image:linux-amd64-test@sha256:1ec2fde6860186b3d45ac83890167258f83512955dbce65f072d4e8c310cb9de,1,apply,succeeded,1788380921.682491,1788380921.685047,1788380971.541328,,20,20
1788389468.710937,5,1,ghcr.io/talmolab/lablink-client-base-image:linux-amd64-test@sha256:1ec2fde6860186b3d45ac83890167258f83512955dbce65f072d4e8c310cb9de,2,destroy,succeeded,1788381612.379228,1788381612.381237,1788381939.351963,,20,20
1788389468.710937,5,1,ghcr.io/talmolab/lablink-client-base-image:linux-amd64-test@sha256:1ec2fde6860186b3d45ac83890167258f83512955dbce65f072d4e8c310cb9de,3,apply,succeeded,1788381976.63281,1788381976.63526,1788382026.043455,,20,20
1788389468.710937,5,1,ghcr.io/talmolab/lablink-client-base-image:linux-amd64-test@sha256:1ec2fde6860186b3d45ac83890167258f83512955dbce65f072d4e8c310cb9de,4,destroy,succeeded,1788382875.148234,1788382875.150169,1788383194.833905,,20,20
1788389468.710937,5,1,ghcr.io/talmolab/lablink-client-base-image:linux-amd64-test@sha256:1ec2fde6860186b3d45ac83890167258f83512955dbce65f072d4e8c310cb9de,5,apply,succeeded,1788383308.62635,1788383308.629388,1788383361.88001,,35,35
1788389468.710937,5,1,ghcr.io/talmolab/lablink-client-base-image:linux-amd64-test@sha256:1ec2fde6860186b3d45ac83890167258f83512955dbce65f072d4e8c310cb9de,6,destroy,succeeded,1788384337.446569,1788384337.448163,1788384657.690712,,35,35
1788389468.710937,5,1,ghcr.io/talmolab/lablink-client-base-image:linux-amd64-test@sha256:1ec2fde6860186b3d45ac83890167258f83512955dbce65f072d4e8c310cb9de,7,apply,succeeded,1788384727.528365,1788384727.530681,1788384808.61864,,95,95
1788389468.710937,5,1,ghcr.io/talmolab/lablink-client-base-image:linux-amd64-test@sha256:1ec2fde6860186b3d45ac83890167258f83512955dbce65f072d4e8c310cb9de,8,destroy,succeeded,1788385076.969534,1788385076.971902,1788385973.63117,,95,95
1788389468.710937,5,1,ghcr.io/talmolab/lablink-client-base-image:linux-amd64-test@sha256:1ec2fde6860186b3d45ac83890167258f83512955dbce65f072d4e8c310cb9de,9,apply,succeeded,1788389407.309799,1788389407.313231,1788389454.98231,,20,20
1788389473.132558,5,1,ghcr.io/talmolab/lablink-client-base-image:linux-amd64-test@sha256:1ec2fde6860186b3d45ac83890167258f83512955dbce65f072d4e8c310cb9de,1,apply,succeeded,1788380921.682491,1788380921.685047,1788380971.541328,,20,20
1788389473.132558,5,1,ghcr.io/talmolab/lablink-client-base-image:linux-amd64-test@sha256:1ec2fde6860186b3d45ac83890167258f83512955dbce65f072d4e8c310cb9de,2,destroy,succeeded,1788381612.379228,1788381612.381237,1788381939.351963,,20,20
1788389473.132558,5,1,ghcr.io/talmolab/lablink-client-base-image:linux-amd64-test@sha256:1ec2fde6860186b3d45ac83890167258f83512955dbce65f072d4e8c310cb9de,3,apply,succeeded,1788381976.63281,1788381976.63526,1788382026.043455,,20,20
1788389473.132558,5,1,ghcr.io/talmolab/lablink-client-base-image:linux-amd64-test@sha256:1ec2fde6860186b3d45ac83890167258f83512955dbce65f072d4e8c310cb9de,4,destroy,succeeded,1788382875.148234,1788382875.150169,1788383194.833905,,20,20
1788389473.132558,5,1,ghcr.io/talmolab/lablink-client-base-image:linux-amd64-test@sha256:1ec2fde6860186b3d45ac83890167258f83512955dbce65f072d4e8c310cb9de,5,apply,succeeded,1788383308.62635,1788383308.629388,1788383361.88001,,35,35
1788389473.132558,5,1,ghcr.io/talmolab/lablink-client-base-image:linux-amd64-test@sha256:1ec2fde6860186b3d45ac83890167258f83512955dbce65f072d4e8c310cb9de,6,destroy,succeeded,1788384337.446569,1788384337.448163,1788384657.690712,,35,35
1788389473.132558,5,1,ghcr.io/talmolab/lablink-client-base-image:linux-amd64-test@sha256:1ec2fde6860186b3d45ac83890167258f83512955dbce65f072d4e8c310cb9de,7,apply,succeeded,1788384727.528365,1788384727.530681,1788384808.61864,,95,95
1788389473.132558,5,1,ghcr.io/talmolab/lablink-client-base-image:linux-amd64-test@sha256:1ec2fde6860186b3d45ac83890167258f83512955dbce65f072d4e8c310cb9de,8,destroy,succeeded,1788385076.969534,1788385076.971902,1788385973.63117,,95,95
1788389473.132558,5,1,ghcr.io/talmolab/lablink-client-base-image:linux-amd64-test@sha256:1ec2fde6860186b3d45ac83890167258f83512955dbce65f072d4e8c310cb9de,9,apply,succeeded,1788389407.309799,1788389407.313231,1788389454.98231,,20,20
1788389478.368551,5,1,ghcr.io/talmolab/lablink-client-base-image:linux-amd64-test@sha256:1ec2fde6860186b3d45ac83890167258f83512955dbce65f072d4e8c310cb9de,1,apply,succeeded,1788380921.682491,1788380921.685047,1788380971.541328,,20,20
1788389478.368551,5,1,ghcr.io/talmolab/lablink-client-base-image:linux-amd64-test@sha256:1ec2fde6860186b3d45ac83890167258f83512955dbce65f072d4e8c310cb9de,2,destroy,succeeded,1788381612.379228,1788381612.381237,1788381939.351963,,20,20
1788389478.368551,5,1,ghcr.io/talmolab/lablink-client-base-image:linux-amd64-test@sha256:1ec2fde6860186b3d45ac83890167258f83512955dbce65f072d4e8c310cb9de,3,apply,succeeded,1788381976.63281,1788381976.63526,1788382026.043455,,20,20
1788389478.368551,5,1,ghcr.io/talmolab/lablink-client-base-image:linux-amd64-test@sha256:1ec2fde6860186b3d45ac83890167258f83512955dbce65f072d4e8c310cb9de,4,destroy,succeeded,1788382875.148234,1788382875.150169,1788383194.833905,,20,20
1788389478.368551,5,1,ghcr.io/talmolab/lablink-client-base-image:linux-amd64-test@sha256:1ec2fde6860186b3d45ac83890167258f83512955dbce65f072d4e8c310cb9de,5,apply,succeeded,1788383308.62635,1788383308.629388,1788383361.88001,,35,35
1788389478.368551,5,1,ghcr.io/talmolab/lablink-client-base-image:linux-amd64-test@sha256:1ec2fde6860186b3d45ac83890167258f83512955dbce65f072d4e8c310cb9de,6,destroy,succeeded,1788384337.446569,1788384337.448163,1788384657.690712,,35,35
1788389478.368551,5,1,ghcr.io/talmolab/lablink-client-base-image:linux-amd64-test@sha256:1ec2fde6860186b3d45ac83890167258f83512955dbce65f072d4e8c310cb9de,7,apply,succeeded,1788384727.528365,1788384727.530681,1788384808.61864,,95,95
1788389478.368551,5,1,ghcr.io/talmolab/lablink-client-base-image:linux-amd64-test@sha256:1ec2fde6860186b3d45ac83890167258f83512955dbce65f072d4e8c310cb9de,8,destroy,succeeded,1788385076.969534,1788385076.971902,1788385973.63117,,95,95
1788389478.368551,5,1,ghcr.io/talmolab/lablink-client-base-image:linux-amd64-test@sha256:1ec2fde6860186b3d45ac83890167258f83512955dbce65f072d4e8c310cb9de,9,apply,succeeded,1788389407.309799,1788389407.313231,1788389454.98231,,20,20
1788389483.391467,5,1,ghcr.io/talmolab/lablink-client-base-image:linux-amd64-test@sha256:1ec2fde6860186b3d45ac83890167258f83512955dbce65f072d4e8c310cb9de,1,apply,succeeded,1788380921.682491,1788380921.685047,1788380971.541328,,20,20
1788389483.391467,5,1,ghcr.io/talmolab/lablink-client-base-image:linux-amd64-test@sha256:1ec2fde6860186b3d45ac83890167258f83512955dbce65f072d4e8c310cb9de,2,destroy,succeeded,1788381612.379228,1788381612.381237,1788381939.351963,,20,20
1788389483.391467,5,1,ghcr.io/talmolab/lablink-client-base-image:linux-amd64-test@sha256:1ec2fde6860186b3d45ac83890167258f83512955dbce65f072d4e8c310cb9de,3,apply,succeeded,1788381976.63281,1788381976.63526,1788382026.043455,,20,20
1788389483.391467,5,1,ghcr.io/talmolab/lablink-client-base-image:linux-amd64-test@sha256:1ec2fde6860186b3d45ac83890167258f83512955dbce65f072d4e8c310cb9de,4,destroy,succeeded,1788382875.148234,1788382875.150169,1788383194.833905,,20,20
1788389483.391467,5,1,ghcr.io/talmolab/lablink-client-base-image:linux-amd64-test@sha256:1ec2fde6860186b3d45ac83890167258f83512955dbce65f072d4e8c310cb9de,5,apply,succeeded,1788383308.62635,1788383308.629388,1788383361.88001,,35,35
1788389483.391467,5,1,ghcr.io/talmolab/lablink-client-base-image:linux-amd64-test@sha256:1ec2fde6860186b3d45ac83890167258f83512955dbce65f072d4e8c310cb9de,6,destroy,succeeded,1788384337.446569,1788384337.448163,1788384657.690712,,35,35
1788389483.391467,5,1,ghcr.io/talmolab/lablink-client-base-image:linux-amd64-test@sha256:1ec2fde6860186b3d45ac83890167258f83512955dbce65f072d4e8c310cb9de,7,apply,succeeded,1788384727.528365,1788384727.530681,1788384808.61864,,95,95
1788389483.391467,5,1,ghcr.io/talmolab/lablink-client-base-image:linux-amd64-test@sha256:1ec2fde6860186b3d45ac83890167258f83512955dbce65f072d4e8c310cb9de,8,destroy,succeeded,1788385076.969534,1788385076.971902,1788385973.63117,,95,95
1788389483.391467,5,1,ghcr.io/talmolab/lablink-client-base-image:linux-amd64-test@sha256:1ec2fde6860186b3d45ac83890167258f83512955dbce65f072d4e8c310cb9de,9,apply,succeeded,1788389407.309799,1788389407.313231,1788389454.98231,,20,20
1788389488.333259,5,1,ghcr.io/talmolab/lablink-client-base-image:linux-amd64-test@sha256:1ec2fde6860186b3d45ac83890167258f83512955dbce65f072d4e8c310cb9de,1,apply,succeeded,1788380921.682491,1788380921.685047,1788380971.541328,,20,20
1788389488.333259,5,1,ghcr.io/talmolab/lablink-client-base-image:linux-amd64-test@sha256:1ec2fde6860186b3d45ac83890167258f83512955dbce65f072d4e8c310cb9de,2,destroy,succeeded,1788381612.379228,1788381612.381237,1788381939.351963,,20,20
1788389488.333259,5,1,ghcr.io/talmolab/lablink-client-base-image:linux-amd64-test@sha256:1ec2fde6860186b3d45ac83890167258f83512955dbce65f072d4e8c310cb9de,3,apply,succeeded,1788381976.63281,1788381976.63526,1788382026.043455,,20,20
1788389488.333259,5,1,ghcr.io/talmolab/lablink-client-base-image:linux-amd64-test@sha256:1ec2fde6860186b3d45ac83890167258f83512955dbce65f072d4e8c310cb9de,4,destroy,succeeded,1788382875.148234,1788382875.150169,1788383194.833905,,20,20
1788389488.333259,5,1,ghcr.io/talmolab/lablink-client-base-image:linux-amd64-test@sha256:1ec2fde6860186b3d45ac83890167258f83512955dbce65f072d4e8c310cb9de,5,apply,succeeded,1788383308.62635,1788383308.629388,1788383361.88001,,35,35
1788389488.333259,5,1,ghcr.io/talmolab/lablink-client-base-image:linux-amd64-test@sha256:1ec2fde6860186b3d45ac83890167258f83512955dbce65f072d4e8c310cb9de,6,destroy,succeeded,1788384337.446569,1788384337.448163,1788384657.690712,,35,35
1788389488.333259,5,1,ghcr.io/talmolab/lablink-client-base-image:linux-amd64-test@sha256:1ec2fde6860186b3d45ac83890167258f83512955dbce65f072d4e8c310cb9de,7,apply,succeeded,1788384727.528365,1788384727.530681,1788384808.61864,,95,95
1788389488.333259,5,1,ghcr.io/talmolab/lablink-client-base-image:linux-amd64-test@sha256:1ec2fde6860186b3d45ac83890167258f83512955dbce65f072d4e8c310cb9de,8,destroy,succeeded,1788385076.969534,1788385076.971902,1788385973.63117,,95,95
1788389488.333259,5,1,ghcr.io/talmolab/lablink-client-base-image:linux-amd64-test@sha256:1ec2fde6860186b3d45ac83890167258f83512955dbce65f072d4e8c310cb9de,9,apply,succeeded,1788389407.309799,1788389407.313231,1788389454.98231,,20,20
1788389493.228093,5,1,ghcr.io/talmolab/lablink-client-base-image:linux-amd64-test@sha256:1ec2fde6860186b3d45ac83890167258f83512955dbce65f072d4e8c310cb9de,1,apply,succeeded,1788380921.682491,1788380921.685047,1788380971.541328,,20,20
1788389493.228093,5,1,ghcr.io/talmolab/lablink-client-base-image:linux-amd64-test@sha256:1ec2fde6860186b3d45ac83890167258f83512955dbce65f072d4e8c310cb9de,2,destroy,succeeded,1788381612.379228,1788381612.381237,1788381939.351963,,20,20
1788389493.228093,5,1,ghcr.io/talmolab/lablink-client-base-image:linux-amd64-test@sha256:1ec2fde6860186b3d45ac83890167258f83512955dbce65f072d4e8c310cb9de,3,apply,succeeded,1788381976.63281,1788381976.63526,1788382026.043455,,20,20
1788389493.228093,5,1,ghcr.io/talmolab/lablink-client-base-image:linux-amd64-test@sha256:1ec2fde6860186b3d45ac83890167258f83512955dbce65f072d4e8c310cb9de,4,destroy,succeeded,1788382875.148234,1788382875.150169,1788383194.833905,,20,20
1788389493.228093,5,1,ghcr.io/talmolab/lablink-client-base-image:linux-amd64-test@sha256:1ec2fde6860186b3d45ac83890167258f83512955dbce65f072d4e8c310cb9de,5,apply,succeeded,1788383308.62635,1788383308.629388,1788383361.88001,,35,35
1788389493.228093,5,1,ghcr.io/talmolab/lablink-client-base-image:linux-amd64-test@sha256:1ec2fde6860186b3d45ac83890167258f83512955dbce65f072d4e8c310cb9de,6,destroy,succeeded,1788384337.446569,1788384337.448163,1788384657.690712,,35,35
1788389493.228093,5,1,ghcr.io/talmolab/lablink-client-base-image:linux-amd64-test@sha256:1ec2fde6860186b3d45ac83890167258f83512955dbce65f072d4e8c310cb9de,7,apply,succeeded,1788384727.528365,1788384727.530681,1788384808.61864,,95,95
1788389493.228093,5,1,ghcr.io/talmolab/lablink-client-base-image:linux-amd64-test@sha256:1ec2fde6860186b3d45ac83890167258f83512955dbce65f072d4e8c310cb9de,8,destroy,succeeded,1788385076.969534,1788385076.971902,1788385973.63117,,95,95
1788389493.228093,5,1,ghcr.io/talmolab/lablink-client-base-image:linux-amd64-test@sha256:1ec2fde6860186b3d45ac83890167258f83512955dbce65f072d4e8c310cb9de,9,apply,succeeded,1788389407.309799,1788389407.313231,1788389454.98231,,20,20
1788389498.261919,5,1,ghcr.io/talmolab/lablink-client-base-image:linux-amd64-test@sha256:1ec2fde6860186b3d45ac83890167258f83512955dbce65f072d4e8c310cb9de,1,apply,succeeded,1788380921.682491,1788380921.685047,1788380971.541328,,20,20
1788389498.261919,5,1,ghcr.io/talmolab/lablink-client-base-image:linux-amd64-test@sha256:1ec2fde6860186b3d45ac83890167258f83512955dbce65f072d4e8c310cb9de,2,destroy,succeeded,1788381612.379228,1788381612.381237,1788381939.351963,,20,20
1788389498.261919,5,1,ghcr.io/talmolab/lablink-client-base-image:linux-amd64-test@sha256:1ec2fde6860186b3d45ac83890167258f83512955dbce65f072d4e8c310cb9de,3,apply,succeeded,1788381976.63281,1788381976.63526,1788382026.043455,,20,20
1788389498.261919,5,1,ghcr.io/talmolab/lablink-client-base-image:linux-amd64-test@sha256:1ec2fde6860186b3d45ac83890167258f83512955dbce65f072d4e8c310cb9de,4,destroy,succeeded,1788382875.148234,1788382875.150169,1788383194.833905,,20,20
1788389498.261919,5,1,ghcr.io/talmolab/lablink-client-base-image:linux-amd64-test@sha256:1ec2fde6860186b3d45ac83890167258f83512955dbce65f072d4e8c310cb9de,5,apply,succeeded,1788383308.62635,1788383308.629388,1788383361.88001,,35,35
1788389498.261919,5,1,ghcr.io/talmolab/lablink-client-base-image:linux-amd64-test@sha256:1ec2fde6860186b3d45ac83890167258f83512955dbce65f072d4e8c310cb9de,6,destroy,succeeded,1788384337.446569,1788384337.448163,1788384657.690712,,35,35
1788389498.261919,5,1,ghcr.io/talmolab/lablink-client-base-image:linux-amd64-test@sha256:1ec2fde6860186b3d45ac83890167258f83512955dbce65f072d4e8c310cb9de,7,apply,succeeded,1788384727.528365,1788384727.530681,1788384808.61864,,95,95
1788389498.261919,5,1,ghcr.io/talmolab/lablink-client-base-image:linux-amd64-test@sha256:1ec2fde6860186b3d45ac83890167258f83512955dbce65f072d4e8c310cb9de,8,destroy,succeeded,1788385076.969534,1788385076.971902,1788385973.63117,,95,95
1788389498.261919,5,1,ghcr.io/talmolab/lablink-client-base-image:linux-amd64-test@sha256:1ec2fde6860186b3d45ac83890167258f83512955dbce65f072d4e8c310cb9de,9,apply,succeeded,1788389407.309799,1788389407.313231,1788389454.98231,,20,20
1788389503.317049,5,1,ghcr.io/talmolab/lablink-client-base-image:linux-amd64-test@sha256:1ec2fde6860186b3d45ac83890167258f83512955dbce65f072d4e8c310cb9de,1,apply,succeeded,1788380921.682491,1788380921.685047,1788380971.541328,,20,20
1788389503.317049,5,1,ghcr.io/talmolab/lablink-client-base-image:linux-amd64-test@sha256:1ec2fde6860186b3d45ac83890167258f83512955dbce65f072d4e8c310cb9de,2,destroy,succeeded,1788381612.379228,1788381612.381237,1788381939.351963,,20,20
1788389503.317049,5,1,ghcr.io/talmolab/lablink-client-base-image:linux-amd64-test@sha256:1ec2fde6860186b3d45ac83890167258f83512955dbce65f072d4e8c310cb9de,3,apply,succeeded,1788381976.63281,1788381976.63526,1788382026.043455,,20,20
1788389503.317049,5,1,ghcr.io/talmolab/lablink-client-base-image:linux-amd64-test@sha256:1ec2fde6860186b3d45ac83890167258f83512955dbce65f072d4e8c310cb9de,4,destroy,succeeded,1788382875.148234,1788382875.150169,1788383194.833905,,20,20
1788389503.317049,5,1,ghcr.io/talmolab/lablink-client-base-image:linux-amd64-test@sha256:1ec2fde6860186b3d45ac83890167258f83512955dbce65f072d4e8c310cb9de,5,apply,succeeded,1788383308.62635,1788383308.629388,1788383361.88001,,35,35
1788389503.317049,5,1,ghcr.io/talmolab/lablink-client-base-image:linux-amd64-test@sha256:1ec2fde6860186b3d45ac83890167258f83512955dbce65f072d4e8c310cb9de,6,destroy,succeeded,1788384337.446569,1788384337.448163,1788384657.690712,,35,35
1788389503.317049,5,1,ghcr.io/talmolab/lablink-client-base-image:linux-amd64-test@sha256:1ec2fde6860186b3d45ac83890167258f83512955dbce65f072d4e8c310cb9de,7,apply,succeeded,1788384727.528365,1788384727.530681,1788384808.61864,,95,95
1788389503.317049,5,1,ghcr.io/talmolab/lablink-client-base-image:linux-amd64-test@sha256:1ec2fde6860186b3d45ac83890167258f83512955dbce65f072d4e8c310cb9de,8,destroy,succeeded,1788385076.969534,1788385076.971902,1788385973.63117,,95,95
1788389503.317049,5,1,ghcr.io/talmolab/lablink-client-base-image:linux-amd64-test@sha256:1ec2fde6860186b3d45ac83890167258f83512955dbce65f072d4e8c310cb9de,9,apply,succeeded,1788389407.309799,1788389407.313231,1788389454.98231,,20,20
1788389508.2938309,5,1,ghcr.io/talmolab/lablink-client-base-image:linux-amd64-test@sha256:1ec2fde6860186b3d45ac83890167258f83512955dbce65f072d4e8c310cb9de,1,apply,succeeded,1788380921.682491,1788380921.685047,1788380971.541328,,20,20
1788389508.2938309,5,1,ghcr.io/talmolab/lablink-client-base-image:linux-amd64-test@sha256:1ec2fde6860186b3d45ac83890167258f83512955dbce65f072d4e8c310cb9de,2,destroy,succeeded,1788381612.379228,1788381612.381237,1788381939.351963,,20,20
1788389508.2938309,5,1,ghcr.io/talmolab/lablink-client-base-image:linux-amd64-test@sha256:1ec2fde6860186b3d45ac83890167258f83512955dbce65f072d4e8c310cb9de,3,apply,succeeded,1788381976.63281,1788381976.63526,1788382026.043455,,20,20
1788389508.2938309,5,1,ghcr.io/talmolab/lablink-client-base-image:linux-amd64-test@sha256:1ec2fde6860186b3d45ac83890167258f83512955dbce65f072d4e8c310cb9de,4,destroy,succeeded,1788382875.148234,1788382875.150169,1788383194.833905,,20,20
1788389508.2938309,5,1,ghcr.io/talmolab/lablink-client-base-image:linux-amd64-test@sha256:1ec2fde6860186b3d45ac83890167258f83512955dbce65f072d4e8c310cb9de,5,apply,succeeded,1788383308.62635,1788383308.629388,1788383361.88001,,35,35
1788389508.2938309,5,1,ghcr.io/talmolab/lablink-client-base-image:linux-amd64-test@sha256:1ec2fde6860186b3d45ac83890167258f83512955dbce65f072d4e8c310cb9de,6,destroy,succeeded,1788384337.446569,1788384337.448163,1788384657.690712,,35,35
1788389508.2938309,5,1,ghcr.io/talmolab/lablink-client-base-image:linux-amd64-test@sha256:1ec2fde6860186b3d45ac83890167258f83512955dbce65f072d4e8c310cb9de,7,apply,succeeded,1788384727.528365,1788384727.530681,1788384808.61864,,95,95
1788389508.2938309,5,1,ghcr.io/talmolab/lablink-client-base-image:linux-amd64-test@sha256:1ec2fde6860186b3d45ac83890167258f83512955dbce65f072d4e8c310cb9de,8,destroy,succeeded,1788385076.969534,1788385076.971902,1788385973.63117,,95,95
1788389508.2938309,5,1,ghcr.io/talmolab/lablink-client-base-image:linux-amd64-test@sha256:1ec2fde6860186b3d45ac83890167258f83512955dbce65f072d4e8c310cb9de,9,apply,succeeded,1788389407.309799,1788389407.313231,1788389454.98231,,20,20
1788389514.084696,5,1,ghcr.io/talmolab/lablink-client-base-image:linux-amd64-test@sha256:1ec2fde6860186b3d45ac83890167258f83512955dbce65f072d4e8c310cb9de,1,apply,succeeded,1788380921.682491,1788380921.685047,1788380971.541328,,20,20
1788389514.084696,5,1,ghcr.io/talmolab/lablink-client-base-image:linux-amd64-test@sha256:1ec2fde6860186b3d45ac83890167258f83512955dbce65f072d4e8c310cb9de,2,destroy,succeeded,1788381612.379228,1788381612.381237,1788381939.351963,,20,20
1788389514.084696,5,1,ghcr.io/talmolab/lablink-client-base-image:linux-amd64-test@sha256:1ec2fde6860186b3d45ac83890167258f83512955dbce65f072d4e8c310cb9de,3,apply,succeeded,1788381976.63281,1788381976.63526,1788382026.043455,,20,20
1788389514.084696,5,1,ghcr.io/talmolab/lablink-client-base-image:linux-amd64-test@sha256:1ec2fde6860186b3d45ac83890167258f83512955dbce65f072d4e8c310cb9de,4,destroy,succeeded,1788382875.148234,1788382875.150169,1788383194.833905,,20,20
1788389514.084696,5,1,ghcr.io/talmolab/lablink-client-base-image:linux-amd64-test@sha256:1ec2fde6860186b3d45ac83890167258f83512955dbce65f072d4e8c310cb9de,5,apply,succeeded,1788383308.62635,1788383308.629388,1788383361.88001,,35,35
1788389514.084696,5,1,ghcr.io/talmolab/lablink-client-base-image:linux-amd64-test@sha256:1ec2fde6860186b3d45ac83890167258f83512955dbce65f072d4e8c310cb9de,6,destroy,succeeded,1788384337.446569,1788384337.448163,1788384657.690712,,35,35
1788389514.084696,5,1,ghcr.io/talmolab/lablink-client-base-image:linux-amd64-test@sha256:1ec2fde6860186b3d45ac83890167258f83512955dbce65f072d4e8c310cb9de,7,apply,succeeded,1788384727.528365,1788384727.530681,1788384808.61864,,95,95
1788389514.084696,5,1,ghcr.io/talmolab/lablink-client-base-image:linux-amd64-test@sha256:1ec2fde6860186b3d45ac83890167258f83512955dbce65f072d4e8c310cb9de,8,destroy,succeeded,1788385076.969534,1788385076.971902,1788385973.63117,,95,95
1788389514.084696,5,1,ghcr.io/talmolab/lablink-client-base-image:linux-amd64-test@sha256:1ec2fde6860186b3d45ac83890167258f83512955dbce65f072d4e8c310cb9de,9,apply,succeeded,1788389407.309799,1788389407.313231,1788389454.98231,,20,20
1788389518.3147578,5,1,ghcr.io/talmolab/lablink-client-base-image:linux-amd64-test@sha256:1ec2fde6860186b3d45ac83890167258f83512955dbce65f072d4e8c310cb9de,1,apply,succeeded,1788380921.682491,1788380921.685047,1788380971.541328,,20,20
1788389518.3147578,5,1,ghcr.io/talmolab/lablink-client-base-image:linux-amd64-test@sha256:1ec2fde6860186b3d45ac83890167258f83512955dbce65f072d4e8c310cb9de,2,destroy,succeeded,1788381612.379228,1788381612.381237,1788381939.351963,,20,20
1788389518.3147578,5,1,ghcr.io/talmolab/lablink-client-base-image:linux-amd64-test@sha256:1ec2fde6860186b3d45ac83890167258f83512955dbce65f072d4e8c310cb9de,3,apply,succeeded,1788381976.63281,1788381976.63526,1788382026.043455,,20,20
1788389518.3147578,5,1,ghcr.io/talmolab/lablink-client-base-image:linux-amd64-test@sha256:1ec2fde6860186b3d45ac83890167258f83512955dbce65f072d4e8c310cb9de,4,destroy,succeeded,1788382875.148234,1788382875.150169,1788383194.833905,,20,20
1788389518.3147578,5,1,ghcr.io/talmolab/lablink-client-base-image:linux-amd64-test@sha256:1ec2fde6860186b3d45ac83890167258f83512955dbce65f072d4e8c310cb9de,5,apply,succeeded,1788383308.62635,1788383308.629388,1788383361.88001,,35,35
1788389518.3147578,5,1,ghcr.io/talmolab/lablink-client-base-image:linux-amd64-test@sha256:1ec2fde6860186b3d45ac83890167258f83512955dbce65f072d4e8c310cb9de,6,destroy,succeeded,1788384337.446569,1788384337.448163,1788384657.690712,,35,35
1788389518.3147578,5,1,ghcr.io/talmolab/lablink-client-base-image:linux-amd64-test@sha256:1ec2fde6860186b3d45ac83890167258f83512955dbce65f072d4e8c310cb9de,7,apply,succeeded,1788384727.528365,1788384727.530681,1788384808.61864,,95,95
1788389518.3147578,5,1,ghcr.io/talmolab/lablink-client-base-image:linux-amd64-test@sha256:1ec2fde6860186b3d45ac83890167258f83512955dbce65f072d4e8c310cb9de,8,destroy,succeeded,1788385076.969534,1788385076.971902,1788385973.63117,,95,95
1788389518.3147578,5,1,ghcr.io/talmolab/lablink-client-base-image:linux-amd64-test@sha256:1ec2fde6860186b3d45ac83890167258f83512955dbce65f072d4e8c310cb9de,9,apply,succeeded,1788389407.309799,1788389407.313231,1788389454.98231,,20,20
1788389523.313308,5,1,ghcr.io/talmolab/lablink-client-base-image:linux-amd64-test@sha256:1ec2fde6860186b3d45ac83890167258f83512955dbce65f072d4e8c310cb9de,1,apply,succeeded,1788380921.682491,1788380921.685047,1788380971.541328,,20,20
1788389523.313308,5,1,ghcr.io/talmolab/lablink-client-base-image:linux-amd64-test@sha256:1ec2fde6860186b3d45ac83890167258f83512955dbce65f072d4e8c310cb9de,2,destroy,succeeded,1788381612.379228,1788381612.381237,1788381939.351963,,20,20
1788389523.313308,5,1,ghcr.io/talmolab/lablink-client-base-image:linux-amd64-test@sha256:1ec2fde6860186b3d45ac83890167258f83512955dbce65f072d4e8c310cb9de,3,apply,succeeded,1788381976.63281,1788381976.63526,1788382026.043455,,20,20
1788389523.313308,5,1,ghcr.io/talmolab/lablink-client-base-image:linux-amd64-test@sha256:1ec2fde6860186b3d45ac83890167258f83512955dbce65f072d4e8c310cb9de,4,destroy,succeeded,1788382875.148234,1788382875.150169,1788383194.833905,,20,20
1788389523.313308,5,1,ghcr.io/talmolab/lablink-client-base-image:linux-amd64-test@sha256:1ec2fde6860186b3d45ac83890167258f83512955dbce65f072d4e8c310cb9de,5,apply,succeeded,1788383308.62635,1788383308.629388,1788383361.88001,,35,35
1788389523.313308,5,1,ghcr.io/talmolab/lablink-client-base-image:linux-amd64-test@sha256:1ec2fde6860186b3d45ac83890167258f83512955dbce65f072d4e8c310cb9de,6,destroy,succeeded,1788384337.446569,1788384337.448163,1788384657.690712,,35,35
1788389523.313308,5,1,ghcr.io/talmolab/lablink-client-base-image:linux-amd64-test@sha256:1ec2fde6860186b3d45ac83890167258f83512955dbce65f072d4e8c310cb9de,7,apply,succeeded,1788384727.528365,1788384727.530681,1788384808.61864,,95,95
1788389523.313308,5,1,ghcr.io/talmolab/lablink-client-base-image:linux-amd64-test@sha256:1ec2fde6860186b3d45ac83890167258f83512955dbce65f072d4e8c310cb9de,8,destroy,succeeded,1788385076.969534,1788385076.971902,1788385973.63117,,95,95
1788389523.313308,5,1,ghcr.io/talmolab/lablink-client-base-image:linux-amd64-test@sha256:1ec2fde6860186b3d45ac83890167258f83512955dbce65f072d4e8c310cb9de,9,apply,succeeded,1788389407.309799,1788389407.313231,1788389454.98231,,20,20
1788389528.734408,5,1,ghcr.io/talmolab/lablink-client-base-image:linux-amd64-test@sha256:1ec2fde6860186b3d45ac83890167258f83512955dbce65f072d4e8c310cb9de,1,apply,succeeded,1788380921.682491,1788380921.685047,1788380971.541328,,20,20
1788389528.734408,5,1,ghcr.io/talmolab/lablink-client-base-image:linux-amd64-test@sha256:1ec2fde6860186b3d45ac83890167258f83512955dbce65f072d4e8c310cb9de,2,destroy,succeeded,1788381612.379228,1788381612.381237,1788381939.351963,,20,20
1788389528.734408,5,1,ghcr.io/talmolab/lablink-client-base-image:linux-amd64-test@sha256:1ec2fde6860186b3d45ac83890167258f83512955dbce65f072d4e8c310cb9de,3,apply,succeeded,1788381976.63281,1788381976.63526,1788382026.043455,,20,20
1788389528.734408,5,1,ghcr.io/talmolab/lablink-client-base-image:linux-amd64-test@sha256:1ec2fde6860186b3d45ac83890167258f83512955dbce65f072d4e8c310cb9de,4,destroy,succeeded,1788382875.148234,1788382875.150169,1788383194.833905,,20,20
1788389528.734408,5,1,ghcr.io/talmolab/lablink-client-base-image:linux-amd64-test@sha256:1ec2fde6860186b3d45ac83890167258f83512955dbce65f072d4e8c310cb9de,5,apply,succeeded,1788383308.62635,1788383308.629388,1788383361.88001,,35,35
1788389528.734408,5,1,ghcr.io/talmolab/lablink-client-base-image:linux-amd64-test@sha256:1ec2fde6860186b3d45ac83890167258f83512955dbce65f072d4e8c310cb9de,6,destroy,succeeded,1788384337.446569,1788384337.448163,1788384657.690712,,35,35
1788389528.734408,5,1,ghcr.io/talmolab/lablink-client-base-image:linux-amd64-test@sha256:1ec2fde6860186b3d45ac83890167258f83512955dbce65f072d4e8c310cb9de,7,apply,succeeded,1788384727.528365,1788384727.530681,1788384808.61864,,95,95
1788389528.734408,5,1,ghcr.io/talmolab/lablink-client-base-image:linux-amd64-test@sha256:1ec2fde6860186b3d45ac83890167258f83512955dbce65f072d4e8c310cb9de,8,destroy,succeeded,1788385076.969534,1788385076.971902,1788385973.63117,,95,95
1788389528.734408,5,1,ghcr.io/talmolab/lablink-client-base-image:linux-amd64-test@sha256:1ec2fde6860186b3d45ac83890167258f83512955dbce65f072d4e8c310cb9de,9,apply,succeeded,1788389407.309799,1788389407.313231,1788389454.98231,,20,20
1788389533.279395,5,1,ghcr.io/talmolab/lablink-client-base-image:linux-amd64-test@sha256:1ec2fde6860186b3d45ac83890167258f83512955dbce65f072d4e8c310cb9de,1,apply,succeeded,1788380921.682491,1788380921.685047,1788380971.541328,,20,20
1788389533.279395,5,1,ghcr.io/talmolab/lablink-client-base-image:linux-amd64-test@sha256:1ec2fde6860186b3d45ac83890167258f83512955dbce65f072d4e8c310cb9de,2,destroy,succeeded,1788381612.379228,1788381612.381237,1788381939.351963,,20,20
1788389533.279395,5,1,ghcr.io/talmolab/lablink-client-base-image:linux-amd64-test@sha256:1ec2fde6860186b3d45ac83890167258f83512955dbce65f072d4e8c310cb9de,3,apply,succeeded,1788381976.63281,1788381976.63526,1788382026.043455,,20,20
1788389533.279395,5,1,ghcr.io/talmolab/lablink-client-base-image:linux-amd64-test@sha256:1ec2fde6860186b3d45ac83890167258f83512955dbce65f072d4e8c310cb9de,4,destroy,succeeded,1788382875.148234,1788382875.150169,1788383194.833905,,20,20
1788389533.279395,5,1,ghcr.io/talmolab/lablink-client-base-image:linux-amd64-test@sha256:1ec2fde6860186b3d45ac83890167258f83512955dbce65f072d4e8c310cb9de,5,apply,succeeded,1788383308.62635,1788383308.629388,1788383361.88001,,35,35
1788389533.279395,5,1,ghcr.io/talmolab/lablink-client-base-image:linux-amd64-test@sha256:1ec2fde6860186b3d45ac83890167258f83512955dbce65f072d4e8c310cb9de,6,destroy,succeeded,1788384337.446569,1788384337.448163,1788384657.690712,,35,35
1788389533.279395,5,1,ghcr.io/talmolab/lablink-client-base-image:linux-amd64-test@sha256:1ec2fde6860186b3d45ac83890167258f83512955dbce65f072d4e8c310cb9de,7,apply,succeeded,1788384727.528365,1788384727.530681,1788384808.61864,,95,95
1788389533.279395,5,1,ghcr.io/talmolab/lablink-client-base-image:linux-amd64-test@sha256:1ec2fde6860186b3d45ac83890167258f83512955dbce65f072d4e8c310cb9de,8,destroy,succeeded,1788385076.969534,1788385076.971902,1788385973.63117,,95,95
1788389533.279395,5,1,ghcr.io/talmolab/lablink-client-base-image:linux-amd64-test@sha256:1ec2fde6860186b3d45ac83890167258f83512955dbce65f072d4e8c310cb9de,9,apply,succeeded,1788389407.309799,1788389407.313231,1788389454.98231,,20,20
1788389538.3203158,5,1,ghcr.io/talmolab/lablink-client-base-image:linux-amd64-test@sha256:1ec2fde6860186b3d45ac83890167258f83512955dbce65f072d4e8c310cb9de,1,apply,succeeded,1788380921.682491,1788380921.685047,1788380971.541328,,20,20
1788389538.3203158,5,1,ghcr.io/talmolab/lablink-client-base-image:linux-amd64-test@sha256:1ec2fde6860186b3d45ac83890167258f83512955dbce65f072d4e8c310cb9de,2,destroy,succeeded,1788381612.379228,1788381612.381237,1788381939.351963,,20,20
1788389538.3203158,5,1,ghcr.io/talmolab/lablink-client-base-image:linux-amd64-test@sha256:1ec2fde6860186b3d45ac83890167258f83512955dbce65f072d4e8c310cb9de,3,apply,succeeded,1788381976.63281,1788381976.63526,1788382026.043455,,20,20
1788389538.3203158,5,1,ghcr.io/talmolab/lablink-client-base-image:linux-amd64-test@sha256:1ec2fde6860186b3d45ac83890167258f83512955dbce65f072d4e8c310cb9de,4,destroy,succeeded,1788382875.148234,1788382875.150169,1788383194.833905,,20,20
1788389538.3203158,5,1,ghcr.io/talmolab/lablink-client-base-image:linux-amd64-test@sha256:1ec2fde6860186b3d45ac83890167258f83512955dbce65f072d4e8c310cb9de,5,apply,succeeded,1788383308.62635,1788383308.629388,1788383361.88001,,35,35
1788389538.3203158,5,1,ghcr.io/talmolab/lablink-client-base-image:linux-amd64-test@sha256:1ec2fde6860186b3d45ac83890167258f83512955dbce65f072d4e8c310cb9de,6,destroy,succeeded,1788384337.446569,1788384337.448163,1788384657.690712,,35,35
1788389538.3203158,5,1,ghcr.io/talmolab/lablink-client-base-image:linux-amd64-test@sha256:1ec2fde6860186b3d45ac83890167258f83512955dbce65f072d4e8c310cb9de,7,apply,succeeded,1788384727.528365,1788384727.530681,1788384808.61864,,95,95
1788389538.3203158,5,1,ghcr.io/talmolab/lablink-client-base-image:linux-amd64-test@sha256:1ec2fde6860186b3d45ac83890167258f83512955dbce65f072d4e8c310cb9de,8,destroy,succeeded,1788385076.969534,1788385076.971902,1788385973.63117,,95,95
1788389538.3203158,5,1,ghcr.io/talmolab/lablink-client-base-image:linux-amd64-test@sha256:1ec2fde6860186b3d45ac83890167258f83512955dbce65f072d4e8c310cb9de,9,apply,succeeded,1788389407.309799,1788389407.313231,1788389454.98231,,20,20
1788389543.391063,5,1,ghcr.io/talmolab/lablink-client-base-image:linux-amd64-test@sha256:1ec2fde6860186b3d45ac83890167258f83512955dbce65f072d4e8c310cb9de,1,apply,succeeded,1788380921.682491,1788380921.685047,1788380971.541328,,20,20
1788389543.391063,5,1,ghcr.io/talmolab/lablink-client-base-image:linux-amd64-test@sha256:1ec2fde6860186b3d45ac83890167258f83512955dbce65f072d4e8c310cb9de,2,destroy,succeeded,1788381612.379228,1788381612.381237,1788381939.351963,,20,20
1788389543.391063,5,1,ghcr.io/talmolab/lablink-client-base-image:linux-amd64-test@sha256:1ec2fde6860186b3d45ac83890167258f83512955dbce65f072d4e8c310cb9de,3,apply,succeeded,1788381976.63281,1788381976.63526,1788382026.043455,,20,20
1788389543.391063,5,1,ghcr.io/talmolab/lablink-client-base-image:linux-amd64-test@sha256:1ec2fde6860186b3d45ac83890167258f83512955dbce65f072d4e8c310cb9de,4,destroy,succeeded,1788382875.148234,1788382875.150169,1788383194.833905,,20,20
1788389543.391063,5,1,ghcr.io/talmolab/lablink-client-base-image:linux-amd64-test@sha256:1ec2fde6860186b3d45ac83890167258f83512955dbce65f072d4e8c310cb9de,5,apply,succeeded,1788383308.62635,1788383308.629388,1788383361.88001,,35,35
1788389543.391063,5,1,ghcr.io/talmolab/lablink-client-base-image:linux-amd64-test@sha256:1ec2fde6860186b3d45ac83890167258f83512955dbce65f072d4e8c310cb9de,6,destroy,succeeded,1788384337.446569,1788384337.448163,1788384657.690712,,35,35
1788389543.391063,5,1,ghcr.io/talmolab/lablink-client-base-image:linux-amd64-test@sha256:1ec2fde6860186b3d45ac83890167258f83512955dbce65f072d4e8c310cb9de,7,apply,succeeded,1788384727.528365,1788384727.530681,1788384808.61864,,95,95
1788389543.391063,5,1,ghcr.io/talmolab/lablink-client-base-image:linux-amd64-test@sha256:1ec2fde6860186b3d45ac83890167258f83512955dbce65f072d4e8c310cb9de,8,destroy,succeeded,1788385076.969534,1788385076.971902,1788385973.63117,,95,95
1788389543.391063,5,1,ghcr.io/talmolab/lablink-client-base-image:linux-amd64-test@sha256:1ec2fde6860186b3d45ac83890167258f83512955dbce65f072d4e8c310cb9de,9,apply,succeeded,1788389407.309799,1788389407.313231,1788389454.98231,,20,20
1788389548.296282,5,1,ghcr.io/talmolab/lablink-client-base-image:linux-amd64-test@sha256:1ec2fde6860186b3d45ac83890167258f83512955dbce65f072d4e8c310cb9de,1,apply,succeeded,1788380921.682491,1788380921.685047,1788380971.541328,,20,20
1788389548.296282,5,1,ghcr.io/talmolab/lablink-client-base-image:linux-amd64-test@sha256:1ec2fde6860186b3d45ac83890167258f83512955dbce65f072d4e8c310cb9de,2,destroy,succeeded,1788381612.379228,1788381612.381237,1788381939.351963,,20,20
1788389548.296282,5,1,ghcr.io/talmolab/lablink-client-base-image:linux-amd64-test@sha256:1ec2fde6860186b3d45ac83890167258f83512955dbce65f072d4e8c310cb9de,3,apply,succeeded,1788381976.63281,1788381976.63526,1788382026.043455,,20,20
1788389548.296282,5,1,ghcr.io/talmolab/lablink-client-base-image:linux-amd64-test@sha256:1ec2fde6860186b3d45ac83890167258f83512955dbce65f072d4e8c310cb9de,4,destroy,succeeded,1788382875.148234,1788382875.150169,1788383194.833905,,20,20
1788389548.296282,5,1,ghcr.io/talmolab/lablink-client-base-image:linux-amd64-test@sha256:1ec2fde6860186b3d45ac83890167258f83512955dbce65f072d4e8c310cb9de,5,apply,succeeded,1788383308.62635,1788383308.629388,1788383361.88001,,35,35
1788389548.296282,5,1,ghcr.io/talmolab/lablink-client-base-image:linux-amd64-test@sha256:1ec2fde6860186b3d45ac83890167258f83512955dbce65f072d4e8c310cb9de,6,destroy,succeeded,1788384337.446569,1788384337.448163,1788384657.690712,,35,35
1788389548.296282,5,1,ghcr.io/talmolab/lablink-client-base-image:linux-amd64-test@sha256:1ec2fde6860186b3d45ac83890167258f83512955dbce65f072d4e8c310cb9de,7,apply,succeeded,1788384727.528365,1788384727.530681,1788384808.61864,,95,95
1788389548.296282,5,1,ghcr.io/talmolab/lablink-client-base-image:linux-amd64-test@sha256:1ec2fde6860186b3d45ac83890167258f83512955dbce65f072d4e8c310cb9de,8,destroy,succeeded,1788385076.969534,1788385076.971902,1788385973.63117,,95,95
1788389548.296282,5,1,ghcr.io/talmolab/lablink-client-base-image:linux-amd64-test@sha256:1ec2fde6860186b3d45ac83890167258f83512955dbce65f072d4e8c310cb9de,9,apply,succeeded,1788389407.309799,1788389407.313231,1788389454.98231,,20,20
1788389553.375543,5,1,ghcr.io/talmolab/lablink-client-base-image:linux-amd64-test@sha256:1ec2fde6860186b3d45ac83890167258f83512955dbce65f072d4e8c310cb9de,1,apply,succeeded,1788380921.682491,1788380921.685047,1788380971.541328,,20,20
1788389553.375543,5,1,ghcr.io/talmolab/lablink-client-base-image:linux-amd64-test@sha256:1ec2fde6860186b3d45ac83890167258f83512955dbce65f072d4e8c310cb9de,2,destroy,succeeded,1788381612.379228,1788381612.381237,1788381939.351963,,20,20
1788389553.375543,5,1,ghcr.io/talmolab/lablink-client-base-image:linux-amd64-test@sha256:1ec2fde6860186b3d45ac83890167258f83512955dbce65f072d4e8c310cb9de,3,apply,succeeded,1788381976.63281,1788381976.63526,1788382026.043455,,20,20
1788389553.375543,5,1,ghcr.io/talmolab/lablink-client-base-image:linux-amd64-test@sha256:1ec2fde6860186b3d45ac83890167258f83512955dbce65f072d4e8c310cb9de,4,destroy,succeeded,1788382875.148234,1788382875.150169,1788383194.833905,,20,20
1788389553.375543,5,1,ghcr.io/talmolab/lablink-client-base-image:linux-amd64-test@sha256:1ec2fde6860186b3d45ac83890167258f83512955dbce65f072d4e8c310cb9de,5,apply,succeeded,1788383308.62635,1788383308.629388,1788383361.88001,,35,35
1788389553.375543,5,1,ghcr.io/talmolab/lablink-client-base-image:linux-amd64-test@sha256:1ec2fde6860186b3d45ac83890167258f83512955dbce65f072d4e8c310cb9de,6,destroy,succeeded,1788384337.446569,1788384337.448163,1788384657.690712,,35,35
1788389553.375543,5,1,ghcr.io/talmolab/lablink-client-base-image:linux-amd64-test@sha256:1ec2fde6860186b3d45ac83890167258f83512955dbce65f072d4e8c310cb9de,7,apply,succeeded,1788384727.528365,1788384727.530681,1788384808.61864,,95,95
1788389553.375543,5,1,ghcr.io/talmolab/lablink-client-base-image:linux-amd64-test@sha256:1ec2fde6860186b3d45ac83890167258f83512955dbce65f072d4e8c310cb9de,8,destroy,succeeded,1788385076.969534,1788385076.971902,1788385973.63117,,95,95
1788389553.375543,5,1,ghcr.io/talmolab/lablink-client-base-image:linux-amd64-test@sha256:1ec2fde6860186b3d45ac83890167258f83512955dbce65f072d4e8c310cb9de,9,apply,succeeded,1788389407.309799,1788389407.313231,1788389454.98231,,20,20
1788389558.2357,5,1,ghcr.io/talmolab/lablink-client-base-image:linux-amd64-test@sha256:1ec2fde6860186b3d45ac83890167258f83512955dbce65f072d4e8c310cb9de,1,apply,succeeded,1788380921.682491,1788380921.685047,1788380971.541328,,20,20
1788389558.2357,5,1,ghcr.io/talmolab/lablink-client-base-image:linux-amd64-test@sha256:1ec2fde6860186b3d45ac83890167258f83512955dbce65f072d4e8c310cb9de,2,destroy,succeeded,1788381612.379228,1788381612.381237,1788381939.351963,,20,20
1788389558.2357,5,1,ghcr.io/talmolab/lablink-client-base-image:linux-amd64-test@sha256:1ec2fde6860186b3d45ac83890167258f83512955dbce65f072d4e8c310cb9de,3,apply,succeeded,1788381976.63281,1788381976.63526,1788382026.043455,,20,20
1788389558.2357,5,1,ghcr.io/talmolab/lablink-client-base-image:linux-amd64-test@sha256:1ec2fde6860186b3d45ac83890167258f83512955dbce65f072d4e8c310cb9de,4,destroy,succeeded,1788382875.148234,1788382875.150169,1788383194.833905,,20,20
1788389558.2357,5,1,ghcr.io/talmolab/lablink-client-base-image:linux-amd64-test@sha256:1ec2fde6860186b3d45ac83890167258f83512955dbce65f072d4e8c310cb9de,5,apply,succeeded,1788383308.62635,1788383308.629388,1788383361.88001,,35,35
1788389558.2357,5,1,ghcr.io/talmolab/lablink-client-base-image:linux-amd64-test@sha256:1ec2fde6860186b3d45ac83890167258f83512955dbce65f072d4e8c310cb9de,6,destroy,succeeded,1788384337.446569,1788384337.448163,1788384657.690712,,35,35
1788389558.2357,5,1,ghcr.io/talmolab/lablink-client-base-image:linux-amd64-test@sha256:1ec2fde6860186b3d45ac83890167258f83512955dbce65f072d4e8c310cb9de,7,apply,succeeded,1788384727.528365,1788384727.530681,1788384808.61864,,95,95
1788389558.2357,5,1,ghcr.io/talmolab/lablink-client-base-image:linux-amd64-test@sha256:1ec2fde6860186b3d45ac83890167258f83512955dbce65f072d4e8c310cb9de,8,destroy,succeeded,1788385076.969534,1788385076.971902,1788385973.63117,,95,95
1788389558.2357,5,1,ghcr.io/talmolab/lablink-client-base-image:linux-amd64-test@sha256:1ec2fde6860186b3d45ac83890167258f83512955dbce65f072d4e8c310cb9de,9,apply,succeeded,1788389407.309799,1788389407.313231,1788389454.98231,,20,20
1788389563.345901,5,1,ghcr.io/talmolab/lablink-client-base-image:linux-amd64-test@sha256:1ec2fde6860186b3d45ac83890167258f83512955dbce65f072d4e8c310cb9de,1,apply,succeeded,1788380921.682491,1788380921.685047,1788380971.541328,,20,20
1788389563.345901,5,1,ghcr.io/talmolab/lablink-client-base-image:linux-amd64-test@sha256:1ec2fde6860186b3d45ac83890167258f83512955dbce65f072d4e8c310cb9de,2,destroy,succeeded,1788381612.379228,1788381612.381237,1788381939.351963,,20,20
1788389563.345901,5,1,ghcr.io/talmolab/lablink-client-base-image:linux-amd64-test@sha256:1ec2fde6860186b3d45ac83890167258f83512955dbce65f072d4e8c310cb9de,3,apply,succeeded,1788381976.63281,1788381976.63526,1788382026.043455,,20,20
1788389563.345901,5,1,ghcr.io/talmolab/lablink-client-base-image:linux-amd64-test@sha256:1ec2fde6860186b3d45ac83890167258f83512955dbce65f072d4e8c310cb9de,4,destroy,succeeded,1788382875.148234,1788382875.150169,1788383194.833905,,20,20
1788389563.345901,5,1,ghcr.io/talmolab/lablink-client-base-image:linux-amd64-test@sha256:1ec2fde6860186b3d45ac83890167258f83512955dbce65f072d4e8c310cb9de,5,apply,succeeded,1788383308.62635,1788383308.629388,1788383361.88001,,35,35
1788389563.345901,5,1,ghcr.io/talmolab/lablink-client-base-image:linux-amd64-test@sha256:1ec2fde6860186b3d45ac83890167258f83512955dbce65f072d4e8c310cb9de,6,destroy,succeeded,1788384337.446569,1788384337.448163,1788384657.690712,,35,35
1788389563.345901,5,1,ghcr.io/talmolab/lablink-client-base-image:linux-amd64-test@sha256:1ec2fde6860186b3d45ac83890167258f83512955dbce65f072d4e8c310cb9de,7,apply,succeeded,1788384727.528365,1788384727.530681,1788384808.61864,,95,95
1788389563.345901,5,1,ghcr.io/talmolab/lablink-client-base-image:linux-amd64-test@sha256:1ec2fde6860186b3d45ac83890167258f83512955dbce65f072d4e8c310cb9de,8,destroy,succeeded,1788385076.969534,1788385076.971902,1788385973.63117,,95,95
1788389563.345901,5,1,ghcr.io/talmolab/lablink-client-base-image:linux-amd64-test@sha256:1ec2fde6860186b3d45ac83890167258f83512955dbce65f072d4e8c310cb9de,9,apply,succeeded,1788389407.309799,1788389407.313231,1788389454.98231,,20,20
1788389568.333838,5,1,ghcr.io/talmolab/lablink-client-base-image:linux-amd64-test@sha256:1ec2fde6860186b3d45ac83890167258f83512955dbce65f072d4e8c310cb9de,1,apply,succeeded,1788380921.682491,1788380921.685047,1788380971.541328,,20,20
1788389568.333838,5,1,ghcr.io/talmolab/lablink-client-base-image:linux-amd64-test@sha256:1ec2fde6860186b3d45ac83890167258f83512955dbce65f072d4e8c310cb9de,2,destroy,succeeded,1788381612.379228,1788381612.381237,1788381939.351963,,20,20
1788389568.333838,5,1,ghcr.io/talmolab/lablink-client-base-image:linux-amd64-test@sha256:1ec2fde6860186b3d45ac83890167258f83512955dbce65f072d4e8c310cb9de,3,apply,succeeded,1788381976.63281,1788381976.63526,1788382026.043455,,20,20
1788389568.333838,5,1,ghcr.io/talmolab/lablink-client-base-image:linux-amd64-test@sha256:1ec2fde6860186b3d45ac83890167258f83512955dbce65f072d4e8c310cb9de,4,destroy,succeeded,1788382875.148234,1788382875.150169,1788383194.833905,,20,20
1788389568.333838,5,1,ghcr.io/talmolab/lablink-client-base-image:linux-amd64-test@sha256:1ec2fde6860186b3d45ac83890167258f83512955dbce65f072d4e8c310cb9de,5,apply,succeeded,1788383308.62635,1788383308.629388,1788383361.88001,,35,35
1788389568.333838,5,1,ghcr.io/talmolab/lablink-client-base-image:linux-amd64-test@sha256:1ec2fde6860186b3d45ac83890167258f83512955dbce65f072d4e8c310cb9de,6,destroy,succeeded,1788384337.446569,1788384337.448163,1788384657.690712,,35,35
1788389568.333838,5,1,ghcr.io/talmolab/lablink-client-base-image:linux-amd64-test@sha256:1ec2fde6860186b3d45ac83890167258f83512955dbce65f072d4e8c310cb9de,7,apply,succeeded,1788384727.528365,1788384727.530681,1788384808.61864,,95,95
1788389568.333838,5,1,ghcr.io/talmolab/lablink-client-base-image:linux-amd64-test@sha256:1ec2fde6860186b3d45ac83890167258f83512955dbce65f072d4e8c310cb9de,8,destroy,succeeded,1788385076.969534,1788385076.971902,1788385973.63117,,95,95
1788389568.333838,5,1,ghcr.io/talmolab/lablink-client-base-image:linux-amd64-test@sha256:1ec2fde6860186b3d45ac83890167258f83512955dbce65f072d4e8c310cb9de,9,apply,succeeded,1788389407.309799,1788389407.313231,1788389454.98231,,20,20
1788389573.305811,5,1,ghcr.io/talmolab/lablink-client-base-image:linux-amd64-test@sha256:1ec2fde6860186b3d45ac83890167258f83512955dbce65f072d4e8c310cb9de,1,apply,succeeded,1788380921.682491,1788380921.685047,1788380971.541328,,20,20
1788389573.305811,5,1,ghcr.io/talmolab/lablink-client-base-image:linux-amd64-test@sha256:1ec2fde6860186b3d45ac83890167258f83512955dbce65f072d4e8c310cb9de,2,destroy,succeeded,1788381612.379228,1788381612.381237,1788381939.351963,,20,20
1788389573.305811,5,1,ghcr.io/talmolab/lablink-client-base-image:linux-amd64-test@sha256:1ec2fde6860186b3d45ac83890167258f83512955dbce65f072d4e8c310cb9de,3,apply,succeeded,1788381976.63281,1788381976.63526,1788382026.043455,,20,20
1788389573.305811,5,1,ghcr.io/talmolab/lablink-client-base-image:linux-amd64-test@sha256:1ec2fde6860186b3d45ac83890167258f83512955dbce65f072d4e8c310cb9de,4,destroy,succeeded,1788382875.148234,1788382875.150169,1788383194.833905,,20,20
1788389573.305811,5,1,ghcr.io/talmolab/lablink-client-base-image:linux-amd64-test@sha256:1ec2fde6860186b3d45ac83890167258f83512955dbce65f072d4e8c310cb9de,5,apply,succeeded,1788383308.62635,1788383308.629388,1788383361.88001,,35,35
1788389573.305811,5,1,ghcr.io/talmolab/lablink-client-base-image:linux-amd64-test@sha256:1ec2fde6860186b3d45ac83890167258f83512955dbce65f072d4e8c310cb9de,6,destroy,succeeded,1788384337.446569,1788384337.448163,1788384657.690712,,35,35
1788389573.305811,5,1,ghcr.io/talmolab/lablink-client-base-image:linux-amd64-test@sha256:1ec2fde6860186b3d45ac83890167258f83512955dbce65f072d4e8c310cb9de,7,apply,succeeded,1788384727.528365,1788384727.530681,1788384808.61864,,95,95
1788389573.305811,5,1,ghcr.io/talmolab/lablink-client-base-image:linux-amd64-test@sha256:1ec2fde6860186b3d45ac83890167258f83512955dbce65f072d4e8c310cb9de,8,destroy,succeeded,1788385076.969534,1788385076.971902,1788385973.63117,,95,95
1788389573.305811,5,1,ghcr.io/talmolab/lablink-client-base-image:linux-amd64-test@sha256:1ec2fde6860186b3d45ac83890167258f83512955dbce65f072d4e8c310cb9de,9,apply,succeeded,1788389407.309799,1788389407.313231,1788389454.98231,,20,20
1788389578.3269498,5,1,ghcr.io/talmolab/lablink-client-base-image:linux-amd64-test@sha256:1ec2fde6860186b3d45ac83890167258f83512955dbce65f072d4e8c310cb9de,1,apply,succeeded,1788380921.682491,1788380921.685047,1788380971.541328,,20,20
1788389578.3269498,5,1,ghcr.io/talmolab/lablink-client-base-image:linux-amd64-test@sha256:1ec2fde6860186b3d45ac83890167258f83512955dbce65f072d4e8c310cb9de,2,destroy,succeeded,1788381612.379228,1788381612.381237,1788381939.351963,,20,20
1788389578.3269498,5,1,ghcr.io/talmolab/lablink-client-base-image:linux-amd64-test@sha256:1ec2fde6860186b3d45ac83890167258f83512955dbce65f072d4e8c310cb9de,3,apply,succeeded,1788381976.63281,1788381976.63526,1788382026.043455,,20,20
1788389578.3269498,5,1,ghcr.io/talmolab/lablink-client-base-image:linux-amd64-test@sha256:1ec2fde6860186b3d45ac83890167258f83512955dbce65f072d4e8c310cb9de,4,destroy,succeeded,1788382875.148234,1788382875.150169,1788383194.833905,,20,20
1788389578.3269498,5,1,ghcr.io/talmolab/lablink-client-base-image:linux-amd64-test@sha256:1ec2fde6860186b3d45ac83890167258f83512955dbce65f072d4e8c310cb9de,5,apply,succeeded,1788383308.62635,1788383308.629388,1788383361.88001,,35,35
1788389578.3269498,5,1,ghcr.io/talmolab/lablink-client-base-image:linux-amd64-test@sha256:1ec2fde6860186b3d45ac83890167258f83512955dbce65f072d4e8c310cb9de,6,destroy,succeeded,1788384337.446569,1788384337.448163,1788384657.690712,,35,35
1788389578.3269498,5,1,ghcr.io/talmolab/lablink-client-base-image:linux-amd64-test@sha256:1ec2fde6860186b3d45ac83890167258f83512955dbce65f072d4e8c310cb9de,7,apply,succeeded,1788384727.528365,1788384727.530681,1788384808.61864,,95,95
1788389578.3269498,5,1,ghcr.io/talmolab/lablink-client-base-image:linux-amd64-test@sha256:1ec2fde6860186b3d45ac83890167258f83512955dbce65f072d4e8c310cb9de,8,destroy,succeeded,1788385076.969534,1788385076.971902,1788385973.63117,,95,95
1788389578.3269498,5,1,ghcr.io/talmolab/lablink-client-base-image:linux-amd64-test@sha256:1ec2fde6860186b3d45ac83890167258f83512955dbce65f072d4e8c310cb9de,9,apply,succeeded,1788389407.309799,1788389407.313231,1788389454.98231,,20,20
1788389583.3519008,5,1,ghcr.io/talmolab/lablink-client-base-image:linux-amd64-test@sha256:1ec2fde6860186b3d45ac83890167258f83512955dbce65f072d4e8c310cb9de,1,apply,succeeded,1788380921.682491,1788380921.685047,1788380971.541328,,20,20
1788389583.3519008,5,1,ghcr.io/talmolab/lablink-client-base-image:linux-amd64-test@sha256:1ec2fde6860186b3d45ac83890167258f83512955dbce65f072d4e8c310cb9de,2,destroy,succeeded,1788381612.379228,1788381612.381237,1788381939.351963,,20,20
1788389583.3519008,5,1,ghcr.io/talmolab/lablink-client-base-image:linux-amd64-test@sha256:1ec2fde6860186b3d45ac83890167258f83512955dbce65f072d4e8c310cb9de,3,apply,succeeded,1788381976.63281,1788381976.63526,1788382026.043455,,20,20
1788389583.3519008,5,1,ghcr.io/talmolab/lablink-client-base-image:linux-amd64-test@sha256:1ec2fde6860186b3d45ac83890167258f83512955dbce65f072d4e8c310cb9de,4,destroy,succeeded,1788382875.148234,1788382875.150169,1788383194.833905,,20,20
1788389583.3519008,5,1,ghcr.io/talmolab/lablink-client-base-image:linux-amd64-test@sha256:1ec2fde6860186b3d45ac83890167258f83512955dbce65f072d4e8c310cb9de,5,apply,succeeded,1788383308.62635,1788383308.629388,1788383361.88001,,35,35
1788389583.3519008,5,1,ghcr.io/talmolab/lablink-client-base-image:linux-amd64-test@sha256:1ec2fde6860186b3d45ac83890167258f83512955dbce65f072d4e8c310cb9de,6,destroy,succeeded,1788384337.446569,1788384337.448163,1788384657.690712,,35,35
1788389583.3519008,5,1,ghcr.io/talmolab/lablink-client-base-image:linux-amd64-test@sha256:1ec2fde6860186b3d45ac83890167258f83512955dbce65f072d4e8c310cb9de,7,apply,succeeded,1788384727.528365,1788384727.530681,1788384808.61864,,95,95
1788389583.3519008,5,1,ghcr.io/talmolab/lablink-client-base-image:linux-amd64-test@sha256:1ec2fde6860186b3d45ac83890167258f83512955dbce65f072d4e8c310cb9de,8,destroy,succeeded,1788385076.969534,1788385076.971902,1788385973.63117,,95,95
1788389583.3519008,5,1,ghcr.io/talmolab/lablink-client-base-image:linux-amd64-test@sha256:1ec2fde6860186b3d45ac83890167258f83512955dbce65f072d4e8c310cb9de,9,apply,succeeded,1788389407.309799,1788389407.313231,1788389454.98231,,20,20
1788389588.3125231,5,1,ghcr.io/talmolab/lablink-client-base-image:linux-amd64-test@sha256:1ec2fde6860186b3d45ac83890167258f83512955dbce65f072d4e8c310cb9de,1,apply,succeeded,1788380921.682491,1788380921.685047,1788380971.541328,,20,20
1788389588.3125231,5,1,ghcr.io/talmolab/lablink-client-base-image:linux-amd64-test@sha256:1ec2fde6860186b3d45ac83890167258f83512955dbce65f072d4e8c310cb9de,2,destroy,succeeded,1788381612.379228,1788381612.381237,1788381939.351963,,20,20
1788389588.3125231,5,1,ghcr.io/talmolab/lablink-client-base-image:linux-amd64-test@sha256:1ec2fde6860186b3d45ac83890167258f83512955dbce65f072d4e8c310cb9de,3,apply,succeeded,1788381976.63281,1788381976.63526,1788382026.043455,,20,20
1788389588.3125231,5,1,ghcr.io/talmolab/lablink-client-base-image:linux-amd64-test@sha256:1ec2fde6860186b3d45ac83890167258f83512955dbce65f072d4e8c310cb9de,4,destroy,succeeded,1788382875.148234,1788382875.150169,1788383194.833905,,20,20
1788389588.3125231,5,1,ghcr.io/talmolab/lablink-client-base-image:linux-amd64-test@sha256:1ec2fde6860186b3d45ac83890167258f83512955dbce65f072d4e8c310cb9de,5,apply,succeeded,1788383308.62635,1788383308.629388,1788383361.88001,,35,35
1788389588.3125231,5,1,ghcr.io/talmolab/lablink-client-base-image:linux-amd64-test@sha256:1ec2fde6860186b3d45ac83890167258f83512955dbce65f072d4e8c310cb9de,6,destroy,succeeded,1788384337.446569,1788384337.448163,1788384657.690712,,35,35
1788389588.3125231,5,1,ghcr.io/talmolab/lablink-client-base-image:linux-amd64-test@sha256:1ec2fde6860186b3d45ac83890167258f83512955dbce65f072d4e8c310cb9de,7,apply,succeeded,1788384727.528365,1788384727.530681,1788384808.61864,,95,95
1788389588.3125231,5,1,ghcr.io/talmolab/lablink-client-base-image:linux-amd64-test@sha256:1ec2fde6860186b3d45ac83890167258f83512955dbce65f072d4e8c310cb9de,8,destroy,succeeded,1788385076.969534,1788385076.971902,1788385973.63117,,95,95
1788389588.3125231,5,1,ghcr.io/talmolab/lablink-client-base-image:linux-amd64-test@sha256:1ec2fde6860186b3d45ac83890167258f83512955dbce65f072d4e8c310cb9de,9,apply,succeeded,1788389407.309799,1788389407.313231,1788389454.98231,,20,20
1788389593.753519,5,1,ghcr.io/talmolab/lablink-client-base-image:linux-amd64-test@sha256:1ec2fde6860186b3d45ac83890167258f83512955dbce65f072d4e8c310cb9de,1,apply,succeeded,1788380921.682491,1788380921.685047,1788380971.541328,,20,20
1788389593.753519,5,1,ghcr.io/talmolab/lablink-client-base-image:linux-amd64-test@sha256:1ec2fde6860186b3d45ac83890167258f83512955dbce65f072d4e8c310cb9de,2,destroy,succeeded,1788381612.379228,1788381612.381237,1788381939.351963,,20,20
1788389593.753519,5,1,ghcr.io/talmolab/lablink-client-base-image:linux-amd64-test@sha256:1ec2fde6860186b3d45ac83890167258f83512955dbce65f072d4e8c310cb9de,3,apply,succeeded,1788381976.63281,1788381976.63526,1788382026.043455,,20,20
1788389593.753519,5,1,ghcr.io/talmolab/lablink-client-base-image:linux-amd64-test@sha256:1ec2fde6860186b3d45ac83890167258f83512955dbce65f072d4e8c310cb9de,4,destroy,succeeded,1788382875.148234,1788382875.150169,1788383194.833905,,20,20
1788389593.753519,5,1,ghcr.io/talmolab/lablink-client-base-image:linux-amd64-test@sha256:1ec2fde6860186b3d45ac83890167258f83512955dbce65f072d4e8c310cb9de,5,apply,succeeded,1788383308.62635,1788383308.629388,1788383361.88001,,35,35
1788389593.753519,5,1,ghcr.io/talmolab/lablink-client-base-image:linux-amd64-test@sha256:1ec2fde6860186b3d45ac83890167258f83512955dbce65f072d4e8c310cb9de,6,destroy,succeeded,1788384337.446569,1788384337.448163,1788384657.690712,,35,35
1788389593.753519,5,1,ghcr.io/talmolab/lablink-client-base-image:linux-amd64-test@sha256:1ec2fde6860186b3d45ac83890167258f83512955dbce65f072d4e8c310cb9de,7,apply,succeeded,1788384727.528365,1788384727.530681,1788384808.61864,,95,95
1788389593.753519,5,1,ghcr.io/talmolab/lablink-client-base-image:linux-amd64-test@sha256:1ec2fde6860186b3d45ac83890167258f83512955dbce65f072d4e8c310cb9de,8,destroy,succeeded,1788385076.969534,1788385076.971902,1788385973.63117,,95,95
1788389593.753519,5,1,ghcr.io/talmolab/lablink-client-base-image:linux-amd64-test@sha256:1ec2fde6860186b3d45ac83890167258f83512955dbce65f072d4e8c310cb9de,9,apply,succeeded,1788389407.309799,1788389407.313231,1788389454.98231,,20,20
1788389598.436096,5,1,ghcr.io/talmolab/lablink-client-base-image:linux-amd64-test@sha256:1ec2fde6860186b3d45ac83890167258f83512955dbce65f072d4e8c310cb9de,1,apply,succeeded,1788380921.682491,1788380921.685047,1788380971.541328,,20,20
1788389598.436096,5,1,ghcr.io/talmolab/lablink-client-base-image:linux-amd64-test@sha256:1ec2fde6860186b3d45ac83890167258f83512955dbce65f072d4e8c310cb9de,2,destroy,succeeded,1788381612.379228,1788381612.381237,1788381939.351963,,20,20
1788389598.436096,5,1,ghcr.io/talmolab/lablink-client-base-image:linux-amd64-test@sha256:1ec2fde6860186b3d45ac83890167258f83512955dbce65f072d4e8c310cb9de,3,apply,succeeded,1788381976.63281,1788381976.63526,1788382026.043455,,20,20
1788389598.436096,5,1,ghcr.io/talmolab/lablink-client-base-image:linux-amd64-test@sha256:1ec2fde6860186b3d45ac83890167258f83512955dbce65f072d4e8c310cb9de,4,destroy,succeeded,1788382875.148234,1788382875.150169,1788383194.833905,,20,20
1788389598.436096,5,1,ghcr.io/talmolab/lablink-client-base-image:linux-amd64-test@sha256:1ec2fde6860186b3d45ac83890167258f83512955dbce65f072d4e8c310cb9de,5,apply,succeeded,1788383308.62635,1788383308.629388,1788383361.88001,,35,35
1788389598.436096,5,1,ghcr.io/talmolab/lablink-client-base-image:linux-amd64-test@sha256:1ec2fde6860186b3d45ac83890167258f83512955dbce65f072d4e8c310cb9de,6,destroy,succeeded,1788384337.446569,1788384337.448163,1788384657.690712,,35,35
1788389598.436096,5,1,ghcr.io/talmolab/lablink-client-base-image:linux-amd64-test@sha256:1ec2fde6860186b3d45ac83890167258f83512955dbce65f072d4e8c310cb9de,7,apply,succeeded,1788384727.528365,1788384727.530681,1788384808.61864,,95,95
1788389598.436096,5,1,ghcr.io/talmolab/lablink-client-base-image:linux-amd64-test@sha256:1ec2fde6860186b3d45ac83890167258f83512955dbce65f072d4e8c310cb9de,8,destroy,succeeded,1788385076.969534,1788385076.971902,1788385973.63117,,95,95
1788389598.436096,5,1,ghcr.io/talmolab/lablink-client-base-image:linux-amd64-test@sha256:1ec2fde6860186b3d45ac83890167258f83512955dbce65f072d4e8c310cb9de,9,apply,succeeded,1788389407.309799,1788389407.313231,1788389454.98231,,20,20
1788389603.335472,5,1,ghcr.io/talmolab/lablink-client-base-image:linux-amd64-test@sha256:1ec2fde6860186b3d45ac83890167258f83512955dbce65f072d4e8c310cb9de,1,apply,succeeded,1788380921.682491,1788380921.685047,1788380971.541328,,20,20
1788389603.335472,5,1,ghcr.io/talmolab/lablink-client-base-image:linux-amd64-test@sha256:1ec2fde6860186b3d45ac83890167258f83512955dbce65f072d4e8c310cb9de,2,destroy,succeeded,1788381612.379228,1788381612.381237,1788381939.351963,,20,20
1788389603.335472,5,1,ghcr.io/talmolab/lablink-client-base-image:linux-amd64-test@sha256:1ec2fde6860186b3d45ac83890167258f83512955dbce65f072d4e8c310cb9de,3,apply,succeeded,1788381976.63281,1788381976.63526,1788382026.043455,,20,20
1788389603.335472,5,1,ghcr.io/talmolab/lablink-client-base-image:linux-amd64-test@sha256:1ec2fde6860186b3d45ac83890167258f83512955dbce65f072d4e8c310cb9de,4,destroy,succeeded,1788382875.148234,1788382875.150169,1788383194.833905,,20,20
1788389603.335472,5,1,ghcr.io/talmolab/lablink-client-base-image:linux-amd64-test@sha256:1ec2fde6860186b3d45ac83890167258f83512955dbce65f072d4e8c310cb9de,5,apply,succeeded,1788383308.62635,1788383308.629388,1788383361.88001,,35,35
1788389603.335472,5,1,ghcr.io/talmolab/lablink-client-base-image:linux-amd64-test@sha256:1ec2fde6860186b3d45ac83890167258f83512955dbce65f072d4e8c310cb9de,6,destroy,succeeded,1788384337.446569,1788384337.448163,1788384657.690712,,35,35
1788389603.335472,5,1,ghcr.io/talmolab/lablink-client-base-image:linux-amd64-test@sha256:1ec2fde6860186b3d45ac83890167258f83512955dbce65f072d4e8c310cb9de,7,apply,succeeded,1788384727.528365,1788384727.530681,1788384808.61864,,95,95
1788389603.335472,5,1,ghcr.io/talmolab/lablink-client-base-image:linux-amd64-test@sha256:1ec2fde6860186b3d45ac83890167258f83512955dbce65f072d4e8c310cb9de,8,destroy,succeeded,1788385076.969534,1788385076.971902,1788385973.63117,,95,95
1788389603.335472,5,1,ghcr.io/talmolab/lablink-client-base-image:linux-amd64-test@sha256:1ec2fde6860186b3d45ac83890167258f83512955dbce65f072d4e8c310cb9de,9,apply,succeeded,1788389407.309799,1788389407.313231,1788389454.98231,,20,20
1788389608.4060302,5,1,ghcr.io/talmolab/lablink-client-base-image:linux-amd64-test@sha256:1ec2fde6860186b3d45ac83890167258f83512955dbce65f072d4e8c310cb9de,1,apply,succeeded,1788380921.682491,1788380921.685047,1788380971.541328,,20,20
1788389608.4060302,5,1,ghcr.io/talmolab/lablink-client-base-image:linux-amd64-test@sha256:1ec2fde6860186b3d45ac83890167258f83512955dbce65f072d4e8c310cb9de,2,destroy,succeeded,1788381612.379228,1788381612.381237,1788381939.351963,,20,20
1788389608.4060302,5,1,ghcr.io/talmolab/lablink-client-base-image:linux-amd64-test@sha256:1ec2fde6860186b3d45ac83890167258f83512955dbce65f072d4e8c310cb9de,3,apply,succeeded,1788381976.63281,1788381976.63526,1788382026.043455,,20,20
1788389608.4060302,5,1,ghcr.io/talmolab/lablink-client-base-image:linux-amd64-test@sha256:1ec2fde6860186b3d45ac83890167258f83512955dbce65f072d4e8c310cb9de,4,destroy,succeeded,1788382875.148234,1788382875.150169,1788383194.833905,,20,20
1788389608.4060302,5,1,ghcr.io/talmolab/lablink-client-base-image:linux-amd64-test@sha256:1ec2fde6860186b3d45ac83890167258f83512955dbce65f072d4e8c310cb9de,5,apply,succeeded,1788383308.62635,1788383308.629388,1788383361.88001,,35,35
1788389608.4060302,5,1,ghcr.io/talmolab/lablink-client-base-image:linux-amd64-test@sha256:1ec2fde6860186b3d45ac83890167258f83512955dbce65f072d4e8c310cb9de,6,destroy,succeeded,1788384337.446569,1788384337.448163,1788384657.690712,,35,35
1788389608.4060302,5,1,ghcr.io/talmolab/lablink-client-base-image:linux-amd64-test@sha256:1ec2fde6860186b3d45ac83890167258f83512955dbce65f072d4e8c310cb9de,7,apply,succeeded,1788384727.528365,1788384727.530681,1788384808.61864,,95,95
1788389608.4060302,5,1,ghcr.io/talmolab/lablink-client-base-image:linux-amd64-test@sha256:1ec2fde6860186b3d45ac83890167258f83512955dbce65f072d4e8c310cb9de,8,destroy,succeeded,1788385076.969534,1788385076.971902,1788385973.63117,,95,95
1788389608.4060302,5,1,ghcr.io/talmolab/lablink-client-base-image:linux-amd64-test@sha256:1ec2fde6860186b3d45ac83890167258f83512955dbce65f072d4e8c310cb9de,9,apply,succeeded,1788389407.309799,1788389407.313231,1788389454.98231,,20,20
1788389613.2924201,5,1,ghcr.io/talmolab/lablink-client-base-image:linux-amd64-test@sha256:1ec2fde6860186b3d45ac83890167258f83512955dbce65f072d4e8c310cb9de,1,apply,succeeded,1788380921.682491,1788380921.685047,1788380971.541328,,20,20
1788389613.2924201,5,1,ghcr.io/talmolab/lablink-client-base-image:linux-amd64-test@sha256:1ec2fde6860186b3d45ac83890167258f83512955dbce65f072d4e8c310cb9de,2,destroy,succeeded,1788381612.379228,1788381612.381237,1788381939.351963,,20,20
1788389613.2924201,5,1,ghcr.io/talmolab/lablink-client-base-image:linux-amd64-test@sha256:1ec2fde6860186b3d45ac83890167258f83512955dbce65f072d4e8c310cb9de,3,apply,succeeded,1788381976.63281,1788381976.63526,1788382026.043455,,20,20
1788389613.2924201,5,1,ghcr.io/talmolab/lablink-client-base-image:linux-amd64-test@sha256:1ec2fde6860186b3d45ac83890167258f83512955dbce65f072d4e8c310cb9de,4,destroy,succeeded,1788382875.148234,1788382875.150169,1788383194.833905,,20,20
1788389613.2924201,5,1,ghcr.io/talmolab/lablink-client-base-image:linux-amd64-test@sha256:1ec2fde6860186b3d45ac83890167258f83512955dbce65f072d4e8c310cb9de,5,apply,succeeded,1788383308.62635,1788383308.629388,1788383361.88001,,35,35
1788389613.2924201,5,1,ghcr.io/talmolab/lablink-client-base-image:linux-amd64-test@sha256:1ec2fde6860186b3d45ac83890167258f83512955dbce65f072d4e8c310cb9de,6,destroy,succeeded,1788384337.446569,1788384337.448163,1788384657.690712,,35,35
1788389613.2924201,5,1,ghcr.io/talmolab/lablink-client-base-image:linux-amd64-test@sha256:1ec2fde6860186b3d45ac83890167258f83512955dbce65f072d4e8c310cb9de,7,apply,succeeded,1788384727.528365,1788384727.530681,1788384808.61864,,95,95
1788389613.2924201,5,1,ghcr.io/talmolab/lablink-client-base-image:linux-amd64-test@sha256:1ec2fde6860186b3d45ac83890167258f83512955dbce65f072d4e8c310cb9de,8,destroy,succeeded,1788385076.969534,1788385076.971902,1788385973.63117,,95,95
1788389613.2924201,5,1,ghcr.io/talmolab/lablink-client-base-image:linux-amd64-test@sha256:1ec2fde6860186b3d45ac83890167258f83512955dbce65f072d4e8c310cb9de,9,apply,succeeded,1788389407.309799,1788389407.313231,1788389454.98231,,20,20
1788389618.3545809,5,1,ghcr.io/talmolab/lablink-client-base-image:linux-amd64-test@sha256:1ec2fde6860186b3d45ac83890167258f83512955dbce65f072d4e8c310cb9de,1,apply,succeeded,1788380921.682491,1788380921.685047,1788380971.541328,,20,20
1788389618.3545809,5,1,ghcr.io/talmolab/lablink-client-base-image:linux-amd64-test@sha256:1ec2fde6860186b3d45ac83890167258f83512955dbce65f072d4e8c310cb9de,2,destroy,succeeded,1788381612.379228,1788381612.381237,1788381939.351963,,20,20
1788389618.3545809,5,1,ghcr.io/talmolab/lablink-client-base-image:linux-amd64-test@sha256:1ec2fde6860186b3d45ac83890167258f83512955dbce65f072d4e8c310cb9de,3,apply,succeeded,1788381976.63281,1788381976.63526,1788382026.043455,,20,20
1788389618.3545809,5,1,ghcr.io/talmolab/lablink-client-base-image:linux-amd64-test@sha256:1ec2fde6860186b3d45ac83890167258f83512955dbce65f072d4e8c310cb9de,4,destroy,succeeded,1788382875.148234,1788382875.150169,1788383194.833905,,20,20
1788389618.3545809,5,1,ghcr.io/talmolab/lablink-client-base-image:linux-amd64-test@sha256:1ec2fde6860186b3d45ac83890167258f83512955dbce65f072d4e8c310cb9de,5,apply,succeeded,1788383308.62635,1788383308.629388,1788383361.88001,,35,35
1788389618.3545809,5,1,ghcr.io/talmolab/lablink-client-base-image:linux-amd64-test@sha256:1ec2fde6860186b3d45ac83890167258f83512955dbce65f072d4e8c310cb9de,6,destroy,succeeded,1788384337.446569,1788384337.448163,1788384657.690712,,35,35
1788389618.3545809,5,1,ghcr.io/talmolab/lablink-client-base-image:linux-amd64-test@sha256:1ec2fde6860186b3d45ac83890167258f83512955dbce65f072d4e8c310cb9de,7,apply,succeeded,1788384727.528365,1788384727.530681,1788384808.61864,,95,95
1788389618.3545809,5,1,ghcr.io/talmolab/lablink-client-base-image:linux-amd64-test@sha256:1ec2fde6860186b3d45ac83890167258f83512955dbce65f072d4e8c310cb9de,8,destroy,succeeded,1788385076.969534,1788385076.971902,1788385973.63117,,95,95
1788389618.3545809,5,1,ghcr.io/talmolab/lablink-client-base-image:linux-amd64-test@sha256:1ec2fde6860186b3d45ac83890167258f83512955dbce65f072d4e8c310cb9de,9,apply,succeeded,1788389407.309799,1788389407.313231,1788389454.98231,,20,20
1788389623.382176,5,1,ghcr.io/talmolab/lablink-client-base-image:linux-amd64-test@sha256:1ec2fde6860186b3d45ac83890167258f83512955dbce65f072d4e8c310cb9de,1,apply,succeeded,1788380921.682491,1788380921.685047,1788380971.541328,,20,20
1788389623.382176,5,1,ghcr.io/talmolab/lablink-client-base-image:linux-amd64-test@sha256:1ec2fde6860186b3d45ac83890167258f83512955dbce65f072d4e8c310cb9de,2,destroy,succeeded,1788381612.379228,1788381612.381237,1788381939.351963,,20,20
1788389623.382176,5,1,ghcr.io/talmolab/lablink-client-base-image:linux-amd64-test@sha256:1ec2fde6860186b3d45ac83890167258f83512955dbce65f072d4e8c310cb9de,3,apply,succeeded,1788381976.63281,1788381976.63526,1788382026.043455,,20,20
1788389623.382176,5,1,ghcr.io/talmolab/lablink-client-base-image:linux-amd64-test@sha256:1ec2fde6860186b3d45ac83890167258f83512955dbce65f072d4e8c310cb9de,4,destroy,succeeded,1788382875.148234,1788382875.150169,1788383194.833905,,20,20
1788389623.382176,5,1,ghcr.io/talmolab/lablink-client-base-image:linux-amd64-test@sha256:1ec2fde6860186b3d45ac83890167258f83512955dbce65f072d4e8c310cb9de,5,apply,succeeded,1788383308.62635,1788383308.629388,1788383361.88001,,35,35
1788389623.382176,5,1,ghcr.io/talmolab/lablink-client-base-image:linux-amd64-test@sha256:1ec2fde6860186b3d45ac83890167258f83512955dbce65f072d4e8c310cb9de,6,destroy,succeeded,1788384337.446569,1788384337.448163,1788384657.690712,,35,35
1788389623.382176,5,1,ghcr.io/talmolab/lablink-client-base-image:linux-amd64-test@sha256:1ec2fde6860186b3d45ac83890167258f83512955dbce65f072d4e8c310cb9de,7,apply,succeeded,1788384727.528365,1788384727.530681,1788384808.61864,,95,95
1788389623.382176,5,1,ghcr.io/talmolab/lablink-client-base-image:linux-amd64-test@sha256:1ec2fde6860186b3d45ac83890167258f83512955dbce65f072d4e8c310cb9de,8,destroy,succeeded,1788385076.969534,1788385076.971902,1788385973.63117,,95,95
1788389623.382176,5,1,ghcr.io/talmolab/lablink-client-base-image:linux-amd64-test@sha256:1ec2fde6860186b3d45ac83890167258f83512955dbce65f072d4e8c310cb9de,9,apply,succeeded,1788389407.309799,1788389407.313231,1788389454.98231,,20,20
1788389628.3368,5,1,ghcr.io/talmolab/lablink-client-base-image:linux-amd64-test@sha256:1ec2fde6860186b3d45ac83890167258f83512955dbce65f072d4e8c310cb9de,1,apply,succeeded,1788380921.682491,1788380921.685047,1788380971.541328,,20,20
1788389628.3368,5,1,ghcr.io/talmolab/lablink-client-base-image:linux-amd64-test@sha256:1ec2fde6860186b3d45ac83890167258f83512955dbce65f072d4e8c310cb9de,2,destroy,succeeded,1788381612.379228,1788381612.381237,1788381939.351963,,20,20
1788389628.3368,5,1,ghcr.io/talmolab/lablink-client-base-image:linux-amd64-test@sha256:1ec2fde6860186b3d45ac83890167258f83512955dbce65f072d4e8c310cb9de,3,apply,succeeded,1788381976.63281,1788381976.63526,1788382026.043455,,20,20
1788389628.3368,5,1,ghcr.io/talmolab/lablink-client-base-image:linux-amd64-test@sha256:1ec2fde6860186b3d45ac83890167258f83512955dbce65f072d4e8c310cb9de,4,destroy,succeeded,1788382875.148234,1788382875.150169,1788383194.833905,,20,20
1788389628.3368,5,1,ghcr.io/talmolab/lablink-client-base-image:linux-amd64-test@sha256:1ec2fde6860186b3d45ac83890167258f83512955dbce65f072d4e8c310cb9de,5,apply,succeeded,1788383308.62635,1788383308.629388,1788383361.88001,,35,35
1788389628.3368,5,1,ghcr.io/talmolab/lablink-client-base-image:linux-amd64-test@sha256:1ec2fde6860186b3d45ac83890167258f83512955dbce65f072d4e8c310cb9de,6,destroy,succeeded,1788384337.446569,1788384337.448163,1788384657.690712,,35,35
1788389628.3368,5,1,ghcr.io/talmolab/lablink-client-base-image:linux-amd64-test@sha256:1ec2fde6860186b3d45ac83890167258f83512955dbce65f072d4e8c310cb9de,7,apply,succeeded,1788384727.528365,1788384727.530681,1788384808.61864,,95,95
1788389628.3368,5,1,ghcr.io/talmolab/lablink-client-base-image:linux-amd64-test@sha256:1ec2fde6860186b3d45ac83890167258f83512955dbce65f072d4e8c310cb9de,8,destroy,succeeded,1788385076.969534,1788385076.971902,1788385973.63117,,95,95
1788389628.3368,5,1,ghcr.io/talmolab/lablink-client-base-image:linux-amd64-test@sha256:1ec2fde6860186b3d45ac83890167258f83512955dbce65f072d4e8c310cb9de,9,apply,succeeded,1788389407.309799,1788389407.313231,1788389454.98231,,20,20
1788389633.21765,5,1,ghcr.io/talmolab/lablink-client-base-image:linux-amd64-test@sha256:1ec2fde6860186b3d45ac83890167258f83512955dbce65f072d4e8c310cb9de,1,apply,succeeded,1788380921.682491,1788380921.685047,1788380971.541328,,20,20
1788389633.21765,5,1,ghcr.io/talmolab/lablink-client-base-image:linux-amd64-test@sha256:1ec2fde6860186b3d45ac83890167258f83512955dbce65f072d4e8c310cb9de,2,destroy,succeeded,1788381612.379228,1788381612.381237,1788381939.351963,,20,20
1788389633.21765,5,1,ghcr.io/talmolab/lablink-client-base-image:linux-amd64-test@sha256:1ec2fde6860186b3d45ac83890167258f83512955dbce65f072d4e8c310cb9de,3,apply,succeeded,1788381976.63281,1788381976.63526,1788382026.043455,,20,20
1788389633.21765,5,1,ghcr.io/talmolab/lablink-client-base-image:linux-amd64-test@sha256:1ec2fde6860186b3d45ac83890167258f83512955dbce65f072d4e8c310cb9de,4,destroy,succeeded,1788382875.148234,1788382875.150169,1788383194.833905,,20,20
1788389633.21765,5,1,ghcr.io/talmolab/lablink-client-base-image:linux-amd64-test@sha256:1ec2fde6860186b3d45ac83890167258f83512955dbce65f072d4e8c310cb9de,5,apply,succeeded,1788383308.62635,1788383308.629388,1788383361.88001,,35,35
1788389633.21765,5,1,ghcr.io/talmolab/lablink-client-base-image:linux-amd64-test@sha256:1ec2fde6860186b3d45ac83890167258f83512955dbce65f072d4e8c310cb9de,6,destroy,succeeded,1788384337.446569,1788384337.448163,1788384657.690712,,35,35
1788389633.21765,5,1,ghcr.io/talmolab/lablink-client-base-image:linux-amd64-test@sha256:1ec2fde6860186b3d45ac83890167258f83512955dbce65f072d4e8c310cb9de,7,apply,succeeded,1788384727.528365,1788384727.530681,1788384808.61864,,95,95
1788389633.21765,5,1,ghcr.io/talmolab/lablink-client-base-image:linux-amd64-test@sha256:1ec2fde6860186b3d45ac83890167258f83512955dbce65f072d4e8c310cb9de,8,destroy,succeeded,1788385076.969534,1788385076.971902,1788385973.63117,,95,95
1788389633.21765,5,1,ghcr.io/talmolab/lablink-client-base-image:linux-amd64-test@sha256:1ec2fde6860186b3d45ac83890167258f83512955dbce65f072d4e8c310cb9de,9,apply,succeeded,1788389407.309799,1788389407.313231,1788389454.98231,,20,20
1788389638.369676,5,1,ghcr.io/talmolab/lablink-client-base-image:linux-amd64-test@sha256:1ec2fde6860186b3d45ac83890167258f83512955dbce65f072d4e8c310cb9de,1,apply,succeeded,1788380921.682491,1788380921.685047,1788380971.541328,,20,20
1788389638.369676,5,1,ghcr.io/talmolab/lablink-client-base-image:linux-amd64-test@sha256:1ec2fde6860186b3d45ac83890167258f83512955dbce65f072d4e8c310cb9de,2,destroy,succeeded,1788381612.379228,1788381612.381237,1788381939.351963,,20,20
1788389638.369676,5,1,ghcr.io/talmolab/lablink-client-base-image:linux-amd64-test@sha256:1ec2fde6860186b3d45ac83890167258f83512955dbce65f072d4e8c310cb9de,3,apply,succeeded,1788381976.63281,1788381976.63526,1788382026.043455,,20,20
1788389638.369676,5,1,ghcr.io/talmolab/lablink-client-base-image:linux-amd64-test@sha256:1ec2fde6860186b3d45ac83890167258f83512955dbce65f072d4e8c310cb9de,4,destroy,succeeded,1788382875.148234,1788382875.150169,1788383194.833905,,20,20
1788389638.369676,5,1,ghcr.io/talmolab/lablink-client-base-image:linux-amd64-test@sha256:1ec2fde6860186b3d45ac83890167258f83512955dbce65f072d4e8c310cb9de,5,apply,succeeded,1788383308.62635,1788383308.629388,1788383361.88001,,35,35
1788389638.369676,5,1,ghcr.io/talmolab/lablink-client-base-image:linux-amd64-test@sha256:1ec2fde6860186b3d45ac83890167258f83512955dbce65f072d4e8c310cb9de,6,destroy,succeeded,1788384337.446569,1788384337.448163,1788384657.690712,,35,35
1788389638.369676,5,1,ghcr.io/talmolab/lablink-client-base-image:linux-amd64-test@sha256:1ec2fde6860186b3d45ac83890167258f83512955dbce65f072d4e8c310cb9de,7,apply,succeeded,1788384727.528365,1788384727.530681,1788384808.61864,,95,95
1788389638.369676,5,1,ghcr.io/talmolab/lablink-client-base-image:linux-amd64-test@sha256:1ec2fde6860186b3d45ac83890167258f83512955dbce65f072d4e8c310cb9de,8,destroy,succeeded,1788385076.969534,1788385076.971902,1788385973.63117,,95,95
1788389638.369676,5,1,ghcr.io/talmolab/lablink-client-base-image:linux-amd64-test@sha256:1ec2fde6860186b3d45ac83890167258f83512955dbce65f072d4e8c310cb9de,9,apply,succeeded,1788389407.309799,1788389407.313231,1788389454.98231,,20,20
1788389643.5278258,5,1,ghcr.io/talmolab/lablink-client-base-image:linux-amd64-test@sha256:1ec2fde6860186b3d45ac83890167258f83512955dbce65f072d4e8c310cb9de,1,apply,succeeded,1788380921.682491,1788380921.685047,1788380971.541328,,20,20
1788389643.5278258,5,1,ghcr.io/talmolab/lablink-client-base-image:linux-amd64-test@sha256:1ec2fde6860186b3d45ac83890167258f83512955dbce65f072d4e8c310cb9de,2,destroy,succeeded,1788381612.379228,1788381612.381237,1788381939.351963,,20,20
1788389643.5278258,5,1,ghcr.io/talmolab/lablink-client-base-image:linux-amd64-test@sha256:1ec2fde6860186b3d45ac83890167258f83512955dbce65f072d4e8c310cb9de,3,apply,succeeded,1788381976.63281,1788381976.63526,1788382026.043455,,20,20
1788389643.5278258,5,1,ghcr.io/talmolab/lablink-client-base-image:linux-amd64-test@sha256:1ec2fde6860186b3d45ac83890167258f83512955dbce65f072d4e8c310cb9de,4,destroy,succeeded,1788382875.148234,1788382875.150169,1788383194.833905,,20,20
1788389643.5278258,5,1,ghcr.io/talmolab/lablink-client-base-image:linux-amd64-test@sha256:1ec2fde6860186b3d45ac83890167258f83512955dbce65f072d4e8c310cb9de,5,apply,succeeded,1788383308.62635,1788383308.629388,1788383361.88001,,35,35
1788389643.5278258,5,1,ghcr.io/talmolab/lablink-client-base-image:linux-amd64-test@sha256:1ec2fde6860186b3d45ac83890167258f83512955dbce65f072d4e8c310cb9de,6,destroy,succeeded,1788384337.446569,1788384337.448163,1788384657.690712,,35,35
1788389643.5278258,5,1,ghcr.io/talmolab/lablink-client-base-image:linux-amd64-test@sha256:1ec2fde6860186b3d45ac83890167258f83512955dbce65f072d4e8c310cb9de,7,apply,succeeded,1788384727.528365,1788384727.530681,1788384808.61864,,95,95
1788389643.5278258,5,1,ghcr.io/talmolab/lablink-client-base-image:linux-amd64-test@sha256:1ec2fde6860186b3d45ac83890167258f83512955dbce65f072d4e8c310cb9de,8,destroy,succeeded,1788385076.969534,1788385076.971902,1788385973.63117,,95,95
1788389643.5278258,5,1,ghcr.io/talmolab/lablink-client-base-image:linux-amd64-test@sha256:1ec2fde6860186b3d45ac83890167258f83512955dbce65f072d4e8c310cb9de,9,apply,succeeded,1788389407.309799,1788389407.313231,1788389454.98231,,20,20
1788389648.549456,5,1,ghcr.io/talmolab/lablink-client-base-image:linux-amd64-test@sha256:1ec2fde6860186b3d45ac83890167258f83512955dbce65f072d4e8c310cb9de,1,apply,succeeded,1788380921.682491,1788380921.685047,1788380971.541328,,20,20
1788389648.549456,5,1,ghcr.io/talmolab/lablink-client-base-image:linux-amd64-test@sha256:1ec2fde6860186b3d45ac83890167258f83512955dbce65f072d4e8c310cb9de,2,destroy,succeeded,1788381612.379228,1788381612.381237,1788381939.351963,,20,20
1788389648.549456,5,1,ghcr.io/talmolab/lablink-client-base-image:linux-amd64-test@sha256:1ec2fde6860186b3d45ac83890167258f83512955dbce65f072d4e8c310cb9de,3,apply,succeeded,1788381976.63281,1788381976.63526,1788382026.043455,,20,20
1788389648.549456,5,1,ghcr.io/talmolab/lablink-client-base-image:linux-amd64-test@sha256:1ec2fde6860186b3d45ac83890167258f83512955dbce65f072d4e8c310cb9de,4,destroy,succeeded,1788382875.148234,1788382875.150169,1788383194.833905,,20,20
1788389648.549456,5,1,ghcr.io/talmolab/lablink-client-base-image:linux-amd64-test@sha256:1ec2fde6860186b3d45ac83890167258f83512955dbce65f072d4e8c310cb9de,5,apply,succeeded,1788383308.62635,1788383308.629388,1788383361.88001,,35,35
1788389648.549456,5,1,ghcr.io/talmolab/lablink-client-base-image:linux-amd64-test@sha256:1ec2fde6860186b3d45ac83890167258f83512955dbce65f072d4e8c310cb9de,6,destroy,succeeded,1788384337.446569,1788384337.448163,1788384657.690712,,35,35
1788389648.549456,5,1,ghcr.io/talmolab/lablink-client-base-image:linux-amd64-test@sha256:1ec2fde6860186b3d45ac83890167258f83512955dbce65f072d4e8c310cb9de,7,apply,succeeded,1788384727.528365,1788384727.530681,1788384808.61864,,95,95
1788389648.549456,5,1,ghcr.io/talmolab/lablink-client-base-image:linux-amd64-test@sha256:1ec2fde6860186b3d45ac83890167258f83512955dbce65f072d4e8c310cb9de,8,destroy,succeeded,1788385076.969534,1788385076.971902,1788385973.63117,,95,95
1788389648.549456,5,1,ghcr.io/talmolab/lablink-client-base-image:linux-amd64-test@sha256:1ec2fde6860186b3d45ac83890167258f83512955dbce65f072d4e8c310cb9de,9,apply,succeeded,1788389407.309799,1788389407.313231,1788389454.98231,,20,20
1788389653.79664,5,1,ghcr.io/talmolab/lablink-client-base-image:linux-amd64-test@sha256:1ec2fde6860186b3d45ac83890167258f83512955dbce65f072d4e8c310cb9de,1,apply,succeeded,1788380921.682491,1788380921.685047,1788380971.541328,,20,20
1788389653.79664,5,1,ghcr.io/talmolab/lablink-client-base-image:linux-amd64-test@sha256:1ec2fde6860186b3d45ac83890167258f83512955dbce65f072d4e8c310cb9de,2,destroy,succeeded,1788381612.379228,1788381612.381237,1788381939.351963,,20,20
1788389653.79664,5,1,ghcr.io/talmolab/lablink-client-base-image:linux-amd64-test@sha256:1ec2fde6860186b3d45ac83890167258f83512955dbce65f072d4e8c310cb9de,3,apply,succeeded,1788381976.63281,1788381976.63526,1788382026.043455,,20,20
1788389653.79664,5,1,ghcr.io/talmolab/lablink-client-base-image:linux-amd64-test@sha256:1ec2fde6860186b3d45ac83890167258f83512955dbce65f072d4e8c310cb9de,4,destroy,succeeded,1788382875.148234,1788382875.150169,1788383194.833905,,20,20
1788389653.79664,5,1,ghcr.io/talmolab/lablink-client-base-image:linux-amd64-test@sha256:1ec2fde6860186b3d45ac83890167258f83512955dbce65f072d4e8c310cb9de,5,apply,succeeded,1788383308.62635,1788383308.629388,1788383361.88001,,35,35
1788389653.79664,5,1,ghcr.io/talmolab/lablink-client-base-image:linux-amd64-test@sha256:1ec2fde6860186b3d45ac83890167258f83512955dbce65f072d4e8c310cb9de,6,destroy,succeeded,1788384337.446569,1788384337.448163,1788384657.690712,,35,35
1788389653.79664,5,1,ghcr.io/talmolab/lablink-client-base-image:linux-amd64-test@sha256:1ec2fde6860186b3d45ac83890167258f83512955dbce65f072d4e8c310cb9de,7,apply,succeeded,1788384727.528365,1788384727.530681,1788384808.61864,,95,95
1788389653.79664,5,1,ghcr.io/talmolab/lablink-client-base-image:linux-amd64-test@sha256:1ec2fde6860186b3d45ac83890167258f83512955dbce65f072d4e8c310cb9de,8,destroy,succeeded,1788385076.969534,1788385076.971902,1788385973.63117,,95,95
1788389653.79664,5,1,ghcr.io/talmolab/lablink-client-base-image:linux-amd64-test@sha256:1ec2fde6860186b3d45ac83890167258f83512955dbce65f072d4e8c310cb9de,9,apply,succeeded,1788389407.309799,1788389407.313231,1788389454.98231,,20,20
1788389658.4077818,5,1,ghcr.io/talmolab/lablink-client-base-image:linux-amd64-test@sha256:1ec2fde6860186b3d45ac83890167258f83512955dbce65f072d4e8c310cb9de,1,apply,succeeded,1788380921.682491,1788380921.685047,1788380971.541328,,20,20
1788389658.4077818,5,1,ghcr.io/talmolab/lablink-client-base-image:linux-amd64-test@sha256:1ec2fde6860186b3d45ac83890167258f83512955dbce65f072d4e8c310cb9de,2,destroy,succeeded,1788381612.379228,1788381612.381237,1788381939.351963,,20,20
1788389658.4077818,5,1,ghcr.io/talmolab/lablink-client-base-image:linux-amd64-test@sha256:1ec2fde6860186b3d45ac83890167258f83512955dbce65f072d4e8c310cb9de,3,apply,succeeded,1788381976.63281,1788381976.63526,1788382026.043455,,20,20
1788389658.4077818,5,1,ghcr.io/talmolab/lablink-client-base-image:linux-amd64-test@sha256:1ec2fde6860186b3d45ac83890167258f83512955dbce65f072d4e8c310cb9de,4,destroy,succeeded,1788382875.148234,1788382875.150169,1788383194.833905,,20,20
1788389658.4077818,5,1,ghcr.io/talmolab/lablink-client-base-image:linux-amd64-test@sha256:1ec2fde6860186b3d45ac83890167258f83512955dbce65f072d4e8c310cb9de,5,apply,succeeded,1788383308.62635,1788383308.629388,1788383361.88001,,35,35
1788389658.4077818,5,1,ghcr.io/talmolab/lablink-client-base-image:linux-amd64-test@sha256:1ec2fde6860186b3d45ac83890167258f83512955dbce65f072d4e8c310cb9de,6,destroy,succeeded,1788384337.446569,1788384337.448163,1788384657.690712,,35,35
1788389658.4077818,5,1,ghcr.io/talmolab/lablink-client-base-image:linux-amd64-test@sha256:1ec2fde6860186b3d45ac83890167258f83512955dbce65f072d4e8c310cb9de,7,apply,succeeded,1788384727.528365,1788384727.530681,1788384808.61864,,95,95
1788389658.4077818,5,1,ghcr.io/talmolab/lablink-client-base-image:linux-amd64-test@sha256:1ec2fde6860186b3d45ac83890167258f83512955dbce65f072d4e8c310cb9de,8,destroy,succeeded,1788385076.969534,1788385076.971902,1788385973.63117,,95,95
1788389658.4077818,5,1,ghcr.io/talmolab/lablink-client-base-image:linux-amd64-test@sha256:1ec2fde6860186b3d45ac83890167258f83512955dbce65f072d4e8c310cb9de,9,apply,succeeded,1788389407.309799,1788389407.313231,1788389454.98231,,20,20
1788389663.4559581,5,1,ghcr.io/talmolab/lablink-client-base-image:linux-amd64-test@sha256:1ec2fde6860186b3d45ac83890167258f83512955dbce65f072d4e8c310cb9de,1,apply,succeeded,1788380921.682491,1788380921.685047,1788380971.541328,,20,20
1788389663.4559581,5,1,ghcr.io/talmolab/lablink-client-base-image:linux-amd64-test@sha256:1ec2fde6860186b3d45ac83890167258f83512955dbce65f072d4e8c310cb9de,2,destroy,succeeded,1788381612.379228,1788381612.381237,1788381939.351963,,20,20
1788389663.4559581,5,1,ghcr.io/talmolab/lablink-client-base-image:linux-amd64-test@sha256:1ec2fde6860186b3d45ac83890167258f83512955dbce65f072d4e8c310cb9de,3,apply,succeeded,1788381976.63281,1788381976.63526,1788382026.043455,,20,20
1788389663.4559581,5,1,ghcr.io/talmolab/lablink-client-base-image:linux-amd64-test@sha256:1ec2fde6860186b3d45ac83890167258f83512955dbce65f072d4e8c310cb9de,4,destroy,succeeded,1788382875.148234,1788382875.150169,1788383194.833905,,20,20
1788389663.4559581,5,1,ghcr.io/talmolab/lablink-client-base-image:linux-amd64-test@sha256:1ec2fde6860186b3d45ac83890167258f83512955dbce65f072d4e8c310cb9de,5,apply,succeeded,1788383308.62635,1788383308.629388,1788383361.88001,,35,35
1788389663.4559581,5,1,ghcr.io/talmolab/lablink-client-base-image:linux-amd64-test@sha256:1ec2fde6860186b3d45ac83890167258f83512955dbce65f072d4e8c310cb9de,6,destroy,succeeded,1788384337.446569,1788384337.448163,1788384657.690712,,35,35
1788389663.4559581,5,1,ghcr.io/talmolab/lablink-client-base-image:linux-amd64-test@sha256:1ec2fde6860186b3d45ac83890167258f83512955dbce65f072d4e8c310cb9de,7,apply,succeeded,1788384727.528365,1788384727.530681,1788384808.61864,,95,95
1788389663.4559581,5,1,ghcr.io/talmolab/lablink-client-base-image:linux-amd64-test@sha256:1ec2fde6860186b3d45ac83890167258f83512955dbce65f072d4e8c310cb9de,8,destroy,succeeded,1788385076.969534,1788385076.971902,1788385973.63117,,95,95
1788389663.4559581,5,1,ghcr.io/talmolab/lablink-client-base-image:linux-amd64-test@sha256:1ec2fde6860186b3d45ac83890167258f83512955dbce65f072d4e8c310cb9de,9,apply,succeeded,1788389407.309799,1788389407.313231,1788389454.98231,,20,20
1788389668.472544,5,1,ghcr.io/talmolab/lablink-client-base-image:linux-amd64-test@sha256:1ec2fde6860186b3d45ac83890167258f83512955dbce65f072d4e8c310cb9de,1,apply,succeeded,1788380921.682491,1788380921.685047,1788380971.541328,,20,20
1788389668.472544,5,1,ghcr.io/talmolab/lablink-client-base-image:linux-amd64-test@sha256:1ec2fde6860186b3d45ac83890167258f83512955dbce65f072d4e8c310cb9de,2,destroy,succeeded,1788381612.379228,1788381612.381237,1788381939.351963,,20,20
1788389668.472544,5,1,ghcr.io/talmolab/lablink-client-base-image:linux-amd64-test@sha256:1ec2fde6860186b3d45ac83890167258f83512955dbce65f072d4e8c310cb9de,3,apply,succeeded,1788381976.63281,1788381976.63526,1788382026.043455,,20,20
1788389668.472544,5,1,ghcr.io/talmolab/lablink-client-base-image:linux-amd64-test@sha256:1ec2fde6860186b3d45ac83890167258f83512955dbce65f072d4e8c310cb9de,4,destroy,succeeded,1788382875.148234,1788382875.150169,1788383194.833905,,20,20
1788389668.472544,5,1,ghcr.io/talmolab/lablink-client-base-image:linux-amd64-test@sha256:1ec2fde6860186b3d45ac83890167258f83512955dbce65f072d4e8c310cb9de,5,apply,succeeded,1788383308.62635,1788383308.629388,1788383361.88001,,35,35
1788389668.472544,5,1,ghcr.io/talmolab/lablink-client-base-image:linux-amd64-test@sha256:1ec2fde6860186b3d45ac83890167258f83512955dbce65f072d4e8c310cb9de,6,destroy,succeeded,1788384337.446569,1788384337.448163,1788384657.690712,,35,35
1788389668.472544,5,1,ghcr.io/talmolab/lablink-client-base-image:linux-amd64-test@sha256:1ec2fde6860186b3d45ac83890167258f83512955dbce65f072d4e8c310cb9de,7,apply,succeeded,1788384727.528365,1788384727.530681,1788384808.61864,,95,95
1788389668.472544,5,1,ghcr.io/talmolab/lablink-client-base-image:linux-amd64-test@sha256:1ec2fde6860186b3d45ac83890167258f83512955dbce65f072d4e8c310cb9de,8,destroy,succeeded,1788385076.969534,1788385076.971902,1788385973.63117,,95,95
1788389668.472544,5,1,ghcr.io/talmolab/lablink-client-base-image:linux-amd64-test@sha256:1ec2fde6860186b3d45ac83890167258f83512955dbce65f072d4e8c310cb9de,9,apply,succeeded,1788389407.309799,1788389407.313231,1788389454.98231,,20,20
1788389673.454731,5,1,ghcr.io/talmolab/lablink-client-base-image:linux-amd64-test@sha256:1ec2fde6860186b3d45ac83890167258f83512955dbce65f072d4e8c310cb9de,1,apply,succeeded,1788380921.682491,1788380921.685047,1788380971.541328,,20,20
1788389673.454731,5,1,ghcr.io/talmolab/lablink-client-base-image:linux-amd64-test@sha256:1ec2fde6860186b3d45ac83890167258f83512955dbce65f072d4e8c310cb9de,2,destroy,succeeded,1788381612.379228,1788381612.381237,1788381939.351963,,20,20
1788389673.454731,5,1,ghcr.io/talmolab/lablink-client-base-image:linux-amd64-test@sha256:1ec2fde6860186b3d45ac83890167258f83512955dbce65f072d4e8c310cb9de,3,apply,succeeded,1788381976.63281,1788381976.63526,1788382026.043455,,20,20
1788389673.454731,5,1,ghcr.io/talmolab/lablink-client-base-image:linux-amd64-test@sha256:1ec2fde6860186b3d45ac83890167258f83512955dbce65f072d4e8c310cb9de,4,destroy,succeeded,1788382875.148234,1788382875.150169,1788383194.833905,,20,20
1788389673.454731,5,1,ghcr.io/talmolab/lablink-client-base-image:linux-amd64-test@sha256:1ec2fde6860186b3d45ac83890167258f83512955dbce65f072d4e8c310cb9de,5,apply,succeeded,1788383308.62635,1788383308.629388,1788383361.88001,,35,35
1788389673.454731,5,1,ghcr.io/talmolab/lablink-client-base-image:linux-amd64-test@sha256:1ec2fde6860186b3d45ac83890167258f83512955dbce65f072d4e8c310cb9de,6,destroy,succeeded,1788384337.446569,1788384337.448163,1788384657.690712,,35,35
1788389673.454731,5,1,ghcr.io/talmolab/lablink-client-base-image:linux-amd64-test@sha256:1ec2fde6860186b3d45ac83890167258f83512955dbce65f072d4e8c310cb9de,7,apply,succeeded,1788384727.528365,1788384727.530681,1788384808.61864,,95,95
1788389673.454731,5,1,ghcr.io/talmolab/lablink-client-base-image:linux-amd64-test@sha256:1ec2fde6860186b3d45ac83890167258f83512955dbce65f072d4e8c310cb9de,8,destroy,succeeded,1788385076.969534,1788385076.971902,1788385973.63117,,95,95
1788389673.454731,5,1,ghcr.io/talmolab/lablink-client-base-image:linux-amd64-test@sha256:1ec2fde6860186b3d45ac83890167258f83512955dbce65f072d4e8c310cb9de,9,apply,succeeded,1788389407.309799,1788389407.313231,1788389454.98231,,20,20
1788389678.321242,5,1,ghcr.io/talmolab/lablink-client-base-image:linux-amd64-test@sha256:1ec2fde6860186b3d45ac83890167258f83512955dbce65f072d4e8c310cb9de,1,apply,succeeded,1788380921.682491,1788380921.685047,1788380971.541328,,20,20
1788389678.321242,5,1,ghcr.io/talmolab/lablink-client-base-image:linux-amd64-test@sha256:1ec2fde6860186b3d45ac83890167258f83512955dbce65f072d4e8c310cb9de,2,destroy,succeeded,1788381612.379228,1788381612.381237,1788381939.351963,,20,20
1788389678.321242,5,1,ghcr.io/talmolab/lablink-client-base-image:linux-amd64-test@sha256:1ec2fde6860186b3d45ac83890167258f83512955dbce65f072d4e8c310cb9de,3,apply,succeeded,1788381976.63281,1788381976.63526,1788382026.043455,,20,20
1788389678.321242,5,1,ghcr.io/talmolab/lablink-client-base-image:linux-amd64-test@sha256:1ec2fde6860186b3d45ac83890167258f83512955dbce65f072d4e8c310cb9de,4,destroy,succeeded,1788382875.148234,1788382875.150169,1788383194.833905,,20,20
1788389678.321242,5,1,ghcr.io/talmolab/lablink-client-base-image:linux-amd64-test@sha256:1ec2fde6860186b3d45ac83890167258f83512955dbce65f072d4e8c310cb9de,5,apply,succeeded,1788383308.62635,1788383308.629388,1788383361.88001,,35,35
1788389678.321242,5,1,ghcr.io/talmolab/lablink-client-base-image:linux-amd64-test@sha256:1ec2fde6860186b3d45ac83890167258f83512955dbce65f072d4e8c310cb9de,6,destroy,succeeded,1788384337.446569,1788384337.448163,1788384657.690712,,35,35
1788389678.321242,5,1,ghcr.io/talmolab/lablink-client-base-image:linux-amd64-test@sha256:1ec2fde6860186b3d45ac83890167258f83512955dbce65f072d4e8c310cb9de,7,apply,succeeded,1788384727.528365,1788384727.530681,1788384808.61864,,95,95
1788389678.321242,5,1,ghcr.io/talmolab/lablink-client-base-image:linux-amd64-test@sha256:1ec2fde6860186b3d45ac83890167258f83512955dbce65f072d4e8c310cb9de,8,destroy,succeeded,1788385076.969534,1788385076.971902,1788385973.63117,,95,95
1788389678.321242,5,1,ghcr.io/talmolab/lablink-client-base-image:linux-amd64-test@sha256:1ec2fde6860186b3d45ac83890167258f83512955dbce65f072d4e8c310cb9de,9,apply,succeeded,1788389407.309799,1788389407.313231,1788389454.98231,,20,20
1788389683.384602,5,1,ghcr.io/talmolab/lablink-client-base-image:linux-amd64-test@sha256:1ec2fde6860186b3d45ac83890167258f83512955dbce65f072d4e8c310cb9de,1,apply,succeeded,1788380921.682491,1788380921.685047,1788380971.541328,,20,20
1788389683.384602,5,1,ghcr.io/talmolab/lablink-client-base-image:linux-amd64-test@sha256:1ec2fde6860186b3d45ac83890167258f83512955dbce65f072d4e8c310cb9de,2,destroy,succeeded,1788381612.379228,1788381612.381237,1788381939.351963,,20,20
1788389683.384602,5,1,ghcr.io/talmolab/lablink-client-base-image:linux-amd64-test@sha256:1ec2fde6860186b3d45ac83890167258f83512955dbce65f072d4e8c310cb9de,3,apply,succeeded,1788381976.63281,1788381976.63526,1788382026.043455,,20,20
1788389683.384602,5,1,ghcr.io/talmolab/lablink-client-base-image:linux-amd64-test@sha256:1ec2fde6860186b3d45ac83890167258f83512955dbce65f072d4e8c310cb9de,4,destroy,succeeded,1788382875.148234,1788382875.150169,1788383194.833905,,20,20
1788389683.384602,5,1,ghcr.io/talmolab/lablink-client-base-image:linux-amd64-test@sha256:1ec2fde6860186b3d45ac83890167258f83512955dbce65f072d4e8c310cb9de,5,apply,succeeded,1788383308.62635,1788383308.629388,1788383361.88001,,35,35
1788389683.384602,5,1,ghcr.io/talmolab/lablink-client-base-image:linux-amd64-test@sha256:1ec2fde6860186b3d45ac83890167258f83512955dbce65f072d4e8c310cb9de,6,destroy,succeeded,1788384337.446569,1788384337.448163,1788384657.690712,,35,35
1788389683.384602,5,1,ghcr.io/talmolab/lablink-client-base-image:linux-amd64-test@sha256:1ec2fde6860186b3d45ac83890167258f83512955dbce65f072d4e8c310cb9de,7,apply,succeeded,1788384727.528365,1788384727.530681,1788384808.61864,,95,95
1788389683.384602,5,1,ghcr.io/talmolab/lablink-client-base-image:linux-amd64-test@sha256:1ec2fde6860186b3d45ac83890167258f83512955dbce65f072d4e8c310cb9de,8,destroy,succeeded,1788385076.969534,1788385076.971902,1788385973.63117,,95,95
1788389683.384602,5,1,ghcr.io/talmolab/lablink-client-base-image:linux-amd64-test@sha256:1ec2fde6860186b3d45ac83890167258f83512955dbce65f072d4e8c310cb9de,9,apply,succeeded,1788389407.309799,1788389407.313231,1788389454.98231,,20,20
1788389688.461971,5,1,ghcr.io/talmolab/lablink-client-base-image:linux-amd64-test@sha256:1ec2fde6860186b3d45ac83890167258f83512955dbce65f072d4e8c310cb9de,1,apply,succeeded,1788380921.682491,1788380921.685047,1788380971.541328,,20,20
1788389688.461971,5,1,ghcr.io/talmolab/lablink-client-base-image:linux-amd64-test@sha256:1ec2fde6860186b3d45ac83890167258f83512955dbce65f072d4e8c310cb9de,2,destroy,succeeded,1788381612.379228,1788381612.381237,1788381939.351963,,20,20
1788389688.461971,5,1,ghcr.io/talmolab/lablink-client-base-image:linux-amd64-test@sha256:1ec2fde6860186b3d45ac83890167258f83512955dbce65f072d4e8c310cb9de,3,apply,succeeded,1788381976.63281,1788381976.63526,1788382026.043455,,20,20
1788389688.461971,5,1,ghcr.io/talmolab/lablink-client-base-image:linux-amd64-test@sha256:1ec2fde6860186b3d45ac83890167258f83512955dbce65f072d4e8c310cb9de,4,destroy,succeeded,1788382875.148234,1788382875.150169,1788383194.833905,,20,20
1788389688.461971,5,1,ghcr.io/talmolab/lablink-client-base-image:linux-amd64-test@sha256:1ec2fde6860186b3d45ac83890167258f83512955dbce65f072d4e8c310cb9de,5,apply,succeeded,1788383308.62635,1788383308.629388,1788383361.88001,,35,35
1788389688.461971,5,1,ghcr.io/talmolab/lablink-client-base-image:linux-amd64-test@sha256:1ec2fde6860186b3d45ac83890167258f83512955dbce65f072d4e8c310cb9de,6,destroy,succeeded,1788384337.446569,1788384337.448163,1788384657.690712,,35,35
1788389688.461971,5,1,ghcr.io/talmolab/lablink-client-base-image:linux-amd64-test@sha256:1ec2fde6860186b3d45ac83890167258f83512955dbce65f072d4e8c310cb9de,7,apply,succeeded,1788384727.528365,1788384727.530681,1788384808.61864,,95,95
1788389688.461971,5,1,ghcr.io/talmolab/lablink-client-base-image:linux-amd64-test@sha256:1ec2fde6860186b3d45ac83890167258f83512955dbce65f072d4e8c310cb9de,8,destroy,succeeded,1788385076.969534,1788385076.971902,1788385973.63117,,95,95
1788389688.461971,5,1,ghcr.io/talmolab/lablink-client-base-image:linux-amd64-test@sha256:1ec2fde6860186b3d45ac83890167258f83512955dbce65f072d4e8c310cb9de,9,apply,succeeded,1788389407.309799,1788389407.313231,1788389454.98231,,20,20
1788389693.431348,5,1,ghcr.io/talmolab/lablink-client-base-image:linux-amd64-test@sha256:1ec2fde6860186b3d45ac83890167258f83512955dbce65f072d4e8c310cb9de,1,apply,succeeded,1788380921.682491,1788380921.685047,1788380971.541328,,20,20
1788389693.431348,5,1,ghcr.io/talmolab/lablink-client-base-image:linux-amd64-test@sha256:1ec2fde6860186b3d45ac83890167258f83512955dbce65f072d4e8c310cb9de,2,destroy,succeeded,1788381612.379228,1788381612.381237,1788381939.351963,,20,20
1788389693.431348,5,1,ghcr.io/talmolab/lablink-client-base-image:linux-amd64-test@sha256:1ec2fde6860186b3d45ac83890167258f83512955dbce65f072d4e8c310cb9de,3,apply,succeeded,1788381976.63281,1788381976.63526,1788382026.043455,,20,20
1788389693.431348,5,1,ghcr.io/talmolab/lablink-client-base-image:linux-amd64-test@sha256:1ec2fde6860186b3d45ac83890167258f83512955dbce65f072d4e8c310cb9de,4,destroy,succeeded,1788382875.148234,1788382875.150169,1788383194.833905,,20,20
1788389693.431348,5,1,ghcr.io/talmolab/lablink-client-base-image:linux-amd64-test@sha256:1ec2fde6860186b3d45ac83890167258f83512955dbce65f072d4e8c310cb9de,5,apply,succeeded,1788383308.62635,1788383308.629388,1788383361.88001,,35,35
1788389693.431348,5,1,ghcr.io/talmolab/lablink-client-base-image:linux-amd64-test@sha256:1ec2fde6860186b3d45ac83890167258f83512955dbce65f072d4e8c310cb9de,6,destroy,succeeded,1788384337.446569,1788384337.448163,1788384657.690712,,35,35
1788389693.431348,5,1,ghcr.io/talmolab/lablink-client-base-image:linux-amd64-test@sha256:1ec2fde6860186b3d45ac83890167258f83512955dbce65f072d4e8c310cb9de,7,apply,succeeded,1788384727.528365,1788384727.530681,1788384808.61864,,95,95
1788389693.431348,5,1,ghcr.io/talmolab/lablink-client-base-image:linux-amd64-test@sha256:1ec2fde6860186b3d45ac83890167258f83512955dbce65f072d4e8c310cb9de,8,destroy,succeeded,1788385076.969534,1788385076.971902,1788385973.63117,,95,95
1788389693.431348,5,1,ghcr.io/talmolab/lablink-client-base-image:linux-amd64-test@sha256:1ec2fde6860186b3d45ac83890167258f83512955dbce65f072d4e8c310cb9de,9,apply,succeeded,1788389407.309799,1788389407.313231,1788389454.98231,,20,20
1788389698.430444,5,1,ghcr.io/talmolab/lablink-client-base-image:linux-amd64-test@sha256:1ec2fde6860186b3d45ac83890167258f83512955dbce65f072d4e8c310cb9de,1,apply,succeeded,1788380921.682491,1788380921.685047,1788380971.541328,,20,20
1788389698.430444,5,1,ghcr.io/talmolab/lablink-client-base-image:linux-amd64-test@sha256:1ec2fde6860186b3d45ac83890167258f83512955dbce65f072d4e8c310cb9de,2,destroy,succeeded,1788381612.379228,1788381612.381237,1788381939.351963,,20,20
1788389698.430444,5,1,ghcr.io/talmolab/lablink-client-base-image:linux-amd64-test@sha256:1ec2fde6860186b3d45ac83890167258f83512955dbce65f072d4e8c310cb9de,3,apply,succeeded,1788381976.63281,1788381976.63526,1788382026.043455,,20,20
1788389698.430444,5,1,ghcr.io/talmolab/lablink-client-base-image:linux-amd64-test@sha256:1ec2fde6860186b3d45ac83890167258f83512955dbce65f072d4e8c310cb9de,4,destroy,succeeded,1788382875.148234,1788382875.150169,1788383194.833905,,20,20
1788389698.430444,5,1,ghcr.io/talmolab/lablink-client-base-image:linux-amd64-test@sha256:1ec2fde6860186b3d45ac83890167258f83512955dbce65f072d4e8c310cb9de,5,apply,succeeded,1788383308.62635,1788383308.629388,1788383361.88001,,35,35
1788389698.430444,5,1,ghcr.io/talmolab/lablink-client-base-image:linux-amd64-test@sha256:1ec2fde6860186b3d45ac83890167258f83512955dbce65f072d4e8c310cb9de,6,destroy,succeeded,1788384337.446569,1788384337.448163,1788384657.690712,,35,35
1788389698.430444,5,1,ghcr.io/talmolab/lablink-client-base-image:linux-amd64-test@sha256:1ec2fde6860186b3d45ac83890167258f83512955dbce65f072d4e8c310cb9de,7,apply,succeeded,1788384727.528365,1788384727.530681,1788384808.61864,,95,95
1788389698.430444,5,1,ghcr.io/talmolab/lablink-client-base-image:linux-amd64-test@sha256:1ec2fde6860186b3d45ac83890167258f83512955dbce65f072d4e8c310cb9de,8,destroy,succeeded,1788385076.969534,1788385076.971902,1788385973.63117,,95,95
1788389698.430444,5,1,ghcr.io/talmolab/lablink-client-base-image:linux-amd64-test@sha256:1ec2fde6860186b3d45ac83890167258f83512955dbce65f072d4e8c310cb9de,9,apply,succeeded,1788389407.309799,1788389407.313231,1788389454.98231,,20,20
1788389703.618583,5,1,ghcr.io/talmolab/lablink-client-base-image:linux-amd64-test@sha256:1ec2fde6860186b3d45ac83890167258f83512955dbce65f072d4e8c310cb9de,1,apply,succeeded,1788380921.682491,1788380921.685047,1788380971.541328,,20,20
1788389703.618583,5,1,ghcr.io/talmolab/lablink-client-base-image:linux-amd64-test@sha256:1ec2fde6860186b3d45ac83890167258f83512955dbce65f072d4e8c310cb9de,2,destroy,succeeded,1788381612.379228,1788381612.381237,1788381939.351963,,20,20
1788389703.618583,5,1,ghcr.io/talmolab/lablink-client-base-image:linux-amd64-test@sha256:1ec2fde6860186b3d45ac83890167258f83512955dbce65f072d4e8c310cb9de,3,apply,succeeded,1788381976.63281,1788381976.63526,1788382026.043455,,20,20
1788389703.618583,5,1,ghcr.io/talmolab/lablink-client-base-image:linux-amd64-test@sha256:1ec2fde6860186b3d45ac83890167258f83512955dbce65f072d4e8c310cb9de,4,destroy,succeeded,1788382875.148234,1788382875.150169,1788383194.833905,,20,20
1788389703.618583,5,1,ghcr.io/talmolab/lablink-client-base-image:linux-amd64-test@sha256:1ec2fde6860186b3d45ac83890167258f83512955dbce65f072d4e8c310cb9de,5,apply,succeeded,1788383308.62635,1788383308.629388,1788383361.88001,,35,35
1788389703.618583,5,1,ghcr.io/talmolab/lablink-client-base-image:linux-amd64-test@sha256:1ec2fde6860186b3d45ac83890167258f83512955dbce65f072d4e8c310cb9de,6,destroy,succeeded,1788384337.446569,1788384337.448163,1788384657.690712,,35,35
1788389703.618583,5,1,ghcr.io/talmolab/lablink-client-base-image:linux-amd64-test@sha256:1ec2fde6860186b3d45ac83890167258f83512955dbce65f072d4e8c310cb9de,7,apply,succeeded,1788384727.528365,1788384727.530681,1788384808.61864,,95,95
1788389703.618583,5,1,ghcr.io/talmolab/lablink-client-base-image:linux-amd64-test@sha256:1ec2fde6860186b3d45ac83890167258f83512955dbce65f072d4e8c310cb9de,8,destroy,succeeded,1788385076.969534,1788385076.971902,1788385973.63117,,95,95
1788389703.618583,5,1,ghcr.io/talmolab/lablink-client-base-image:linux-amd64-test@sha256:1ec2fde6860186b3d45ac83890167258f83512955dbce65f072d4e8c310cb9de,9,apply,succeeded,1788389407.309799,1788389407.313231,1788389454.98231,,20,20
1788389708.40388,5,1,ghcr.io/talmolab/lablink-client-base-image:linux-amd64-test@sha256:1ec2fde6860186b3d45ac83890167258f83512955dbce65f072d4e8c310cb9de,1,apply,succeeded,1788380921.682491,1788380921.685047,1788380971.541328,,20,20
1788389708.40388,5,1,ghcr.io/talmolab/lablink-client-base-image:linux-amd64-test@sha256:1ec2fde6860186b3d45ac83890167258f83512955dbce65f072d4e8c310cb9de,2,destroy,succeeded,1788381612.379228,1788381612.381237,1788381939.351963,,20,20
1788389708.40388,5,1,ghcr.io/talmolab/lablink-client-base-image:linux-amd64-test@sha256:1ec2fde6860186b3d45ac83890167258f83512955dbce65f072d4e8c310cb9de,3,apply,succeeded,1788381976.63281,1788381976.63526,1788382026.043455,,20,20
1788389708.40388,5,1,ghcr.io/talmolab/lablink-client-base-image:linux-amd64-test@sha256:1ec2fde6860186b3d45ac83890167258f83512955dbce65f072d4e8c310cb9de,4,destroy,succeeded,1788382875.148234,1788382875.150169,1788383194.833905,,20,20
1788389708.40388,5,1,ghcr.io/talmolab/lablink-client-base-image:linux-amd64-test@sha256:1ec2fde6860186b3d45ac83890167258f83512955dbce65f072d4e8c310cb9de,5,apply,succeeded,1788383308.62635,1788383308.629388,1788383361.88001,,35,35
1788389708.40388,5,1,ghcr.io/talmolab/lablink-client-base-image:linux-amd64-test@sha256:1ec2fde6860186b3d45ac83890167258f83512955dbce65f072d4e8c310cb9de,6,destroy,succeeded,1788384337.446569,1788384337.448163,1788384657.690712,,35,35
1788389708.40388,5,1,ghcr.io/talmolab/lablink-client-base-image:linux-amd64-test@sha256:1ec2fde6860186b3d45ac83890167258f83512955dbce65f072d4e8c310cb9de,7,apply,succeeded,1788384727.528365,1788384727.530681,1788384808.61864,,95,95
1788389708.40388,5,1,ghcr.io/talmolab/lablink-client-base-image:linux-amd64-test@sha256:1ec2fde6860186b3d45ac83890167258f83512955dbce65f072d4e8c310cb9de,8,destroy,succeeded,1788385076.969534,1788385076.971902,1788385973.63117,,95,95
1788389708.40388,5,1,ghcr.io/talmolab/lablink-client-base-image:linux-amd64-test@sha256:1ec2fde6860186b3d45ac83890167258f83512955dbce65f072d4e8c310cb9de,9,apply,succeeded,1788389407.309799,1788389407.313231,1788389454.98231,,20,20
1788389713.568017,5,1,ghcr.io/talmolab/lablink-client-base-image:linux-amd64-test@sha256:1ec2fde6860186b3d45ac83890167258f83512955dbce65f072d4e8c310cb9de,1,apply,succeeded,1788380921.682491,1788380921.685047,1788380971.541328,,20,20
1788389713.568017,5,1,ghcr.io/talmolab/lablink-client-base-image:linux-amd64-test@sha256:1ec2fde6860186b3d45ac83890167258f83512955dbce65f072d4e8c310cb9de,2,destroy,succeeded,1788381612.379228,1788381612.381237,1788381939.351963,,20,20
1788389713.568017,5,1,ghcr.io/talmolab/lablink-client-base-image:linux-amd64-test@sha256:1ec2fde6860186b3d45ac83890167258f83512955dbce65f072d4e8c310cb9de,3,apply,succeeded,1788381976.63281,1788381976.63526,1788382026.043455,,20,20
1788389713.568017,5,1,ghcr.io/talmolab/lablink-client-base-image:linux-amd64-test@sha256:1ec2fde6860186b3d45ac83890167258f83512955dbce65f072d4e8c310cb9de,4,destroy,succeeded,1788382875.148234,1788382875.150169,1788383194.833905,,20,20
1788389713.568017,5,1,ghcr.io/talmolab/lablink-client-base-image:linux-amd64-test@sha256:1ec2fde6860186b3d45ac83890167258f83512955dbce65f072d4e8c310cb9de,5,apply,succeeded,1788383308.62635,1788383308.629388,1788383361.88001,,35,35
1788389713.568017,5,1,ghcr.io/talmolab/lablink-client-base-image:linux-amd64-test@sha256:1ec2fde6860186b3d45ac83890167258f83512955dbce65f072d4e8c310cb9de,6,destroy,succeeded,1788384337.446569,1788384337.448163,1788384657.690712,,35,35
1788389713.568017,5,1,ghcr.io/talmolab/lablink-client-base-image:linux-amd64-test@sha256:1ec2fde6860186b3d45ac83890167258f83512955dbce65f072d4e8c310cb9de,7,apply,succeeded,1788384727.528365,1788384727.530681,1788384808.61864,,95,95
1788389713.568017,5,1,ghcr.io/talmolab/lablink-client-base-image:linux-amd64-test@sha256:1ec2fde6860186b3d45ac83890167258f83512955dbce65f072d4e8c310cb9de,8,destroy,succeeded,1788385076.969534,1788385076.971902,1788385973.63117,,95,95
1788389713.568017,5,1,ghcr.io/talmolab/lablink-client-base-image:linux-amd64-test@sha256:1ec2fde6860186b3d45ac83890167258f83512955dbce65f072d4e8c310cb9de,9,apply,succeeded,1788389407.309799,1788389407.313231,1788389454.98231,,20,20
1788389718.808707,5,1,ghcr.io/talmolab/lablink-client-base-image:linux-amd64-test@sha256:1ec2fde6860186b3d45ac83890167258f83512955dbce65f072d4e8c310cb9de,1,apply,succeeded,1788380921.682491,1788380921.685047,1788380971.541328,,20,20
1788389718.808707,5,1,ghcr.io/talmolab/lablink-client-base-image:linux-amd64-test@sha256:1ec2fde6860186b3d45ac83890167258f83512955dbce65f072d4e8c310cb9de,2,destroy,succeeded,1788381612.379228,1788381612.381237,1788381939.351963,,20,20
1788389718.808707,5,1,ghcr.io/talmolab/lablink-client-base-image:linux-amd64-test@sha256:1ec2fde6860186b3d45ac83890167258f83512955dbce65f072d4e8c310cb9de,3,apply,succeeded,1788381976.63281,1788381976.63526,1788382026.043455,,20,20
1788389718.808707,5,1,ghcr.io/talmolab/lablink-client-base-image:linux-amd64-test@sha256:1ec2fde6860186b3d45ac83890167258f83512955dbce65f072d4e8c310cb9de,4,destroy,succeeded,1788382875.148234,1788382875.150169,1788383194.833905,,20,20
1788389718.808707,5,1,ghcr.io/talmolab/lablink-client-base-image:linux-amd64-test@sha256:1ec2fde6860186b3d45ac83890167258f83512955dbce65f072d4e8c310cb9de,5,apply,succeeded,1788383308.62635,1788383308.629388,1788383361.88001,,35,35
1788389718.808707,5,1,ghcr.io/talmolab/lablink-client-base-image:linux-amd64-test@sha256:1ec2fde6860186b3d45ac83890167258f83512955dbce65f072d4e8c310cb9de,6,destroy,succeeded,1788384337.446569,1788384337.448163,1788384657.690712,,35,35
1788389718.808707,5,1,ghcr.io/talmolab/lablink-client-base-image:linux-amd64-test@sha256:1ec2fde6860186b3d45ac83890167258f83512955dbce65f072d4e8c310cb9de,7,apply,succeeded,1788384727.528365,1788384727.530681,1788384808.61864,,95,95
1788389718.808707,5,1,ghcr.io/talmolab/lablink-client-base-image:linux-amd64-test@sha256:1ec2fde6860186b3d45ac83890167258f83512955dbce65f072d4e8c310cb9de,8,destroy,succeeded,1788385076.969534,1788385076.971902,1788385973.63117,,95,95
1788389718.808707,5,1,ghcr.io/talmolab/lablink-client-base-image:linux-amd64-test@sha256:1ec2fde6860186b3d45ac83890167258f83512955dbce65f072d4e8c310cb9de,9,apply,succeeded,1788389407.309799,1788389407.313231,1788389454.98231,,20,20
1788389723.527238,5,1,ghcr.io/talmolab/lablink-client-base-image:linux-amd64-test@sha256:1ec2fde6860186b3d45ac83890167258f83512955dbce65f072d4e8c310cb9de,1,apply,succeeded,1788380921.682491,1788380921.685047,1788380971.541328,,20,20
1788389723.527238,5,1,ghcr.io/talmolab/lablink-client-base-image:linux-amd64-test@sha256:1ec2fde6860186b3d45ac83890167258f83512955dbce65f072d4e8c310cb9de,2,destroy,succeeded,1788381612.379228,1788381612.381237,1788381939.351963,,20,20
1788389723.527238,5,1,ghcr.io/talmolab/lablink-client-base-image:linux-amd64-test@sha256:1ec2fde6860186b3d45ac83890167258f83512955dbce65f072d4e8c310cb9de,3,apply,succeeded,1788381976.63281,1788381976.63526,1788382026.043455,,20,20
1788389723.527238,5,1,ghcr.io/talmolab/lablink-client-base-image:linux-amd64-test@sha256:1ec2fde6860186b3d45ac83890167258f83512955dbce65f072d4e8c310cb9de,4,destroy,succeeded,1788382875.148234,1788382875.150169,1788383194.833905,,20,20
1788389723.527238,5,1,ghcr.io/talmolab/lablink-client-base-image:linux-amd64-test@sha256:1ec2fde6860186b3d45ac83890167258f83512955dbce65f072d4e8c310cb9de,5,apply,succeeded,1788383308.62635,1788383308.629388,1788383361.88001,,35,35
1788389723.527238,5,1,ghcr.io/talmolab/lablink-client-base-image:linux-amd64-test@sha256:1ec2fde6860186b3d45ac83890167258f83512955dbce65f072d4e8c310cb9de,6,destroy,succeeded,1788384337.446569,1788384337.448163,1788384657.690712,,35,35
1788389723.527238,5,1,ghcr.io/talmolab/lablink-client-base-image:linux-amd64-test@sha256:1ec2fde6860186b3d45ac83890167258f83512955dbce65f072d4e8c310cb9de,7,apply,succeeded,1788384727.528365,1788384727.530681,1788384808.61864,,95,95
1788389723.527238,5,1,ghcr.io/talmolab/lablink-client-base-image:linux-amd64-test@sha256:1ec2fde6860186b3d45ac83890167258f83512955dbce65f072d4e8c310cb9de,8,destroy,succeeded,1788385076.969534,1788385076.971902,1788385973.63117,,95,95
1788389723.527238,5,1,ghcr.io/talmolab/lablink-client-base-image:linux-amd64-test@sha256:1ec2fde6860186b3d45ac83890167258f83512955dbce65f072d4e8c310cb9de,9,apply,succeeded,1788389407.309799,1788389407.313231,1788389454.98231,,20,20
1788389728.43888,5,1,ghcr.io/talmolab/lablink-client-base-image:linux-amd64-test@sha256:1ec2fde6860186b3d45ac83890167258f83512955dbce65f072d4e8c310cb9de,1,apply,succeeded,1788380921.682491,1788380921.685047,1788380971.541328,,20,20
1788389728.43888,5,1,ghcr.io/talmolab/lablink-client-base-image:linux-amd64-test@sha256:1ec2fde6860186b3d45ac83890167258f83512955dbce65f072d4e8c310cb9de,2,destroy,succeeded,1788381612.379228,1788381612.381237,1788381939.351963,,20,20
1788389728.43888,5,1,ghcr.io/talmolab/lablink-client-base-image:linux-amd64-test@sha256:1ec2fde6860186b3d45ac83890167258f83512955dbce65f072d4e8c310cb9de,3,apply,succeeded,1788381976.63281,1788381976.63526,1788382026.043455,,20,20
1788389728.43888,5,1,ghcr.io/talmolab/lablink-client-base-image:linux-amd64-test@sha256:1ec2fde6860186b3d45ac83890167258f83512955dbce65f072d4e8c310cb9de,4,destroy,succeeded,1788382875.148234,1788382875.150169,1788383194.833905,,20,20
1788389728.43888,5,1,ghcr.io/talmolab/lablink-client-base-image:linux-amd64-test@sha256:1ec2fde6860186b3d45ac83890167258f83512955dbce65f072d4e8c310cb9de,5,apply,succeeded,1788383308.62635,1788383308.629388,1788383361.88001,,35,35
1788389728.43888,5,1,ghcr.io/talmolab/lablink-client-base-image:linux-amd64-test@sha256:1ec2fde6860186b3d45ac83890167258f83512955dbce65f072d4e8c310cb9de,6,destroy,succeeded,1788384337.446569,1788384337.448163,1788384657.690712,,35,35
1788389728.43888,5,1,ghcr.io/talmolab/lablink-client-base-image:linux-amd64-test@sha256:1ec2fde6860186b3d45ac83890167258f83512955dbce65f072d4e8c310cb9de,7,apply,succeeded,1788384727.528365,1788384727.530681,1788384808.61864,,95,95
1788389728.43888,5,1,ghcr.io/talmolab/lablink-client-base-image:linux-amd64-test@sha256:1ec2fde6860186b3d45ac83890167258f83512955dbce65f072d4e8c310cb9de,8,destroy,succeeded,1788385076.969534,1788385076.971902,1788385973.63117,,95,95
1788389728.43888,5,1,ghcr.io/talmolab/lablink-client-base-image:linux-amd64-test@sha256:1ec2fde6860186b3d45ac83890167258f83512955dbce65f072d4e8c310cb9de,9,apply,succeeded,1788389407.309799,1788389407.313231,1788389454.98231,,20,20
1788389733.388004,5,1,ghcr.io/talmolab/lablink-client-base-image:linux-amd64-test@sha256:1ec2fde6860186b3d45ac83890167258f83512955dbce65f072d4e8c310cb9de,1,apply,succeeded,1788380921.682491,1788380921.685047,1788380971.541328,,20,20
1788389733.388004,5,1,ghcr.io/talmolab/lablink-client-base-image:linux-amd64-test@sha256:1ec2fde6860186b3d45ac83890167258f83512955dbce65f072d4e8c310cb9de,2,destroy,succeeded,1788381612.379228,1788381612.381237,1788381939.351963,,20,20
1788389733.388004,5,1,ghcr.io/talmolab/lablink-client-base-image:linux-amd64-test@sha256:1ec2fde6860186b3d45ac83890167258f83512955dbce65f072d4e8c310cb9de,3,apply,succeeded,1788381976.63281,1788381976.63526,1788382026.043455,,20,20
1788389733.388004,5,1,ghcr.io/talmolab/lablink-client-base-image:linux-amd64-test@sha256:1ec2fde6860186b3d45ac83890167258f83512955dbce65f072d4e8c310cb9de,4,destroy,succeeded,1788382875.148234,1788382875.150169,1788383194.833905,,20,20
1788389733.388004,5,1,ghcr.io/talmolab/lablink-client-base-image:linux-amd64-test@sha256:1ec2fde6860186b3d45ac83890167258f83512955dbce65f072d4e8c310cb9de,5,apply,succeeded,1788383308.62635,1788383308.629388,1788383361.88001,,35,35
1788389733.388004,5,1,ghcr.io/talmolab/lablink-client-base-image:linux-amd64-test@sha256:1ec2fde6860186b3d45ac83890167258f83512955dbce65f072d4e8c310cb9de,6,destroy,succeeded,1788384337.446569,1788384337.448163,1788384657.690712,,35,35
1788389733.388004,5,1,ghcr.io/talmolab/lablink-client-base-image:linux-amd64-test@sha256:1ec2fde6860186b3d45ac83890167258f83512955dbce65f072d4e8c310cb9de,7,apply,succeeded,1788384727.528365,1788384727.530681,1788384808.61864,,95,95
1788389733.388004,5,1,ghcr.io/talmolab/lablink-client-base-image:linux-amd64-test@sha256:1ec2fde6860186b3d45ac83890167258f83512955dbce65f072d4e8c310cb9de,8,destroy,succeeded,1788385076.969534,1788385076.971902,1788385973.63117,,95,95
1788389733.388004,5,1,ghcr.io/talmolab/lablink-client-base-image:linux-amd64-test@sha256:1ec2fde6860186b3d45ac83890167258f83512955dbce65f072d4e8c310cb9de,9,apply,succeeded,1788389407.309799,1788389407.313231,1788389454.98231,,20,20
1788389738.436167,5,1,ghcr.io/talmolab/lablink-client-base-image:linux-amd64-test@sha256:1ec2fde6860186b3d45ac83890167258f83512955dbce65f072d4e8c310cb9de,1,apply,succeeded,1788380921.682491,1788380921.685047,1788380971.541328,,20,20
1788389738.436167,5,1,ghcr.io/talmolab/lablink-client-base-image:linux-amd64-test@sha256:1ec2fde6860186b3d45ac83890167258f83512955dbce65f072d4e8c310cb9de,2,destroy,succeeded,1788381612.379228,1788381612.381237,1788381939.351963,,20,20
1788389738.436167,5,1,ghcr.io/talmolab/lablink-client-base-image:linux-amd64-test@sha256:1ec2fde6860186b3d45ac83890167258f83512955dbce65f072d4e8c310cb9de,3,apply,succeeded,1788381976.63281,1788381976.63526,1788382026.043455,,20,20
1788389738.436167,5,1,ghcr.io/talmolab/lablink-client-base-image:linux-amd64-test@sha256:1ec2fde6860186b3d45ac83890167258f83512955dbce65f072d4e8c310cb9de,4,destroy,succeeded,1788382875.148234,1788382875.150169,1788383194.833905,,20,20
1788389738.436167,5,1,ghcr.io/talmolab/lablink-client-base-image:linux-amd64-test@sha256:1ec2fde6860186b3d45ac83890167258f83512955dbce65f072d4e8c310cb9de,5,apply,succeeded,1788383308.62635,1788383308.629388,1788383361.88001,,35,35
1788389738.436167,5,1,ghcr.io/talmolab/lablink-client-base-image:linux-amd64-test@sha256:1ec2fde6860186b3d45ac83890167258f83512955dbce65f072d4e8c310cb9de,6,destroy,succeeded,1788384337.446569,1788384337.448163,1788384657.690712,,35,35
1788389738.436167,5,1,ghcr.io/talmolab/lablink-client-base-image:linux-amd64-test@sha256:1ec2fde6860186b3d45ac83890167258f83512955dbce65f072d4e8c310cb9de,7,apply,succeeded,1788384727.528365,1788384727.530681,1788384808.61864,,95,95
1788389738.436167,5,1,ghcr.io/talmolab/lablink-client-base-image:linux-amd64-test@sha256:1ec2fde6860186b3d45ac83890167258f83512955dbce65f072d4e8c310cb9de,8,destroy,succeeded,1788385076.969534,1788385076.971902,1788385973.63117,,95,95
1788389738.436167,5,1,ghcr.io/talmolab/lablink-client-base-image:linux-amd64-test@sha256:1ec2fde6860186b3d45ac83890167258f83512955dbce65f072d4e8c310cb9de,9,apply,succeeded,1788389407.309799,1788389407.313231,1788389454.98231,,20,20
1788389743.345006,5,1,ghcr.io/talmolab/lablink-client-base-image:linux-amd64-test@sha256:1ec2fde6860186b3d45ac83890167258f83512955dbce65f072d4e8c310cb9de,1,apply,succeeded,1788380921.682491,1788380921.685047,1788380971.541328,,20,20
1788389743.345006,5,1,ghcr.io/talmolab/lablink-client-base-image:linux-amd64-test@sha256:1ec2fde6860186b3d45ac83890167258f83512955dbce65f072d4e8c310cb9de,2,destroy,succeeded,1788381612.379228,1788381612.381237,1788381939.351963,,20,20
1788389743.345006,5,1,ghcr.io/talmolab/lablink-client-base-image:linux-amd64-test@sha256:1ec2fde6860186b3d45ac83890167258f83512955dbce65f072d4e8c310cb9de,3,apply,succeeded,1788381976.63281,1788381976.63526,1788382026.043455,,20,20
1788389743.345006,5,1,ghcr.io/talmolab/lablink-client-base-image:linux-amd64-test@sha256:1ec2fde6860186b3d45ac83890167258f83512955dbce65f072d4e8c310cb9de,4,destroy,succeeded,1788382875.148234,1788382875.150169,1788383194.833905,,20,20
1788389743.345006,5,1,ghcr.io/talmolab/lablink-client-base-image:linux-amd64-test@sha256:1ec2fde6860186b3d45ac83890167258f83512955dbce65f072d4e8c310cb9de,5,apply,succeeded,1788383308.62635,1788383308.629388,1788383361.88001,,35,35
1788389743.345006,5,1,ghcr.io/talmolab/lablink-client-base-image:linux-amd64-test@sha256:1ec2fde6860186b3d45ac83890167258f83512955dbce65f072d4e8c310cb9de,6,destroy,succeeded,1788384337.446569,1788384337.448163,1788384657.690712,,35,35
1788389743.345006,5,1,ghcr.io/talmolab/lablink-client-base-image:linux-amd64-test@sha256:1ec2fde6860186b3d45ac83890167258f83512955dbce65f072d4e8c310cb9de,7,apply,succeeded,1788384727.528365,1788384727.530681,1788384808.61864,,95,95
1788389743.345006,5,1,ghcr.io/talmolab/lablink-client-base-image:linux-amd64-test@sha256:1ec2fde6860186b3d45ac83890167258f83512955dbce65f072d4e8c310cb9de,8,destroy,succeeded,1788385076.969534,1788385076.971902,1788385973.63117,,95,95
1788389743.345006,5,1,ghcr.io/talmolab/lablink-client-base-image:linux-amd64-test@sha256:1ec2fde6860186b3d45ac83890167258f83512955dbce65f072d4e8c310cb9de,9,apply,succeeded,1788389407.309799,1788389407.313231,1788389454.98231,,20,20
1788389748.438713,5,1,ghcr.io/talmolab/lablink-client-base-image:linux-amd64-test@sha256:1ec2fde6860186b3d45ac83890167258f83512955dbce65f072d4e8c310cb9de,1,apply,succeeded,1788380921.682491,1788380921.685047,1788380971.541328,,20,20
1788389748.438713,5,1,ghcr.io/talmolab/lablink-client-base-image:linux-amd64-test@sha256:1ec2fde6860186b3d45ac83890167258f83512955dbce65f072d4e8c310cb9de,2,destroy,succeeded,1788381612.379228,1788381612.381237,1788381939.351963,,20,20
1788389748.438713,5,1,ghcr.io/talmolab/lablink-client-base-image:linux-amd64-test@sha256:1ec2fde6860186b3d45ac83890167258f83512955dbce65f072d4e8c310cb9de,3,apply,succeeded,1788381976.63281,1788381976.63526,1788382026.043455,,20,20
1788389748.438713,5,1,ghcr.io/talmolab/lablink-client-base-image:linux-amd64-test@sha256:1ec2fde6860186b3d45ac83890167258f83512955dbce65f072d4e8c310cb9de,4,destroy,succeeded,1788382875.148234,1788382875.150169,1788383194.833905,,20,20
1788389748.438713,5,1,ghcr.io/talmolab/lablink-client-base-image:linux-amd64-test@sha256:1ec2fde6860186b3d45ac83890167258f83512955dbce65f072d4e8c310cb9de,5,apply,succeeded,1788383308.62635,1788383308.629388,1788383361.88001,,35,35
1788389748.438713,5,1,ghcr.io/talmolab/lablink-client-base-image:linux-amd64-test@sha256:1ec2fde6860186b3d45ac83890167258f83512955dbce65f072d4e8c310cb9de,6,destroy,succeeded,1788384337.446569,1788384337.448163,1788384657.690712,,35,35
1788389748.438713,5,1,ghcr.io/talmolab/lablink-client-base-image:linux-amd64-test@sha256:1ec2fde6860186b3d45ac83890167258f83512955dbce65f072d4e8c310cb9de,7,apply,succeeded,1788384727.528365,1788384727.530681,1788384808.61864,,95,95
1788389748.438713,5,1,ghcr.io/talmolab/lablink-client-base-image:linux-amd64-test@sha256:1ec2fde6860186b3d45ac83890167258f83512955dbce65f072d4e8c310cb9de,8,destroy,succeeded,1788385076.969534,1788385076.971902,1788385973.63117,,95,95
1788389748.438713,5,1,ghcr.io/talmolab/lablink-client-base-image:linux-amd64-test@sha256:1ec2fde6860186b3d45ac83890167258f83512955dbce65f072d4e8c310cb9de,9,apply,succeeded,1788389407.309799,1788389407.313231,1788389454.98231,,20,20
1788389753.481994,5,1,ghcr.io/talmolab/lablink-client-base-image:linux-amd64-test@sha256:1ec2fde6860186b3d45ac83890167258f83512955dbce65f072d4e8c310cb9de,1,apply,succeeded,1788380921.682491,1788380921.685047,1788380971.541328,,20,20
1788389753.481994,5,1,ghcr.io/talmolab/lablink-client-base-image:linux-amd64-test@sha256:1ec2fde6860186b3d45ac83890167258f83512955dbce65f072d4e8c310cb9de,2,destroy,succeeded,1788381612.379228,1788381612.381237,1788381939.351963,,20,20
1788389753.481994,5,1,ghcr.io/talmolab/lablink-client-base-image:linux-amd64-test@sha256:1ec2fde6860186b3d45ac83890167258f83512955dbce65f072d4e8c310cb9de,3,apply,succeeded,1788381976.63281,1788381976.63526,1788382026.043455,,20,20
1788389753.481994,5,1,ghcr.io/talmolab/lablink-client-base-image:linux-amd64-test@sha256:1ec2fde6860186b3d45ac83890167258f83512955dbce65f072d4e8c310cb9de,4,destroy,succeeded,1788382875.148234,1788382875.150169,1788383194.833905,,20,20
1788389753.481994,5,1,ghcr.io/talmolab/lablink-client-base-image:linux-amd64-test@sha256:1ec2fde6860186b3d45ac83890167258f83512955dbce65f072d4e8c310cb9de,5,apply,succeeded,1788383308.62635,1788383308.629388,1788383361.88001,,35,35
1788389753.481994,5,1,ghcr.io/talmolab/lablink-client-base-image:linux-amd64-test@sha256:1ec2fde6860186b3d45ac83890167258f83512955dbce65f072d4e8c310cb9de,6,destroy,succeeded,1788384337.446569,1788384337.448163,1788384657.690712,,35,35
1788389753.481994,5,1,ghcr.io/talmolab/lablink-client-base-image:linux-amd64-test@sha256:1ec2fde6860186b3d45ac83890167258f83512955dbce65f072d4e8c310cb9de,7,apply,succeeded,1788384727.528365,1788384727.530681,1788384808.61864,,95,95
1788389753.481994,5,1,ghcr.io/talmolab/lablink-client-base-image:linux-amd64-test@sha256:1ec2fde6860186b3d45ac83890167258f83512955dbce65f072d4e8c310cb9de,8,destroy,succeeded,1788385076.969534,1788385076.971902,1788385973.63117,,95,95
1788389753.481994,5,1,ghcr.io/talmolab/lablink-client-base-image:linux-amd64-test@sha256:1ec2fde6860186b3d45ac83890167258f83512955dbce65f072d4e8c310cb9de,9,apply,succeeded,1788389407.309799,1788389407.313231,1788389454.98231,,20,20
1788389758.482264,5,1,ghcr.io/talmolab/lablink-client-base-image:linux-amd64-test@sha256:1ec2fde6860186b3d45ac83890167258f83512955dbce65f072d4e8c310cb9de,1,apply,succeeded,1788380921.682491,1788380921.685047,1788380971.541328,,20,20
1788389758.482264,5,1,ghcr.io/talmolab/lablink-client-base-image:linux-amd64-test@sha256:1ec2fde6860186b3d45ac83890167258f83512955dbce65f072d4e8c310cb9de,2,destroy,succeeded,1788381612.379228,1788381612.381237,1788381939.351963,,20,20
1788389758.482264,5,1,ghcr.io/talmolab/lablink-client-base-image:linux-amd64-test@sha256:1ec2fde6860186b3d45ac83890167258f83512955dbce65f072d4e8c310cb9de,3,apply,succeeded,1788381976.63281,1788381976.63526,1788382026.043455,,20,20
1788389758.482264,5,1,ghcr.io/talmolab/lablink-client-base-image:linux-amd64-test@sha256:1ec2fde6860186b3d45ac83890167258f83512955dbce65f072d4e8c310cb9de,4,destroy,succeeded,1788382875.148234,1788382875.150169,1788383194.833905,,20,20
1788389758.482264,5,1,ghcr.io/talmolab/lablink-client-base-image:linux-amd64-test@sha256:1ec2fde6860186b3d45ac83890167258f83512955dbce65f072d4e8c310cb9de,5,apply,succeeded,1788383308.62635,1788383308.629388,1788383361.88001,,35,35
1788389758.482264,5,1,ghcr.io/talmolab/lablink-client-base-image:linux-amd64-test@sha256:1ec2fde6860186b3d45ac83890167258f83512955dbce65f072d4e8c310cb9de,6,destroy,succeeded,1788384337.446569,1788384337.448163,1788384657.690712,,35,35
1788389758.482264,5,1,ghcr.io/talmolab/lablink-client-base-image:linux-amd64-test@sha256:1ec2fde6860186b3d45ac83890167258f83512955dbce65f072d4e8c310cb9de,7,apply,succeeded,1788384727.528365,1788384727.530681,1788384808.61864,,95,95
1788389758.482264,5,1,ghcr.io/talmolab/lablink-client-base-image:linux-amd64-test@sha256:1ec2fde6860186b3d45ac83890167258f83512955dbce65f072d4e8c310cb9de,8,destroy,succeeded,1788385076.969534,1788385076.971902,1788385973.63117,,95,95
1788389758.482264,5,1,ghcr.io/talmolab/lablink-client-base-image:linux-amd64-test@sha256:1ec2fde6860186b3d45ac83890167258f83512955dbce65f072d4e8c310cb9de,9,apply,succeeded,1788389407.309799,1788389407.313231,1788389454.98231,,20,20
1788389763.468087,5,1,ghcr.io/talmolab/lablink-client-base-image:linux-amd64-test@sha256:1ec2fde6860186b3d45ac83890167258f83512955dbce65f072d4e8c310cb9de,1,apply,succeeded,1788380921.682491,1788380921.685047,1788380971.541328,,20,20
1788389763.468087,5,1,ghcr.io/talmolab/lablink-client-base-image:linux-amd64-test@sha256:1ec2fde6860186b3d45ac83890167258f83512955dbce65f072d4e8c310cb9de,2,destroy,succeeded,1788381612.379228,1788381612.381237,1788381939.351963,,20,20
1788389763.468087,5,1,ghcr.io/talmolab/lablink-client-base-image:linux-amd64-test@sha256:1ec2fde6860186b3d45ac83890167258f83512955dbce65f072d4e8c310cb9de,3,apply,succeeded,1788381976.63281,1788381976.63526,1788382026.043455,,20,20
1788389763.468087,5,1,ghcr.io/talmolab/lablink-client-base-image:linux-amd64-test@sha256:1ec2fde6860186b3d45ac83890167258f83512955dbce65f072d4e8c310cb9de,4,destroy,succeeded,1788382875.148234,1788382875.150169,1788383194.833905,,20,20
1788389763.468087,5,1,ghcr.io/talmolab/lablink-client-base-image:linux-amd64-test@sha256:1ec2fde6860186b3d45ac83890167258f83512955dbce65f072d4e8c310cb9de,5,apply,succeeded,1788383308.62635,1788383308.629388,1788383361.88001,,35,35
1788389763.468087,5,1,ghcr.io/talmolab/lablink-client-base-image:linux-amd64-test@sha256:1ec2fde6860186b3d45ac83890167258f83512955dbce65f072d4e8c310cb9de,6,destroy,succeeded,1788384337.446569,1788384337.448163,1788384657.690712,,35,35
1788389763.468087,5,1,ghcr.io/talmolab/lablink-client-base-image:linux-amd64-test@sha256:1ec2fde6860186b3d45ac83890167258f83512955dbce65f072d4e8c310cb9de,7,apply,succeeded,1788384727.528365,1788384727.530681,1788384808.61864,,95,95
1788389763.468087,5,1,ghcr.io/talmolab/lablink-client-base-image:linux-amd64-test@sha256:1ec2fde6860186b3d45ac83890167258f83512955dbce65f072d4e8c310cb9de,8,destroy,succeeded,1788385076.969534,1788385076.971902,1788385973.63117,,95,95
1788389763.468087,5,1,ghcr.io/talmolab/lablink-client-base-image:linux-amd64-test@sha256:1ec2fde6860186b3d45ac83890167258f83512955dbce65f072d4e8c310cb9de,9,apply,succeeded,1788389407.309799,1788389407.313231,1788389454.98231,,20,20
1788389768.5202591,5,1,ghcr.io/talmolab/lablink-client-base-image:linux-amd64-test@sha256:1ec2fde6860186b3d45ac83890167258f83512955dbce65f072d4e8c310cb9de,1,apply,succeeded,1788380921.682491,1788380921.685047,1788380971.541328,,20,20
1788389768.5202591,5,1,ghcr.io/talmolab/lablink-client-base-image:linux-amd64-test@sha256:1ec2fde6860186b3d45ac83890167258f83512955dbce65f072d4e8c310cb9de,2,destroy,succeeded,1788381612.379228,1788381612.381237,1788381939.351963,,20,20
1788389768.5202591,5,1,ghcr.io/talmolab/lablink-client-base-image:linux-amd64-test@sha256:1ec2fde6860186b3d45ac83890167258f83512955dbce65f072d4e8c310cb9de,3,apply,succeeded,1788381976.63281,1788381976.63526,1788382026.043455,,20,20
1788389768.5202591,5,1,ghcr.io/talmolab/lablink-client-base-image:linux-amd64-test@sha256:1ec2fde6860186b3d45ac83890167258f83512955dbce65f072d4e8c310cb9de,4,destroy,succeeded,1788382875.148234,1788382875.150169,1788383194.833905,,20,20
1788389768.5202591,5,1,ghcr.io/talmolab/lablink-client-base-image:linux-amd64-test@sha256:1ec2fde6860186b3d45ac83890167258f83512955dbce65f072d4e8c310cb9de,5,apply,succeeded,1788383308.62635,1788383308.629388,1788383361.88001,,35,35
1788389768.5202591,5,1,ghcr.io/talmolab/lablink-client-base-image:linux-amd64-test@sha256:1ec2fde6860186b3d45ac83890167258f83512955dbce65f072d4e8c310cb9de,6,destroy,succeeded,1788384337.446569,1788384337.448163,1788384657.690712,,35,35
1788389768.5202591,5,1,ghcr.io/talmolab/lablink-client-base-image:linux-amd64-test@sha256:1ec2fde6860186b3d45ac83890167258f83512955dbce65f072d4e8c310cb9de,7,apply,succeeded,1788384727.528365,1788384727.530681,1788384808.61864,,95,95
1788389768.5202591,5,1,ghcr.io/talmolab/lablink-client-base-image:linux-amd64-test@sha256:1ec2fde6860186b3d45ac83890167258f83512955dbce65f072d4e8c310cb9de,8,destroy,succeeded,1788385076.969534,1788385076.971902,1788385973.63117,,95,95
1788389768.5202591,5,1,ghcr.io/talmolab/lablink-client-base-image:linux-amd64-test@sha256:1ec2fde6860186b3d45ac83890167258f83512955dbce65f072d4e8c310cb9de,9,apply,succeeded,1788389407.309799,1788389407.313231,1788389454.98231,,20,20
1788389773.573493,5,1,ghcr.io/talmolab/lablink-client-base-image:linux-amd64-test@sha256:1ec2fde6860186b3d45ac83890167258f83512955dbce65f072d4e8c310cb9de,1,apply,succeeded,1788380921.682491,1788380921.685047,1788380971.541328,,20,20
1788389773.573493,5,1,ghcr.io/talmolab/lablink-client-base-image:linux-amd64-test@sha256:1ec2fde6860186b3d45ac83890167258f83512955dbce65f072d4e8c310cb9de,2,destroy,succeeded,1788381612.379228,1788381612.381237,1788381939.351963,,20,20
1788389773.573493,5,1,ghcr.io/talmolab/lablink-client-base-image:linux-amd64-test@sha256:1ec2fde6860186b3d45ac83890167258f83512955dbce65f072d4e8c310cb9de,3,apply,succeeded,1788381976.63281,1788381976.63526,1788382026.043455,,20,20
1788389773.573493,5,1,ghcr.io/talmolab/lablink-client-base-image:linux-amd64-test@sha256:1ec2fde6860186b3d45ac83890167258f83512955dbce65f072d4e8c310cb9de,4,destroy,succeeded,1788382875.148234,1788382875.150169,1788383194.833905,,20,20
1788389773.573493,5,1,ghcr.io/talmolab/lablink-client-base-image:linux-amd64-test@sha256:1ec2fde6860186b3d45ac83890167258f83512955dbce65f072d4e8c310cb9de,5,apply,succeeded,1788383308.62635,1788383308.629388,1788383361.88001,,35,35
1788389773.573493,5,1,ghcr.io/talmolab/lablink-client-base-image:linux-amd64-test@sha256:1ec2fde6860186b3d45ac83890167258f83512955dbce65f072d4e8c310cb9de,6,destroy,succeeded,1788384337.446569,1788384337.448163,1788384657.690712,,35,35
1788389773.573493,5,1,ghcr.io/talmolab/lablink-client-base-image:linux-amd64-test@sha256:1ec2fde6860186b3d45ac83890167258f83512955dbce65f072d4e8c310cb9de,7,apply,succeeded,1788384727.528365,1788384727.530681,1788384808.61864,,95,95
1788389773.573493,5,1,ghcr.io/talmolab/lablink-client-base-image:linux-amd64-test@sha256:1ec2fde6860186b3d45ac83890167258f83512955dbce65f072d4e8c310cb9de,8,destroy,succeeded,1788385076.969534,1788385076.971902,1788385973.63117,,95,95
1788389773.573493,5,1,ghcr.io/talmolab/lablink-client-base-image:linux-amd64-test@sha256:1ec2fde6860186b3d45ac83890167258f83512955dbce65f072d4e8c310cb9de,9,apply,succeeded,1788389407.309799,1788389407.313231,1788389454.98231,,20,20
1788389778.8198311,5,1,ghcr.io/talmolab/lablink-client-base-image:linux-amd64-test@sha256:1ec2fde6860186b3d45ac83890167258f83512955dbce65f072d4e8c310cb9de,1,apply,succeeded,1788380921.682491,1788380921.685047,1788380971.541328,,20,20
1788389778.8198311,5,1,ghcr.io/talmolab/lablink-client-base-image:linux-amd64-test@sha256:1ec2fde6860186b3d45ac83890167258f83512955dbce65f072d4e8c310cb9de,2,destroy,succeeded,1788381612.379228,1788381612.381237,1788381939.351963,,20,20
1788389778.8198311,5,1,ghcr.io/talmolab/lablink-client-base-image:linux-amd64-test@sha256:1ec2fde6860186b3d45ac83890167258f83512955dbce65f072d4e8c310cb9de,3,apply,succeeded,1788381976.63281,1788381976.63526,1788382026.043455,,20,20
1788389778.8198311,5,1,ghcr.io/talmolab/lablink-client-base-image:linux-amd64-test@sha256:1ec2fde6860186b3d45ac83890167258f83512955dbce65f072d4e8c310cb9de,4,destroy,succeeded,1788382875.148234,1788382875.150169,1788383194.833905,,20,20
1788389778.8198311,5,1,ghcr.io/talmolab/lablink-client-base-image:linux-amd64-test@sha256:1ec2fde6860186b3d45ac83890167258f83512955dbce65f072d4e8c310cb9de,5,apply,succeeded,1788383308.62635,1788383308.629388,1788383361.88001,,35,35
1788389778.8198311,5,1,ghcr.io/talmolab/lablink-client-base-image:linux-amd64-test@sha256:1ec2fde6860186b3d45ac83890167258f83512955dbce65f072d4e8c310cb9de,6,destroy,succeeded,1788384337.446569,1788384337.448163,1788384657.690712,,35,35
1788389778.8198311,5,1,ghcr.io/talmolab/lablink-client-base-image:linux-amd64-test@sha256:1ec2fde6860186b3d45ac83890167258f83512955dbce65f072d4e8c310cb9de,7,apply,succeeded,1788384727.528365,1788384727.530681,1788384808.61864,,95,95
1788389778.8198311,5,1,ghcr.io/talmolab/lablink-client-base-image:linux-amd64-test@sha256:1ec2fde6860186b3d45ac83890167258f83512955dbce65f072d4e8c310cb9de,8,destroy,succeeded,1788385076.969534,1788385076.971902,1788385973.63117,,95,95
1788389778.8198311,5,1,ghcr.io/talmolab/lablink-client-base-image:linux-amd64-test@sha256:1ec2fde6860186b3d45ac83890167258f83512955dbce65f072d4e8c310cb9de,9,apply,succeeded,1788389407.309799,1788389407.313231,1788389454.98231,,20,20
1788389783.525551,5,1,ghcr.io/talmolab/lablink-client-base-image:linux-amd64-test@sha256:1ec2fde6860186b3d45ac83890167258f83512955dbce65f072d4e8c310cb9de,1,apply,succeeded,1788380921.682491,1788380921.685047,1788380971.541328,,20,20
1788389783.525551,5,1,ghcr.io/talmolab/lablink-client-base-image:linux-amd64-test@sha256:1ec2fde6860186b3d45ac83890167258f83512955dbce65f072d4e8c310cb9de,2,destroy,succeeded,1788381612.379228,1788381612.381237,1788381939.351963,,20,20
1788389783.525551,5,1,ghcr.io/talmolab/lablink-client-base-image:linux-amd64-test@sha256:1ec2fde6860186b3d45ac83890167258f83512955dbce65f072d4e8c310cb9de,3,apply,succeeded,1788381976.63281,1788381976.63526,1788382026.043455,,20,20
1788389783.525551,5,1,ghcr.io/talmolab/lablink-client-base-image:linux-amd64-test@sha256:1ec2fde6860186b3d45ac83890167258f83512955dbce65f072d4e8c310cb9de,4,destroy,succeeded,1788382875.148234,1788382875.150169,1788383194.833905,,20,20
1788389783.525551,5,1,ghcr.io/talmolab/lablink-client-base-image:linux-amd64-test@sha256:1ec2fde6860186b3d45ac83890167258f83512955dbce65f072d4e8c310cb9de,5,apply,succeeded,1788383308.62635,1788383308.629388,1788383361.88001,,35,35
1788389783.525551,5,1,ghcr.io/talmolab/lablink-client-base-image:linux-amd64-test@sha256:1ec2fde6860186b3d45ac83890167258f83512955dbce65f072d4e8c310cb9de,6,destroy,succeeded,1788384337.446569,1788384337.448163,1788384657.690712,,35,35
1788389783.525551,5,1,ghcr.io/talmolab/lablink-client-base-image:linux-amd64-test@sha256:1ec2fde6860186b3d45ac83890167258f83512955dbce65f072d4e8c310cb9de,7,apply,succeeded,1788384727.528365,1788384727.530681,1788384808.61864,,95,95
1788389783.525551,5,1,ghcr.io/talmolab/lablink-client-base-image:linux-amd64-test@sha256:1ec2fde6860186b3d45ac83890167258f83512955dbce65f072d4e8c310cb9de,8,destroy,succeeded,1788385076.969534,1788385076.971902,1788385973.63117,,95,95
1788389783.525551,5,1,ghcr.io/talmolab/lablink-client-base-image:linux-amd64-test@sha256:1ec2fde6860186b3d45ac83890167258f83512955dbce65f072d4e8c310cb9de,9,apply,succeeded,1788389407.309799,1788389407.313231,1788389454.98231,,20,20
1788389788.4489899,5,1,ghcr.io/talmolab/lablink-client-base-image:linux-amd64-test@sha256:1ec2fde6860186b3d45ac83890167258f83512955dbce65f072d4e8c310cb9de,1,apply,succeeded,1788380921.682491,1788380921.685047,1788380971.541328,,20,20
1788389788.4489899,5,1,ghcr.io/talmolab/lablink-client-base-image:linux-amd64-test@sha256:1ec2fde6860186b3d45ac83890167258f83512955dbce65f072d4e8c310cb9de,2,destroy,succeeded,1788381612.379228,1788381612.381237,1788381939.351963,,20,20
1788389788.4489899,5,1,ghcr.io/talmolab/lablink-client-base-image:linux-amd64-test@sha256:1ec2fde6860186b3d45ac83890167258f83512955dbce65f072d4e8c310cb9de,3,apply,succeeded,1788381976.63281,1788381976.63526,1788382026.043455,,20,20
1788389788.4489899,5,1,ghcr.io/talmolab/lablink-client-base-image:linux-amd64-test@sha256:1ec2fde6860186b3d45ac83890167258f83512955dbce65f072d4e8c310cb9de,4,destroy,succeeded,1788382875.148234,1788382875.150169,1788383194.833905,,20,20
1788389788.4489899,5,1,ghcr.io/talmolab/lablink-client-base-image:linux-amd64-test@sha256:1ec2fde6860186b3d45ac83890167258f83512955dbce65f072d4e8c310cb9de,5,apply,succeeded,1788383308.62635,1788383308.629388,1788383361.88001,,35,35
1788389788.4489899,5,1,ghcr.io/talmolab/lablink-client-base-image:linux-amd64-test@sha256:1ec2fde6860186b3d45ac83890167258f83512955dbce65f072d4e8c310cb9de,6,destroy,succeeded,1788384337.446569,1788384337.448163,1788384657.690712,,35,35
1788389788.4489899,5,1,ghcr.io/talmolab/lablink-client-base-image:linux-amd64-test@sha256:1ec2fde6860186b3d45ac83890167258f83512955dbce65f072d4e8c310cb9de,7,apply,succeeded,1788384727.528365,1788384727.530681,1788384808.61864,,95,95
1788389788.4489899,5,1,ghcr.io/talmolab/lablink-client-base-image:linux-amd64-test@sha256:1ec2fde6860186b3d45ac83890167258f83512955dbce65f072d4e8c310cb9de,8,destroy,succeeded,1788385076.969534,1788385076.971902,1788385973.63117,,95,95
1788389788.4489899,5,1,ghcr.io/talmolab/lablink-client-base-image:linux-amd64-test@sha256:1ec2fde6860186b3d45ac83890167258f83512955dbce65f072d4e8c310cb9de,9,apply,succeeded,1788389407.309799,1788389407.313231,1788389454.98231,,20,20
1788389793.5253289,5,1,ghcr.io/talmolab/lablink-client-base-image:linux-amd64-test@sha256:1ec2fde6860186b3d45ac83890167258f83512955dbce65f072d4e8c310cb9de,1,apply,succeeded,1788380921.682491,1788380921.685047,1788380971.541328,,20,20
1788389793.5253289,5,1,ghcr.io/talmolab/lablink-client-base-image:linux-amd64-test@sha256:1ec2fde6860186b3d45ac83890167258f83512955dbce65f072d4e8c310cb9de,2,destroy,succeeded,1788381612.379228,1788381612.381237,1788381939.351963,,20,20
1788389793.5253289,5,1,ghcr.io/talmolab/lablink-client-base-image:linux-amd64-test@sha256:1ec2fde6860186b3d45ac83890167258f83512955dbce65f072d4e8c310cb9de,3,apply,succeeded,1788381976.63281,1788381976.63526,1788382026.043455,,20,20
1788389793.5253289,5,1,ghcr.io/talmolab/lablink-client-base-image:linux-amd64-test@sha256:1ec2fde6860186b3d45ac83890167258f83512955dbce65f072d4e8c310cb9de,4,destroy,succeeded,1788382875.148234,1788382875.150169,1788383194.833905,,20,20
1788389793.5253289,5,1,ghcr.io/talmolab/lablink-client-base-image:linux-amd64-test@sha256:1ec2fde6860186b3d45ac83890167258f83512955dbce65f072d4e8c310cb9de,5,apply,succeeded,1788383308.62635,1788383308.629388,1788383361.88001,,35,35
1788389793.5253289,5,1,ghcr.io/talmolab/lablink-client-base-image:linux-amd64-test@sha256:1ec2fde6860186b3d45ac83890167258f83512955dbce65f072d4e8c310cb9de,6,destroy,succeeded,1788384337.446569,1788384337.448163,1788384657.690712,,35,35
1788389793.5253289,5,1,ghcr.io/talmolab/lablink-client-base-image:linux-amd64-test@sha256:1ec2fde6860186b3d45ac83890167258f83512955dbce65f072d4e8c310cb9de,7,apply,succeeded,1788384727.528365,1788384727.530681,1788384808.61864,,95,95
1788389793.5253289,5,1,ghcr.io/talmolab/lablink-client-base-image:linux-amd64-test@sha256:1ec2fde6860186b3d45ac83890167258f83512955dbce65f072d4e8c310cb9de,8,destroy,succeeded,1788385076.969534,1788385076.971902,1788385973.63117,,95,95
1788389793.5253289,5,1,ghcr.io/talmolab/lablink-client-base-image:linux-amd64-test@sha256:1ec2fde6860186b3d45ac83890167258f83512955dbce65f072d4e8c310cb9de,9,apply,succeeded,1788389407.309799,1788389407.313231,1788389454.98231,,20,20
1788389798.510018,5,1,ghcr.io/talmolab/lablink-client-base-image:linux-amd64-test@sha256:1ec2fde6860186b3d45ac83890167258f83512955dbce65f072d4e8c310cb9de,1,apply,succeeded,1788380921.682491,1788380921.685047,1788380971.541328,,20,20
1788389798.510018,5,1,ghcr.io/talmolab/lablink-client-base-image:linux-amd64-test@sha256:1ec2fde6860186b3d45ac83890167258f83512955dbce65f072d4e8c310cb9de,2,destroy,succeeded,1788381612.379228,1788381612.381237,1788381939.351963,,20,20
1788389798.510018,5,1,ghcr.io/talmolab/lablink-client-base-image:linux-amd64-test@sha256:1ec2fde6860186b3d45ac83890167258f83512955dbce65f072d4e8c310cb9de,3,apply,succeeded,1788381976.63281,1788381976.63526,1788382026.043455,,20,20
1788389798.510018,5,1,ghcr.io/talmolab/lablink-client-base-image:linux-amd64-test@sha256:1ec2fde6860186b3d45ac83890167258f83512955dbce65f072d4e8c310cb9de,4,destroy,succeeded,1788382875.148234,1788382875.150169,1788383194.833905,,20,20
1788389798.510018,5,1,ghcr.io/talmolab/lablink-client-base-image:linux-amd64-test@sha256:1ec2fde6860186b3d45ac83890167258f83512955dbce65f072d4e8c310cb9de,5,apply,succeeded,1788383308.62635,1788383308.629388,1788383361.88001,,35,35
1788389798.510018,5,1,ghcr.io/talmolab/lablink-client-base-image:linux-amd64-test@sha256:1ec2fde6860186b3d45ac83890167258f83512955dbce65f072d4e8c310cb9de,6,destroy,succeeded,1788384337.446569,1788384337.448163,1788384657.690712,,35,35
1788389798.510018,5,1,ghcr.io/talmolab/lablink-client-base-image:linux-amd64-test@sha256:1ec2fde6860186b3d45ac83890167258f83512955dbce65f072d4e8c310cb9de,7,apply,succeeded,1788384727.528365,1788384727.530681,1788384808.61864,,95,95
1788389798.510018,5,1,ghcr.io/talmolab/lablink-client-base-image:linux-amd64-test@sha256:1ec2fde6860186b3d45ac83890167258f83512955dbce65f072d4e8c310cb9de,8,destroy,succeeded,1788385076.969534,1788385076.971902,1788385973.63117,,95,95
1788389798.510018,5,1,ghcr.io/talmolab/lablink-client-base-image:linux-amd64-test@sha256:1ec2fde6860186b3d45ac83890167258f83512955dbce65f072d4e8c310cb9de,9,apply,succeeded,1788389407.309799,1788389407.313231,1788389454.98231,,20,20
1788389803.4787042,5,1,ghcr.io/talmolab/lablink-client-base-image:linux-amd64-test@sha256:1ec2fde6860186b3d45ac83890167258f83512955dbce65f072d4e8c310cb9de,1,apply,succeeded,1788380921.682491,1788380921.685047,1788380971.541328,,20,20
1788389803.4787042,5,1,ghcr.io/talmolab/lablink-client-base-image:linux-amd64-test@sha256:1ec2fde6860186b3d45ac83890167258f83512955dbce65f072d4e8c310cb9de,2,destroy,succeeded,1788381612.379228,1788381612.381237,1788381939.351963,,20,20
1788389803.4787042,5,1,ghcr.io/talmolab/lablink-client-base-image:linux-amd64-test@sha256:1ec2fde6860186b3d45ac83890167258f83512955dbce65f072d4e8c310cb9de,3,apply,succeeded,1788381976.63281,1788381976.63526,1788382026.043455,,20,20
1788389803.4787042,5,1,ghcr.io/talmolab/lablink-client-base-image:linux-amd64-test@sha256:1ec2fde6860186b3d45ac83890167258f83512955dbce65f072d4e8c310cb9de,4,destroy,succeeded,1788382875.148234,1788382875.150169,1788383194.833905,,20,20
1788389803.4787042,5,1,ghcr.io/talmolab/lablink-client-base-image:linux-amd64-test@sha256:1ec2fde6860186b3d45ac83890167258f83512955dbce65f072d4e8c310cb9de,5,apply,succeeded,1788383308.62635,1788383308.629388,1788383361.88001,,35,35
1788389803.4787042,5,1,ghcr.io/talmolab/lablink-client-base-image:linux-amd64-test@sha256:1ec2fde6860186b3d45ac83890167258f83512955dbce65f072d4e8c310cb9de,6,destroy,succeeded,1788384337.446569,1788384337.448163,1788384657.690712,,35,35
1788389803.4787042,5,1,ghcr.io/talmolab/lablink-client-base-image:linux-amd64-test@sha256:1ec2fde6860186b3d45ac83890167258f83512955dbce65f072d4e8c310cb9de,7,apply,succeeded,1788384727.528365,1788384727.530681,1788384808.61864,,95,95
1788389803.4787042,5,1,ghcr.io/talmolab/lablink-client-base-image:linux-amd64-test@sha256:1ec2fde6860186b3d45ac83890167258f83512955dbce65f072d4e8c310cb9de,8,destroy,succeeded,1788385076.969534,1788385076.971902,1788385973.63117,,95,95
1788389803.4787042,5,1,ghcr.io/talmolab/lablink-client-base-image:linux-amd64-test@sha256:1ec2fde6860186b3d45ac83890167258f83512955dbce65f072d4e8c310cb9de,9,apply,succeeded,1788389407.309799,1788389407.313231,1788389454.98231,,20,20
1788389808.474097,5,1,ghcr.io/talmolab/lablink-client-base-image:linux-amd64-test@sha256:1ec2fde6860186b3d45ac83890167258f83512955dbce65f072d4e8c310cb9de,1,apply,succeeded,1788380921.682491,1788380921.685047,1788380971.541328,,20,20
1788389808.474097,5,1,ghcr.io/talmolab/lablink-client-base-image:linux-amd64-test@sha256:1ec2fde6860186b3d45ac83890167258f83512955dbce65f072d4e8c310cb9de,2,destroy,succeeded,1788381612.379228,1788381612.381237,1788381939.351963,,20,20
1788389808.474097,5,1,ghcr.io/talmolab/lablink-client-base-image:linux-amd64-test@sha256:1ec2fde6860186b3d45ac83890167258f83512955dbce65f072d4e8c310cb9de,3,apply,succeeded,1788381976.63281,1788381976.63526,1788382026.043455,,20,20
1788389808.474097,5,1,ghcr.io/talmolab/lablink-client-base-image:linux-amd64-test@sha256:1ec2fde6860186b3d45ac83890167258f83512955dbce65f072d4e8c310cb9de,4,destroy,succeeded,1788382875.148234,1788382875.150169,1788383194.833905,,20,20
1788389808.474097,5,1,ghcr.io/talmolab/lablink-client-base-image:linux-amd64-test@sha256:1ec2fde6860186b3d45ac83890167258f83512955dbce65f072d4e8c310cb9de,5,apply,succeeded,1788383308.62635,1788383308.629388,1788383361.88001,,35,35
1788389808.474097,5,1,ghcr.io/talmolab/lablink-client-base-image:linux-amd64-test@sha256:1ec2fde6860186b3d45ac83890167258f83512955dbce65f072d4e8c310cb9de,6,destroy,succeeded,1788384337.446569,1788384337.448163,1788384657.690712,,35,35
1788389808.474097,5,1,ghcr.io/talmolab/lablink-client-base-image:linux-amd64-test@sha256:1ec2fde6860186b3d45ac83890167258f83512955dbce65f072d4e8c310cb9de,7,apply,succeeded,1788384727.528365,1788384727.530681,1788384808.61864,,95,95
1788389808.474097,5,1,ghcr.io/talmolab/lablink-client-base-image:linux-amd64-test@sha256:1ec2fde6860186b3d45ac83890167258f83512955dbce65f072d4e8c310cb9de,8,destroy,succeeded,1788385076.969534,1788385076.971902,1788385973.63117,,95,95
1788389808.474097,5,1,ghcr.io/talmolab/lablink-client-base-image:linux-amd64-test@sha256:1ec2fde6860186b3d45ac83890167258f83512955dbce65f072d4e8c310cb9de,9,apply,succeeded,1788389407.309799,1788389407.313231,1788389454.98231,,20,20
1788389813.6138282,5,1,ghcr.io/talmolab/lablink-client-base-image:linux-amd64-test@sha256:1ec2fde6860186b3d45ac83890167258f83512955dbce65f072d4e8c310cb9de,1,apply,succeeded,1788380921.682491,1788380921.685047,1788380971.541328,,20,20
1788389813.6138282,5,1,ghcr.io/talmolab/lablink-client-base-image:linux-amd64-test@sha256:1ec2fde6860186b3d45ac83890167258f83512955dbce65f072d4e8c310cb9de,2,destroy,succeeded,1788381612.379228,1788381612.381237,1788381939.351963,,20,20
1788389813.6138282,5,1,ghcr.io/talmolab/lablink-client-base-image:linux-amd64-test@sha256:1ec2fde6860186b3d45ac83890167258f83512955dbce65f072d4e8c310cb9de,3,apply,succeeded,1788381976.63281,1788381976.63526,1788382026.043455,,20,20
1788389813.6138282,5,1,ghcr.io/talmolab/lablink-client-base-image:linux-amd64-test@sha256:1ec2fde6860186b3d45ac83890167258f83512955dbce65f072d4e8c310cb9de,4,destroy,succeeded,1788382875.148234,1788382875.150169,1788383194.833905,,20,20
1788389813.6138282,5,1,ghcr.io/talmolab/lablink-client-base-image:linux-amd64-test@sha256:1ec2fde6860186b3d45ac83890167258f83512955dbce65f072d4e8c310cb9de,5,apply,succeeded,1788383308.62635,1788383308.629388,1788383361.88001,,35,35
1788389813.6138282,5,1,ghcr.io/talmolab/lablink-client-base-image:linux-amd64-test@sha256:1ec2fde6860186b3d45ac83890167258f83512955dbce65f072d4e8c310cb9de,6,destroy,succeeded,1788384337.446569,1788384337.448163,1788384657.690712,,35,35
1788389813.6138282,5,1,ghcr.io/talmolab/lablink-client-base-image:linux-amd64-test@sha256:1ec2fde6860186b3d45ac83890167258f83512955dbce65f072d4e8c310cb9de,7,apply,succeeded,1788384727.528365,1788384727.530681,1788384808.61864,,95,95
1788389813.6138282,5,1,ghcr.io/talmolab/lablink-client-base-image:linux-amd64-test@sha256:1ec2fde6860186b3d45ac83890167258f83512955dbce65f072d4e8c310cb9de,8,destroy,succeeded,1788385076.969534,1788385076.971902,1788385973.63117,,95,95
1788389813.6138282,5,1,ghcr.io/talmolab/lablink-client-base-image:linux-amd64-test@sha256:1ec2fde6860186b3d45ac83890167258f83512955dbce65f072d4e8c310cb9de,9,apply,succeeded,1788389407.309799,1788389407.313231,1788389454.98231,,20,20
1788389818.5302742,5,1,ghcr.io/talmolab/lablink-client-base-image:linux-amd64-test@sha256:1ec2fde6860186b3d45ac83890167258f83512955dbce65f072d4e8c310cb9de,1,apply,succeeded,1788380921.682491,1788380921.685047,1788380971.541328,,20,20
1788389818.5302742,5,1,ghcr.io/talmolab/lablink-client-base-image:linux-amd64-test@sha256:1ec2fde6860186b3d45ac83890167258f83512955dbce65f072d4e8c310cb9de,2,destroy,succeeded,1788381612.379228,1788381612.381237,1788381939.351963,,20,20
1788389818.5302742,5,1,ghcr.io/talmolab/lablink-client-base-image:linux-amd64-test@sha256:1ec2fde6860186b3d45ac83890167258f83512955dbce65f072d4e8c310cb9de,3,apply,succeeded,1788381976.63281,1788381976.63526,1788382026.043455,,20,20
1788389818.5302742,5,1,ghcr.io/talmolab/lablink-client-base-image:linux-amd64-test@sha256:1ec2fde6860186b3d45ac83890167258f83512955dbce65f072d4e8c310cb9de,4,destroy,succeeded,1788382875.148234,1788382875.150169,1788383194.833905,,20,20
1788389818.5302742,5,1,ghcr.io/talmolab/lablink-client-base-image:linux-amd64-test@sha256:1ec2fde6860186b3d45ac83890167258f83512955dbce65f072d4e8c310cb9de,5,apply,succeeded,1788383308.62635,1788383308.629388,1788383361.88001,,35,35
1788389818.5302742,5,1,ghcr.io/talmolab/lablink-client-base-image:linux-amd64-test@sha256:1ec2fde6860186b3d45ac83890167258f83512955dbce65f072d4e8c310cb9de,6,destroy,succeeded,1788384337.446569,1788384337.448163,1788384657.690712,,35,35
1788389818.5302742,5,1,ghcr.io/talmolab/lablink-client-base-image:linux-amd64-test@sha256:1ec2fde6860186b3d45ac83890167258f83512955dbce65f072d4e8c310cb9de,7,apply,succeeded,1788384727.528365,1788384727.530681,1788384808.61864,,95,95
1788389818.5302742,5,1,ghcr.io/talmolab/lablink-client-base-image:linux-amd64-test@sha256:1ec2fde6860186b3d45ac83890167258f83512955dbce65f072d4e8c310cb9de,8,destroy,succeeded,1788385076.969534,1788385076.971902,1788385973.63117,,95,95
1788389818.5302742,5,1,ghcr.io/talmolab/lablink-client-base-image:linux-amd64-test@sha256:1ec2fde6860186b3d45ac83890167258f83512955dbce65f072d4e8c310cb9de,9,apply,succeeded,1788389407.309799,1788389407.313231,1788389454.98231,,20,20
1788389823.677505,5,1,ghcr.io/talmolab/lablink-client-base-image:linux-amd64-test@sha256:1ec2fde6860186b3d45ac83890167258f83512955dbce65f072d4e8c310cb9de,1,apply,succeeded,1788380921.682491,1788380921.685047,1788380971.541328,,20,20
1788389823.677505,5,1,ghcr.io/talmolab/lablink-client-base-image:linux-amd64-test@sha256:1ec2fde6860186b3d45ac83890167258f83512955dbce65f072d4e8c310cb9de,2,destroy,succeeded,1788381612.379228,1788381612.381237,1788381939.351963,,20,20
1788389823.677505,5,1,ghcr.io/talmolab/lablink-client-base-image:linux-amd64-test@sha256:1ec2fde6860186b3d45ac83890167258f83512955dbce65f072d4e8c310cb9de,3,apply,succeeded,1788381976.63281,1788381976.63526,1788382026.043455,,20,20
1788389823.677505,5,1,ghcr.io/talmolab/lablink-client-base-image:linux-amd64-test@sha256:1ec2fde6860186b3d45ac83890167258f83512955dbce65f072d4e8c310cb9de,4,destroy,succeeded,1788382875.148234,1788382875.150169,1788383194.833905,,20,20
1788389823.677505,5,1,ghcr.io/talmolab/lablink-client-base-image:linux-amd64-test@sha256:1ec2fde6860186b3d45ac83890167258f83512955dbce65f072d4e8c310cb9de,5,apply,succeeded,1788383308.62635,1788383308.629388,1788383361.88001,,35,35
1788389823.677505,5,1,ghcr.io/talmolab/lablink-client-base-image:linux-amd64-test@sha256:1ec2fde6860186b3d45ac83890167258f83512955dbce65f072d4e8c310cb9de,6,destroy,succeeded,1788384337.446569,1788384337.448163,1788384657.690712,,35,35
1788389823.677505,5,1,ghcr.io/talmolab/lablink-client-base-image:linux-amd64-test@sha256:1ec2fde6860186b3d45ac83890167258f83512955dbce65f072d4e8c310cb9de,7,apply,succeeded,1788384727.528365,1788384727.530681,1788384808.61864,,95,95
1788389823.677505,5,1,ghcr.io/talmolab/lablink-client-base-image:linux-amd64-test@sha256:1ec2fde6860186b3d45ac83890167258f83512955dbce65f072d4e8c310cb9de,8,destroy,succeeded,1788385076.969534,1788385076.971902,1788385973.63117,,95,95
1788389823.677505,5,1,ghcr.io/talmolab/lablink-client-base-image:linux-amd64-test@sha256:1ec2fde6860186b3d45ac83890167258f83512955dbce65f072d4e8c310cb9de,9,apply,succeeded,1788389407.309799,1788389407.313231,1788389454.98231,,20,20
1788389828.456212,5,1,ghcr.io/talmolab/lablink-client-base-image:linux-amd64-test@sha256:1ec2fde6860186b3d45ac83890167258f83512955dbce65f072d4e8c310cb9de,1,apply,succeeded,1788380921.682491,1788380921.685047,1788380971.541328,,20,20
1788389828.456212,5,1,ghcr.io/talmolab/lablink-client-base-image:linux-amd64-test@sha256:1ec2fde6860186b3d45ac83890167258f83512955dbce65f072d4e8c310cb9de,2,destroy,succeeded,1788381612.379228,1788381612.381237,1788381939.351963,,20,20
1788389828.456212,5,1,ghcr.io/talmolab/lablink-client-base-image:linux-amd64-test@sha256:1ec2fde6860186b3d45ac83890167258f83512955dbce65f072d4e8c310cb9de,3,apply,succeeded,1788381976.63281,1788381976.63526,1788382026.043455,,20,20
1788389828.456212,5,1,ghcr.io/talmolab/lablink-client-base-image:linux-amd64-test@sha256:1ec2fde6860186b3d45ac83890167258f83512955dbce65f072d4e8c310cb9de,4,destroy,succeeded,1788382875.148234,1788382875.150169,1788383194.833905,,20,20
1788389828.456212,5,1,ghcr.io/talmolab/lablink-client-base-image:linux-amd64-test@sha256:1ec2fde6860186b3d45ac83890167258f83512955dbce65f072d4e8c310cb9de,5,apply,succeeded,1788383308.62635,1788383308.629388,1788383361.88001,,35,35
1788389828.456212,5,1,ghcr.io/talmolab/lablink-client-base-image:linux-amd64-test@sha256:1ec2fde6860186b3d45ac83890167258f83512955dbce65f072d4e8c310cb9de,6,destroy,succeeded,1788384337.446569,1788384337.448163,1788384657.690712,,35,35
1788389828.456212,5,1,ghcr.io/talmolab/lablink-client-base-image:linux-amd64-test@sha256:1ec2fde6860186b3d45ac83890167258f83512955dbce65f072d4e8c310cb9de,7,apply,succeeded,1788384727.528365,1788384727.530681,1788384808.61864,,95,95
1788389828.456212,5,1,ghcr.io/talmolab/lablink-client-base-image:linux-amd64-test@sha256:1ec2fde6860186b3d45ac83890167258f83512955dbce65f072d4e8c310cb9de,8,destroy,succeeded,1788385076.969534,1788385076.971902,1788385973.63117,,95,95
1788389828.456212,5,1,ghcr.io/talmolab/lablink-client-base-image:linux-amd64-test@sha256:1ec2fde6860186b3d45ac83890167258f83512955dbce65f072d4e8c310cb9de,9,apply,succeeded,1788389407.309799,1788389407.313231,1788389454.98231,,20,20
1788389833.6380641,5,1,ghcr.io/talmolab/lablink-client-base-image:linux-amd64-test@sha256:1ec2fde6860186b3d45ac83890167258f83512955dbce65f072d4e8c310cb9de,1,apply,succeeded,1788380921.682491,1788380921.685047,1788380971.541328,,20,20
1788389833.6380641,5,1,ghcr.io/talmolab/lablink-client-base-image:linux-amd64-test@sha256:1ec2fde6860186b3d45ac83890167258f83512955dbce65f072d4e8c310cb9de,2,destroy,succeeded,1788381612.379228,1788381612.381237,1788381939.351963,,20,20
1788389833.6380641,5,1,ghcr.io/talmolab/lablink-client-base-image:linux-amd64-test@sha256:1ec2fde6860186b3d45ac83890167258f83512955dbce65f072d4e8c310cb9de,3,apply,succeeded,1788381976.63281,1788381976.63526,1788382026.043455,,20,20
1788389833.6380641,5,1,ghcr.io/talmolab/lablink-client-base-image:linux-amd64-test@sha256:1ec2fde6860186b3d45ac83890167258f83512955dbce65f072d4e8c310cb9de,4,destroy,succeeded,1788382875.148234,1788382875.150169,1788383194.833905,,20,20
1788389833.6380641,5,1,ghcr.io/talmolab/lablink-client-base-image:linux-amd64-test@sha256:1ec2fde6860186b3d45ac83890167258f83512955dbce65f072d4e8c310cb9de,5,apply,succeeded,1788383308.62635,1788383308.629388,1788383361.88001,,35,35
1788389833.6380641,5,1,ghcr.io/talmolab/lablink-client-base-image:linux-amd64-test@sha256:1ec2fde6860186b3d45ac83890167258f83512955dbce65f072d4e8c310cb9de,6,destroy,succeeded,1788384337.446569,1788384337.448163,1788384657.690712,,35,35
1788389833.6380641,5,1,ghcr.io/talmolab/lablink-client-base-image:linux-amd64-test@sha256:1ec2fde6860186b3d45ac83890167258f83512955dbce65f072d4e8c310cb9de,7,apply,succeeded,1788384727.528365,1788384727.530681,1788384808.61864,,95,95
1788389833.6380641,5,1,ghcr.io/talmolab/lablink-client-base-image:linux-amd64-test@sha256:1ec2fde6860186b3d45ac83890167258f83512955dbce65f072d4e8c310cb9de,8,destroy,succeeded,1788385076.969534,1788385076.971902,1788385973.63117,,95,95
1788389833.6380641,5,1,ghcr.io/talmolab/lablink-client-base-image:linux-amd64-test@sha256:1ec2fde6860186b3d45ac83890167258f83512955dbce65f072d4e8c310cb9de,9,apply,succeeded,1788389407.309799,1788389407.313231,1788389454.98231,,20,20
1788389838.578604,5,1,ghcr.io/talmolab/lablink-client-base-image:linux-amd64-test@sha256:1ec2fde6860186b3d45ac83890167258f83512955dbce65f072d4e8c310cb9de,1,apply,succeeded,1788380921.682491,1788380921.685047,1788380971.541328,,20,20
1788389838.578604,5,1,ghcr.io/talmolab/lablink-client-base-image:linux-amd64-test@sha256:1ec2fde6860186b3d45ac83890167258f83512955dbce65f072d4e8c310cb9de,2,destroy,succeeded,1788381612.379228,1788381612.381237,1788381939.351963,,20,20
1788389838.578604,5,1,ghcr.io/talmolab/lablink-client-base-image:linux-amd64-test@sha256:1ec2fde6860186b3d45ac83890167258f83512955dbce65f072d4e8c310cb9de,3,apply,succeeded,1788381976.63281,1788381976.63526,1788382026.043455,,20,20
1788389838.578604,5,1,ghcr.io/talmolab/lablink-client-base-image:linux-amd64-test@sha256:1ec2fde6860186b3d45ac83890167258f83512955dbce65f072d4e8c310cb9de,4,destroy,succeeded,1788382875.148234,1788382875.150169,1788383194.833905,,20,20
1788389838.578604,5,1,ghcr.io/talmolab/lablink-client-base-image:linux-amd64-test@sha256:1ec2fde6860186b3d45ac83890167258f83512955dbce65f072d4e8c310cb9de,5,apply,succeeded,1788383308.62635,1788383308.629388,1788383361.88001,,35,35
1788389838.578604,5,1,ghcr.io/talmolab/lablink-client-base-image:linux-amd64-test@sha256:1ec2fde6860186b3d45ac83890167258f83512955dbce65f072d4e8c310cb9de,6,destroy,succeeded,1788384337.446569,1788384337.448163,1788384657.690712,,35,35
1788389838.578604,5,1,ghcr.io/talmolab/lablink-client-base-image:linux-amd64-test@sha256:1ec2fde6860186b3d45ac83890167258f83512955dbce65f072d4e8c310cb9de,7,apply,succeeded,1788384727.528365,1788384727.530681,1788384808.61864,,95,95
1788389838.578604,5,1,ghcr.io/talmolab/lablink-client-base-image:linux-amd64-test@sha256:1ec2fde6860186b3d45ac83890167258f83512955dbce65f072d4e8c310cb9de,8,destroy,succeeded,1788385076.969534,1788385076.971902,1788385973.63117,,95,95
1788389838.578604,5,1,ghcr.io/talmolab/lablink-client-base-image:linux-amd64-test@sha256:1ec2fde6860186b3d45ac83890167258f83512955dbce65f072d4e8c310cb9de,9,apply,succeeded,1788389407.309799,1788389407.313231,1788389454.98231,,20,20
1788389843.820589,5,1,ghcr.io/talmolab/lablink-client-base-image:linux-amd64-test@sha256:1ec2fde6860186b3d45ac83890167258f83512955dbce65f072d4e8c310cb9de,1,apply,succeeded,1788380921.682491,1788380921.685047,1788380971.541328,,20,20
1788389843.820589,5,1,ghcr.io/talmolab/lablink-client-base-image:linux-amd64-test@sha256:1ec2fde6860186b3d45ac83890167258f83512955dbce65f072d4e8c310cb9de,2,destroy,succeeded,1788381612.379228,1788381612.381237,1788381939.351963,,20,20
1788389843.820589,5,1,ghcr.io/talmolab/lablink-client-base-image:linux-amd64-test@sha256:1ec2fde6860186b3d45ac83890167258f83512955dbce65f072d4e8c310cb9de,3,apply,succeeded,1788381976.63281,1788381976.63526,1788382026.043455,,20,20
1788389843.820589,5,1,ghcr.io/talmolab/lablink-client-base-image:linux-amd64-test@sha256:1ec2fde6860186b3d45ac83890167258f83512955dbce65f072d4e8c310cb9de,4,destroy,succeeded,1788382875.148234,1788382875.150169,1788383194.833905,,20,20
1788389843.820589,5,1,ghcr.io/talmolab/lablink-client-base-image:linux-amd64-test@sha256:1ec2fde6860186b3d45ac83890167258f83512955dbce65f072d4e8c310cb9de,5,apply,succeeded,1788383308.62635,1788383308.629388,1788383361.88001,,35,35
1788389843.820589,5,1,ghcr.io/talmolab/lablink-client-base-image:linux-amd64-test@sha256:1ec2fde6860186b3d45ac83890167258f83512955dbce65f072d4e8c310cb9de,6,destroy,succeeded,1788384337.446569,1788384337.448163,1788384657.690712,,35,35
1788389843.820589,5,1,ghcr.io/talmolab/lablink-client-base-image:linux-amd64-test@sha256:1ec2fde6860186b3d45ac83890167258f83512955dbce65f072d4e8c310cb9de,7,apply,succeeded,1788384727.528365,1788384727.530681,1788384808.61864,,95,95
1788389843.820589,5,1,ghcr.io/talmolab/lablink-client-base-image:linux-amd64-test@sha256:1ec2fde6860186b3d45ac83890167258f83512955dbce65f072d4e8c310cb9de,8,destroy,succeeded,1788385076.969534,1788385076.971902,1788385973.63117,,95,95
1788389843.820589,5,1,ghcr.io/talmolab/lablink-client-base-image:linux-amd64-test@sha256:1ec2fde6860186b3d45ac83890167258f83512955dbce65f072d4e8c310cb9de,9,apply,succeeded,1788389407.309799,1788389407.313231,1788389454.98231,,20,20
1788389848.536725,5,1,ghcr.io/talmolab/lablink-client-base-image:linux-amd64-test@sha256:1ec2fde6860186b3d45ac83890167258f83512955dbce65f072d4e8c310cb9de,1,apply,succeeded,1788380921.682491,1788380921.685047,1788380971.541328,,20,20
1788389848.536725,5,1,ghcr.io/talmolab/lablink-client-base-image:linux-amd64-test@sha256:1ec2fde6860186b3d45ac83890167258f83512955dbce65f072d4e8c310cb9de,2,destroy,succeeded,1788381612.379228,1788381612.381237,1788381939.351963,,20,20
1788389848.536725,5,1,ghcr.io/talmolab/lablink-client-base-image:linux-amd64-test@sha256:1ec2fde6860186b3d45ac83890167258f83512955dbce65f072d4e8c310cb9de,3,apply,succeeded,1788381976.63281,1788381976.63526,1788382026.043455,,20,20
1788389848.536725,5,1,ghcr.io/talmolab/lablink-client-base-image:linux-amd64-test@sha256:1ec2fde6860186b3d45ac83890167258f83512955dbce65f072d4e8c310cb9de,4,destroy,succeeded,1788382875.148234,1788382875.150169,1788383194.833905,,20,20
1788389848.536725,5,1,ghcr.io/talmolab/lablink-client-base-image:linux-amd64-test@sha256:1ec2fde6860186b3d45ac83890167258f83512955dbce65f072d4e8c310cb9de,5,apply,succeeded,1788383308.62635,1788383308.629388,1788383361.88001,,35,35
1788389848.536725,5,1,ghcr.io/talmolab/lablink-client-base-image:linux-amd64-test@sha256:1ec2fde6860186b3d45ac83890167258f83512955dbce65f072d4e8c310cb9de,6,destroy,succeeded,1788384337.446569,1788384337.448163,1788384657.690712,,35,35
1788389848.536725,5,1,ghcr.io/talmolab/lablink-client-base-image:linux-amd64-test@sha256:1ec2fde6860186b3d45ac83890167258f83512955dbce65f072d4e8c310cb9de,7,apply,succeeded,1788384727.528365,1788384727.530681,1788384808.61864,,95,95
1788389848.536725,5,1,ghcr.io/talmolab/lablink-client-base-image:linux-amd64-test@sha256:1ec2fde6860186b3d45ac83890167258f83512955dbce65f072d4e8c310cb9de,8,destroy,succeeded,1788385076.969534,1788385076.971902,1788385973.63117,,95,95
1788389848.536725,5,1,ghcr.io/talmolab/lablink-client-base-image:linux-amd64-test@sha256:1ec2fde6860186b3d45ac83890167258f83512955dbce65f072d4e8c310cb9de,9,apply,succeeded,1788389407.309799,1788389407.313231,1788389454.98231,,20,20
1788389853.448032,5,1,ghcr.io/talmolab/lablink-client-base-image:linux-amd64-test@sha256:1ec2fde6860186b3d45ac83890167258f83512955dbce65f072d4e8c310cb9de,1,apply,succeeded,1788380921.682491,1788380921.685047,1788380971.541328,,20,20
1788389853.448032,5,1,ghcr.io/talmolab/lablink-client-base-image:linux-amd64-test@sha256:1ec2fde6860186b3d45ac83890167258f83512955dbce65f072d4e8c310cb9de,2,destroy,succeeded,1788381612.379228,1788381612.381237,1788381939.351963,,20,20
1788389853.448032,5,1,ghcr.io/talmolab/lablink-client-base-image:linux-amd64-test@sha256:1ec2fde6860186b3d45ac83890167258f83512955dbce65f072d4e8c310cb9de,3,apply,succeeded,1788381976.63281,1788381976.63526,1788382026.043455,,20,20
1788389853.448032,5,1,ghcr.io/talmolab/lablink-client-base-image:linux-amd64-test@sha256:1ec2fde6860186b3d45ac83890167258f83512955dbce65f072d4e8c310cb9de,4,destroy,succeeded,1788382875.148234,1788382875.150169,1788383194.833905,,20,20
1788389853.448032,5,1,ghcr.io/talmolab/lablink-client-base-image:linux-amd64-test@sha256:1ec2fde6860186b3d45ac83890167258f83512955dbce65f072d4e8c310cb9de,5,apply,succeeded,1788383308.62635,1788383308.629388,1788383361.88001,,35,35
1788389853.448032,5,1,ghcr.io/talmolab/lablink-client-base-image:linux-amd64-test@sha256:1ec2fde6860186b3d45ac83890167258f83512955dbce65f072d4e8c310cb9de,6,destroy,succeeded,1788384337.446569,1788384337.448163,1788384657.690712,,35,35
1788389853.448032,5,1,ghcr.io/talmolab/lablink-client-base-image:linux-amd64-test@sha256:1ec2fde6860186b3d45ac83890167258f83512955dbce65f072d4e8c310cb9de,7,apply,succeeded,1788384727.528365,1788384727.530681,1788384808.61864,,95,95
1788389853.448032,5,1,ghcr.io/talmolab/lablink-client-base-image:linux-amd64-test@sha256:1ec2fde6860186b3d45ac83890167258f83512955dbce65f072d4e8c310cb9de,8,destroy,succeeded,1788385076.969534,1788385076.971902,1788385973.63117,,95,95
1788389853.448032,5,1,ghcr.io/talmolab/lablink-client-base-image:linux-amd64-test@sha256:1ec2fde6860186b3d45ac83890167258f83512955dbce65f072d4e8c310cb9de,9,apply,succeeded,1788389407.309799,1788389407.313231,1788389454.98231,,20,20
1788389858.5066612,5,1,ghcr.io/talmolab/lablink-client-base-image:linux-amd64-test@sha256:1ec2fde6860186b3d45ac83890167258f83512955dbce65f072d4e8c310cb9de,1,apply,succeeded,1788380921.682491,1788380921.685047,1788380971.541328,,20,20
1788389858.5066612,5,1,ghcr.io/talmolab/lablink-client-base-image:linux-amd64-test@sha256:1ec2fde6860186b3d45ac83890167258f83512955dbce65f072d4e8c310cb9de,2,destroy,succeeded,1788381612.379228,1788381612.381237,1788381939.351963,,20,20
1788389858.5066612,5,1,ghcr.io/talmolab/lablink-client-base-image:linux-amd64-test@sha256:1ec2fde6860186b3d45ac83890167258f83512955dbce65f072d4e8c310cb9de,3,apply,succeeded,1788381976.63281,1788381976.63526,1788382026.043455,,20,20
1788389858.5066612,5,1,ghcr.io/talmolab/lablink-client-base-image:linux-amd64-test@sha256:1ec2fde6860186b3d45ac83890167258f83512955dbce65f072d4e8c310cb9de,4,destroy,succeeded,1788382875.148234,1788382875.150169,1788383194.833905,,20,20
1788389858.5066612,5,1,ghcr.io/talmolab/lablink-client-base-image:linux-amd64-test@sha256:1ec2fde6860186b3d45ac83890167258f83512955dbce65f072d4e8c310cb9de,5,apply,succeeded,1788383308.62635,1788383308.629388,1788383361.88001,,35,35
1788389858.5066612,5,1,ghcr.io/talmolab/lablink-client-base-image:linux-amd64-test@sha256:1ec2fde6860186b3d45ac83890167258f83512955dbce65f072d4e8c310cb9de,6,destroy,succeeded,1788384337.446569,1788384337.448163,1788384657.690712,,35,35
1788389858.5066612,5,1,ghcr.io/talmolab/lablink-client-base-image:linux-amd64-test@sha256:1ec2fde6860186b3d45ac83890167258f83512955dbce65f072d4e8c310cb9de,7,apply,succeeded,1788384727.528365,1788384727.530681,1788384808.61864,,95,95
1788389858.5066612,5,1,ghcr.io/talmolab/lablink-client-base-image:linux-amd64-test@sha256:1ec2fde6860186b3d45ac83890167258f83512955dbce65f072d4e8c310cb9de,8,destroy,succeeded,1788385076.969534,1788385076.971902,1788385973.63117,,95,95
1788389858.5066612,5,1,ghcr.io/talmolab/lablink-client-base-image:linux-amd64-test@sha256:1ec2fde6860186b3d45ac83890167258f83512955dbce65f072d4e8c310cb9de,9,apply,succeeded,1788389407.309799,1788389407.313231,1788389454.98231,,20,20
1788389863.556875,5,1,ghcr.io/talmolab/lablink-client-base-image:linux-amd64-test@sha256:1ec2fde6860186b3d45ac83890167258f83512955dbce65f072d4e8c310cb9de,1,apply,succeeded,1788380921.682491,1788380921.685047,1788380971.541328,,20,20
1788389863.556875,5,1,ghcr.io/talmolab/lablink-client-base-image:linux-amd64-test@sha256:1ec2fde6860186b3d45ac83890167258f83512955dbce65f072d4e8c310cb9de,2,destroy,succeeded,1788381612.379228,1788381612.381237,1788381939.351963,,20,20
1788389863.556875,5,1,ghcr.io/talmolab/lablink-client-base-image:linux-amd64-test@sha256:1ec2fde6860186b3d45ac83890167258f83512955dbce65f072d4e8c310cb9de,3,apply,succeeded,1788381976.63281,1788381976.63526,1788382026.043455,,20,20
1788389863.556875,5,1,ghcr.io/talmolab/lablink-client-base-image:linux-amd64-test@sha256:1ec2fde6860186b3d45ac83890167258f83512955dbce65f072d4e8c310cb9de,4,destroy,succeeded,1788382875.148234,1788382875.150169,1788383194.833905,,20,20
1788389863.556875,5,1,ghcr.io/talmolab/lablink-client-base-image:linux-amd64-test@sha256:1ec2fde6860186b3d45ac83890167258f83512955dbce65f072d4e8c310cb9de,5,apply,succeeded,1788383308.62635,1788383308.629388,1788383361.88001,,35,35
1788389863.556875,5,1,ghcr.io/talmolab/lablink-client-base-image:linux-amd64-test@sha256:1ec2fde6860186b3d45ac83890167258f83512955dbce65f072d4e8c310cb9de,6,destroy,succeeded,1788384337.446569,1788384337.448163,1788384657.690712,,35,35
1788389863.556875,5,1,ghcr.io/talmolab/lablink-client-base-image:linux-amd64-test@sha256:1ec2fde6860186b3d45ac83890167258f83512955dbce65f072d4e8c310cb9de,7,apply,succeeded,1788384727.528365,1788384727.530681,1788384808.61864,,95,95
1788389863.556875,5,1,ghcr.io/talmolab/lablink-client-base-image:linux-amd64-test@sha256:1ec2fde6860186b3d45ac83890167258f83512955dbce65f072d4e8c310cb9de,8,destroy,succeeded,1788385076.969534,1788385076.971902,1788385973.63117,,95,95
1788389863.556875,5,1,ghcr.io/talmolab/lablink-client-base-image:linux-amd64-test@sha256:1ec2fde6860186b3d45ac83890167258f83512955dbce65f072d4e8c310cb9de,9,apply,succeeded,1788389407.309799,1788389407.313231,1788389454.98231,,20,20
1788389868.580939,5,1,ghcr.io/talmolab/lablink-client-base-image:linux-amd64-test@sha256:1ec2fde6860186b3d45ac83890167258f83512955dbce65f072d4e8c310cb9de,1,apply,succeeded,1788380921.682491,1788380921.685047,1788380971.541328,,20,20
1788389868.580939,5,1,ghcr.io/talmolab/lablink-client-base-image:linux-amd64-test@sha256:1ec2fde6860186b3d45ac83890167258f83512955dbce65f072d4e8c310cb9de,2,destroy,succeeded,1788381612.379228,1788381612.381237,1788381939.351963,,20,20
1788389868.580939,5,1,ghcr.io/talmolab/lablink-client-base-image:linux-amd64-test@sha256:1ec2fde6860186b3d45ac83890167258f83512955dbce65f072d4e8c310cb9de,3,apply,succeeded,1788381976.63281,1788381976.63526,1788382026.043455,,20,20
1788389868.580939,5,1,ghcr.io/talmolab/lablink-client-base-image:linux-amd64-test@sha256:1ec2fde6860186b3d45ac83890167258f83512955dbce65f072d4e8c310cb9de,4,destroy,succeeded,1788382875.148234,1788382875.150169,1788383194.833905,,20,20
1788389868.580939,5,1,ghcr.io/talmolab/lablink-client-base-image:linux-amd64-test@sha256:1ec2fde6860186b3d45ac83890167258f83512955dbce65f072d4e8c310cb9de,5,apply,succeeded,1788383308.62635,1788383308.629388,1788383361.88001,,35,35
1788389868.580939,5,1,ghcr.io/talmolab/lablink-client-base-image:linux-amd64-test@sha256:1ec2fde6860186b3d45ac83890167258f83512955dbce65f072d4e8c310cb9de,6,destroy,succeeded,1788384337.446569,1788384337.448163,1788384657.690712,,35,35
1788389868.580939,5,1,ghcr.io/talmolab/lablink-client-base-image:linux-amd64-test@sha256:1ec2fde6860186b3d45ac83890167258f83512955dbce65f072d4e8c310cb9de,7,apply,succeeded,1788384727.528365,1788384727.530681,1788384808.61864,,95,95
1788389868.580939,5,1,ghcr.io/talmolab/lablink-client-base-image:linux-amd64-test@sha256:1ec2fde6860186b3d45ac83890167258f83512955dbce65f072d4e8c310cb9de,8,destroy,succeeded,1788385076.969534,1788385076.971902,1788385973.63117,,95,95
1788389868.580939,5,1,ghcr.io/talmolab/lablink-client-base-image:linux-amd64-test@sha256:1ec2fde6860186b3d45ac83890167258f83512955dbce65f072d4e8c310cb9de,9,apply,succeeded,1788389407.309799,1788389407.313231,1788389454.98231,,20,20
1788389873.6699898,5,1,ghcr.io/talmolab/lablink-client-base-image:linux-amd64-test@sha256:1ec2fde6860186b3d45ac83890167258f83512955dbce65f072d4e8c310cb9de,1,apply,succeeded,1788380921.682491,1788380921.685047,1788380971.541328,,20,20
1788389873.6699898,5,1,ghcr.io/talmolab/lablink-client-base-image:linux-amd64-test@sha256:1ec2fde6860186b3d45ac83890167258f83512955dbce65f072d4e8c310cb9de,2,destroy,succeeded,1788381612.379228,1788381612.381237,1788381939.351963,,20,20
1788389873.6699898,5,1,ghcr.io/talmolab/lablink-client-base-image:linux-amd64-test@sha256:1ec2fde6860186b3d45ac83890167258f83512955dbce65f072d4e8c310cb9de,3,apply,succeeded,1788381976.63281,1788381976.63526,1788382026.043455,,20,20
1788389873.6699898,5,1,ghcr.io/talmolab/lablink-client-base-image:linux-amd64-test@sha256:1ec2fde6860186b3d45ac83890167258f83512955dbce65f072d4e8c310cb9de,4,destroy,succeeded,1788382875.148234,1788382875.150169,1788383194.833905,,20,20
1788389873.6699898,5,1,ghcr.io/talmolab/lablink-client-base-image:linux-amd64-test@sha256:1ec2fde6860186b3d45ac83890167258f83512955dbce65f072d4e8c310cb9de,5,apply,succeeded,1788383308.62635,1788383308.629388,1788383361.88001,,35,35
1788389873.6699898,5,1,ghcr.io/talmolab/lablink-client-base-image:linux-amd64-test@sha256:1ec2fde6860186b3d45ac83890167258f83512955dbce65f072d4e8c310cb9de,6,destroy,succeeded,1788384337.446569,1788384337.448163,1788384657.690712,,35,35
1788389873.6699898,5,1,ghcr.io/talmolab/lablink-client-base-image:linux-amd64-test@sha256:1ec2fde6860186b3d45ac83890167258f83512955dbce65f072d4e8c310cb9de,7,apply,succeeded,1788384727.528365,1788384727.530681,1788384808.61864,,95,95
1788389873.6699898,5,1,ghcr.io/talmolab/lablink-client-base-image:linux-amd64-test@sha256:1ec2fde6860186b3d45ac83890167258f83512955dbce65f072d4e8c310cb9de,8,destroy,succeeded,1788385076.969534,1788385076.971902,1788385973.63117,,95,95
1788389873.6699898,5,1,ghcr.io/talmolab/lablink-client-base-image:linux-amd64-test@sha256:1ec2fde6860186b3d45ac83890167258f83512955dbce65f072d4e8c310cb9de,9,apply,succeeded,1788389407.309799,1788389407.313231,1788389454.98231,,20,20
1788389878.6202948,5,1,ghcr.io/talmolab/lablink-client-base-image:linux-amd64-test@sha256:1ec2fde6860186b3d45ac83890167258f83512955dbce65f072d4e8c310cb9de,1,apply,succeeded,1788380921.682491,1788380921.685047,1788380971.541328,,20,20
1788389878.6202948,5,1,ghcr.io/talmolab/lablink-client-base-image:linux-amd64-test@sha256:1ec2fde6860186b3d45ac83890167258f83512955dbce65f072d4e8c310cb9de,2,destroy,succeeded,1788381612.379228,1788381612.381237,1788381939.351963,,20,20
1788389878.6202948,5,1,ghcr.io/talmolab/lablink-client-base-image:linux-amd64-test@sha256:1ec2fde6860186b3d45ac83890167258f83512955dbce65f072d4e8c310cb9de,3,apply,succeeded,1788381976.63281,1788381976.63526,1788382026.043455,,20,20
1788389878.6202948,5,1,ghcr.io/talmolab/lablink-client-base-image:linux-amd64-test@sha256:1ec2fde6860186b3d45ac83890167258f83512955dbce65f072d4e8c310cb9de,4,destroy,succeeded,1788382875.148234,1788382875.150169,1788383194.833905,,20,20
1788389878.6202948,5,1,ghcr.io/talmolab/lablink-client-base-image:linux-amd64-test@sha256:1ec2fde6860186b3d45ac83890167258f83512955dbce65f072d4e8c310cb9de,5,apply,succeeded,1788383308.62635,1788383308.629388,1788383361.88001,,35,35
1788389878.6202948,5,1,ghcr.io/talmolab/lablink-client-base-image:linux-amd64-test@sha256:1ec2fde6860186b3d45ac83890167258f83512955dbce65f072d4e8c310cb9de,6,destroy,succeeded,1788384337.446569,1788384337.448163,1788384657.690712,,35,35
1788389878.6202948,5,1,ghcr.io/talmolab/lablink-client-base-image:linux-amd64-test@sha256:1ec2fde6860186b3d45ac83890167258f83512955dbce65f072d4e8c310cb9de,7,apply,succeeded,1788384727.528365,1788384727.530681,1788384808.61864,,95,95
1788389878.6202948,5,1,ghcr.io/talmolab/lablink-client-base-image:linux-amd64-test@sha256:1ec2fde6860186b3d45ac83890167258f83512955dbce65f072d4e8c310cb9de,8,destroy,succeeded,1788385076.969534,1788385076.971902,1788385973.63117,,95,95
1788389878.6202948,5,1,ghcr.io/talmolab/lablink-client-base-image:linux-amd64-test@sha256:1ec2fde6860186b3d45ac83890167258f83512955dbce65f072d4e8c310cb9de,9,apply,succeeded,1788389407.309799,1788389407.313231,1788389454.98231,,20,20
1788389883.672128,5,1,ghcr.io/talmolab/lablink-client-base-image:linux-amd64-test@sha256:1ec2fde6860186b3d45ac83890167258f83512955dbce65f072d4e8c310cb9de,1,apply,succeeded,1788380921.682491,1788380921.685047,1788380971.541328,,20,20
1788389883.672128,5,1,ghcr.io/talmolab/lablink-client-base-image:linux-amd64-test@sha256:1ec2fde6860186b3d45ac83890167258f83512955dbce65f072d4e8c310cb9de,2,destroy,succeeded,1788381612.379228,1788381612.381237,1788381939.351963,,20,20
1788389883.672128,5,1,ghcr.io/talmolab/lablink-client-base-image:linux-amd64-test@sha256:1ec2fde6860186b3d45ac83890167258f83512955dbce65f072d4e8c310cb9de,3,apply,succeeded,1788381976.63281,1788381976.63526,1788382026.043455,,20,20
1788389883.672128,5,1,ghcr.io/talmolab/lablink-client-base-image:linux-amd64-test@sha256:1ec2fde6860186b3d45ac83890167258f83512955dbce65f072d4e8c310cb9de,4,destroy,succeeded,1788382875.148234,1788382875.150169,1788383194.833905,,20,20
1788389883.672128,5,1,ghcr.io/talmolab/lablink-client-base-image:linux-amd64-test@sha256:1ec2fde6860186b3d45ac83890167258f83512955dbce65f072d4e8c310cb9de,5,apply,succeeded,1788383308.62635,1788383308.629388,1788383361.88001,,35,35
1788389883.672128,5,1,ghcr.io/talmolab/lablink-client-base-image:linux-amd64-test@sha256:1ec2fde6860186b3d45ac83890167258f83512955dbce65f072d4e8c310cb9de,6,destroy,succeeded,1788384337.446569,1788384337.448163,1788384657.690712,,35,35
1788389883.672128,5,1,ghcr.io/talmolab/lablink-client-base-image:linux-amd64-test@sha256:1ec2fde6860186b3d45ac83890167258f83512955dbce65f072d4e8c310cb9de,7,apply,succeeded,1788384727.528365,1788384727.530681,1788384808.61864,,95,95
1788389883.672128,5,1,ghcr.io/talmolab/lablink-client-base-image:linux-amd64-test@sha256:1ec2fde6860186b3d45ac83890167258f83512955dbce65f072d4e8c310cb9de,8,destroy,succeeded,1788385076.969534,1788385076.971902,1788385973.63117,,95,95
1788389883.672128,5,1,ghcr.io/talmolab/lablink-client-base-image:linux-amd64-test@sha256:1ec2fde6860186b3d45ac83890167258f83512955dbce65f072d4e8c310cb9de,9,apply,succeeded,1788389407.309799,1788389407.313231,1788389454.98231,,20,20
1788389888.691799,5,1,ghcr.io/talmolab/lablink-client-base-image:linux-amd64-test@sha256:1ec2fde6860186b3d45ac83890167258f83512955dbce65f072d4e8c310cb9de,1,apply,succeeded,1788380921.682491,1788380921.685047,1788380971.541328,,20,20
1788389888.691799,5,1,ghcr.io/talmolab/lablink-client-base-image:linux-amd64-test@sha256:1ec2fde6860186b3d45ac83890167258f83512955dbce65f072d4e8c310cb9de,2,destroy,succeeded,1788381612.379228,1788381612.381237,1788381939.351963,,20,20
1788389888.691799,5,1,ghcr.io/talmolab/lablink-client-base-image:linux-amd64-test@sha256:1ec2fde6860186b3d45ac83890167258f83512955dbce65f072d4e8c310cb9de,3,apply,succeeded,1788381976.63281,1788381976.63526,1788382026.043455,,20,20
1788389888.691799,5,1,ghcr.io/talmolab/lablink-client-base-image:linux-amd64-test@sha256:1ec2fde6860186b3d45ac83890167258f83512955dbce65f072d4e8c310cb9de,4,destroy,succeeded,1788382875.148234,1788382875.150169,1788383194.833905,,20,20
1788389888.691799,5,1,ghcr.io/talmolab/lablink-client-base-image:linux-amd64-test@sha256:1ec2fde6860186b3d45ac83890167258f83512955dbce65f072d4e8c310cb9de,5,apply,succeeded,1788383308.62635,1788383308.629388,1788383361.88001,,35,35
1788389888.691799,5,1,ghcr.io/talmolab/lablink-client-base-image:linux-amd64-test@sha256:1ec2fde6860186b3d45ac83890167258f83512955dbce65f072d4e8c310cb9de,6,destroy,succeeded,1788384337.446569,1788384337.448163,1788384657.690712,,35,35
1788389888.691799,5,1,ghcr.io/talmolab/lablink-client-base-image:linux-amd64-test@sha256:1ec2fde6860186b3d45ac83890167258f83512955dbce65f072d4e8c310cb9de,7,apply,succeeded,1788384727.528365,1788384727.530681,1788384808.61864,,95,95
1788389888.691799,5,1,ghcr.io/talmolab/lablink-client-base-image:linux-amd64-test@sha256:1ec2fde6860186b3d45ac83890167258f83512955dbce65f072d4e8c310cb9de,8,destroy,succeeded,1788385076.969534,1788385076.971902,1788385973.63117,,95,95
1788389888.691799,5,1,ghcr.io/talmolab/lablink-client-base-image:linux-amd64-test@sha256:1ec2fde6860186b3d45ac83890167258f83512955dbce65f072d4e8c310cb9de,9,apply,succeeded,1788389407.309799,1788389407.313231,1788389454.98231,,20,20
1788389893.6698802,5,1,ghcr.io/talmolab/lablink-client-base-image:linux-amd64-test@sha256:1ec2fde6860186b3d45ac83890167258f83512955dbce65f072d4e8c310cb9de,1,apply,succeeded,1788380921.682491,1788380921.685047,1788380971.541328,,20,20
1788389893.6698802,5,1,ghcr.io/talmolab/lablink-client-base-image:linux-amd64-test@sha256:1ec2fde6860186b3d45ac83890167258f83512955dbce65f072d4e8c310cb9de,2,destroy,succeeded,1788381612.379228,1788381612.381237,1788381939.351963,,20,20
1788389893.6698802,5,1,ghcr.io/talmolab/lablink-client-base-image:linux-amd64-test@sha256:1ec2fde6860186b3d45ac83890167258f83512955dbce65f072d4e8c310cb9de,3,apply,succeeded,1788381976.63281,1788381976.63526,1788382026.043455,,20,20
1788389893.6698802,5,1,ghcr.io/talmolab/lablink-client-base-image:linux-amd64-test@sha256:1ec2fde6860186b3d45ac83890167258f83512955dbce65f072d4e8c310cb9de,4,destroy,succeeded,1788382875.148234,1788382875.150169,1788383194.833905,,20,20
1788389893.6698802,5,1,ghcr.io/talmolab/lablink-client-base-image:linux-amd64-test@sha256:1ec2fde6860186b3d45ac83890167258f83512955dbce65f072d4e8c310cb9de,5,apply,succeeded,1788383308.62635,1788383308.629388,1788383361.88001,,35,35
1788389893.6698802,5,1,ghcr.io/talmolab/lablink-client-base-image:linux-amd64-test@sha256:1ec2fde6860186b3d45ac83890167258f83512955dbce65f072d4e8c310cb9de,6,destroy,succeeded,1788384337.446569,1788384337.448163,1788384657.690712,,35,35
1788389893.6698802,5,1,ghcr.io/talmolab/lablink-client-base-image:linux-amd64-test@sha256:1ec2fde6860186b3d45ac83890167258f83512955dbce65f072d4e8c310cb9de,7,apply,succeeded,1788384727.528365,1788384727.530681,1788384808.61864,,95,95
1788389893.6698802,5,1,ghcr.io/talmolab/lablink-client-base-image:linux-amd64-test@sha256:1ec2fde6860186b3d45ac83890167258f83512955dbce65f072d4e8c310cb9de,8,destroy,succeeded,1788385076.969534,1788385076.971902,1788385973.63117,,95,95
1788389893.6698802,5,1,ghcr.io/talmolab/lablink-client-base-image:linux-amd64-test@sha256:1ec2fde6860186b3d45ac83890167258f83512955dbce65f072d4e8c310cb9de,9,apply,succeeded,1788389407.309799,1788389407.313231,1788389454.98231,,20,20
1788389898.538867,5,1,ghcr.io/talmolab/lablink-client-base-image:linux-amd64-test@sha256:1ec2fde6860186b3d45ac83890167258f83512955dbce65f072d4e8c310cb9de,1,apply,succeeded,1788380921.682491,1788380921.685047,1788380971.541328,,20,20
1788389898.538867,5,1,ghcr.io/talmolab/lablink-client-base-image:linux-amd64-test@sha256:1ec2fde6860186b3d45ac83890167258f83512955dbce65f072d4e8c310cb9de,2,destroy,succeeded,1788381612.379228,1788381612.381237,1788381939.351963,,20,20
1788389898.538867,5,1,ghcr.io/talmolab/lablink-client-base-image:linux-amd64-test@sha256:1ec2fde6860186b3d45ac83890167258f83512955dbce65f072d4e8c310cb9de,3,apply,succeeded,1788381976.63281,1788381976.63526,1788382026.043455,,20,20
1788389898.538867,5,1,ghcr.io/talmolab/lablink-client-base-image:linux-amd64-test@sha256:1ec2fde6860186b3d45ac83890167258f83512955dbce65f072d4e8c310cb9de,4,destroy,succeeded,1788382875.148234,1788382875.150169,1788383194.833905,,20,20
1788389898.538867,5,1,ghcr.io/talmolab/lablink-client-base-image:linux-amd64-test@sha256:1ec2fde6860186b3d45ac83890167258f83512955dbce65f072d4e8c310cb9de,5,apply,succeeded,1788383308.62635,1788383308.629388,1788383361.88001,,35,35
1788389898.538867,5,1,ghcr.io/talmolab/lablink-client-base-image:linux-amd64-test@sha256:1ec2fde6860186b3d45ac83890167258f83512955dbce65f072d4e8c310cb9de,6,destroy,succeeded,1788384337.446569,1788384337.448163,1788384657.690712,,35,35
1788389898.538867,5,1,ghcr.io/talmolab/lablink-client-base-image:linux-amd64-test@sha256:1ec2fde6860186b3d45ac83890167258f83512955dbce65f072d4e8c310cb9de,7,apply,succeeded,1788384727.528365,1788384727.530681,1788384808.61864,,95,95
1788389898.538867,5,1,ghcr.io/talmolab/lablink-client-base-image:linux-amd64-test@sha256:1ec2fde6860186b3d45ac83890167258f83512955dbce65f072d4e8c310cb9de,8,destroy,succeeded,1788385076.969534,1788385076.971902,1788385973.63117,,95,95
1788389898.538867,5,1,ghcr.io/talmolab/lablink-client-base-image:linux-amd64-test@sha256:1ec2fde6860186b3d45ac83890167258f83512955dbce65f072d4e8c310cb9de,9,apply,succeeded,1788389407.309799,1788389407.313231,1788389454.98231,,20,20
1788389903.898087,5,1,ghcr.io/talmolab/lablink-client-base-image:linux-amd64-test@sha256:1ec2fde6860186b3d45ac83890167258f83512955dbce65f072d4e8c310cb9de,1,apply,succeeded,1788380921.682491,1788380921.685047,1788380971.541328,,20,20
1788389903.898087,5,1,ghcr.io/talmolab/lablink-client-base-image:linux-amd64-test@sha256:1ec2fde6860186b3d45ac83890167258f83512955dbce65f072d4e8c310cb9de,2,destroy,succeeded,1788381612.379228,1788381612.381237,1788381939.351963,,20,20
1788389903.898087,5,1,ghcr.io/talmolab/lablink-client-base-image:linux-amd64-test@sha256:1ec2fde6860186b3d45ac83890167258f83512955dbce65f072d4e8c310cb9de,3,apply,succeeded,1788381976.63281,1788381976.63526,1788382026.043455,,20,20
1788389903.898087,5,1,ghcr.io/talmolab/lablink-client-base-image:linux-amd64-test@sha256:1ec2fde6860186b3d45ac83890167258f83512955dbce65f072d4e8c310cb9de,4,destroy,succeeded,1788382875.148234,1788382875.150169,1788383194.833905,,20,20
1788389903.898087,5,1,ghcr.io/talmolab/lablink-client-base-image:linux-amd64-test@sha256:1ec2fde6860186b3d45ac83890167258f83512955dbce65f072d4e8c310cb9de,5,apply,succeeded,1788383308.62635,1788383308.629388,1788383361.88001,,35,35
1788389903.898087,5,1,ghcr.io/talmolab/lablink-client-base-image:linux-amd64-test@sha256:1ec2fde6860186b3d45ac83890167258f83512955dbce65f072d4e8c310cb9de,6,destroy,succeeded,1788384337.446569,1788384337.448163,1788384657.690712,,35,35
1788389903.898087,5,1,ghcr.io/talmolab/lablink-client-base-image:linux-amd64-test@sha256:1ec2fde6860186b3d45ac83890167258f83512955dbce65f072d4e8c310cb9de,7,apply,succeeded,1788384727.528365,1788384727.530681,1788384808.61864,,95,95
1788389903.898087,5,1,ghcr.io/talmolab/lablink-client-base-image:linux-amd64-test@sha256:1ec2fde6860186b3d45ac83890167258f83512955dbce65f072d4e8c310cb9de,8,destroy,succeeded,1788385076.969534,1788385076.971902,1788385973.63117,,95,95
1788389903.898087,5,1,ghcr.io/talmolab/lablink-client-base-image:linux-amd64-test@sha256:1ec2fde6860186b3d45ac83890167258f83512955dbce65f072d4e8c310cb9de,9,apply,succeeded,1788389407.309799,1788389407.313231,1788389454.98231,,20,20
1788389908.651478,5,1,ghcr.io/talmolab/lablink-client-base-image:linux-amd64-test@sha256:1ec2fde6860186b3d45ac83890167258f83512955dbce65f072d4e8c310cb9de,1,apply,succeeded,1788380921.682491,1788380921.685047,1788380971.541328,,20,20
1788389908.651478,5,1,ghcr.io/talmolab/lablink-client-base-image:linux-amd64-test@sha256:1ec2fde6860186b3d45ac83890167258f83512955dbce65f072d4e8c310cb9de,2,destroy,succeeded,1788381612.379228,1788381612.381237,1788381939.351963,,20,20
1788389908.651478,5,1,ghcr.io/talmolab/lablink-client-base-image:linux-amd64-test@sha256:1ec2fde6860186b3d45ac83890167258f83512955dbce65f072d4e8c310cb9de,3,apply,succeeded,1788381976.63281,1788381976.63526,1788382026.043455,,20,20
1788389908.651478,5,1,ghcr.io/talmolab/lablink-client-base-image:linux-amd64-test@sha256:1ec2fde6860186b3d45ac83890167258f83512955dbce65f072d4e8c310cb9de,4,destroy,succeeded,1788382875.148234,1788382875.150169,1788383194.833905,,20,20
1788389908.651478,5,1,ghcr.io/talmolab/lablink-client-base-image:linux-amd64-test@sha256:1ec2fde6860186b3d45ac83890167258f83512955dbce65f072d4e8c310cb9de,5,apply,succeeded,1788383308.62635,1788383308.629388,1788383361.88001,,35,35
1788389908.651478,5,1,ghcr.io/talmolab/lablink-client-base-image:linux-amd64-test@sha256:1ec2fde6860186b3d45ac83890167258f83512955dbce65f072d4e8c310cb9de,6,destroy,succeeded,1788384337.446569,1788384337.448163,1788384657.690712,,35,35
1788389908.651478,5,1,ghcr.io/talmolab/lablink-client-base-image:linux-amd64-test@sha256:1ec2fde6860186b3d45ac83890167258f83512955dbce65f072d4e8c310cb9de,7,apply,succeeded,1788384727.528365,1788384727.530681,1788384808.61864,,95,95
1788389908.651478,5,1,ghcr.io/talmolab/lablink-client-base-image:linux-amd64-test@sha256:1ec2fde6860186b3d45ac83890167258f83512955dbce65f072d4e8c310cb9de,8,destroy,succeeded,1788385076.969534,1788385076.971902,1788385973.63117,,95,95
1788389908.651478,5,1,ghcr.io/talmolab/lablink-client-base-image:linux-amd64-test@sha256:1ec2fde6860186b3d45ac83890167258f83512955dbce65f072d4e8c310cb9de,9,apply,succeeded,1788389407.309799,1788389407.313231,1788389454.98231,,20,20
1788389913.680175,5,1,ghcr.io/talmolab/lablink-client-base-image:linux-amd64-test@sha256:1ec2fde6860186b3d45ac83890167258f83512955dbce65f072d4e8c310cb9de,1,apply,succeeded,1788380921.682491,1788380921.685047,1788380971.541328,,20,20
1788389913.680175,5,1,ghcr.io/talmolab/lablink-client-base-image:linux-amd64-test@sha256:1ec2fde6860186b3d45ac83890167258f83512955dbce65f072d4e8c310cb9de,2,destroy,succeeded,1788381612.379228,1788381612.381237,1788381939.351963,,20,20
1788389913.680175,5,1,ghcr.io/talmolab/lablink-client-base-image:linux-amd64-test@sha256:1ec2fde6860186b3d45ac83890167258f83512955dbce65f072d4e8c310cb9de,3,apply,succeeded,1788381976.63281,1788381976.63526,1788382026.043455,,20,20
1788389913.680175,5,1,ghcr.io/talmolab/lablink-client-base-image:linux-amd64-test@sha256:1ec2fde6860186b3d45ac83890167258f83512955dbce65f072d4e8c310cb9de,4,destroy,succeeded,1788382875.148234,1788382875.150169,1788383194.833905,,20,20
1788389913.680175,5,1,ghcr.io/talmolab/lablink-client-base-image:linux-amd64-test@sha256:1ec2fde6860186b3d45ac83890167258f83512955dbce65f072d4e8c310cb9de,5,apply,succeeded,1788383308.62635,1788383308.629388,1788383361.88001,,35,35
1788389913.680175,5,1,ghcr.io/talmolab/lablink-client-base-image:linux-amd64-test@sha256:1ec2fde6860186b3d45ac83890167258f83512955dbce65f072d4e8c310cb9de,6,destroy,succeeded,1788384337.446569,1788384337.448163,1788384657.690712,,35,35
1788389913.680175,5,1,ghcr.io/talmolab/lablink-client-base-image:linux-amd64-test@sha256:1ec2fde6860186b3d45ac83890167258f83512955dbce65f072d4e8c310cb9de,7,apply,succeeded,1788384727.528365,1788384727.530681,1788384808.61864,,95,95
1788389913.680175,5,1,ghcr.io/talmolab/lablink-client-base-image:linux-amd64-test@sha256:1ec2fde6860186b3d45ac83890167258f83512955dbce65f072d4e8c310cb9de,8,destroy,succeeded,1788385076.969534,1788385076.971902,1788385973.63117,,95,95
1788389913.680175,5,1,ghcr.io/talmolab/lablink-client-base-image:linux-amd64-test@sha256:1ec2fde6860186b3d45ac83890167258f83512955dbce65f072d4e8c310cb9de,9,apply,succeeded,1788389407.309799,1788389407.313231,1788389454.98231,,20,20
1788389918.616877,5,1,ghcr.io/talmolab/lablink-client-base-image:linux-amd64-test@sha256:1ec2fde6860186b3d45ac83890167258f83512955dbce65f072d4e8c310cb9de,1,apply,succeeded,1788380921.682491,1788380921.685047,1788380971.541328,,20,20
1788389918.616877,5,1,ghcr.io/talmolab/lablink-client-base-image:linux-amd64-test@sha256:1ec2fde6860186b3d45ac83890167258f83512955dbce65f072d4e8c310cb9de,2,destroy,succeeded,1788381612.379228,1788381612.381237,1788381939.351963,,20,20
1788389918.616877,5,1,ghcr.io/talmolab/lablink-client-base-image:linux-amd64-test@sha256:1ec2fde6860186b3d45ac83890167258f83512955dbce65f072d4e8c310cb9de,3,apply,succeeded,1788381976.63281,1788381976.63526,1788382026.043455,,20,20
1788389918.616877,5,1,ghcr.io/talmolab/lablink-client-base-image:linux-amd64-test@sha256:1ec2fde6860186b3d45ac83890167258f83512955dbce65f072d4e8c310cb9de,4,destroy,succeeded,1788382875.148234,1788382875.150169,1788383194.833905,,20,20
1788389918.616877,5,1,ghcr.io/talmolab/lablink-client-base-image:linux-amd64-test@sha256:1ec2fde6860186b3d45ac83890167258f83512955dbce65f072d4e8c310cb9de,5,apply,succeeded,1788383308.62635,1788383308.629388,1788383361.88001,,35,35
1788389918.616877,5,1,ghcr.io/talmolab/lablink-client-base-image:linux-amd64-test@sha256:1ec2fde6860186b3d45ac83890167258f83512955dbce65f072d4e8c310cb9de,6,destroy,succeeded,1788384337.446569,1788384337.448163,1788384657.690712,,35,35
1788389918.616877,5,1,ghcr.io/talmolab/lablink-client-base-image:linux-amd64-test@sha256:1ec2fde6860186b3d45ac83890167258f83512955dbce65f072d4e8c310cb9de,7,apply,succeeded,1788384727.528365,1788384727.530681,1788384808.61864,,95,95
1788389918.616877,5,1,ghcr.io/talmolab/lablink-client-base-image:linux-amd64-test@sha256:1ec2fde6860186b3d45ac83890167258f83512955dbce65f072d4e8c310cb9de,8,destroy,succeeded,1788385076.969534,1788385076.971902,1788385973.63117,,95,95
1788389918.616877,5,1,ghcr.io/talmolab/lablink-client-base-image:linux-amd64-test@sha256:1ec2fde6860186b3d45ac83890167258f83512955dbce65f072d4e8c310cb9de,9,apply,succeeded,1788389407.309799,1788389407.313231,1788389454.98231,,20,20
1788389923.613215,5,1,ghcr.io/talmolab/lablink-client-base-image:linux-amd64-test@sha256:1ec2fde6860186b3d45ac83890167258f83512955dbce65f072d4e8c310cb9de,1,apply,succeeded,1788380921.682491,1788380921.685047,1788380971.541328,,20,20
1788389923.613215,5,1,ghcr.io/talmolab/lablink-client-base-image:linux-amd64-test@sha256:1ec2fde6860186b3d45ac83890167258f83512955dbce65f072d4e8c310cb9de,2,destroy,succeeded,1788381612.379228,1788381612.381237,1788381939.351963,,20,20
1788389923.613215,5,1,ghcr.io/talmolab/lablink-client-base-image:linux-amd64-test@sha256:1ec2fde6860186b3d45ac83890167258f83512955dbce65f072d4e8c310cb9de,3,apply,succeeded,1788381976.63281,1788381976.63526,1788382026.043455,,20,20
1788389923.613215,5,1,ghcr.io/talmolab/lablink-client-base-image:linux-amd64-test@sha256:1ec2fde6860186b3d45ac83890167258f83512955dbce65f072d4e8c310cb9de,4,destroy,succeeded,1788382875.148234,1788382875.150169,1788383194.833905,,20,20
1788389923.613215,5,1,ghcr.io/talmolab/lablink-client-base-image:linux-amd64-test@sha256:1ec2fde6860186b3d45ac83890167258f83512955dbce65f072d4e8c310cb9de,5,apply,succeeded,1788383308.62635,1788383308.629388,1788383361.88001,,35,35
1788389923.613215,5,1,ghcr.io/talmolab/lablink-client-base-image:linux-amd64-test@sha256:1ec2fde6860186b3d45ac83890167258f83512955dbce65f072d4e8c310cb9de,6,destroy,succeeded,1788384337.446569,1788384337.448163,1788384657.690712,,35,35
1788389923.613215,5,1,ghcr.io/talmolab/lablink-client-base-image:linux-amd64-test@sha256:1ec2fde6860186b3d45ac83890167258f83512955dbce65f072d4e8c310cb9de,7,apply,succeeded,1788384727.528365,1788384727.530681,1788384808.61864,,95,95
1788389923.613215,5,1,ghcr.io/talmolab/lablink-client-base-image:linux-amd64-test@sha256:1ec2fde6860186b3d45ac83890167258f83512955dbce65f072d4e8c310cb9de,8,destroy,succeeded,1788385076.969534,1788385076.971902,1788385973.63117,,95,95
1788389923.613215,5,1,ghcr.io/talmolab/lablink-client-base-image:linux-amd64-test@sha256:1ec2fde6860186b3d45ac83890167258f83512955dbce65f072d4e8c310cb9de,9,apply,succeeded,1788389407.309799,1788389407.313231,1788389454.98231,,20,20
1788389928.9425468,5,1,ghcr.io/talmolab/lablink-client-base-image:linux-amd64-test@sha256:1ec2fde6860186b3d45ac83890167258f83512955dbce65f072d4e8c310cb9de,1,apply,succeeded,1788380921.682491,1788380921.685047,1788380971.541328,,20,20
1788389928.9425468,5,1,ghcr.io/talmolab/lablink-client-base-image:linux-amd64-test@sha256:1ec2fde6860186b3d45ac83890167258f83512955dbce65f072d4e8c310cb9de,2,destroy,succeeded,1788381612.379228,1788381612.381237,1788381939.351963,,20,20
1788389928.9425468,5,1,ghcr.io/talmolab/lablink-client-base-image:linux-amd64-test@sha256:1ec2fde6860186b3d45ac83890167258f83512955dbce65f072d4e8c310cb9de,3,apply,succeeded,1788381976.63281,1788381976.63526,1788382026.043455,,20,20
1788389928.9425468,5,1,ghcr.io/talmolab/lablink-client-base-image:linux-amd64-test@sha256:1ec2fde6860186b3d45ac83890167258f83512955dbce65f072d4e8c310cb9de,4,destroy,succeeded,1788382875.148234,1788382875.150169,1788383194.833905,,20,20
1788389928.9425468,5,1,ghcr.io/talmolab/lablink-client-base-image:linux-amd64-test@sha256:1ec2fde6860186b3d45ac83890167258f83512955dbce65f072d4e8c310cb9de,5,apply,succeeded,1788383308.62635,1788383308.629388,1788383361.88001,,35,35
1788389928.9425468,5,1,ghcr.io/talmolab/lablink-client-base-image:linux-amd64-test@sha256:1ec2fde6860186b3d45ac83890167258f83512955dbce65f072d4e8c310cb9de,6,destroy,succeeded,1788384337.446569,1788384337.448163,1788384657.690712,,35,35
1788389928.9425468,5,1,ghcr.io/talmolab/lablink-client-base-image:linux-amd64-test@sha256:1ec2fde6860186b3d45ac83890167258f83512955dbce65f072d4e8c310cb9de,7,apply,succeeded,1788384727.528365,1788384727.530681,1788384808.61864,,95,95
1788389928.9425468,5,1,ghcr.io/talmolab/lablink-client-base-image:linux-amd64-test@sha256:1ec2fde6860186b3d45ac83890167258f83512955dbce65f072d4e8c310cb9de,8,destroy,succeeded,1788385076.969534,1788385076.971902,1788385973.63117,,95,95
1788389928.9425468,5,1,ghcr.io/talmolab/lablink-client-base-image:linux-amd64-test@sha256:1ec2fde6860186b3d45ac83890167258f83512955dbce65f072d4e8c310cb9de,9,apply,succeeded,1788389407.309799,1788389407.313231,1788389454.98231,,20,20
1788389933.5985012,5,1,ghcr.io/talmolab/lablink-client-base-image:linux-amd64-test@sha256:1ec2fde6860186b3d45ac83890167258f83512955dbce65f072d4e8c310cb9de,1,apply,succeeded,1788380921.682491,1788380921.685047,1788380971.541328,,20,20
1788389933.5985012,5,1,ghcr.io/talmolab/lablink-client-base-image:linux-amd64-test@sha256:1ec2fde6860186b3d45ac83890167258f83512955dbce65f072d4e8c310cb9de,2,destroy,succeeded,1788381612.379228,1788381612.381237,1788381939.351963,,20,20
1788389933.5985012,5,1,ghcr.io/talmolab/lablink-client-base-image:linux-amd64-test@sha256:1ec2fde6860186b3d45ac83890167258f83512955dbce65f072d4e8c310cb9de,3,apply,succeeded,1788381976.63281,1788381976.63526,1788382026.043455,,20,20
1788389933.5985012,5,1,ghcr.io/talmolab/lablink-client-base-image:linux-amd64-test@sha256:1ec2fde6860186b3d45ac83890167258f83512955dbce65f072d4e8c310cb9de,4,destroy,succeeded,1788382875.148234,1788382875.150169,1788383194.833905,,20,20
1788389933.5985012,5,1,ghcr.io/talmolab/lablink-client-base-image:linux-amd64-test@sha256:1ec2fde6860186b3d45ac83890167258f83512955dbce65f072d4e8c310cb9de,5,apply,succeeded,1788383308.62635,1788383308.629388,1788383361.88001,,35,35
1788389933.5985012,5,1,ghcr.io/talmolab/lablink-client-base-image:linux-amd64-test@sha256:1ec2fde6860186b3d45ac83890167258f83512955dbce65f072d4e8c310cb9de,6,destroy,succeeded,1788384337.446569,1788384337.448163,1788384657.690712,,35,35
1788389933.5985012,5,1,ghcr.io/talmolab/lablink-client-base-image:linux-amd64-test@sha256:1ec2fde6860186b3d45ac83890167258f83512955dbce65f072d4e8c310cb9de,7,apply,succeeded,1788384727.528365,1788384727.530681,1788384808.61864,,95,95
1788389933.5985012,5,1,ghcr.io/talmolab/lablink-client-base-image:linux-amd64-test@sha256:1ec2fde6860186b3d45ac83890167258f83512955dbce65f072d4e8c310cb9de,8,destroy,succeeded,1788385076.969534,1788385076.971902,1788385973.63117,,95,95
1788389933.5985012,5,1,ghcr.io/talmolab/lablink-client-base-image:linux-amd64-test@sha256:1ec2fde6860186b3d45ac83890167258f83512955dbce65f072d4e8c310cb9de,9,apply,succeeded,1788389407.309799,1788389407.313231,1788389454.98231,,20,20
1788389938.683344,5,1,ghcr.io/talmolab/lablink-client-base-image:linux-amd64-test@sha256:1ec2fde6860186b3d45ac83890167258f83512955dbce65f072d4e8c310cb9de,1,apply,succeeded,1788380921.682491,1788380921.685047,1788380971.541328,,20,20
1788389938.683344,5,1,ghcr.io/talmolab/lablink-client-base-image:linux-amd64-test@sha256:1ec2fde6860186b3d45ac83890167258f83512955dbce65f072d4e8c310cb9de,2,destroy,succeeded,1788381612.379228,1788381612.381237,1788381939.351963,,20,20
1788389938.683344,5,1,ghcr.io/talmolab/lablink-client-base-image:linux-amd64-test@sha256:1ec2fde6860186b3d45ac83890167258f83512955dbce65f072d4e8c310cb9de,3,apply,succeeded,1788381976.63281,1788381976.63526,1788382026.043455,,20,20
1788389938.683344,5,1,ghcr.io/talmolab/lablink-client-base-image:linux-amd64-test@sha256:1ec2fde6860186b3d45ac83890167258f83512955dbce65f072d4e8c310cb9de,4,destroy,succeeded,1788382875.148234,1788382875.150169,1788383194.833905,,20,20
1788389938.683344,5,1,ghcr.io/talmolab/lablink-client-base-image:linux-amd64-test@sha256:1ec2fde6860186b3d45ac83890167258f83512955dbce65f072d4e8c310cb9de,5,apply,succeeded,1788383308.62635,1788383308.629388,1788383361.88001,,35,35
1788389938.683344,5,1,ghcr.io/talmolab/lablink-client-base-image:linux-amd64-test@sha256:1ec2fde6860186b3d45ac83890167258f83512955dbce65f072d4e8c310cb9de,6,destroy,succeeded,1788384337.446569,1788384337.448163,1788384657.690712,,35,35
1788389938.683344,5,1,ghcr.io/talmolab/lablink-client-base-image:linux-amd64-test@sha256:1ec2fde6860186b3d45ac83890167258f83512955dbce65f072d4e8c310cb9de,7,apply,succeeded,1788384727.528365,1788384727.530681,1788384808.61864,,95,95
1788389938.683344,5,1,ghcr.io/talmolab/lablink-client-base-image:linux-amd64-test@sha256:1ec2fde6860186b3d45ac83890167258f83512955dbce65f072d4e8c310cb9de,8,destroy,succeeded,1788385076.969534,1788385076.971902,1788385973.63117,,95,95
1788389938.683344,5,1,ghcr.io/talmolab/lablink-client-base-image:linux-amd64-test@sha256:1ec2fde6860186b3d45ac83890167258f83512955dbce65f072d4e8c310cb9de,9,apply,succeeded,1788389407.309799,1788389407.313231,1788389454.98231,,20,20
1788389943.7434292,5,1,ghcr.io/talmolab/lablink-client-base-image:linux-amd64-test@sha256:1ec2fde6860186b3d45ac83890167258f83512955dbce65f072d4e8c310cb9de,1,apply,succeeded,1788380921.682491,1788380921.685047,1788380971.541328,,20,20
1788389943.7434292,5,1,ghcr.io/talmolab/lablink-client-base-image:linux-amd64-test@sha256:1ec2fde6860186b3d45ac83890167258f83512955dbce65f072d4e8c310cb9de,2,destroy,succeeded,1788381612.379228,1788381612.381237,1788381939.351963,,20,20
1788389943.7434292,5,1,ghcr.io/talmolab/lablink-client-base-image:linux-amd64-test@sha256:1ec2fde6860186b3d45ac83890167258f83512955dbce65f072d4e8c310cb9de,3,apply,succeeded,1788381976.63281,1788381976.63526,1788382026.043455,,20,20
1788389943.7434292,5,1,ghcr.io/talmolab/lablink-client-base-image:linux-amd64-test@sha256:1ec2fde6860186b3d45ac83890167258f83512955dbce65f072d4e8c310cb9de,4,destroy,succeeded,1788382875.148234,1788382875.150169,1788383194.833905,,20,20
1788389943.7434292,5,1,ghcr.io/talmolab/lablink-client-base-image:linux-amd64-test@sha256:1ec2fde6860186b3d45ac83890167258f83512955dbce65f072d4e8c310cb9de,5,apply,succeeded,1788383308.62635,1788383308.629388,1788383361.88001,,35,35
1788389943.7434292,5,1,ghcr.io/talmolab/lablink-client-base-image:linux-amd64-test@sha256:1ec2fde6860186b3d45ac83890167258f83512955dbce65f072d4e8c310cb9de,6,destroy,succeeded,1788384337.446569,1788384337.448163,1788384657.690712,,35,35
1788389943.7434292,5,1,ghcr.io/talmolab/lablink-client-base-image:linux-amd64-test@sha256:1ec2fde6860186b3d45ac83890167258f83512955dbce65f072d4e8c310cb9de,7,apply,succeeded,1788384727.528365,1788384727.530681,1788384808.61864,,95,95
1788389943.7434292,5,1,ghcr.io/talmolab/lablink-client-base-image:linux-amd64-test@sha256:1ec2fde6860186b3d45ac83890167258f83512955dbce65f072d4e8c310cb9de,8,destroy,succeeded,1788385076.969534,1788385076.971902,1788385973.63117,,95,95
1788389943.7434292,5,1,ghcr.io/talmolab/lablink-client-base-image:linux-amd64-test@sha256:1ec2fde6860186b3d45ac83890167258f83512955dbce65f072d4e8c310cb9de,9,apply,succeeded,1788389407.309799,1788389407.313231,1788389454.98231,,20,20
1788389948.6747189,5,1,ghcr.io/talmolab/lablink-client-base-image:linux-amd64-test@sha256:1ec2fde6860186b3d45ac83890167258f83512955dbce65f072d4e8c310cb9de,1,apply,succeeded,1788380921.682491,1788380921.685047,1788380971.541328,,20,20
1788389948.6747189,5,1,ghcr.io/talmolab/lablink-client-base-image:linux-amd64-test@sha256:1ec2fde6860186b3d45ac83890167258f83512955dbce65f072d4e8c310cb9de,2,destroy,succeeded,1788381612.379228,1788381612.381237,1788381939.351963,,20,20
1788389948.6747189,5,1,ghcr.io/talmolab/lablink-client-base-image:linux-amd64-test@sha256:1ec2fde6860186b3d45ac83890167258f83512955dbce65f072d4e8c310cb9de,3,apply,succeeded,1788381976.63281,1788381976.63526,1788382026.043455,,20,20
1788389948.6747189,5,1,ghcr.io/talmolab/lablink-client-base-image:linux-amd64-test@sha256:1ec2fde6860186b3d45ac83890167258f83512955dbce65f072d4e8c310cb9de,4,destroy,succeeded,1788382875.148234,1788382875.150169,1788383194.833905,,20,20
1788389948.6747189,5,1,ghcr.io/talmolab/lablink-client-base-image:linux-amd64-test@sha256:1ec2fde6860186b3d45ac83890167258f83512955dbce65f072d4e8c310cb9de,5,apply,succeeded,1788383308.62635,1788383308.629388,1788383361.88001,,35,35
1788389948.6747189,5,1,ghcr.io/talmolab/lablink-client-base-image:linux-amd64-test@sha256:1ec2fde6860186b3d45ac83890167258f83512955dbce65f072d4e8c310cb9de,6,destroy,succeeded,1788384337.446569,1788384337.448163,1788384657.690712,,35,35
1788389948.6747189,5,1,ghcr.io/talmolab/lablink-client-base-image:linux-amd64-test@sha256:1ec2fde6860186b3d45ac83890167258f83512955dbce65f072d4e8c310cb9de,7,apply,succeeded,1788384727.528365,1788384727.530681,1788384808.61864,,95,95
1788389948.6747189,5,1,ghcr.io/talmolab/lablink-client-base-image:linux-amd64-test@sha256:1ec2fde6860186b3d45ac83890167258f83512955dbce65f072d4e8c310cb9de,8,destroy,succeeded,1788385076.969534,1788385076.971902,1788385973.63117,,95,95
1788389948.6747189,5,1,ghcr.io/talmolab/lablink-client-base-image:linux-amd64-test@sha256:1ec2fde6860186b3d45ac83890167258f83512955dbce65f072d4e8c310cb9de,9,apply,succeeded,1788389407.309799,1788389407.313231,1788389454.98231,,20,20
1788389953.6025019,5,1,ghcr.io/talmolab/lablink-client-base-image:linux-amd64-test@sha256:1ec2fde6860186b3d45ac83890167258f83512955dbce65f072d4e8c310cb9de,1,apply,succeeded,1788380921.682491,1788380921.685047,1788380971.541328,,20,20
1788389953.6025019,5,1,ghcr.io/talmolab/lablink-client-base-image:linux-amd64-test@sha256:1ec2fde6860186b3d45ac83890167258f83512955dbce65f072d4e8c310cb9de,2,destroy,succeeded,1788381612.379228,1788381612.381237,1788381939.351963,,20,20
1788389953.6025019,5,1,ghcr.io/talmolab/lablink-client-base-image:linux-amd64-test@sha256:1ec2fde6860186b3d45ac83890167258f83512955dbce65f072d4e8c310cb9de,3,apply,succeeded,1788381976.63281,1788381976.63526,1788382026.043455,,20,20
1788389953.6025019,5,1,ghcr.io/talmolab/lablink-client-base-image:linux-amd64-test@sha256:1ec2fde6860186b3d45ac83890167258f83512955dbce65f072d4e8c310cb9de,4,destroy,succeeded,1788382875.148234,1788382875.150169,1788383194.833905,,20,20
1788389953.6025019,5,1,ghcr.io/talmolab/lablink-client-base-image:linux-amd64-test@sha256:1ec2fde6860186b3d45ac83890167258f83512955dbce65f072d4e8c310cb9de,5,apply,succeeded,1788383308.62635,1788383308.629388,1788383361.88001,,35,35
1788389953.6025019,5,1,ghcr.io/talmolab/lablink-client-base-image:linux-amd64-test@sha256:1ec2fde6860186b3d45ac83890167258f83512955dbce65f072d4e8c310cb9de,6,destroy,succeeded,1788384337.446569,1788384337.448163,1788384657.690712,,35,35
1788389953.6025019,5,1,ghcr.io/talmolab/lablink-client-base-image:linux-amd64-test@sha256:1ec2fde6860186b3d45ac83890167258f83512955dbce65f072d4e8c310cb9de,7,apply,succeeded,1788384727.528365,1788384727.530681,1788384808.61864,,95,95
1788389953.6025019,5,1,ghcr.io/talmolab/lablink-client-base-image:linux-amd64-test@sha256:1ec2fde6860186b3d45ac83890167258f83512955dbce65f072d4e8c310cb9de,8,destroy,succeeded,1788385076.969534,1788385076.971902,1788385973.63117,,95,95
1788389953.6025019,5,1,ghcr.io/talmolab/lablink-client-base-image:linux-amd64-test@sha256:1ec2fde6860186b3d45ac83890167258f83512955dbce65f072d4e8c310cb9de,9,apply,succeeded,1788389407.309799,1788389407.313231,1788389454.98231,,20,20
1788389958.646102,5,1,ghcr.io/talmolab/lablink-client-base-image:linux-amd64-test@sha256:1ec2fde6860186b3d45ac83890167258f83512955dbce65f072d4e8c310cb9de,1,apply,succeeded,1788380921.682491,1788380921.685047,1788380971.541328,,20,20
1788389958.646102,5,1,ghcr.io/talmolab/lablink-client-base-image:linux-amd64-test@sha256:1ec2fde6860186b3d45ac83890167258f83512955dbce65f072d4e8c310cb9de,2,destroy,succeeded,1788381612.379228,1788381612.381237,1788381939.351963,,20,20
1788389958.646102,5,1,ghcr.io/talmolab/lablink-client-base-image:linux-amd64-test@sha256:1ec2fde6860186b3d45ac83890167258f83512955dbce65f072d4e8c310cb9de,3,apply,succeeded,1788381976.63281,1788381976.63526,1788382026.043455,,20,20
1788389958.646102,5,1,ghcr.io/talmolab/lablink-client-base-image:linux-amd64-test@sha256:1ec2fde6860186b3d45ac83890167258f83512955dbce65f072d4e8c310cb9de,4,destroy,succeeded,1788382875.148234,1788382875.150169,1788383194.833905,,20,20
1788389958.646102,5,1,ghcr.io/talmolab/lablink-client-base-image:linux-amd64-test@sha256:1ec2fde6860186b3d45ac83890167258f83512955dbce65f072d4e8c310cb9de,5,apply,succeeded,1788383308.62635,1788383308.629388,1788383361.88001,,35,35
1788389958.646102,5,1,ghcr.io/talmolab/lablink-client-base-image:linux-amd64-test@sha256:1ec2fde6860186b3d45ac83890167258f83512955dbce65f072d4e8c310cb9de,6,destroy,succeeded,1788384337.446569,1788384337.448163,1788384657.690712,,35,35
1788389958.646102,5,1,ghcr.io/talmolab/lablink-client-base-image:linux-amd64-test@sha256:1ec2fde6860186b3d45ac83890167258f83512955dbce65f072d4e8c310cb9de,7,apply,succeeded,1788384727.528365,1788384727.530681,1788384808.61864,,95,95
1788389958.646102,5,1,ghcr.io/talmolab/lablink-client-base-image:linux-amd64-test@sha256:1ec2fde6860186b3d45ac83890167258f83512955dbce65f072d4e8c310cb9de,8,destroy,succeeded,1788385076.969534,1788385076.971902,1788385973.63117,,95,95
1788389958.646102,5,1,ghcr.io/talmolab/lablink-client-base-image:linux-amd64-test@sha256:1ec2fde6860186b3d45ac83890167258f83512955dbce65f072d4e8c310cb9de,9,apply,succeeded,1788389407.309799,1788389407.313231,1788389454.98231,,20,20
1788389963.57203,5,1,ghcr.io/talmolab/lablink-client-base-image:linux-amd64-test@sha256:1ec2fde6860186b3d45ac83890167258f83512955dbce65f072d4e8c310cb9de,1,apply,succeeded,1788380921.682491,1788380921.685047,1788380971.541328,,20,20
1788389963.57203,5,1,ghcr.io/talmolab/lablink-client-base-image:linux-amd64-test@sha256:1ec2fde6860186b3d45ac83890167258f83512955dbce65f072d4e8c310cb9de,2,destroy,succeeded,1788381612.379228,1788381612.381237,1788381939.351963,,20,20
1788389963.57203,5,1,ghcr.io/talmolab/lablink-client-base-image:linux-amd64-test@sha256:1ec2fde6860186b3d45ac83890167258f83512955dbce65f072d4e8c310cb9de,3,apply,succeeded,1788381976.63281,1788381976.63526,1788382026.043455,,20,20
1788389963.57203,5,1,ghcr.io/talmolab/lablink-client-base-image:linux-amd64-test@sha256:1ec2fde6860186b3d45ac83890167258f83512955dbce65f072d4e8c310cb9de,4,destroy,succeeded,1788382875.148234,1788382875.150169,1788383194.833905,,20,20
1788389963.57203,5,1,ghcr.io/talmolab/lablink-client-base-image:linux-amd64-test@sha256:1ec2fde6860186b3d45ac83890167258f83512955dbce65f072d4e8c310cb9de,5,apply,succeeded,1788383308.62635,1788383308.629388,1788383361.88001,,35,35
1788389963.57203,5,1,ghcr.io/talmolab/lablink-client-base-image:linux-amd64-test@sha256:1ec2fde6860186b3d45ac83890167258f83512955dbce65f072d4e8c310cb9de,6,destroy,succeeded,1788384337.446569,1788384337.448163,1788384657.690712,,35,35
1788389963.57203,5,1,ghcr.io/talmolab/lablink-client-base-image:linux-amd64-test@sha256:1ec2fde6860186b3d45ac83890167258f83512955dbce65f072d4e8c310cb9de,7,apply,succeeded,1788384727.528365,1788384727.530681,1788384808.61864,,95,95
1788389963.57203,5,1,ghcr.io/talmolab/lablink-client-base-image:linux-amd64-test@sha256:1ec2fde6860186b3d45ac83890167258f83512955dbce65f072d4e8c310cb9de,8,destroy,succeeded,1788385076.969534,1788385076.971902,1788385973.63117,,95,95
1788389963.57203,5,1,ghcr.io/talmolab/lablink-client-base-image:linux-amd64-test@sha256:1ec2fde6860186b3d45ac83890167258f83512955dbce65f072d4e8c310cb9de,9,apply,succeeded,1788389407.309799,1788389407.313231,1788389454.98231,,20,20
1788389969.094145,5,1,ghcr.io/talmolab/lablink-client-base-image:linux-amd64-test@sha256:1ec2fde6860186b3d45ac83890167258f83512955dbce65f072d4e8c310cb9de,1,apply,succeeded,1788380921.682491,1788380921.685047,1788380971.541328,,20,20
1788389969.094145,5,1,ghcr.io/talmolab/lablink-client-base-image:linux-amd64-test@sha256:1ec2fde6860186b3d45ac83890167258f83512955dbce65f072d4e8c310cb9de,2,destroy,succeeded,1788381612.379228,1788381612.381237,1788381939.351963,,20,20
1788389969.094145,5,1,ghcr.io/talmolab/lablink-client-base-image:linux-amd64-test@sha256:1ec2fde6860186b3d45ac83890167258f83512955dbce65f072d4e8c310cb9de,3,apply,succeeded,1788381976.63281,1788381976.63526,1788382026.043455,,20,20
1788389969.094145,5,1,ghcr.io/talmolab/lablink-client-base-image:linux-amd64-test@sha256:1ec2fde6860186b3d45ac83890167258f83512955dbce65f072d4e8c310cb9de,4,destroy,succeeded,1788382875.148234,1788382875.150169,1788383194.833905,,20,20
1788389969.094145,5,1,ghcr.io/talmolab/lablink-client-base-image:linux-amd64-test@sha256:1ec2fde6860186b3d45ac83890167258f83512955dbce65f072d4e8c310cb9de,5,apply,succeeded,1788383308.62635,1788383308.629388,1788383361.88001,,35,35
1788389969.094145,5,1,ghcr.io/talmolab/lablink-client-base-image:linux-amd64-test@sha256:1ec2fde6860186b3d45ac83890167258f83512955dbce65f072d4e8c310cb9de,6,destroy,succeeded,1788384337.446569,1788384337.448163,1788384657.690712,,35,35
1788389969.094145,5,1,ghcr.io/talmolab/lablink-client-base-image:linux-amd64-test@sha256:1ec2fde6860186b3d45ac83890167258f83512955dbce65f072d4e8c310cb9de,7,apply,succeeded,1788384727.528365,1788384727.530681,1788384808.61864,,95,95
1788389969.094145,5,1,ghcr.io/talmolab/lablink-client-base-image:linux-amd64-test@sha256:1ec2fde6860186b3d45ac83890167258f83512955dbce65f072d4e8c310cb9de,8,destroy,succeeded,1788385076.969534,1788385076.971902,1788385973.63117,,95,95
1788389969.094145,5,1,ghcr.io/talmolab/lablink-client-base-image:linux-amd64-test@sha256:1ec2fde6860186b3d45ac83890167258f83512955dbce65f072d4e8c310cb9de,9,apply,succeeded,1788389407.309799,1788389407.313231,1788389454.98231,,20,20
1788389973.8503108,5,1,ghcr.io/talmolab/lablink-client-base-image:linux-amd64-test@sha256:1ec2fde6860186b3d45ac83890167258f83512955dbce65f072d4e8c310cb9de,1,apply,succeeded,1788380921.682491,1788380921.685047,1788380971.541328,,20,20
1788389973.8503108,5,1,ghcr.io/talmolab/lablink-client-base-image:linux-amd64-test@sha256:1ec2fde6860186b3d45ac83890167258f83512955dbce65f072d4e8c310cb9de,2,destroy,succeeded,1788381612.379228,1788381612.381237,1788381939.351963,,20,20
1788389973.8503108,5,1,ghcr.io/talmolab/lablink-client-base-image:linux-amd64-test@sha256:1ec2fde6860186b3d45ac83890167258f83512955dbce65f072d4e8c310cb9de,3,apply,succeeded,1788381976.63281,1788381976.63526,1788382026.043455,,20,20
1788389973.8503108,5,1,ghcr.io/talmolab/lablink-client-base-image:linux-amd64-test@sha256:1ec2fde6860186b3d45ac83890167258f83512955dbce65f072d4e8c310cb9de,4,destroy,succeeded,1788382875.148234,1788382875.150169,1788383194.833905,,20,20
1788389973.8503108,5,1,ghcr.io/talmolab/lablink-client-base-image:linux-amd64-test@sha256:1ec2fde6860186b3d45ac83890167258f83512955dbce65f072d4e8c310cb9de,5,apply,succeeded,1788383308.62635,1788383308.629388,1788383361.88001,,35,35
1788389973.8503108,5,1,ghcr.io/talmolab/lablink-client-base-image:linux-amd64-test@sha256:1ec2fde6860186b3d45ac83890167258f83512955dbce65f072d4e8c310cb9de,6,destroy,succeeded,1788384337.446569,1788384337.448163,1788384657.690712,,35,35
1788389973.8503108,5,1,ghcr.io/talmolab/lablink-client-base-image:linux-amd64-test@sha256:1ec2fde6860186b3d45ac83890167258f83512955dbce65f072d4e8c310cb9de,7,apply,succeeded,1788384727.528365,1788384727.530681,1788384808.61864,,95,95
1788389973.8503108,5,1,ghcr.io/talmolab/lablink-client-base-image:linux-amd64-test@sha256:1ec2fde6860186b3d45ac83890167258f83512955dbce65f072d4e8c310cb9de,8,destroy,succeeded,1788385076.969534,1788385076.971902,1788385973.63117,,95,95
1788389973.8503108,5,1,ghcr.io/talmolab/lablink-client-base-image:linux-amd64-test@sha256:1ec2fde6860186b3d45ac83890167258f83512955dbce65f072d4e8c310cb9de,9,apply,succeeded,1788389407.309799,1788389407.313231,1788389454.98231,,20,20
1788389978.6003368,5,1,ghcr.io/talmolab/lablink-client-base-image:linux-amd64-test@sha256:1ec2fde6860186b3d45ac83890167258f83512955dbce65f072d4e8c310cb9de,1,apply,succeeded,1788380921.682491,1788380921.685047,1788380971.541328,,20,20
1788389978.6003368,5,1,ghcr.io/talmolab/lablink-client-base-image:linux-amd64-test@sha256:1ec2fde6860186b3d45ac83890167258f83512955dbce65f072d4e8c310cb9de,2,destroy,succeeded,1788381612.379228,1788381612.381237,1788381939.351963,,20,20
1788389978.6003368,5,1,ghcr.io/talmolab/lablink-client-base-image:linux-amd64-test@sha256:1ec2fde6860186b3d45ac83890167258f83512955dbce65f072d4e8c310cb9de,3,apply,succeeded,1788381976.63281,1788381976.63526,1788382026.043455,,20,20
1788389978.6003368,5,1,ghcr.io/talmolab/lablink-client-base-image:linux-amd64-test@sha256:1ec2fde6860186b3d45ac83890167258f83512955dbce65f072d4e8c310cb9de,4,destroy,succeeded,1788382875.148234,1788382875.150169,1788383194.833905,,20,20
1788389978.6003368,5,1,ghcr.io/talmolab/lablink-client-base-image:linux-amd64-test@sha256:1ec2fde6860186b3d45ac83890167258f83512955dbce65f072d4e8c310cb9de,5,apply,succeeded,1788383308.62635,1788383308.629388,1788383361.88001,,35,35
1788389978.6003368,5,1,ghcr.io/talmolab/lablink-client-base-image:linux-amd64-test@sha256:1ec2fde6860186b3d45ac83890167258f83512955dbce65f072d4e8c310cb9de,6,destroy,succeeded,1788384337.446569,1788384337.448163,1788384657.690712,,35,35
1788389978.6003368,5,1,ghcr.io/talmolab/lablink-client-base-image:linux-amd64-test@sha256:1ec2fde6860186b3d45ac83890167258f83512955dbce65f072d4e8c310cb9de,7,apply,succeeded,1788384727.528365,1788384727.530681,1788384808.61864,,95,95
1788389978.6003368,5,1,ghcr.io/talmolab/lablink-client-base-image:linux-amd64-test@sha256:1ec2fde6860186b3d45ac83890167258f83512955dbce65f072d4e8c310cb9de,8,destroy,succeeded,1788385076.969534,1788385076.971902,1788385973.63117,,95,95
1788389978.6003368,5,1,ghcr.io/talmolab/lablink-client-base-image:linux-amd64-test@sha256:1ec2fde6860186b3d45ac83890167258f83512955dbce65f072d4e8c310cb9de,9,apply,succeeded,1788389407.309799,1788389407.313231,1788389454.98231,,20,20
1788389983.6219368,5,1,ghcr.io/talmolab/lablink-client-base-image:linux-amd64-test@sha256:1ec2fde6860186b3d45ac83890167258f83512955dbce65f072d4e8c310cb9de,1,apply,succeeded,1788380921.682491,1788380921.685047,1788380971.541328,,20,20
1788389983.6219368,5,1,ghcr.io/talmolab/lablink-client-base-image:linux-amd64-test@sha256:1ec2fde6860186b3d45ac83890167258f83512955dbce65f072d4e8c310cb9de,2,destroy,succeeded,1788381612.379228,1788381612.381237,1788381939.351963,,20,20
1788389983.6219368,5,1,ghcr.io/talmolab/lablink-client-base-image:linux-amd64-test@sha256:1ec2fde6860186b3d45ac83890167258f83512955dbce65f072d4e8c310cb9de,3,apply,succeeded,1788381976.63281,1788381976.63526,1788382026.043455,,20,20
1788389983.6219368,5,1,ghcr.io/talmolab/lablink-client-base-image:linux-amd64-test@sha256:1ec2fde6860186b3d45ac83890167258f83512955dbce65f072d4e8c310cb9de,4,destroy,succeeded,1788382875.148234,1788382875.150169,1788383194.833905,,20,20
1788389983.6219368,5,1,ghcr.io/talmolab/lablink-client-base-image:linux-amd64-test@sha256:1ec2fde6860186b3d45ac83890167258f83512955dbce65f072d4e8c310cb9de,5,apply,succeeded,1788383308.62635,1788383308.629388,1788383361.88001,,35,35
1788389983.6219368,5,1,ghcr.io/talmolab/lablink-client-base-image:linux-amd64-test@sha256:1ec2fde6860186b3d45ac83890167258f83512955dbce65f072d4e8c310cb9de,6,destroy,succeeded,1788384337.446569,1788384337.448163,1788384657.690712,,35,35
1788389983.6219368,5,1,ghcr.io/talmolab/lablink-client-base-image:linux-amd64-test@sha256:1ec2fde6860186b3d45ac83890167258f83512955dbce65f072d4e8c310cb9de,7,apply,succeeded,1788384727.528365,1788384727.530681,1788384808.61864,,95,95
1788389983.6219368,5,1,ghcr.io/talmolab/lablink-client-base-image:linux-amd64-test@sha256:1ec2fde6860186b3d45ac83890167258f83512955dbce65f072d4e8c310cb9de,8,destroy,succeeded,1788385076.969534,1788385076.971902,1788385973.63117,,95,95
1788389983.6219368,5,1,ghcr.io/talmolab/lablink-client-base-image:linux-amd64-test@sha256:1ec2fde6860186b3d45ac83890167258f83512955dbce65f072d4e8c310cb9de,9,apply,succeeded,1788389407.309799,1788389407.313231,1788389454.98231,,20,20
1788389988.65199,5,1,ghcr.io/talmolab/lablink-client-base-image:linux-amd64-test@sha256:1ec2fde6860186b3d45ac83890167258f83512955dbce65f072d4e8c310cb9de,1,apply,succeeded,1788380921.682491,1788380921.685047,1788380971.541328,,20,20
1788389988.65199,5,1,ghcr.io/talmolab/lablink-client-base-image:linux-amd64-test@sha256:1ec2fde6860186b3d45ac83890167258f83512955dbce65f072d4e8c310cb9de,2,destroy,succeeded,1788381612.379228,1788381612.381237,1788381939.351963,,20,20
1788389988.65199,5,1,ghcr.io/talmolab/lablink-client-base-image:linux-amd64-test@sha256:1ec2fde6860186b3d45ac83890167258f83512955dbce65f072d4e8c310cb9de,3,apply,succeeded,1788381976.63281,1788381976.63526,1788382026.043455,,20,20
1788389988.65199,5,1,ghcr.io/talmolab/lablink-client-base-image:linux-amd64-test@sha256:1ec2fde6860186b3d45ac83890167258f83512955dbce65f072d4e8c310cb9de,4,destroy,succeeded,1788382875.148234,1788382875.150169,1788383194.833905,,20,20
1788389988.65199,5,1,ghcr.io/talmolab/lablink-client-base-image:linux-amd64-test@sha256:1ec2fde6860186b3d45ac83890167258f83512955dbce65f072d4e8c310cb9de,5,apply,succeeded,1788383308.62635,1788383308.629388,1788383361.88001,,35,35
1788389988.65199,5,1,ghcr.io/talmolab/lablink-client-base-image:linux-amd64-test@sha256:1ec2fde6860186b3d45ac83890167258f83512955dbce65f072d4e8c310cb9de,6,destroy,succeeded,1788384337.446569,1788384337.448163,1788384657.690712,,35,35
1788389988.65199,5,1,ghcr.io/talmolab/lablink-client-base-image:linux-amd64-test@sha256:1ec2fde6860186b3d45ac83890167258f83512955dbce65f072d4e8c310cb9de,7,apply,succeeded,1788384727.528365,1788384727.530681,1788384808.61864,,95,95
1788389988.65199,5,1,ghcr.io/talmolab/lablink-client-base-image:linux-amd64-test@sha256:1ec2fde6860186b3d45ac83890167258f83512955dbce65f072d4e8c310cb9de,8,destroy,succeeded,1788385076.969534,1788385076.971902,1788385973.63117,,95,95
1788389988.65199,5,1,ghcr.io/talmolab/lablink-client-base-image:linux-amd64-test@sha256:1ec2fde6860186b3d45ac83890167258f83512955dbce65f072d4e8c310cb9de,9,apply,succeeded,1788389407.309799,1788389407.313231,1788389454.98231,,20,20
1788389993.6275148,5,1,ghcr.io/talmolab/lablink-client-base-image:linux-amd64-test@sha256:1ec2fde6860186b3d45ac83890167258f83512955dbce65f072d4e8c310cb9de,1,apply,succeeded,1788380921.682491,1788380921.685047,1788380971.541328,,20,20
1788389993.6275148,5,1,ghcr.io/talmolab/lablink-client-base-image:linux-amd64-test@sha256:1ec2fde6860186b3d45ac83890167258f83512955dbce65f072d4e8c310cb9de,2,destroy,succeeded,1788381612.379228,1788381612.381237,1788381939.351963,,20,20
1788389993.6275148,5,1,ghcr.io/talmolab/lablink-client-base-image:linux-amd64-test@sha256:1ec2fde6860186b3d45ac83890167258f83512955dbce65f072d4e8c310cb9de,3,apply,succeeded,1788381976.63281,1788381976.63526,1788382026.043455,,20,20
1788389993.6275148,5,1,ghcr.io/talmolab/lablink-client-base-image:linux-amd64-test@sha256:1ec2fde6860186b3d45ac83890167258f83512955dbce65f072d4e8c310cb9de,4,destroy,succeeded,1788382875.148234,1788382875.150169,1788383194.833905,,20,20
1788389993.6275148,5,1,ghcr.io/talmolab/lablink-client-base-image:linux-amd64-test@sha256:1ec2fde6860186b3d45ac83890167258f83512955dbce65f072d4e8c310cb9de,5,apply,succeeded,1788383308.62635,1788383308.629388,1788383361.88001,,35,35
1788389993.6275148,5,1,ghcr.io/talmolab/lablink-client-base-image:linux-amd64-test@sha256:1ec2fde6860186b3d45ac83890167258f83512955dbce65f072d4e8c310cb9de,6,destroy,succeeded,1788384337.446569,1788384337.448163,1788384657.690712,,35,35
1788389993.6275148,5,1,ghcr.io/talmolab/lablink-client-base-image:linux-amd64-test@sha256:1ec2fde6860186b3d45ac83890167258f83512955dbce65f072d4e8c310cb9de,7,apply,succeeded,1788384727.528365,1788384727.530681,1788384808.61864,,95,95
1788389993.6275148,5,1,ghcr.io/talmolab/lablink-client-base-image:linux-amd64-test@sha256:1ec2fde6860186b3d45ac83890167258f83512955dbce65f072d4e8c310cb9de,8,destroy,succeeded,1788385076.969534,1788385076.971902,1788385973.63117,,95,95
1788389993.6275148,5,1,ghcr.io/talmolab/lablink-client-base-image:linux-amd64-test@sha256:1ec2fde6860186b3d45ac83890167258f83512955dbce65f072d4e8c310cb9de,9,apply,succeeded,1788389407.309799,1788389407.313231,1788389454.98231,,20,20
1788389998.680741,5,1,ghcr.io/talmolab/lablink-client-base-image:linux-amd64-test@sha256:1ec2fde6860186b3d45ac83890167258f83512955dbce65f072d4e8c310cb9de,1,apply,succeeded,1788380921.682491,1788380921.685047,1788380971.541328,,20,20
1788389998.680741,5,1,ghcr.io/talmolab/lablink-client-base-image:linux-amd64-test@sha256:1ec2fde6860186b3d45ac83890167258f83512955dbce65f072d4e8c310cb9de,2,destroy,succeeded,1788381612.379228,1788381612.381237,1788381939.351963,,20,20
1788389998.680741,5,1,ghcr.io/talmolab/lablink-client-base-image:linux-amd64-test@sha256:1ec2fde6860186b3d45ac83890167258f83512955dbce65f072d4e8c310cb9de,3,apply,succeeded,1788381976.63281,1788381976.63526,1788382026.043455,,20,20
1788389998.680741,5,1,ghcr.io/talmolab/lablink-client-base-image:linux-amd64-test@sha256:1ec2fde6860186b3d45ac83890167258f83512955dbce65f072d4e8c310cb9de,4,destroy,succeeded,1788382875.148234,1788382875.150169,1788383194.833905,,20,20
1788389998.680741,5,1,ghcr.io/talmolab/lablink-client-base-image:linux-amd64-test@sha256:1ec2fde6860186b3d45ac83890167258f83512955dbce65f072d4e8c310cb9de,5,apply,succeeded,1788383308.62635,1788383308.629388,1788383361.88001,,35,35
1788389998.680741,5,1,ghcr.io/talmolab/lablink-client-base-image:linux-amd64-test@sha256:1ec2fde6860186b3d45ac83890167258f83512955dbce65f072d4e8c310cb9de,6,destroy,succeeded,1788384337.446569,1788384337.448163,1788384657.690712,,35,35
1788389998.680741,5,1,ghcr.io/talmolab/lablink-client-base-image:linux-amd64-test@sha256:1ec2fde6860186b3d45ac83890167258f83512955dbce65f072d4e8c310cb9de,7,apply,succeeded,1788384727.528365,1788384727.530681,1788384808.61864,,95,95
1788389998.680741,5,1,ghcr.io/talmolab/lablink-client-base-image:linux-amd64-test@sha256:1ec2fde6860186b3d45ac83890167258f83512955dbce65f072d4e8c310cb9de,8,destroy,succeeded,1788385076.969534,1788385076.971902,1788385973.63117,,95,95
1788389998.680741,5,1,ghcr.io/talmolab/lablink-client-base-image:linux-amd64-test@sha256:1ec2fde6860186b3d45ac83890167258f83512955dbce65f072d4e8c310cb9de,9,apply,succeeded,1788389407.309799,1788389407.313231,1788389454.98231,,20,20
1788390003.693502,5,1,ghcr.io/talmolab/lablink-client-base-image:linux-amd64-test@sha256:1ec2fde6860186b3d45ac83890167258f83512955dbce65f072d4e8c310cb9de,1,apply,succeeded,1788380921.682491,1788380921.685047,1788380971.541328,,20,20
1788390003.693502,5,1,ghcr.io/talmolab/lablink-client-base-image:linux-amd64-test@sha256:1ec2fde6860186b3d45ac83890167258f83512955dbce65f072d4e8c310cb9de,2,destroy,succeeded,1788381612.379228,1788381612.381237,1788381939.351963,,20,20
1788390003.693502,5,1,ghcr.io/talmolab/lablink-client-base-image:linux-amd64-test@sha256:1ec2fde6860186b3d45ac83890167258f83512955dbce65f072d4e8c310cb9de,3,apply,succeeded,1788381976.63281,1788381976.63526,1788382026.043455,,20,20
1788390003.693502,5,1,ghcr.io/talmolab/lablink-client-base-image:linux-amd64-test@sha256:1ec2fde6860186b3d45ac83890167258f83512955dbce65f072d4e8c310cb9de,4,destroy,succeeded,1788382875.148234,1788382875.150169,1788383194.833905,,20,20
1788390003.693502,5,1,ghcr.io/talmolab/lablink-client-base-image:linux-amd64-test@sha256:1ec2fde6860186b3d45ac83890167258f83512955dbce65f072d4e8c310cb9de,5,apply,succeeded,1788383308.62635,1788383308.629388,1788383361.88001,,35,35
1788390003.693502,5,1,ghcr.io/talmolab/lablink-client-base-image:linux-amd64-test@sha256:1ec2fde6860186b3d45ac83890167258f83512955dbce65f072d4e8c310cb9de,6,destroy,succeeded,1788384337.446569,1788384337.448163,1788384657.690712,,35,35
1788390003.693502,5,1,ghcr.io/talmolab/lablink-client-base-image:linux-amd64-test@sha256:1ec2fde6860186b3d45ac83890167258f83512955dbce65f072d4e8c310cb9de,7,apply,succeeded,1788384727.528365,1788384727.530681,1788384808.61864,,95,95
1788390003.693502,5,1,ghcr.io/talmolab/lablink-client-base-image:linux-amd64-test@sha256:1ec2fde6860186b3d45ac83890167258f83512955dbce65f072d4e8c310cb9de,8,destroy,succeeded,1788385076.969534,1788385076.971902,1788385973.63117,,95,95
1788390003.693502,5,1,ghcr.io/talmolab/lablink-client-base-image:linux-amd64-test@sha256:1ec2fde6860186b3d45ac83890167258f83512955dbce65f072d4e8c310cb9de,9,apply,succeeded,1788389407.309799,1788389407.313231,1788389454.98231,,20,20
1788390008.634073,5,1,ghcr.io/talmolab/lablink-client-base-image:linux-amd64-test@sha256:1ec2fde6860186b3d45ac83890167258f83512955dbce65f072d4e8c310cb9de,1,apply,succeeded,1788380921.682491,1788380921.685047,1788380971.541328,,20,20
1788390008.634073,5,1,ghcr.io/talmolab/lablink-client-base-image:linux-amd64-test@sha256:1ec2fde6860186b3d45ac83890167258f83512955dbce65f072d4e8c310cb9de,2,destroy,succeeded,1788381612.379228,1788381612.381237,1788381939.351963,,20,20
1788390008.634073,5,1,ghcr.io/talmolab/lablink-client-base-image:linux-amd64-test@sha256:1ec2fde6860186b3d45ac83890167258f83512955dbce65f072d4e8c310cb9de,3,apply,succeeded,1788381976.63281,1788381976.63526,1788382026.043455,,20,20
1788390008.634073,5,1,ghcr.io/talmolab/lablink-client-base-image:linux-amd64-test@sha256:1ec2fde6860186b3d45ac83890167258f83512955dbce65f072d4e8c310cb9de,4,destroy,succeeded,1788382875.148234,1788382875.150169,1788383194.833905,,20,20
1788390008.634073,5,1,ghcr.io/talmolab/lablink-client-base-image:linux-amd64-test@sha256:1ec2fde6860186b3d45ac83890167258f83512955dbce65f072d4e8c310cb9de,5,apply,succeeded,1788383308.62635,1788383308.629388,1788383361.88001,,35,35
1788390008.634073,5,1,ghcr.io/talmolab/lablink-client-base-image:linux-amd64-test@sha256:1ec2fde6860186b3d45ac83890167258f83512955dbce65f072d4e8c310cb9de,6,destroy,succeeded,1788384337.446569,1788384337.448163,1788384657.690712,,35,35
1788390008.634073,5,1,ghcr.io/talmolab/lablink-client-base-image:linux-amd64-test@sha256:1ec2fde6860186b3d45ac83890167258f83512955dbce65f072d4e8c310cb9de,7,apply,succeeded,1788384727.528365,1788384727.530681,1788384808.61864,,95,95
1788390008.634073,5,1,ghcr.io/talmolab/lablink-client-base-image:linux-amd64-test@sha256:1ec2fde6860186b3d45ac83890167258f83512955dbce65f072d4e8c310cb9de,8,destroy,succeeded,1788385076.969534,1788385076.971902,1788385973.63117,,95,95
1788390008.634073,5,1,ghcr.io/talmolab/lablink-client-base-image:linux-amd64-test@sha256:1ec2fde6860186b3d45ac83890167258f83512955dbce65f072d4e8c310cb9de,9,apply,succeeded,1788389407.309799,1788389407.313231,1788389454.98231,,20,20
1788390013.735936,5,1,ghcr.io/talmolab/lablink-client-base-image:linux-amd64-test@sha256:1ec2fde6860186b3d45ac83890167258f83512955dbce65f072d4e8c310cb9de,1,apply,succeeded,1788380921.682491,1788380921.685047,1788380971.541328,,20,20
1788390013.735936,5,1,ghcr.io/talmolab/lablink-client-base-image:linux-amd64-test@sha256:1ec2fde6860186b3d45ac83890167258f83512955dbce65f072d4e8c310cb9de,2,destroy,succeeded,1788381612.379228,1788381612.381237,1788381939.351963,,20,20
1788390013.735936,5,1,ghcr.io/talmolab/lablink-client-base-image:linux-amd64-test@sha256:1ec2fde6860186b3d45ac83890167258f83512955dbce65f072d4e8c310cb9de,3,apply,succeeded,1788381976.63281,1788381976.63526,1788382026.043455,,20,20
1788390013.735936,5,1,ghcr.io/talmolab/lablink-client-base-image:linux-amd64-test@sha256:1ec2fde6860186b3d45ac83890167258f83512955dbce65f072d4e8c310cb9de,4,destroy,succeeded,1788382875.148234,1788382875.150169,1788383194.833905,,20,20
1788390013.735936,5,1,ghcr.io/talmolab/lablink-client-base-image:linux-amd64-test@sha256:1ec2fde6860186b3d45ac83890167258f83512955dbce65f072d4e8c310cb9de,5,apply,succeeded,1788383308.62635,1788383308.629388,1788383361.88001,,35,35
1788390013.735936,5,1,ghcr.io/talmolab/lablink-client-base-image:linux-amd64-test@sha256:1ec2fde6860186b3d45ac83890167258f83512955dbce65f072d4e8c310cb9de,6,destroy,succeeded,1788384337.446569,1788384337.448163,1788384657.690712,,35,35
1788390013.735936,5,1,ghcr.io/talmolab/lablink-client-base-image:linux-amd64-test@sha256:1ec2fde6860186b3d45ac83890167258f83512955dbce65f072d4e8c310cb9de,7,apply,succeeded,1788384727.528365,1788384727.530681,1788384808.61864,,95,95
1788390013.735936,5,1,ghcr.io/talmolab/lablink-client-base-image:linux-amd64-test@sha256:1ec2fde6860186b3d45ac83890167258f83512955dbce65f072d4e8c310cb9de,8,destroy,succeeded,1788385076.969534,1788385076.971902,1788385973.63117,,95,95
1788390013.735936,5,1,ghcr.io/talmolab/lablink-client-base-image:linux-amd64-test@sha256:1ec2fde6860186b3d45ac83890167258f83512955dbce65f072d4e8c310cb9de,9,apply,succeeded,1788389407.309799,1788389407.313231,1788389454.98231,,20,20
1788390018.72148,5,1,ghcr.io/talmolab/lablink-client-base-image:linux-amd64-test@sha256:1ec2fde6860186b3d45ac83890167258f83512955dbce65f072d4e8c310cb9de,1,apply,succeeded,1788380921.682491,1788380921.685047,1788380971.541328,,20,20
1788390018.72148,5,1,ghcr.io/talmolab/lablink-client-base-image:linux-amd64-test@sha256:1ec2fde6860186b3d45ac83890167258f83512955dbce65f072d4e8c310cb9de,2,destroy,succeeded,1788381612.379228,1788381612.381237,1788381939.351963,,20,20
1788390018.72148,5,1,ghcr.io/talmolab/lablink-client-base-image:linux-amd64-test@sha256:1ec2fde6860186b3d45ac83890167258f83512955dbce65f072d4e8c310cb9de,3,apply,succeeded,1788381976.63281,1788381976.63526,1788382026.043455,,20,20
1788390018.72148,5,1,ghcr.io/talmolab/lablink-client-base-image:linux-amd64-test@sha256:1ec2fde6860186b3d45ac83890167258f83512955dbce65f072d4e8c310cb9de,4,destroy,succeeded,1788382875.148234,1788382875.150169,1788383194.833905,,20,20
1788390018.72148,5,1,ghcr.io/talmolab/lablink-client-base-image:linux-amd64-test@sha256:1ec2fde6860186b3d45ac83890167258f83512955dbce65f072d4e8c310cb9de,5,apply,succeeded,1788383308.62635,1788383308.629388,1788383361.88001,,35,35
1788390018.72148,5,1,ghcr.io/talmolab/lablink-client-base-image:linux-amd64-test@sha256:1ec2fde6860186b3d45ac83890167258f83512955dbce65f072d4e8c310cb9de,6,destroy,succeeded,1788384337.446569,1788384337.448163,1788384657.690712,,35,35
1788390018.72148,5,1,ghcr.io/talmolab/lablink-client-base-image:linux-amd64-test@sha256:1ec2fde6860186b3d45ac83890167258f83512955dbce65f072d4e8c310cb9de,7,apply,succeeded,1788384727.528365,1788384727.530681,1788384808.61864,,95,95
1788390018.72148,5,1,ghcr.io/talmolab/lablink-client-base-image:linux-amd64-test@sha256:1ec2fde6860186b3d45ac83890167258f83512955dbce65f072d4e8c310cb9de,8,destroy,succeeded,1788385076.969534,1788385076.971902,1788385973.63117,,95,95
1788390018.72148,5,1,ghcr.io/talmolab/lablink-client-base-image:linux-amd64-test@sha256:1ec2fde6860186b3d45ac83890167258f83512955dbce65f072d4e8c310cb9de,9,apply,succeeded,1788389407.309799,1788389407.313231,1788389454.98231,,20,20
1788390023.685317,5,1,ghcr.io/talmolab/lablink-client-base-image:linux-amd64-test@sha256:1ec2fde6860186b3d45ac83890167258f83512955dbce65f072d4e8c310cb9de,1,apply,succeeded,1788380921.682491,1788380921.685047,1788380971.541328,,20,20
1788390023.685317,5,1,ghcr.io/talmolab/lablink-client-base-image:linux-amd64-test@sha256:1ec2fde6860186b3d45ac83890167258f83512955dbce65f072d4e8c310cb9de,2,destroy,succeeded,1788381612.379228,1788381612.381237,1788381939.351963,,20,20
1788390023.685317,5,1,ghcr.io/talmolab/lablink-client-base-image:linux-amd64-test@sha256:1ec2fde6860186b3d45ac83890167258f83512955dbce65f072d4e8c310cb9de,3,apply,succeeded,1788381976.63281,1788381976.63526,1788382026.043455,,20,20
1788390023.685317,5,1,ghcr.io/talmolab/lablink-client-base-image:linux-amd64-test@sha256:1ec2fde6860186b3d45ac83890167258f83512955dbce65f072d4e8c310cb9de,4,destroy,succeeded,1788382875.148234,1788382875.150169,1788383194.833905,,20,20
1788390023.685317,5,1,ghcr.io/talmolab/lablink-client-base-image:linux-amd64-test@sha256:1ec2fde6860186b3d45ac83890167258f83512955dbce65f072d4e8c310cb9de,5,apply,succeeded,1788383308.62635,1788383308.629388,1788383361.88001,,35,35
1788390023.685317,5,1,ghcr.io/talmolab/lablink-client-base-image:linux-amd64-test@sha256:1ec2fde6860186b3d45ac83890167258f83512955dbce65f072d4e8c310cb9de,6,destroy,succeeded,1788384337.446569,1788384337.448163,1788384657.690712,,35,35
1788390023.685317,5,1,ghcr.io/talmolab/lablink-client-base-image:linux-amd64-test@sha256:1ec2fde6860186b3d45ac83890167258f83512955dbce65f072d4e8c310cb9de,7,apply,succeeded,1788384727.528365,1788384727.530681,1788384808.61864,,95,95
1788390023.685317,5,1,ghcr.io/talmolab/lablink-client-base-image:linux-amd64-test@sha256:1ec2fde6860186b3d45ac83890167258f83512955dbce65f072d4e8c310cb9de,8,destroy,succeeded,1788385076.969534,1788385076.971902,1788385973.63117,,95,95
1788390023.685317,5,1,ghcr.io/talmolab/lablink-client-base-image:linux-amd64-test@sha256:1ec2fde6860186b3d45ac83890167258f83512955dbce65f072d4e8c310cb9de,9,apply,succeeded,1788389407.309799,1788389407.313231,1788389454.98231,,20,20
1788390028.998824,5,1,ghcr.io/talmolab/lablink-client-base-image:linux-amd64-test@sha256:1ec2fde6860186b3d45ac83890167258f83512955dbce65f072d4e8c310cb9de,1,apply,succeeded,1788380921.682491,1788380921.685047,1788380971.541328,,20,20
1788390028.998824,5,1,ghcr.io/talmolab/lablink-client-base-image:linux-amd64-test@sha256:1ec2fde6860186b3d45ac83890167258f83512955dbce65f072d4e8c310cb9de,2,destroy,succeeded,1788381612.379228,1788381612.381237,1788381939.351963,,20,20
1788390028.998824,5,1,ghcr.io/talmolab/lablink-client-base-image:linux-amd64-test@sha256:1ec2fde6860186b3d45ac83890167258f83512955dbce65f072d4e8c310cb9de,3,apply,succeeded,1788381976.63281,1788381976.63526,1788382026.043455,,20,20
1788390028.998824,5,1,ghcr.io/talmolab/lablink-client-base-image:linux-amd64-test@sha256:1ec2fde6860186b3d45ac83890167258f83512955dbce65f072d4e8c310cb9de,4,destroy,succeeded,1788382875.148234,1788382875.150169,1788383194.833905,,20,20
1788390028.998824,5,1,ghcr.io/talmolab/lablink-client-base-image:linux-amd64-test@sha256:1ec2fde6860186b3d45ac83890167258f83512955dbce65f072d4e8c310cb9de,5,apply,succeeded,1788383308.62635,1788383308.629388,1788383361.88001,,35,35
1788390028.998824,5,1,ghcr.io/talmolab/lablink-client-base-image:linux-amd64-test@sha256:1ec2fde6860186b3d45ac83890167258f83512955dbce65f072d4e8c310cb9de,6,destroy,succeeded,1788384337.446569,1788384337.448163,1788384657.690712,,35,35
1788390028.998824,5,1,ghcr.io/talmolab/lablink-client-base-image:linux-amd64-test@sha256:1ec2fde6860186b3d45ac83890167258f83512955dbce65f072d4e8c310cb9de,7,apply,succeeded,1788384727.528365,1788384727.530681,1788384808.61864,,95,95
1788390028.998824,5,1,ghcr.io/talmolab/lablink-client-base-image:linux-amd64-test@sha256:1ec2fde6860186b3d45ac83890167258f83512955dbce65f072d4e8c310cb9de,8,destroy,succeeded,1788385076.969534,1788385076.971902,1788385973.63117,,95,95
1788390028.998824,5,1,ghcr.io/talmolab/lablink-client-base-image:linux-amd64-test@sha256:1ec2fde6860186b3d45ac83890167258f83512955dbce65f072d4e8c310cb9de,9,apply,succeeded,1788389407.309799,1788389407.313231,1788389454.98231,,20,20
1788390033.806298,5,1,ghcr.io/talmolab/lablink-client-base-image:linux-amd64-test@sha256:1ec2fde6860186b3d45ac83890167258f83512955dbce65f072d4e8c310cb9de,1,apply,succeeded,1788380921.682491,1788380921.685047,1788380971.541328,,20,20
1788390033.806298,5,1,ghcr.io/talmolab/lablink-client-base-image:linux-amd64-test@sha256:1ec2fde6860186b3d45ac83890167258f83512955dbce65f072d4e8c310cb9de,2,destroy,succeeded,1788381612.379228,1788381612.381237,1788381939.351963,,20,20
1788390033.806298,5,1,ghcr.io/talmolab/lablink-client-base-image:linux-amd64-test@sha256:1ec2fde6860186b3d45ac83890167258f83512955dbce65f072d4e8c310cb9de,3,apply,succeeded,1788381976.63281,1788381976.63526,1788382026.043455,,20,20
1788390033.806298,5,1,ghcr.io/talmolab/lablink-client-base-image:linux-amd64-test@sha256:1ec2fde6860186b3d45ac83890167258f83512955dbce65f072d4e8c310cb9de,4,destroy,succeeded,1788382875.148234,1788382875.150169,1788383194.833905,,20,20
1788390033.806298,5,1,ghcr.io/talmolab/lablink-client-base-image:linux-amd64-test@sha256:1ec2fde6860186b3d45ac83890167258f83512955dbce65f072d4e8c310cb9de,5,apply,succeeded,1788383308.62635,1788383308.629388,1788383361.88001,,35,35
1788390033.806298,5,1,ghcr.io/talmolab/lablink-client-base-image:linux-amd64-test@sha256:1ec2fde6860186b3d45ac83890167258f83512955dbce65f072d4e8c310cb9de,6,destroy,succeeded,1788384337.446569,1788384337.448163,1788384657.690712,,35,35
1788390033.806298,5,1,ghcr.io/talmolab/lablink-client-base-image:linux-amd64-test@sha256:1ec2fde6860186b3d45ac83890167258f83512955dbce65f072d4e8c310cb9de,7,apply,succeeded,1788384727.528365,1788384727.530681,1788384808.61864,,95,95
1788390033.806298,5,1,ghcr.io/talmolab/lablink-client-base-image:linux-amd64-test@sha256:1ec2fde6860186b3d45ac83890167258f83512955dbce65f072d4e8c310cb9de,8,destroy,succeeded,1788385076.969534,1788385076.971902,1788385973.63117,,95,95
1788390033.806298,5,1,ghcr.io/talmolab/lablink-client-base-image:linux-amd64-test@sha256:1ec2fde6860186b3d45ac83890167258f83512955dbce65f072d4e8c310cb9de,9,apply,succeeded,1788389407.309799,1788389407.313231,1788389454.98231,,20,20
1788390038.697417,5,1,ghcr.io/talmolab/lablink-client-base-image:linux-amd64-test@sha256:1ec2fde6860186b3d45ac83890167258f83512955dbce65f072d4e8c310cb9de,1,apply,succeeded,1788380921.682491,1788380921.685047,1788380971.541328,,20,20
1788390038.697417,5,1,ghcr.io/talmolab/lablink-client-base-image:linux-amd64-test@sha256:1ec2fde6860186b3d45ac83890167258f83512955dbce65f072d4e8c310cb9de,2,destroy,succeeded,1788381612.379228,1788381612.381237,1788381939.351963,,20,20
1788390038.697417,5,1,ghcr.io/talmolab/lablink-client-base-image:linux-amd64-test@sha256:1ec2fde6860186b3d45ac83890167258f83512955dbce65f072d4e8c310cb9de,3,apply,succeeded,1788381976.63281,1788381976.63526,1788382026.043455,,20,20
1788390038.697417,5,1,ghcr.io/talmolab/lablink-client-base-image:linux-amd64-test@sha256:1ec2fde6860186b3d45ac83890167258f83512955dbce65f072d4e8c310cb9de,4,destroy,succeeded,1788382875.148234,1788382875.150169,1788383194.833905,,20,20
1788390038.697417,5,1,ghcr.io/talmolab/lablink-client-base-image:linux-amd64-test@sha256:1ec2fde6860186b3d45ac83890167258f83512955dbce65f072d4e8c310cb9de,5,apply,succeeded,1788383308.62635,1788383308.629388,1788383361.88001,,35,35
1788390038.697417,5,1,ghcr.io/talmolab/lablink-client-base-image:linux-amd64-test@sha256:1ec2fde6860186b3d45ac83890167258f83512955dbce65f072d4e8c310cb9de,6,destroy,succeeded,1788384337.446569,1788384337.448163,1788384657.690712,,35,35
1788390038.697417,5,1,ghcr.io/talmolab/lablink-client-base-image:linux-amd64-test@sha256:1ec2fde6860186b3d45ac83890167258f83512955dbce65f072d4e8c310cb9de,7,apply,succeeded,1788384727.528365,1788384727.530681,1788384808.61864,,95,95
1788390038.697417,5,1,ghcr.io/talmolab/lablink-client-base-image:linux-amd64-test@sha256:1ec2fde6860186b3d45ac83890167258f83512955dbce65f072d4e8c310cb9de,8,destroy,succeeded,1788385076.969534,1788385076.971902,1788385973.63117,,95,95
1788390038.697417,5,1,ghcr.io/talmolab/lablink-client-base-image:linux-amd64-test@sha256:1ec2fde6860186b3d45ac83890167258f83512955dbce65f072d4e8c310cb9de,9,apply,succeeded,1788389407.309799,1788389407.313231,1788389454.98231,,20,20
1788390043.60802,5,1,ghcr.io/talmolab/lablink-client-base-image:linux-amd64-test@sha256:1ec2fde6860186b3d45ac83890167258f83512955dbce65f072d4e8c310cb9de,1,apply,succeeded,1788380921.682491,1788380921.685047,1788380971.541328,,20,20
1788390043.60802,5,1,ghcr.io/talmolab/lablink-client-base-image:linux-amd64-test@sha256:1ec2fde6860186b3d45ac83890167258f83512955dbce65f072d4e8c310cb9de,2,destroy,succeeded,1788381612.379228,1788381612.381237,1788381939.351963,,20,20
1788390043.60802,5,1,ghcr.io/talmolab/lablink-client-base-image:linux-amd64-test@sha256:1ec2fde6860186b3d45ac83890167258f83512955dbce65f072d4e8c310cb9de,3,apply,succeeded,1788381976.63281,1788381976.63526,1788382026.043455,,20,20
1788390043.60802,5,1,ghcr.io/talmolab/lablink-client-base-image:linux-amd64-test@sha256:1ec2fde6860186b3d45ac83890167258f83512955dbce65f072d4e8c310cb9de,4,destroy,succeeded,1788382875.148234,1788382875.150169,1788383194.833905,,20,20
1788390043.60802,5,1,ghcr.io/talmolab/lablink-client-base-image:linux-amd64-test@sha256:1ec2fde6860186b3d45ac83890167258f83512955dbce65f072d4e8c310cb9de,5,apply,succeeded,1788383308.62635,1788383308.629388,1788383361.88001,,35,35
1788390043.60802,5,1,ghcr.io/talmolab/lablink-client-base-image:linux-amd64-test@sha256:1ec2fde6860186b3d45ac83890167258f83512955dbce65f072d4e8c310cb9de,6,destroy,succeeded,1788384337.446569,1788384337.448163,1788384657.690712,,35,35
1788390043.60802,5,1,ghcr.io/talmolab/lablink-client-base-image:linux-amd64-test@sha256:1ec2fde6860186b3d45ac83890167258f83512955dbce65f072d4e8c310cb9de,7,apply,succeeded,1788384727.528365,1788384727.530681,1788384808.61864,,95,95
1788390043.60802,5,1,ghcr.io/talmolab/lablink-client-base-image:linux-amd64-test@sha256:1ec2fde6860186b3d45ac83890167258f83512955dbce65f072d4e8c310cb9de,8,destroy,succeeded,1788385076.969534,1788385076.971902,1788385973.63117,,95,95
1788390043.60802,5,1,ghcr.io/talmolab/lablink-client-base-image:linux-amd64-test@sha256:1ec2fde6860186b3d45ac83890167258f83512955dbce65f072d4e8c310cb9de,9,apply,succeeded,1788389407.309799,1788389407.313231,1788389454.98231,,20,20
1788390048.682097,5,1,ghcr.io/talmolab/lablink-client-base-image:linux-amd64-test@sha256:1ec2fde6860186b3d45ac83890167258f83512955dbce65f072d4e8c310cb9de,1,apply,succeeded,1788380921.682491,1788380921.685047,1788380971.541328,,20,20
1788390048.682097,5,1,ghcr.io/talmolab/lablink-client-base-image:linux-amd64-test@sha256:1ec2fde6860186b3d45ac83890167258f83512955dbce65f072d4e8c310cb9de,2,destroy,succeeded,1788381612.379228,1788381612.381237,1788381939.351963,,20,20
1788390048.682097,5,1,ghcr.io/talmolab/lablink-client-base-image:linux-amd64-test@sha256:1ec2fde6860186b3d45ac83890167258f83512955dbce65f072d4e8c310cb9de,3,apply,succeeded,1788381976.63281,1788381976.63526,1788382026.043455,,20,20
1788390048.682097,5,1,ghcr.io/talmolab/lablink-client-base-image:linux-amd64-test@sha256:1ec2fde6860186b3d45ac83890167258f83512955dbce65f072d4e8c310cb9de,4,destroy,succeeded,1788382875.148234,1788382875.150169,1788383194.833905,,20,20
1788390048.682097,5,1,ghcr.io/talmolab/lablink-client-base-image:linux-amd64-test@sha256:1ec2fde6860186b3d45ac83890167258f83512955dbce65f072d4e8c310cb9de,5,apply,succeeded,1788383308.62635,1788383308.629388,1788383361.88001,,35,35
1788390048.682097,5,1,ghcr.io/talmolab/lablink-client-base-image:linux-amd64-test@sha256:1ec2fde6860186b3d45ac83890167258f83512955dbce65f072d4e8c310cb9de,6,destroy,succeeded,1788384337.446569,1788384337.448163,1788384657.690712,,35,35
1788390048.682097,5,1,ghcr.io/talmolab/lablink-client-base-image:linux-amd64-test@sha256:1ec2fde6860186b3d45ac83890167258f83512955dbce65f072d4e8c310cb9de,7,apply,succeeded,1788384727.528365,1788384727.530681,1788384808.61864,,95,95
1788390048.682097,5,1,ghcr.io/talmolab/lablink-client-base-image:linux-amd64-test@sha256:1ec2fde6860186b3d45ac83890167258f83512955dbce65f072d4e8c310cb9de,8,destroy,succeeded,1788385076.969534,1788385076.971902,1788385973.63117,,95,95
1788390048.682097,5,1,ghcr.io/talmolab/lablink-client-base-image:linux-amd64-test@sha256:1ec2fde6860186b3d45ac83890167258f83512955dbce65f072d4e8c310cb9de,9,apply,succeeded,1788389407.309799,1788389407.313231,1788389454.98231,,20,20
1788390053.841883,5,1,ghcr.io/talmolab/lablink-client-base-image:linux-amd64-test@sha256:1ec2fde6860186b3d45ac83890167258f83512955dbce65f072d4e8c310cb9de,1,apply,succeeded,1788380921.682491,1788380921.685047,1788380971.541328,,20,20
1788390053.841883,5,1,ghcr.io/talmolab/lablink-client-base-image:linux-amd64-test@sha256:1ec2fde6860186b3d45ac83890167258f83512955dbce65f072d4e8c310cb9de,2,destroy,succeeded,1788381612.379228,1788381612.381237,1788381939.351963,,20,20
1788390053.841883,5,1,ghcr.io/talmolab/lablink-client-base-image:linux-amd64-test@sha256:1ec2fde6860186b3d45ac83890167258f83512955dbce65f072d4e8c310cb9de,3,apply,succeeded,1788381976.63281,1788381976.63526,1788382026.043455,,20,20
1788390053.841883,5,1,ghcr.io/talmolab/lablink-client-base-image:linux-amd64-test@sha256:1ec2fde6860186b3d45ac83890167258f83512955dbce65f072d4e8c310cb9de,4,destroy,succeeded,1788382875.148234,1788382875.150169,1788383194.833905,,20,20
1788390053.841883,5,1,ghcr.io/talmolab/lablink-client-base-image:linux-amd64-test@sha256:1ec2fde6860186b3d45ac83890167258f83512955dbce65f072d4e8c310cb9de,5,apply,succeeded,1788383308.62635,1788383308.629388,1788383361.88001,,35,35
1788390053.841883,5,1,ghcr.io/talmolab/lablink-client-base-image:linux-amd64-test@sha256:1ec2fde6860186b3d45ac83890167258f83512955dbce65f072d4e8c310cb9de,6,destroy,succeeded,1788384337.446569,1788384337.448163,1788384657.690712,,35,35
1788390053.841883,5,1,ghcr.io/talmolab/lablink-client-base-image:linux-amd64-test@sha256:1ec2fde6860186b3d45ac83890167258f83512955dbce65f072d4e8c310cb9de,7,apply,succeeded,1788384727.528365,1788384727.530681,1788384808.61864,,95,95
1788390053.841883,5,1,ghcr.io/talmolab/lablink-client-base-image:linux-amd64-test@sha256:1ec2fde6860186b3d45ac83890167258f83512955dbce65f072d4e8c310cb9de,8,destroy,succeeded,1788385076.969534,1788385076.971902,1788385973.63117,,95,95
1788390053.841883,5,1,ghcr.io/talmolab/lablink-client-base-image:linux-amd64-test@sha256:1ec2fde6860186b3d45ac83890167258f83512955dbce65f072d4e8c310cb9de,9,apply,succeeded,1788389407.309799,1788389407.313231,1788389454.98231,,20,20
1788390058.8129768,5,1,ghcr.io/talmolab/lablink-client-base-image:linux-amd64-test@sha256:1ec2fde6860186b3d45ac83890167258f83512955dbce65f072d4e8c310cb9de,1,apply,succeeded,1788380921.682491,1788380921.685047,1788380971.541328,,20,20
1788390058.8129768,5,1,ghcr.io/talmolab/lablink-client-base-image:linux-amd64-test@sha256:1ec2fde6860186b3d45ac83890167258f83512955dbce65f072d4e8c310cb9de,2,destroy,succeeded,1788381612.379228,1788381612.381237,1788381939.351963,,20,20
1788390058.8129768,5,1,ghcr.io/talmolab/lablink-client-base-image:linux-amd64-test@sha256:1ec2fde6860186b3d45ac83890167258f83512955dbce65f072d4e8c310cb9de,3,apply,succeeded,1788381976.63281,1788381976.63526,1788382026.043455,,20,20
1788390058.8129768,5,1,ghcr.io/talmolab/lablink-client-base-image:linux-amd64-test@sha256:1ec2fde6860186b3d45ac83890167258f83512955dbce65f072d4e8c310cb9de,4,destroy,succeeded,1788382875.148234,1788382875.150169,1788383194.833905,,20,20
1788390058.8129768,5,1,ghcr.io/talmolab/lablink-client-base-image:linux-amd64-test@sha256:1ec2fde6860186b3d45ac83890167258f83512955dbce65f072d4e8c310cb9de,5,apply,succeeded,1788383308.62635,1788383308.629388,1788383361.88001,,35,35
1788390058.8129768,5,1,ghcr.io/talmolab/lablink-client-base-image:linux-amd64-test@sha256:1ec2fde6860186b3d45ac83890167258f83512955dbce65f072d4e8c310cb9de,6,destroy,succeeded,1788384337.446569,1788384337.448163,1788384657.690712,,35,35
1788390058.8129768,5,1,ghcr.io/talmolab/lablink-client-base-image:linux-amd64-test@sha256:1ec2fde6860186b3d45ac83890167258f83512955dbce65f072d4e8c310cb9de,7,apply,succeeded,1788384727.528365,1788384727.530681,1788384808.61864,,95,95
1788390058.8129768,5,1,ghcr.io/talmolab/lablink-client-base-image:linux-amd64-test@sha256:1ec2fde6860186b3d45ac83890167258f83512955dbce65f072d4e8c310cb9de,8,destroy,succeeded,1788385076.969534,1788385076.971902,1788385973.63117,,95,95
1788390058.8129768,5,1,ghcr.io/talmolab/lablink-client-base-image:linux-amd64-test@sha256:1ec2fde6860186b3d45ac83890167258f83512955dbce65f072d4e8c310cb9de,9,apply,succeeded,1788389407.309799,1788389407.313231,1788389454.98231,,20,20
1788390063.70669,5,1,ghcr.io/talmolab/lablink-client-base-image:linux-amd64-test@sha256:1ec2fde6860186b3d45ac83890167258f83512955dbce65f072d4e8c310cb9de,1,apply,succeeded,1788380921.682491,1788380921.685047,1788380971.541328,,20,20
1788390063.70669,5,1,ghcr.io/talmolab/lablink-client-base-image:linux-amd64-test@sha256:1ec2fde6860186b3d45ac83890167258f83512955dbce65f072d4e8c310cb9de,2,destroy,succeeded,1788381612.379228,1788381612.381237,1788381939.351963,,20,20
1788390063.70669,5,1,ghcr.io/talmolab/lablink-client-base-image:linux-amd64-test@sha256:1ec2fde6860186b3d45ac83890167258f83512955dbce65f072d4e8c310cb9de,3,apply,succeeded,1788381976.63281,1788381976.63526,1788382026.043455,,20,20
1788390063.70669,5,1,ghcr.io/talmolab/lablink-client-base-image:linux-amd64-test@sha256:1ec2fde6860186b3d45ac83890167258f83512955dbce65f072d4e8c310cb9de,4,destroy,succeeded,1788382875.148234,1788382875.150169,1788383194.833905,,20,20
1788390063.70669,5,1,ghcr.io/talmolab/lablink-client-base-image:linux-amd64-test@sha256:1ec2fde6860186b3d45ac83890167258f83512955dbce65f072d4e8c310cb9de,5,apply,succeeded,1788383308.62635,1788383308.629388,1788383361.88001,,35,35
1788390063.70669,5,1,ghcr.io/talmolab/lablink-client-base-image:linux-amd64-test@sha256:1ec2fde6860186b3d45ac83890167258f83512955dbce65f072d4e8c310cb9de,6,destroy,succeeded,1788384337.446569,1788384337.448163,1788384657.690712,,35,35
1788390063.70669,5,1,ghcr.io/talmolab/lablink-client-base-image:linux-amd64-test@sha256:1ec2fde6860186b3d45ac83890167258f83512955dbce65f072d4e8c310cb9de,7,apply,succeeded,1788384727.528365,1788384727.530681,1788384808.61864,,95,95
1788390063.70669,5,1,ghcr.io/talmolab/lablink-client-base-image:linux-amd64-test@sha256:1ec2fde6860186b3d45ac83890167258f83512955dbce65f072d4e8c310cb9de,8,destroy,succeeded,1788385076.969534,1788385076.971902,1788385973.63117,,95,95
1788390063.70669,5,1,ghcr.io/talmolab/lablink-client-base-image:linux-amd64-test@sha256:1ec2fde6860186b3d45ac83890167258f83512955dbce65f072d4e8c310cb9de,9,apply,succeeded,1788389407.309799,1788389407.313231,1788389454.98231,,20,20
1788390068.745004,5,1,ghcr.io/talmolab/lablink-client-base-image:linux-amd64-test@sha256:1ec2fde6860186b3d45ac83890167258f83512955dbce65f072d4e8c310cb9de,1,apply,succeeded,1788380921.682491,1788380921.685047,1788380971.541328,,20,20
1788390068.745004,5,1,ghcr.io/talmolab/lablink-client-base-image:linux-amd64-test@sha256:1ec2fde6860186b3d45ac83890167258f83512955dbce65f072d4e8c310cb9de,2,destroy,succeeded,1788381612.379228,1788381612.381237,1788381939.351963,,20,20
1788390068.745004,5,1,ghcr.io/talmolab/lablink-client-base-image:linux-amd64-test@sha256:1ec2fde6860186b3d45ac83890167258f83512955dbce65f072d4e8c310cb9de,3,apply,succeeded,1788381976.63281,1788381976.63526,1788382026.043455,,20,20
1788390068.745004,5,1,ghcr.io/talmolab/lablink-client-base-image:linux-amd64-test@sha256:1ec2fde6860186b3d45ac83890167258f83512955dbce65f072d4e8c310cb9de,4,destroy,succeeded,1788382875.148234,1788382875.150169,1788383194.833905,,20,20
1788390068.745004,5,1,ghcr.io/talmolab/lablink-client-base-image:linux-amd64-test@sha256:1ec2fde6860186b3d45ac83890167258f83512955dbce65f072d4e8c310cb9de,5,apply,succeeded,1788383308.62635,1788383308.629388,1788383361.88001,,35,35
1788390068.745004,5,1,ghcr.io/talmolab/lablink-client-base-image:linux-amd64-test@sha256:1ec2fde6860186b3d45ac83890167258f83512955dbce65f072d4e8c310cb9de,6,destroy,succeeded,1788384337.446569,1788384337.448163,1788384657.690712,,35,35
1788390068.745004,5,1,ghcr.io/talmolab/lablink-client-base-image:linux-amd64-test@sha256:1ec2fde6860186b3d45ac83890167258f83512955dbce65f072d4e8c310cb9de,7,apply,succeeded,1788384727.528365,1788384727.530681,1788384808.61864,,95,95
1788390068.745004,5,1,ghcr.io/talmolab/lablink-client-base-image:linux-amd64-test@sha256:1ec2fde6860186b3d45ac83890167258f83512955dbce65f072d4e8c310cb9de,8,destroy,succeeded,1788385076.969534,1788385076.971902,1788385973.63117,,95,95
1788390068.745004,5,1,ghcr.io/talmolab/lablink-client-base-image:linux-amd64-test@sha256:1ec2fde6860186b3d45ac83890167258f83512955dbce65f072d4e8c310cb9de,9,apply,succeeded,1788389407.309799,1788389407.313231,1788389454.98231,,20,20
1788390073.765064,5,1,ghcr.io/talmolab/lablink-client-base-image:linux-amd64-test@sha256:1ec2fde6860186b3d45ac83890167258f83512955dbce65f072d4e8c310cb9de,1,apply,succeeded,1788380921.682491,1788380921.685047,1788380971.541328,,20,20
1788390073.765064,5,1,ghcr.io/talmolab/lablink-client-base-image:linux-amd64-test@sha256:1ec2fde6860186b3d45ac83890167258f83512955dbce65f072d4e8c310cb9de,2,destroy,succeeded,1788381612.379228,1788381612.381237,1788381939.351963,,20,20
1788390073.765064,5,1,ghcr.io/talmolab/lablink-client-base-image:linux-amd64-test@sha256:1ec2fde6860186b3d45ac83890167258f83512955dbce65f072d4e8c310cb9de,3,apply,succeeded,1788381976.63281,1788381976.63526,1788382026.043455,,20,20
1788390073.765064,5,1,ghcr.io/talmolab/lablink-client-base-image:linux-amd64-test@sha256:1ec2fde6860186b3d45ac83890167258f83512955dbce65f072d4e8c310cb9de,4,destroy,succeeded,1788382875.148234,1788382875.150169,1788383194.833905,,20,20
1788390073.765064,5,1,ghcr.io/talmolab/lablink-client-base-image:linux-amd64-test@sha256:1ec2fde6860186b3d45ac83890167258f83512955dbce65f072d4e8c310cb9de,5,apply,succeeded,1788383308.62635,1788383308.629388,1788383361.88001,,35,35
1788390073.765064,5,1,ghcr.io/talmolab/lablink-client-base-image:linux-amd64-test@sha256:1ec2fde6860186b3d45ac83890167258f83512955dbce65f072d4e8c310cb9de,6,destroy,succeeded,1788384337.446569,1788384337.448163,1788384657.690712,,35,35
1788390073.765064,5,1,ghcr.io/talmolab/lablink-client-base-image:linux-amd64-test@sha256:1ec2fde6860186b3d45ac83890167258f83512955dbce65f072d4e8c310cb9de,7,apply,succeeded,1788384727.528365,1788384727.530681,1788384808.61864,,95,95
1788390073.765064,5,1,ghcr.io/talmolab/lablink-client-base-image:linux-amd64-test@sha256:1ec2fde6860186b3d45ac83890167258f83512955dbce65f072d4e8c310cb9de,8,destroy,succeeded,1788385076.969534,1788385076.971902,1788385973.63117,,95,95
1788390073.765064,5,1,ghcr.io/talmolab/lablink-client-base-image:linux-amd64-test@sha256:1ec2fde6860186b3d45ac83890167258f83512955dbce65f072d4e8c310cb9de,9,apply,succeeded,1788389407.309799,1788389407.313231,1788389454.98231,,20,20
1788390078.799453,5,1,ghcr.io/talmolab/lablink-client-base-image:linux-amd64-test@sha256:1ec2fde6860186b3d45ac83890167258f83512955dbce65f072d4e8c310cb9de,1,apply,succeeded,1788380921.682491,1788380921.685047,1788380971.541328,,20,20
1788390078.799453,5,1,ghcr.io/talmolab/lablink-client-base-image:linux-amd64-test@sha256:1ec2fde6860186b3d45ac83890167258f83512955dbce65f072d4e8c310cb9de,2,destroy,succeeded,1788381612.379228,1788381612.381237,1788381939.351963,,20,20
1788390078.799453,5,1,ghcr.io/talmolab/lablink-client-base-image:linux-amd64-test@sha256:1ec2fde6860186b3d45ac83890167258f83512955dbce65f072d4e8c310cb9de,3,apply,succeeded,1788381976.63281,1788381976.63526,1788382026.043455,,20,20
1788390078.799453,5,1,ghcr.io/talmolab/lablink-client-base-image:linux-amd64-test@sha256:1ec2fde6860186b3d45ac83890167258f83512955dbce65f072d4e8c310cb9de,4,destroy,succeeded,1788382875.148234,1788382875.150169,1788383194.833905,,20,20
1788390078.799453,5,1,ghcr.io/talmolab/lablink-client-base-image:linux-amd64-test@sha256:1ec2fde6860186b3d45ac83890167258f83512955dbce65f072d4e8c310cb9de,5,apply,succeeded,1788383308.62635,1788383308.629388,1788383361.88001,,35,35
1788390078.799453,5,1,ghcr.io/talmolab/lablink-client-base-image:linux-amd64-test@sha256:1ec2fde6860186b3d45ac83890167258f83512955dbce65f072d4e8c310cb9de,6,destroy,succeeded,1788384337.446569,1788384337.448163,1788384657.690712,,35,35
1788390078.799453,5,1,ghcr.io/talmolab/lablink-client-base-image:linux-amd64-test@sha256:1ec2fde6860186b3d45ac83890167258f83512955dbce65f072d4e8c310cb9de,7,apply,succeeded,1788384727.528365,1788384727.530681,1788384808.61864,,95,95
1788390078.799453,5,1,ghcr.io/talmolab/lablink-client-base-image:linux-amd64-test@sha256:1ec2fde6860186b3d45ac83890167258f83512955dbce65f072d4e8c310cb9de,8,destroy,succeeded,1788385076.969534,1788385076.971902,1788385973.63117,,95,95
1788390078.799453,5,1,ghcr.io/talmolab/lablink-client-base-image:linux-amd64-test@sha256:1ec2fde6860186b3d45ac83890167258f83512955dbce65f072d4e8c310cb9de,9,apply,succeeded,1788389407.309799,1788389407.313231,1788389454.98231,,20,20
1788390083.729368,5,1,ghcr.io/talmolab/lablink-client-base-image:linux-amd64-test@sha256:1ec2fde6860186b3d45ac83890167258f83512955dbce65f072d4e8c310cb9de,1,apply,succeeded,1788380921.682491,1788380921.685047,1788380971.541328,,20,20
1788390083.729368,5,1,ghcr.io/talmolab/lablink-client-base-image:linux-amd64-test@sha256:1ec2fde6860186b3d45ac83890167258f83512955dbce65f072d4e8c310cb9de,2,destroy,succeeded,1788381612.379228,1788381612.381237,1788381939.351963,,20,20
1788390083.729368,5,1,ghcr.io/talmolab/lablink-client-base-image:linux-amd64-test@sha256:1ec2fde6860186b3d45ac83890167258f83512955dbce65f072d4e8c310cb9de,3,apply,succeeded,1788381976.63281,1788381976.63526,1788382026.043455,,20,20
1788390083.729368,5,1,ghcr.io/talmolab/lablink-client-base-image:linux-amd64-test@sha256:1ec2fde6860186b3d45ac83890167258f83512955dbce65f072d4e8c310cb9de,4,destroy,succeeded,1788382875.148234,1788382875.150169,1788383194.833905,,20,20
1788390083.729368,5,1,ghcr.io/talmolab/lablink-client-base-image:linux-amd64-test@sha256:1ec2fde6860186b3d45ac83890167258f83512955dbce65f072d4e8c310cb9de,5,apply,succeeded,1788383308.62635,1788383308.629388,1788383361.88001,,35,35
1788390083.729368,5,1,ghcr.io/talmolab/lablink-client-base-image:linux-amd64-test@sha256:1ec2fde6860186b3d45ac83890167258f83512955dbce65f072d4e8c310cb9de,6,destroy,succeeded,1788384337.446569,1788384337.448163,1788384657.690712,,35,35
1788390083.729368,5,1,ghcr.io/talmolab/lablink-client-base-image:linux-amd64-test@sha256:1ec2fde6860186b3d45ac83890167258f83512955dbce65f072d4e8c310cb9de,7,apply,succeeded,1788384727.528365,1788384727.530681,1788384808.61864,,95,95
1788390083.729368,5,1,ghcr.io/talmolab/lablink-client-base-image:linux-amd64-test@sha256:1ec2fde6860186b3d45ac83890167258f83512955dbce65f072d4e8c310cb9de,8,destroy,succeeded,1788385076.969534,1788385076.971902,1788385973.63117,,95,95
1788390083.729368,5,1,ghcr.io/talmolab/lablink-client-base-image:linux-amd64-test@sha256:1ec2fde6860186b3d45ac83890167258f83512955dbce65f072d4e8c310cb9de,9,apply,succeeded,1788389407.309799,1788389407.313231,1788389454.98231,,20,20
1788390088.80204,5,1,ghcr.io/talmolab/lablink-client-base-image:linux-amd64-test@sha256:1ec2fde6860186b3d45ac83890167258f83512955dbce65f072d4e8c310cb9de,1,apply,succeeded,1788380921.682491,1788380921.685047,1788380971.541328,,20,20
1788390088.80204,5,1,ghcr.io/talmolab/lablink-client-base-image:linux-amd64-test@sha256:1ec2fde6860186b3d45ac83890167258f83512955dbce65f072d4e8c310cb9de,2,destroy,succeeded,1788381612.379228,1788381612.381237,1788381939.351963,,20,20
1788390088.80204,5,1,ghcr.io/talmolab/lablink-client-base-image:linux-amd64-test@sha256:1ec2fde6860186b3d45ac83890167258f83512955dbce65f072d4e8c310cb9de,3,apply,succeeded,1788381976.63281,1788381976.63526,1788382026.043455,,20,20
1788390088.80204,5,1,ghcr.io/talmolab/lablink-client-base-image:linux-amd64-test@sha256:1ec2fde6860186b3d45ac83890167258f83512955dbce65f072d4e8c310cb9de,4,destroy,succeeded,1788382875.148234,1788382875.150169,1788383194.833905,,20,20
1788390088.80204,5,1,ghcr.io/talmolab/lablink-client-base-image:linux-amd64-test@sha256:1ec2fde6860186b3d45ac83890167258f83512955dbce65f072d4e8c310cb9de,5,apply,succeeded,1788383308.62635,1788383308.629388,1788383361.88001,,35,35
1788390088.80204,5,1,ghcr.io/talmolab/lablink-client-base-image:linux-amd64-test@sha256:1ec2fde6860186b3d45ac83890167258f83512955dbce65f072d4e8c310cb9de,6,destroy,succeeded,1788384337.446569,1788384337.448163,1788384657.690712,,35,35
1788390088.80204,5,1,ghcr.io/talmolab/lablink-client-base-image:linux-amd64-test@sha256:1ec2fde6860186b3d45ac83890167258f83512955dbce65f072d4e8c310cb9de,7,apply,succeeded,1788384727.528365,1788384727.530681,1788384808.61864,,95,95
1788390088.80204,5,1,ghcr.io/talmolab/lablink-client-base-image:linux-amd64-test@sha256:1ec2fde6860186b3d45ac83890167258f83512955dbce65f072d4e8c310cb9de,8,destroy,succeeded,1788385076.969534,1788385076.971902,1788385973.63117,,95,95
1788390088.80204,5,1,ghcr.io/talmolab/lablink-client-base-image:linux-amd64-test@sha256:1ec2fde6860186b3d45ac83890167258f83512955dbce65f072d4e8c310cb9de,9,apply,succeeded,1788389407.309799,1788389407.313231,1788389454.98231,,20,20
1788390094.33384,5,1,ghcr.io/talmolab/lablink-client-base-image:linux-amd64-test@sha256:1ec2fde6860186b3d45ac83890167258f83512955dbce65f072d4e8c310cb9de,1,apply,succeeded,1788380921.682491,1788380921.685047,1788380971.541328,,20,20
1788390094.33384,5,1,ghcr.io/talmolab/lablink-client-base-image:linux-amd64-test@sha256:1ec2fde6860186b3d45ac83890167258f83512955dbce65f072d4e8c310cb9de,2,destroy,succeeded,1788381612.379228,1788381612.381237,1788381939.351963,,20,20
1788390094.33384,5,1,ghcr.io/talmolab/lablink-client-base-image:linux-amd64-test@sha256:1ec2fde6860186b3d45ac83890167258f83512955dbce65f072d4e8c310cb9de,3,apply,succeeded,1788381976.63281,1788381976.63526,1788382026.043455,,20,20
1788390094.33384,5,1,ghcr.io/talmolab/lablink-client-base-image:linux-amd64-test@sha256:1ec2fde6860186b3d45ac83890167258f83512955dbce65f072d4e8c310cb9de,4,destroy,succeeded,1788382875.148234,1788382875.150169,1788383194.833905,,20,20
1788390094.33384,5,1,ghcr.io/talmolab/lablink-client-base-image:linux-amd64-test@sha256:1ec2fde6860186b3d45ac83890167258f83512955dbce65f072d4e8c310cb9de,5,apply,succeeded,1788383308.62635,1788383308.629388,1788383361.88001,,35,35
1788390094.33384,5,1,ghcr.io/talmolab/lablink-client-base-image:linux-amd64-test@sha256:1ec2fde6860186b3d45ac83890167258f83512955dbce65f072d4e8c310cb9de,6,destroy,succeeded,1788384337.446569,1788384337.448163,1788384657.690712,,35,35
1788390094.33384,5,1,ghcr.io/talmolab/lablink-client-base-image:linux-amd64-test@sha256:1ec2fde6860186b3d45ac83890167258f83512955dbce65f072d4e8c310cb9de,7,apply,succeeded,1788384727.528365,1788384727.530681,1788384808.61864,,95,95
1788390094.33384,5,1,ghcr.io/talmolab/lablink-client-base-image:linux-amd64-test@sha256:1ec2fde6860186b3d45ac83890167258f83512955dbce65f072d4e8c310cb9de,8,destroy,succeeded,1788385076.969534,1788385076.971902,1788385973.63117,,95,95
1788390094.33384,5,1,ghcr.io/talmolab/lablink-client-base-image:linux-amd64-test@sha256:1ec2fde6860186b3d45ac83890167258f83512955dbce65f072d4e8c310cb9de,9,apply,succeeded,1788389407.309799,1788389407.313231,1788389454.98231,,20,20
1788390098.769186,5,1,ghcr.io/talmolab/lablink-client-base-image:linux-amd64-test@sha256:1ec2fde6860186b3d45ac83890167258f83512955dbce65f072d4e8c310cb9de,1,apply,succeeded,1788380921.682491,1788380921.685047,1788380971.541328,,20,20
1788390098.769186,5,1,ghcr.io/talmolab/lablink-client-base-image:linux-amd64-test@sha256:1ec2fde6860186b3d45ac83890167258f83512955dbce65f072d4e8c310cb9de,2,destroy,succeeded,1788381612.379228,1788381612.381237,1788381939.351963,,20,20
1788390098.769186,5,1,ghcr.io/talmolab/lablink-client-base-image:linux-amd64-test@sha256:1ec2fde6860186b3d45ac83890167258f83512955dbce65f072d4e8c310cb9de,3,apply,succeeded,1788381976.63281,1788381976.63526,1788382026.043455,,20,20
1788390098.769186,5,1,ghcr.io/talmolab/lablink-client-base-image:linux-amd64-test@sha256:1ec2fde6860186b3d45ac83890167258f83512955dbce65f072d4e8c310cb9de,4,destroy,succeeded,1788382875.148234,1788382875.150169,1788383194.833905,,20,20
1788390098.769186,5,1,ghcr.io/talmolab/lablink-client-base-image:linux-amd64-test@sha256:1ec2fde6860186b3d45ac83890167258f83512955dbce65f072d4e8c310cb9de,5,apply,succeeded,1788383308.62635,1788383308.629388,1788383361.88001,,35,35
1788390098.769186,5,1,ghcr.io/talmolab/lablink-client-base-image:linux-amd64-test@sha256:1ec2fde6860186b3d45ac83890167258f83512955dbce65f072d4e8c310cb9de,6,destroy,succeeded,1788384337.446569,1788384337.448163,1788384657.690712,,35,35
1788390098.769186,5,1,ghcr.io/talmolab/lablink-client-base-image:linux-amd64-test@sha256:1ec2fde6860186b3d45ac83890167258f83512955dbce65f072d4e8c310cb9de,7,apply,succeeded,1788384727.528365,1788384727.530681,1788384808.61864,,95,95
1788390098.769186,5,1,ghcr.io/talmolab/lablink-client-base-image:linux-amd64-test@sha256:1ec2fde6860186b3d45ac83890167258f83512955dbce65f072d4e8c310cb9de,8,destroy,succeeded,1788385076.969534,1788385076.971902,1788385973.63117,,95,95
1788390098.769186,5,1,ghcr.io/talmolab/lablink-client-base-image:linux-amd64-test@sha256:1ec2fde6860186b3d45ac83890167258f83512955dbce65f072d4e8c310cb9de,9,apply,succeeded,1788389407.309799,1788389407.313231,1788389454.98231,,20,20
1788390103.6837409,5,1,ghcr.io/talmolab/lablink-client-base-image:linux-amd64-test@sha256:1ec2fde6860186b3d45ac83890167258f83512955dbce65f072d4e8c310cb9de,1,apply,succeeded,1788380921.682491,1788380921.685047,1788380971.541328,,20,20
1788390103.6837409,5,1,ghcr.io/talmolab/lablink-client-base-image:linux-amd64-test@sha256:1ec2fde6860186b3d45ac83890167258f83512955dbce65f072d4e8c310cb9de,2,destroy,succeeded,1788381612.379228,1788381612.381237,1788381939.351963,,20,20
1788390103.6837409,5,1,ghcr.io/talmolab/lablink-client-base-image:linux-amd64-test@sha256:1ec2fde6860186b3d45ac83890167258f83512955dbce65f072d4e8c310cb9de,3,apply,succeeded,1788381976.63281,1788381976.63526,1788382026.043455,,20,20
1788390103.6837409,5,1,ghcr.io/talmolab/lablink-client-base-image:linux-amd64-test@sha256:1ec2fde6860186b3d45ac83890167258f83512955dbce65f072d4e8c310cb9de,4,destroy,succeeded,1788382875.148234,1788382875.150169,1788383194.833905,,20,20
1788390103.6837409,5,1,ghcr.io/talmolab/lablink-client-base-image:linux-amd64-test@sha256:1ec2fde6860186b3d45ac83890167258f83512955dbce65f072d4e8c310cb9de,5,apply,succeeded,1788383308.62635,1788383308.629388,1788383361.88001,,35,35
1788390103.6837409,5,1,ghcr.io/talmolab/lablink-client-base-image:linux-amd64-test@sha256:1ec2fde6860186b3d45ac83890167258f83512955dbce65f072d4e8c310cb9de,6,destroy,succeeded,1788384337.446569,1788384337.448163,1788384657.690712,,35,35
1788390103.6837409,5,1,ghcr.io/talmolab/lablink-client-base-image:linux-amd64-test@sha256:1ec2fde6860186b3d45ac83890167258f83512955dbce65f072d4e8c310cb9de,7,apply,succeeded,1788384727.528365,1788384727.530681,1788384808.61864,,95,95
1788390103.6837409,5,1,ghcr.io/talmolab/lablink-client-base-image:linux-amd64-test@sha256:1ec2fde6860186b3d45ac83890167258f83512955dbce65f072d4e8c310cb9de,8,destroy,succeeded,1788385076.969534,1788385076.971902,1788385973.63117,,95,95
1788390103.6837409,5,1,ghcr.io/talmolab/lablink-client-base-image:linux-amd64-test@sha256:1ec2fde6860186b3d45ac83890167258f83512955dbce65f072d4e8c310cb9de,9,apply,succeeded,1788389407.309799,1788389407.313231,1788389454.98231,,20,20
1788390108.721451,5,1,ghcr.io/talmolab/lablink-client-base-image:linux-amd64-test@sha256:1ec2fde6860186b3d45ac83890167258f83512955dbce65f072d4e8c310cb9de,1,apply,succeeded,1788380921.682491,1788380921.685047,1788380971.541328,,20,20
1788390108.721451,5,1,ghcr.io/talmolab/lablink-client-base-image:linux-amd64-test@sha256:1ec2fde6860186b3d45ac83890167258f83512955dbce65f072d4e8c310cb9de,2,destroy,succeeded,1788381612.379228,1788381612.381237,1788381939.351963,,20,20
1788390108.721451,5,1,ghcr.io/talmolab/lablink-client-base-image:linux-amd64-test@sha256:1ec2fde6860186b3d45ac83890167258f83512955dbce65f072d4e8c310cb9de,3,apply,succeeded,1788381976.63281,1788381976.63526,1788382026.043455,,20,20
1788390108.721451,5,1,ghcr.io/talmolab/lablink-client-base-image:linux-amd64-test@sha256:1ec2fde6860186b3d45ac83890167258f83512955dbce65f072d4e8c310cb9de,4,destroy,succeeded,1788382875.148234,1788382875.150169,1788383194.833905,,20,20
1788390108.721451,5,1,ghcr.io/talmolab/lablink-client-base-image:linux-amd64-test@sha256:1ec2fde6860186b3d45ac83890167258f83512955dbce65f072d4e8c310cb9de,5,apply,succeeded,1788383308.62635,1788383308.629388,1788383361.88001,,35,35
1788390108.721451,5,1,ghcr.io/talmolab/lablink-client-base-image:linux-amd64-test@sha256:1ec2fde6860186b3d45ac83890167258f83512955dbce65f072d4e8c310cb9de,6,destroy,succeeded,1788384337.446569,1788384337.448163,1788384657.690712,,35,35
1788390108.721451,5,1,ghcr.io/talmolab/lablink-client-base-image:linux-amd64-test@sha256:1ec2fde6860186b3d45ac83890167258f83512955dbce65f072d4e8c310cb9de,7,apply,succeeded,1788384727.528365,1788384727.530681,1788384808.61864,,95,95
1788390108.721451,5,1,ghcr.io/talmolab/lablink-client-base-image:linux-amd64-test@sha256:1ec2fde6860186b3d45ac83890167258f83512955dbce65f072d4e8c310cb9de,8,destroy,succeeded,1788385076.969534,1788385076.971902,1788385973.63117,,95,95
1788390108.721451,5,1,ghcr.io/talmolab/lablink-client-base-image:linux-amd64-test@sha256:1ec2fde6860186b3d45ac83890167258f83512955dbce65f072d4e8c310cb9de,9,apply,succeeded,1788389407.309799,1788389407.313231,1788389454.98231,,20,20
1788390113.663948,5,1,ghcr.io/talmolab/lablink-client-base-image:linux-amd64-test@sha256:1ec2fde6860186b3d45ac83890167258f83512955dbce65f072d4e8c310cb9de,1,apply,succeeded,1788380921.682491,1788380921.685047,1788380971.541328,,20,20
1788390113.663948,5,1,ghcr.io/talmolab/lablink-client-base-image:linux-amd64-test@sha256:1ec2fde6860186b3d45ac83890167258f83512955dbce65f072d4e8c310cb9de,2,destroy,succeeded,1788381612.379228,1788381612.381237,1788381939.351963,,20,20
1788390113.663948,5,1,ghcr.io/talmolab/lablink-client-base-image:linux-amd64-test@sha256:1ec2fde6860186b3d45ac83890167258f83512955dbce65f072d4e8c310cb9de,3,apply,succeeded,1788381976.63281,1788381976.63526,1788382026.043455,,20,20
1788390113.663948,5,1,ghcr.io/talmolab/lablink-client-base-image:linux-amd64-test@sha256:1ec2fde6860186b3d45ac83890167258f83512955dbce65f072d4e8c310cb9de,4,destroy,succeeded,1788382875.148234,1788382875.150169,1788383194.833905,,20,20
1788390113.663948,5,1,ghcr.io/talmolab/lablink-client-base-image:linux-amd64-test@sha256:1ec2fde6860186b3d45ac83890167258f83512955dbce65f072d4e8c310cb9de,5,apply,succeeded,1788383308.62635,1788383308.629388,1788383361.88001,,35,35
1788390113.663948,5,1,ghcr.io/talmolab/lablink-client-base-image:linux-amd64-test@sha256:1ec2fde6860186b3d45ac83890167258f83512955dbce65f072d4e8c310cb9de,6,destroy,succeeded,1788384337.446569,1788384337.448163,1788384657.690712,,35,35
1788390113.663948,5,1,ghcr.io/talmolab/lablink-client-base-image:linux-amd64-test@sha256:1ec2fde6860186b3d45ac83890167258f83512955dbce65f072d4e8c310cb9de,7,apply,succeeded,1788384727.528365,1788384727.530681,1788384808.61864,,95,95
1788390113.663948,5,1,ghcr.io/talmolab/lablink-client-base-image:linux-amd64-test@sha256:1ec2fde6860186b3d45ac83890167258f83512955dbce65f072d4e8c310cb9de,8,destroy,succeeded,1788385076.969534,1788385076.971902,1788385973.63117,,95,95
1788390113.663948,5,1,ghcr.io/talmolab/lablink-client-base-image:linux-amd64-test@sha256:1ec2fde6860186b3d45ac83890167258f83512955dbce65f072d4e8c310cb9de,9,apply,succeeded,1788389407.309799,1788389407.313231,1788389454.98231,,20,20
1788390118.854183,5,1,ghcr.io/talmolab/lablink-client-base-image:linux-amd64-test@sha256:1ec2fde6860186b3d45ac83890167258f83512955dbce65f072d4e8c310cb9de,1,apply,succeeded,1788380921.682491,1788380921.685047,1788380971.541328,,20,20
1788390118.854183,5,1,ghcr.io/talmolab/lablink-client-base-image:linux-amd64-test@sha256:1ec2fde6860186b3d45ac83890167258f83512955dbce65f072d4e8c310cb9de,2,destroy,succeeded,1788381612.379228,1788381612.381237,1788381939.351963,,20,20
1788390118.854183,5,1,ghcr.io/talmolab/lablink-client-base-image:linux-amd64-test@sha256:1ec2fde6860186b3d45ac83890167258f83512955dbce65f072d4e8c310cb9de,3,apply,succeeded,1788381976.63281,1788381976.63526,1788382026.043455,,20,20
1788390118.854183,5,1,ghcr.io/talmolab/lablink-client-base-image:linux-amd64-test@sha256:1ec2fde6860186b3d45ac83890167258f83512955dbce65f072d4e8c310cb9de,4,destroy,succeeded,1788382875.148234,1788382875.150169,1788383194.833905,,20,20
1788390118.854183,5,1,ghcr.io/talmolab/lablink-client-base-image:linux-amd64-test@sha256:1ec2fde6860186b3d45ac83890167258f83512955dbce65f072d4e8c310cb9de,5,apply,succeeded,1788383308.62635,1788383308.629388,1788383361.88001,,35,35
1788390118.854183,5,1,ghcr.io/talmolab/lablink-client-base-image:linux-amd64-test@sha256:1ec2fde6860186b3d45ac83890167258f83512955dbce65f072d4e8c310cb9de,6,destroy,succeeded,1788384337.446569,1788384337.448163,1788384657.690712,,35,35
1788390118.854183,5,1,ghcr.io/talmolab/lablink-client-base-image:linux-amd64-test@sha256:1ec2fde6860186b3d45ac83890167258f83512955dbce65f072d4e8c310cb9de,7,apply,succeeded,1788384727.528365,1788384727.530681,1788384808.61864,,95,95
1788390118.854183,5,1,ghcr.io/talmolab/lablink-client-base-image:linux-amd64-test@sha256:1ec2fde6860186b3d45ac83890167258f83512955dbce65f072d4e8c310cb9de,8,destroy,succeeded,1788385076.969534,1788385076.971902,1788385973.63117,,95,95
1788390118.854183,5,1,ghcr.io/talmolab/lablink-client-base-image:linux-amd64-test@sha256:1ec2fde6860186b3d45ac83890167258f83512955dbce65f072d4e8c310cb9de,9,apply,succeeded,1788389407.309799,1788389407.313231,1788389454.98231,,20,20
1788390123.822377,5,1,ghcr.io/talmolab/lablink-client-base-image:linux-amd64-test@sha256:1ec2fde6860186b3d45ac83890167258f83512955dbce65f072d4e8c310cb9de,1,apply,succeeded,1788380921.682491,1788380921.685047,1788380971.541328,,20,20
1788390123.822377,5,1,ghcr.io/talmolab/lablink-client-base-image:linux-amd64-test@sha256:1ec2fde6860186b3d45ac83890167258f83512955dbce65f072d4e8c310cb9de,2,destroy,succeeded,1788381612.379228,1788381612.381237,1788381939.351963,,20,20
1788390123.822377,5,1,ghcr.io/talmolab/lablink-client-base-image:linux-amd64-test@sha256:1ec2fde6860186b3d45ac83890167258f83512955dbce65f072d4e8c310cb9de,3,apply,succeeded,1788381976.63281,1788381976.63526,1788382026.043455,,20,20
1788390123.822377,5,1,ghcr.io/talmolab/lablink-client-base-image:linux-amd64-test@sha256:1ec2fde6860186b3d45ac83890167258f83512955dbce65f072d4e8c310cb9de,4,destroy,succeeded,1788382875.148234,1788382875.150169,1788383194.833905,,20,20
1788390123.822377,5,1,ghcr.io/talmolab/lablink-client-base-image:linux-amd64-test@sha256:1ec2fde6860186b3d45ac83890167258f83512955dbce65f072d4e8c310cb9de,5,apply,succeeded,1788383308.62635,1788383308.629388,1788383361.88001,,35,35
1788390123.822377,5,1,ghcr.io/talmolab/lablink-client-base-image:linux-amd64-test@sha256:1ec2fde6860186b3d45ac83890167258f83512955dbce65f072d4e8c310cb9de,6,destroy,succeeded,1788384337.446569,1788384337.448163,1788384657.690712,,35,35
1788390123.822377,5,1,ghcr.io/talmolab/lablink-client-base-image:linux-amd64-test@sha256:1ec2fde6860186b3d45ac83890167258f83512955dbce65f072d4e8c310cb9de,7,apply,succeeded,1788384727.528365,1788384727.530681,1788384808.61864,,95,95
1788390123.822377,5,1,ghcr.io/talmolab/lablink-client-base-image:linux-amd64-test@sha256:1ec2fde6860186b3d45ac83890167258f83512955dbce65f072d4e8c310cb9de,8,destroy,succeeded,1788385076.969534,1788385076.971902,1788385973.63117,,95,95
1788390123.822377,5,1,ghcr.io/talmolab/lablink-client-base-image:linux-amd64-test@sha256:1ec2fde6860186b3d45ac83890167258f83512955dbce65f072d4e8c310cb9de,9,apply,succeeded,1788389407.309799,1788389407.313231,1788389454.98231,,20,20
1788390128.815912,5,1,ghcr.io/talmolab/lablink-client-base-image:linux-amd64-test@sha256:1ec2fde6860186b3d45ac83890167258f83512955dbce65f072d4e8c310cb9de,1,apply,succeeded,1788380921.682491,1788380921.685047,1788380971.541328,,20,20
1788390128.815912,5,1,ghcr.io/talmolab/lablink-client-base-image:linux-amd64-test@sha256:1ec2fde6860186b3d45ac83890167258f83512955dbce65f072d4e8c310cb9de,2,destroy,succeeded,1788381612.379228,1788381612.381237,1788381939.351963,,20,20
1788390128.815912,5,1,ghcr.io/talmolab/lablink-client-base-image:linux-amd64-test@sha256:1ec2fde6860186b3d45ac83890167258f83512955dbce65f072d4e8c310cb9de,3,apply,succeeded,1788381976.63281,1788381976.63526,1788382026.043455,,20,20
1788390128.815912,5,1,ghcr.io/talmolab/lablink-client-base-image:linux-amd64-test@sha256:1ec2fde6860186b3d45ac83890167258f83512955dbce65f072d4e8c310cb9de,4,destroy,succeeded,1788382875.148234,1788382875.150169,1788383194.833905,,20,20
1788390128.815912,5,1,ghcr.io/talmolab/lablink-client-base-image:linux-amd64-test@sha256:1ec2fde6860186b3d45ac83890167258f83512955dbce65f072d4e8c310cb9de,5,apply,succeeded,1788383308.62635,1788383308.629388,1788383361.88001,,35,35
1788390128.815912,5,1,ghcr.io/talmolab/lablink-client-base-image:linux-amd64-test@sha256:1ec2fde6860186b3d45ac83890167258f83512955dbce65f072d4e8c310cb9de,6,destroy,succeeded,1788384337.446569,1788384337.448163,1788384657.690712,,35,35
1788390128.815912,5,1,ghcr.io/talmolab/lablink-client-base-image:linux-amd64-test@sha256:1ec2fde6860186b3d45ac83890167258f83512955dbce65f072d4e8c310cb9de,7,apply,succeeded,1788384727.528365,1788384727.530681,1788384808.61864,,95,95
1788390128.815912,5,1,ghcr.io/talmolab/lablink-client-base-image:linux-amd64-test@sha256:1ec2fde6860186b3d45ac83890167258f83512955dbce65f072d4e8c310cb9de,8,destroy,succeeded,1788385076.969534,1788385076.971902,1788385973.63117,,95,95
1788390128.815912,5,1,ghcr.io/talmolab/lablink-client-base-image:linux-amd64-test@sha256:1ec2fde6860186b3d45ac83890167258f83512955dbce65f072d4e8c310cb9de,9,apply,succeeded,1788389407.309799,1788389407.313231,1788389454.98231,,20,20
1788390133.791599,5,1,ghcr.io/talmolab/lablink-client-base-image:linux-amd64-test@sha256:1ec2fde6860186b3d45ac83890167258f83512955dbce65f072d4e8c310cb9de,1,apply,succeeded,1788380921.682491,1788380921.685047,1788380971.541328,,20,20
1788390133.791599,5,1,ghcr.io/talmolab/lablink-client-base-image:linux-amd64-test@sha256:1ec2fde6860186b3d45ac83890167258f83512955dbce65f072d4e8c310cb9de,2,destroy,succeeded,1788381612.379228,1788381612.381237,1788381939.351963,,20,20
1788390133.791599,5,1,ghcr.io/talmolab/lablink-client-base-image:linux-amd64-test@sha256:1ec2fde6860186b3d45ac83890167258f83512955dbce65f072d4e8c310cb9de,3,apply,succeeded,1788381976.63281,1788381976.63526,1788382026.043455,,20,20
1788390133.791599,5,1,ghcr.io/talmolab/lablink-client-base-image:linux-amd64-test@sha256:1ec2fde6860186b3d45ac83890167258f83512955dbce65f072d4e8c310cb9de,4,destroy,succeeded,1788382875.148234,1788382875.150169,1788383194.833905,,20,20
1788390133.791599,5,1,ghcr.io/talmolab/lablink-client-base-image:linux-amd64-test@sha256:1ec2fde6860186b3d45ac83890167258f83512955dbce65f072d4e8c310cb9de,5,apply,succeeded,1788383308.62635,1788383308.629388,1788383361.88001,,35,35
1788390133.791599,5,1,ghcr.io/talmolab/lablink-client-base-image:linux-amd64-test@sha256:1ec2fde6860186b3d45ac83890167258f83512955dbce65f072d4e8c310cb9de,6,destroy,succeeded,1788384337.446569,1788384337.448163,1788384657.690712,,35,35
1788390133.791599,5,1,ghcr.io/talmolab/lablink-client-base-image:linux-amd64-test@sha256:1ec2fde6860186b3d45ac83890167258f83512955dbce65f072d4e8c310cb9de,7,apply,succeeded,1788384727.528365,1788384727.530681,1788384808.61864,,95,95
1788390133.791599,5,1,ghcr.io/talmolab/lablink-client-base-image:linux-amd64-test@sha256:1ec2fde6860186b3d45ac83890167258f83512955dbce65f072d4e8c310cb9de,8,destroy,succeeded,1788385076.969534,1788385076.971902,1788385973.63117,,95,95
1788390133.791599,5,1,ghcr.io/talmolab/lablink-client-base-image:linux-amd64-test@sha256:1ec2fde6860186b3d45ac83890167258f83512955dbce65f072d4e8c310cb9de,9,apply,succeeded,1788389407.309799,1788389407.313231,1788389454.98231,,20,20
1788390138.779278,5,1,ghcr.io/talmolab/lablink-client-base-image:linux-amd64-test@sha256:1ec2fde6860186b3d45ac83890167258f83512955dbce65f072d4e8c310cb9de,1,apply,succeeded,1788380921.682491,1788380921.685047,1788380971.541328,,20,20
1788390138.779278,5,1,ghcr.io/talmolab/lablink-client-base-image:linux-amd64-test@sha256:1ec2fde6860186b3d45ac83890167258f83512955dbce65f072d4e8c310cb9de,2,destroy,succeeded,1788381612.379228,1788381612.381237,1788381939.351963,,20,20
1788390138.779278,5,1,ghcr.io/talmolab/lablink-client-base-image:linux-amd64-test@sha256:1ec2fde6860186b3d45ac83890167258f83512955dbce65f072d4e8c310cb9de,3,apply,succeeded,1788381976.63281,1788381976.63526,1788382026.043455,,20,20
1788390138.779278,5,1,ghcr.io/talmolab/lablink-client-base-image:linux-amd64-test@sha256:1ec2fde6860186b3d45ac83890167258f83512955dbce65f072d4e8c310cb9de,4,destroy,succeeded,1788382875.148234,1788382875.150169,1788383194.833905,,20,20
1788390138.779278,5,1,ghcr.io/talmolab/lablink-client-base-image:linux-amd64-test@sha256:1ec2fde6860186b3d45ac83890167258f83512955dbce65f072d4e8c310cb9de,5,apply,succeeded,1788383308.62635,1788383308.629388,1788383361.88001,,35,35
1788390138.779278,5,1,ghcr.io/talmolab/lablink-client-base-image:linux-amd64-test@sha256:1ec2fde6860186b3d45ac83890167258f83512955dbce65f072d4e8c310cb9de,6,destroy,succeeded,1788384337.446569,1788384337.448163,1788384657.690712,,35,35
1788390138.779278,5,1,ghcr.io/talmolab/lablink-client-base-image:linux-amd64-test@sha256:1ec2fde6860186b3d45ac83890167258f83512955dbce65f072d4e8c310cb9de,7,apply,succeeded,1788384727.528365,1788384727.530681,1788384808.61864,,95,95
1788390138.779278,5,1,ghcr.io/talmolab/lablink-client-base-image:linux-amd64-test@sha256:1ec2fde6860186b3d45ac83890167258f83512955dbce65f072d4e8c310cb9de,8,destroy,succeeded,1788385076.969534,1788385076.971902,1788385973.63117,,95,95
1788390138.779278,5,1,ghcr.io/talmolab/lablink-client-base-image:linux-amd64-test@sha256:1ec2fde6860186b3d45ac83890167258f83512955dbce65f072d4e8c310cb9de,9,apply,succeeded,1788389407.309799,1788389407.313231,1788389454.98231,,20,20
1788390143.7629728,5,1,ghcr.io/talmolab/lablink-client-base-image:linux-amd64-test@sha256:1ec2fde6860186b3d45ac83890167258f83512955dbce65f072d4e8c310cb9de,1,apply,succeeded,1788380921.682491,1788380921.685047,1788380971.541328,,20,20
1788390143.7629728,5,1,ghcr.io/talmolab/lablink-client-base-image:linux-amd64-test@sha256:1ec2fde6860186b3d45ac83890167258f83512955dbce65f072d4e8c310cb9de,2,destroy,succeeded,1788381612.379228,1788381612.381237,1788381939.351963,,20,20
1788390143.7629728,5,1,ghcr.io/talmolab/lablink-client-base-image:linux-amd64-test@sha256:1ec2fde6860186b3d45ac83890167258f83512955dbce65f072d4e8c310cb9de,3,apply,succeeded,1788381976.63281,1788381976.63526,1788382026.043455,,20,20
1788390143.7629728,5,1,ghcr.io/talmolab/lablink-client-base-image:linux-amd64-test@sha256:1ec2fde6860186b3d45ac83890167258f83512955dbce65f072d4e8c310cb9de,4,destroy,succeeded,1788382875.148234,1788382875.150169,1788383194.833905,,20,20
1788390143.7629728,5,1,ghcr.io/talmolab/lablink-client-base-image:linux-amd64-test@sha256:1ec2fde6860186b3d45ac83890167258f83512955dbce65f072d4e8c310cb9de,5,apply,succeeded,1788383308.62635,1788383308.629388,1788383361.88001,,35,35
1788390143.7629728,5,1,ghcr.io/talmolab/lablink-client-base-image:linux-amd64-test@sha256:1ec2fde6860186b3d45ac83890167258f83512955dbce65f072d4e8c310cb9de,6,destroy,succeeded,1788384337.446569,1788384337.448163,1788384657.690712,,35,35
1788390143.7629728,5,1,ghcr.io/talmolab/lablink-client-base-image:linux-amd64-test@sha256:1ec2fde6860186b3d45ac83890167258f83512955dbce65f072d4e8c310cb9de,7,apply,succeeded,1788384727.528365,1788384727.530681,1788384808.61864,,95,95
1788390143.7629728,5,1,ghcr.io/talmolab/lablink-client-base-image:linux-amd64-test@sha256:1ec2fde6860186b3d45ac83890167258f83512955dbce65f072d4e8c310cb9de,8,destroy,succeeded,1788385076.969534,1788385076.971902,1788385973.63117,,95,95
1788390143.7629728,5,1,ghcr.io/talmolab/lablink-client-base-image:linux-amd64-test@sha256:1ec2fde6860186b3d45ac83890167258f83512955dbce65f072d4e8c310cb9de,9,apply,succeeded,1788389407.309799,1788389407.313231,1788389454.98231,,20,20
1788390148.825888,5,1,ghcr.io/talmolab/lablink-client-base-image:linux-amd64-test@sha256:1ec2fde6860186b3d45ac83890167258f83512955dbce65f072d4e8c310cb9de,1,apply,succeeded,1788380921.682491,1788380921.685047,1788380971.541328,,20,20
1788390148.825888,5,1,ghcr.io/talmolab/lablink-client-base-image:linux-amd64-test@sha256:1ec2fde6860186b3d45ac83890167258f83512955dbce65f072d4e8c310cb9de,2,destroy,succeeded,1788381612.379228,1788381612.381237,1788381939.351963,,20,20
1788390148.825888,5,1,ghcr.io/talmolab/lablink-client-base-image:linux-amd64-test@sha256:1ec2fde6860186b3d45ac83890167258f83512955dbce65f072d4e8c310cb9de,3,apply,succeeded,1788381976.63281,1788381976.63526,1788382026.043455,,20,20
1788390148.825888,5,1,ghcr.io/talmolab/lablink-client-base-image:linux-amd64-test@sha256:1ec2fde6860186b3d45ac83890167258f83512955dbce65f072d4e8c310cb9de,4,destroy,succeeded,1788382875.148234,1788382875.150169,1788383194.833905,,20,20
1788390148.825888,5,1,ghcr.io/talmolab/lablink-client-base-image:linux-amd64-test@sha256:1ec2fde6860186b3d45ac83890167258f83512955dbce65f072d4e8c310cb9de,5,apply,succeeded,1788383308.62635,1788383308.629388,1788383361.88001,,35,35
1788390148.825888,5,1,ghcr.io/talmolab/lablink-client-base-image:linux-amd64-test@sha256:1ec2fde6860186b3d45ac83890167258f83512955dbce65f072d4e8c310cb9de,6,destroy,succeeded,1788384337.446569,1788384337.448163,1788384657.690712,,35,35
1788390148.825888,5,1,ghcr.io/talmolab/lablink-client-base-image:linux-amd64-test@sha256:1ec2fde6860186b3d45ac83890167258f83512955dbce65f072d4e8c310cb9de,7,apply,succeeded,1788384727.528365,1788384727.530681,1788384808.61864,,95,95
1788390148.825888,5,1,ghcr.io/talmolab/lablink-client-base-image:linux-amd64-test@sha256:1ec2fde6860186b3d45ac83890167258f83512955dbce65f072d4e8c310cb9de,8,destroy,succeeded,1788385076.969534,1788385076.971902,1788385973.63117,,95,95
1788390148.825888,5,1,ghcr.io/talmolab/lablink-client-base-image:linux-amd64-test@sha256:1ec2fde6860186b3d45ac83890167258f83512955dbce65f072d4e8c310cb9de,9,apply,succeeded,1788389407.309799,1788389407.313231,1788389454.98231,,20,20
1788390154.3245382,5,1,ghcr.io/talmolab/lablink-client-base-image:linux-amd64-test@sha256:1ec2fde6860186b3d45ac83890167258f83512955dbce65f072d4e8c310cb9de,1,apply,succeeded,1788380921.682491,1788380921.685047,1788380971.541328,,20,20
1788390154.3245382,5,1,ghcr.io/talmolab/lablink-client-base-image:linux-amd64-test@sha256:1ec2fde6860186b3d45ac83890167258f83512955dbce65f072d4e8c310cb9de,2,destroy,succeeded,1788381612.379228,1788381612.381237,1788381939.351963,,20,20
1788390154.3245382,5,1,ghcr.io/talmolab/lablink-client-base-image:linux-amd64-test@sha256:1ec2fde6860186b3d45ac83890167258f83512955dbce65f072d4e8c310cb9de,3,apply,succeeded,1788381976.63281,1788381976.63526,1788382026.043455,,20,20
1788390154.3245382,5,1,ghcr.io/talmolab/lablink-client-base-image:linux-amd64-test@sha256:1ec2fde6860186b3d45ac83890167258f83512955dbce65f072d4e8c310cb9de,4,destroy,succeeded,1788382875.148234,1788382875.150169,1788383194.833905,,20,20
1788390154.3245382,5,1,ghcr.io/talmolab/lablink-client-base-image:linux-amd64-test@sha256:1ec2fde6860186b3d45ac83890167258f83512955dbce65f072d4e8c310cb9de,5,apply,succeeded,1788383308.62635,1788383308.629388,1788383361.88001,,35,35
1788390154.3245382,5,1,ghcr.io/talmolab/lablink-client-base-image:linux-amd64-test@sha256:1ec2fde6860186b3d45ac83890167258f83512955dbce65f072d4e8c310cb9de,6,destroy,succeeded,1788384337.446569,1788384337.448163,1788384657.690712,,35,35
1788390154.3245382,5,1,ghcr.io/talmolab/lablink-client-base-image:linux-amd64-test@sha256:1ec2fde6860186b3d45ac83890167258f83512955dbce65f072d4e8c310cb9de,7,apply,succeeded,1788384727.528365,1788384727.530681,1788384808.61864,,95,95
1788390154.3245382,5,1,ghcr.io/talmolab/lablink-client-base-image:linux-amd64-test@sha256:1ec2fde6860186b3d45ac83890167258f83512955dbce65f072d4e8c310cb9de,8,destroy,succeeded,1788385076.969534,1788385076.971902,1788385973.63117,,95,95
1788390154.3245382,5,1,ghcr.io/talmolab/lablink-client-base-image:linux-amd64-test@sha256:1ec2fde6860186b3d45ac83890167258f83512955dbce65f072d4e8c310cb9de,9,apply,succeeded,1788389407.309799,1788389407.313231,1788389454.98231,,20,20
1788390158.8543239,5,1,ghcr.io/talmolab/lablink-client-base-image:linux-amd64-test@sha256:1ec2fde6860186b3d45ac83890167258f83512955dbce65f072d4e8c310cb9de,1,apply,succeeded,1788380921.682491,1788380921.685047,1788380971.541328,,20,20
1788390158.8543239,5,1,ghcr.io/talmolab/lablink-client-base-image:linux-amd64-test@sha256:1ec2fde6860186b3d45ac83890167258f83512955dbce65f072d4e8c310cb9de,2,destroy,succeeded,1788381612.379228,1788381612.381237,1788381939.351963,,20,20
1788390158.8543239,5,1,ghcr.io/talmolab/lablink-client-base-image:linux-amd64-test@sha256:1ec2fde6860186b3d45ac83890167258f83512955dbce65f072d4e8c310cb9de,3,apply,succeeded,1788381976.63281,1788381976.63526,1788382026.043455,,20,20
1788390158.8543239,5,1,ghcr.io/talmolab/lablink-client-base-image:linux-amd64-test@sha256:1ec2fde6860186b3d45ac83890167258f83512955dbce65f072d4e8c310cb9de,4,destroy,succeeded,1788382875.148234,1788382875.150169,1788383194.833905,,20,20
1788390158.8543239,5,1,ghcr.io/talmolab/lablink-client-base-image:linux-amd64-test@sha256:1ec2fde6860186b3d45ac83890167258f83512955dbce65f072d4e8c310cb9de,5,apply,succeeded,1788383308.62635,1788383308.629388,1788383361.88001,,35,35
1788390158.8543239,5,1,ghcr.io/talmolab/lablink-client-base-image:linux-amd64-test@sha256:1ec2fde6860186b3d45ac83890167258f83512955dbce65f072d4e8c310cb9de,6,destroy,succeeded,1788384337.446569,1788384337.448163,1788384657.690712,,35,35
1788390158.8543239,5,1,ghcr.io/talmolab/lablink-client-base-image:linux-amd64-test@sha256:1ec2fde6860186b3d45ac83890167258f83512955dbce65f072d4e8c310cb9de,7,apply,succeeded,1788384727.528365,1788384727.530681,1788384808.61864,,95,95
1788390158.8543239,5,1,ghcr.io/talmolab/lablink-client-base-image:linux-amd64-test@sha256:1ec2fde6860186b3d45ac83890167258f83512955dbce65f072d4e8c310cb9de,8,destroy,succeeded,1788385076.969534,1788385076.971902,1788385973.63117,,95,95
1788390158.8543239,5,1,ghcr.io/talmolab/lablink-client-base-image:linux-amd64-test@sha256:1ec2fde6860186b3d45ac83890167258f83512955dbce65f072d4e8c310cb9de,9,apply,succeeded,1788389407.309799,1788389407.313231,1788389454.98231,,20,20
1788390163.7984488,5,1,ghcr.io/talmolab/lablink-client-base-image:linux-amd64-test@sha256:1ec2fde6860186b3d45ac83890167258f83512955dbce65f072d4e8c310cb9de,1,apply,succeeded,1788380921.682491,1788380921.685047,1788380971.541328,,20,20
1788390163.7984488,5,1,ghcr.io/talmolab/lablink-client-base-image:linux-amd64-test@sha256:1ec2fde6860186b3d45ac83890167258f83512955dbce65f072d4e8c310cb9de,2,destroy,succeeded,1788381612.379228,1788381612.381237,1788381939.351963,,20,20
1788390163.7984488,5,1,ghcr.io/talmolab/lablink-client-base-image:linux-amd64-test@sha256:1ec2fde6860186b3d45ac83890167258f83512955dbce65f072d4e8c310cb9de,3,apply,succeeded,1788381976.63281,1788381976.63526,1788382026.043455,,20,20
1788390163.7984488,5,1,ghcr.io/talmolab/lablink-client-base-image:linux-amd64-test@sha256:1ec2fde6860186b3d45ac83890167258f83512955dbce65f072d4e8c310cb9de,4,destroy,succeeded,1788382875.148234,1788382875.150169,1788383194.833905,,20,20
1788390163.7984488,5,1,ghcr.io/talmolab/lablink-client-base-image:linux-amd64-test@sha256:1ec2fde6860186b3d45ac83890167258f83512955dbce65f072d4e8c310cb9de,5,apply,succeeded,1788383308.62635,1788383308.629388,1788383361.88001,,35,35
1788390163.7984488,5,1,ghcr.io/talmolab/lablink-client-base-image:linux-amd64-test@sha256:1ec2fde6860186b3d45ac83890167258f83512955dbce65f072d4e8c310cb9de,6,destroy,succeeded,1788384337.446569,1788384337.448163,1788384657.690712,,35,35
1788390163.7984488,5,1,ghcr.io/talmolab/lablink-client-base-image:linux-amd64-test@sha256:1ec2fde6860186b3d45ac83890167258f83512955dbce65f072d4e8c310cb9de,7,apply,succeeded,1788384727.528365,1788384727.530681,1788384808.61864,,95,95
1788390163.7984488,5,1,ghcr.io/talmolab/lablink-client-base-image:linux-amd64-test@sha256:1ec2fde6860186b3d45ac83890167258f83512955dbce65f072d4e8c310cb9de,8,destroy,succeeded,1788385076.969534,1788385076.971902,1788385973.63117,,95,95
1788390163.7984488,5,1,ghcr.io/talmolab/lablink-client-base-image:linux-amd64-test@sha256:1ec2fde6860186b3d45ac83890167258f83512955dbce65f072d4e8c310cb9de,9,apply,succeeded,1788389407.309799,1788389407.313231,1788389454.98231,,20,20
1788390168.83293,5,1,ghcr.io/talmolab/lablink-client-base-image:linux-amd64-test@sha256:1ec2fde6860186b3d45ac83890167258f83512955dbce65f072d4e8c310cb9de,1,apply,succeeded,1788380921.682491,1788380921.685047,1788380971.541328,,20,20
1788390168.83293,5,1,ghcr.io/talmolab/lablink-client-base-image:linux-amd64-test@sha256:1ec2fde6860186b3d45ac83890167258f83512955dbce65f072d4e8c310cb9de,2,destroy,succeeded,1788381612.379228,1788381612.381237,1788381939.351963,,20,20
1788390168.83293,5,1,ghcr.io/talmolab/lablink-client-base-image:linux-amd64-test@sha256:1ec2fde6860186b3d45ac83890167258f83512955dbce65f072d4e8c310cb9de,3,apply,succeeded,1788381976.63281,1788381976.63526,1788382026.043455,,20,20
1788390168.83293,5,1,ghcr.io/talmolab/lablink-client-base-image:linux-amd64-test@sha256:1ec2fde6860186b3d45ac83890167258f83512955dbce65f072d4e8c310cb9de,4,destroy,succeeded,1788382875.148234,1788382875.150169,1788383194.833905,,20,20
1788390168.83293,5,1,ghcr.io/talmolab/lablink-client-base-image:linux-amd64-test@sha256:1ec2fde6860186b3d45ac83890167258f83512955dbce65f072d4e8c310cb9de,5,apply,succeeded,1788383308.62635,1788383308.629388,1788383361.88001,,35,35
1788390168.83293,5,1,ghcr.io/talmolab/lablink-client-base-image:linux-amd64-test@sha256:1ec2fde6860186b3d45ac83890167258f83512955dbce65f072d4e8c310cb9de,6,destroy,succeeded,1788384337.446569,1788384337.448163,1788384657.690712,,35,35
1788390168.83293,5,1,ghcr.io/talmolab/lablink-client-base-image:linux-amd64-test@sha256:1ec2fde6860186b3d45ac83890167258f83512955dbce65f072d4e8c310cb9de,7,apply,succeeded,1788384727.528365,1788384727.530681,1788384808.61864,,95,95
1788390168.83293,5,1,ghcr.io/talmolab/lablink-client-base-image:linux-amd64-test@sha256:1ec2fde6860186b3d45ac83890167258f83512955dbce65f072d4e8c310cb9de,8,destroy,succeeded,1788385076.969534,1788385076.971902,1788385973.63117,,95,95
1788390168.83293,5,1,ghcr.io/talmolab/lablink-client-base-image:linux-amd64-test@sha256:1ec2fde6860186b3d45ac83890167258f83512955dbce65f072d4e8c310cb9de,9,apply,succeeded,1788389407.309799,1788389407.313231,1788389454.98231,,20,20
1788390173.854235,5,1,ghcr.io/talmolab/lablink-client-base-image:linux-amd64-test@sha256:1ec2fde6860186b3d45ac83890167258f83512955dbce65f072d4e8c310cb9de,1,apply,succeeded,1788380921.682491,1788380921.685047,1788380971.541328,,20,20
1788390173.854235,5,1,ghcr.io/talmolab/lablink-client-base-image:linux-amd64-test@sha256:1ec2fde6860186b3d45ac83890167258f83512955dbce65f072d4e8c310cb9de,2,destroy,succeeded,1788381612.379228,1788381612.381237,1788381939.351963,,20,20
1788390173.854235,5,1,ghcr.io/talmolab/lablink-client-base-image:linux-amd64-test@sha256:1ec2fde6860186b3d45ac83890167258f83512955dbce65f072d4e8c310cb9de,3,apply,succeeded,1788381976.63281,1788381976.63526,1788382026.043455,,20,20
1788390173.854235,5,1,ghcr.io/talmolab/lablink-client-base-image:linux-amd64-test@sha256:1ec2fde6860186b3d45ac83890167258f83512955dbce65f072d4e8c310cb9de,4,destroy,succeeded,1788382875.148234,1788382875.150169,1788383194.833905,,20,20
1788390173.854235,5,1,ghcr.io/talmolab/lablink-client-base-image:linux-amd64-test@sha256:1ec2fde6860186b3d45ac83890167258f83512955dbce65f072d4e8c310cb9de,5,apply,succeeded,1788383308.62635,1788383308.629388,1788383361.88001,,35,35
1788390173.854235,5,1,ghcr.io/talmolab/lablink-client-base-image:linux-amd64-test@sha256:1ec2fde6860186b3d45ac83890167258f83512955dbce65f072d4e8c310cb9de,6,destroy,succeeded,1788384337.446569,1788384337.448163,1788384657.690712,,35,35
1788390173.854235,5,1,ghcr.io/talmolab/lablink-client-base-image:linux-amd64-test@sha256:1ec2fde6860186b3d45ac83890167258f83512955dbce65f072d4e8c310cb9de,7,apply,succeeded,1788384727.528365,1788384727.530681,1788384808.61864,,95,95
1788390173.854235,5,1,ghcr.io/talmolab/lablink-client-base-image:linux-amd64-test@sha256:1ec2fde6860186b3d45ac83890167258f83512955dbce65f072d4e8c310cb9de,8,destroy,succeeded,1788385076.969534,1788385076.971902,1788385973.63117,,95,95
1788390173.854235,5,1,ghcr.io/talmolab/lablink-client-base-image:linux-amd64-test@sha256:1ec2fde6860186b3d45ac83890167258f83512955dbce65f072d4e8c310cb9de,9,apply,succeeded,1788389407.309799,1788389407.313231,1788389454.98231,,20,20
1788390178.829679,5,1,ghcr.io/talmolab/lablink-client-base-image:linux-amd64-test@sha256:1ec2fde6860186b3d45ac83890167258f83512955dbce65f072d4e8c310cb9de,1,apply,succeeded,1788380921.682491,1788380921.685047,1788380971.541328,,20,20
1788390178.829679,5,1,ghcr.io/talmolab/lablink-client-base-image:linux-amd64-test@sha256:1ec2fde6860186b3d45ac83890167258f83512955dbce65f072d4e8c310cb9de,2,destroy,succeeded,1788381612.379228,1788381612.381237,1788381939.351963,,20,20
1788390178.829679,5,1,ghcr.io/talmolab/lablink-client-base-image:linux-amd64-test@sha256:1ec2fde6860186b3d45ac83890167258f83512955dbce65f072d4e8c310cb9de,3,apply,succeeded,1788381976.63281,1788381976.63526,1788382026.043455,,20,20
1788390178.829679,5,1,ghcr.io/talmolab/lablink-client-base-image:linux-amd64-test@sha256:1ec2fde6860186b3d45ac83890167258f83512955dbce65f072d4e8c310cb9de,4,destroy,succeeded,1788382875.148234,1788382875.150169,1788383194.833905,,20,20
1788390178.829679,5,1,ghcr.io/talmolab/lablink-client-base-image:linux-amd64-test@sha256:1ec2fde6860186b3d45ac83890167258f83512955dbce65f072d4e8c310cb9de,5,apply,succeeded,1788383308.62635,1788383308.629388,1788383361.88001,,35,35
1788390178.829679,5,1,ghcr.io/talmolab/lablink-client-base-image:linux-amd64-test@sha256:1ec2fde6860186b3d45ac83890167258f83512955dbce65f072d4e8c310cb9de,6,destroy,succeeded,1788384337.446569,1788384337.448163,1788384657.690712,,35,35
1788390178.829679,5,1,ghcr.io/talmolab/lablink-client-base-image:linux-amd64-test@sha256:1ec2fde6860186b3d45ac83890167258f83512955dbce65f072d4e8c310cb9de,7,apply,succeeded,1788384727.528365,1788384727.530681,1788384808.61864,,95,95
1788390178.829679,5,1,ghcr.io/talmolab/lablink-client-base-image:linux-amd64-test@sha256:1ec2fde6860186b3d45ac83890167258f83512955dbce65f072d4e8c310cb9de,8,destroy,succeeded,1788385076.969534,1788385076.971902,1788385973.63117,,95,95
1788390178.829679,5,1,ghcr.io/talmolab/lablink-client-base-image:linux-amd64-test@sha256:1ec2fde6860186b3d45ac83890167258f83512955dbce65f072d4e8c310cb9de,9,apply,succeeded,1788389407.309799,1788389407.313231,1788389454.98231,,20,20
1788390183.81647,5,1,ghcr.io/talmolab/lablink-client-base-image:linux-amd64-test@sha256:1ec2fde6860186b3d45ac83890167258f83512955dbce65f072d4e8c310cb9de,1,apply,succeeded,1788380921.682491,1788380921.685047,1788380971.541328,,20,20
1788390183.81647,5,1,ghcr.io/talmolab/lablink-client-base-image:linux-amd64-test@sha256:1ec2fde6860186b3d45ac83890167258f83512955dbce65f072d4e8c310cb9de,2,destroy,succeeded,1788381612.379228,1788381612.381237,1788381939.351963,,20,20
1788390183.81647,5,1,ghcr.io/talmolab/lablink-client-base-image:linux-amd64-test@sha256:1ec2fde6860186b3d45ac83890167258f83512955dbce65f072d4e8c310cb9de,3,apply,succeeded,1788381976.63281,1788381976.63526,1788382026.043455,,20,20
1788390183.81647,5,1,ghcr.io/talmolab/lablink-client-base-image:linux-amd64-test@sha256:1ec2fde6860186b3d45ac83890167258f83512955dbce65f072d4e8c310cb9de,4,destroy,succeeded,1788382875.148234,1788382875.150169,1788383194.833905,,20,20
1788390183.81647,5,1,ghcr.io/talmolab/lablink-client-base-image:linux-amd64-test@sha256:1ec2fde6860186b3d45ac83890167258f83512955dbce65f072d4e8c310cb9de,5,apply,succeeded,1788383308.62635,1788383308.629388,1788383361.88001,,35,35
1788390183.81647,5,1,ghcr.io/talmolab/lablink-client-base-image:linux-amd64-test@sha256:1ec2fde6860186b3d45ac83890167258f83512955dbce65f072d4e8c310cb9de,6,destroy,succeeded,1788384337.446569,1788384337.448163,1788384657.690712,,35,35
1788390183.81647,5,1,ghcr.io/talmolab/lablink-client-base-image:linux-amd64-test@sha256:1ec2fde6860186b3d45ac83890167258f83512955dbce65f072d4e8c310cb9de,7,apply,succeeded,1788384727.528365,1788384727.530681,1788384808.61864,,95,95
1788390183.81647,5,1,ghcr.io/talmolab/lablink-client-base-image:linux-amd64-test@sha256:1ec2fde6860186b3d45ac83890167258f83512955dbce65f072d4e8c310cb9de,8,destroy,succeeded,1788385076.969534,1788385076.971902,1788385973.63117,,95,95
1788390183.81647,5,1,ghcr.io/talmolab/lablink-client-base-image:linux-amd64-test@sha256:1ec2fde6860186b3d45ac83890167258f83512955dbce65f072d4e8c310cb9de,9,apply,succeeded,1788389407.309799,1788389407.313231,1788389454.98231,,20,20
1788390188.791224,5,1,ghcr.io/talmolab/lablink-client-base-image:linux-amd64-test@sha256:1ec2fde6860186b3d45ac83890167258f83512955dbce65f072d4e8c310cb9de,1,apply,succeeded,1788380921.682491,1788380921.685047,1788380971.541328,,20,20
1788390188.791224,5,1,ghcr.io/talmolab/lablink-client-base-image:linux-amd64-test@sha256:1ec2fde6860186b3d45ac83890167258f83512955dbce65f072d4e8c310cb9de,2,destroy,succeeded,1788381612.379228,1788381612.381237,1788381939.351963,,20,20
1788390188.791224,5,1,ghcr.io/talmolab/lablink-client-base-image:linux-amd64-test@sha256:1ec2fde6860186b3d45ac83890167258f83512955dbce65f072d4e8c310cb9de,3,apply,succeeded,1788381976.63281,1788381976.63526,1788382026.043455,,20,20
1788390188.791224,5,1,ghcr.io/talmolab/lablink-client-base-image:linux-amd64-test@sha256:1ec2fde6860186b3d45ac83890167258f83512955dbce65f072d4e8c310cb9de,4,destroy,succeeded,1788382875.148234,1788382875.150169,1788383194.833905,,20,20
1788390188.791224,5,1,ghcr.io/talmolab/lablink-client-base-image:linux-amd64-test@sha256:1ec2fde6860186b3d45ac83890167258f83512955dbce65f072d4e8c310cb9de,5,apply,succeeded,1788383308.62635,1788383308.629388,1788383361.88001,,35,35
1788390188.791224,5,1,ghcr.io/talmolab/lablink-client-base-image:linux-amd64-test@sha256:1ec2fde6860186b3d45ac83890167258f83512955dbce65f072d4e8c310cb9de,6,destroy,succeeded,1788384337.446569,1788384337.448163,1788384657.690712,,35,35
1788390188.791224,5,1,ghcr.io/talmolab/lablink-client-base-image:linux-amd64-test@sha256:1ec2fde6860186b3d45ac83890167258f83512955dbce65f072d4e8c310cb9de,7,apply,succeeded,1788384727.528365,1788384727.530681,1788384808.61864,,95,95
1788390188.791224,5,1,ghcr.io/talmolab/lablink-client-base-image:linux-amd64-test@sha256:1ec2fde6860186b3d45ac83890167258f83512955dbce65f072d4e8c310cb9de,8,destroy,succeeded,1788385076.969534,1788385076.971902,1788385973.63117,,95,95
1788390188.791224,5,1,ghcr.io/talmolab/lablink-client-base-image:linux-amd64-test@sha256:1ec2fde6860186b3d45ac83890167258f83512955dbce65f072d4e8c310cb9de,9,apply,succeeded,1788389407.309799,1788389407.313231,1788389454.98231,,20,20
1788390193.780671,5,1,ghcr.io/talmolab/lablink-client-base-image:linux-amd64-test@sha256:1ec2fde6860186b3d45ac83890167258f83512955dbce65f072d4e8c310cb9de,1,apply,succeeded,1788380921.682491,1788380921.685047,1788380971.541328,,20,20
1788390193.780671,5,1,ghcr.io/talmolab/lablink-client-base-image:linux-amd64-test@sha256:1ec2fde6860186b3d45ac83890167258f83512955dbce65f072d4e8c310cb9de,2,destroy,succeeded,1788381612.379228,1788381612.381237,1788381939.351963,,20,20
1788390193.780671,5,1,ghcr.io/talmolab/lablink-client-base-image:linux-amd64-test@sha256:1ec2fde6860186b3d45ac83890167258f83512955dbce65f072d4e8c310cb9de,3,apply,succeeded,1788381976.63281,1788381976.63526,1788382026.043455,,20,20
1788390193.780671,5,1,ghcr.io/talmolab/lablink-client-base-image:linux-amd64-test@sha256:1ec2fde6860186b3d45ac83890167258f83512955dbce65f072d4e8c310cb9de,4,destroy,succeeded,1788382875.148234,1788382875.150169,1788383194.833905,,20,20
1788390193.780671,5,1,ghcr.io/talmolab/lablink-client-base-image:linux-amd64-test@sha256:1ec2fde6860186b3d45ac83890167258f83512955dbce65f072d4e8c310cb9de,5,apply,succeeded,1788383308.62635,1788383308.629388,1788383361.88001,,35,35
1788390193.780671,5,1,ghcr.io/talmolab/lablink-client-base-image:linux-amd64-test@sha256:1ec2fde6860186b3d45ac83890167258f83512955dbce65f072d4e8c310cb9de,6,destroy,succeeded,1788384337.446569,1788384337.448163,1788384657.690712,,35,35
1788390193.780671,5,1,ghcr.io/talmolab/lablink-client-base-image:linux-amd64-test@sha256:1ec2fde6860186b3d45ac83890167258f83512955dbce65f072d4e8c310cb9de,7,apply,succeeded,1788384727.528365,1788384727.530681,1788384808.61864,,95,95
1788390193.780671,5,1,ghcr.io/talmolab/lablink-client-base-image:linux-amd64-test@sha256:1ec2fde6860186b3d45ac83890167258f83512955dbce65f072d4e8c310cb9de,8,destroy,succeeded,1788385076.969534,1788385076.971902,1788385973.63117,,95,95
1788390193.780671,5,1,ghcr.io/talmolab/lablink-client-base-image:linux-amd64-test@sha256:1ec2fde6860186b3d45ac83890167258f83512955dbce65f072d4e8c310cb9de,9,apply,succeeded,1788389407.309799,1788389407.313231,1788389454.98231,,20,20
1788390198.804267,5,1,ghcr.io/talmolab/lablink-client-base-image:linux-amd64-test@sha256:1ec2fde6860186b3d45ac83890167258f83512955dbce65f072d4e8c310cb9de,1,apply,succeeded,1788380921.682491,1788380921.685047,1788380971.541328,,20,20
1788390198.804267,5,1,ghcr.io/talmolab/lablink-client-base-image:linux-amd64-test@sha256:1ec2fde6860186b3d45ac83890167258f83512955dbce65f072d4e8c310cb9de,2,destroy,succeeded,1788381612.379228,1788381612.381237,1788381939.351963,,20,20
1788390198.804267,5,1,ghcr.io/talmolab/lablink-client-base-image:linux-amd64-test@sha256:1ec2fde6860186b3d45ac83890167258f83512955dbce65f072d4e8c310cb9de,3,apply,succeeded,1788381976.63281,1788381976.63526,1788382026.043455,,20,20
1788390198.804267,5,1,ghcr.io/talmolab/lablink-client-base-image:linux-amd64-test@sha256:1ec2fde6860186b3d45ac83890167258f83512955dbce65f072d4e8c310cb9de,4,destroy,succeeded,1788382875.148234,1788382875.150169,1788383194.833905,,20,20
1788390198.804267,5,1,ghcr.io/talmolab/lablink-client-base-image:linux-amd64-test@sha256:1ec2fde6860186b3d45ac83890167258f83512955dbce65f072d4e8c310cb9de,5,apply,succeeded,1788383308.62635,1788383308.629388,1788383361.88001,,35,35
1788390198.804267,5,1,ghcr.io/talmolab/lablink-client-base-image:linux-amd64-test@sha256:1ec2fde6860186b3d45ac83890167258f83512955dbce65f072d4e8c310cb9de,6,destroy,succeeded,1788384337.446569,1788384337.448163,1788384657.690712,,35,35
1788390198.804267,5,1,ghcr.io/talmolab/lablink-client-base-image:linux-amd64-test@sha256:1ec2fde6860186b3d45ac83890167258f83512955dbce65f072d4e8c310cb9de,7,apply,succeeded,1788384727.528365,1788384727.530681,1788384808.61864,,95,95
1788390198.804267,5,1,ghcr.io/talmolab/lablink-client-base-image:linux-amd64-test@sha256:1ec2fde6860186b3d45ac83890167258f83512955dbce65f072d4e8c310cb9de,8,destroy,succeeded,1788385076.969534,1788385076.971902,1788385973.63117,,95,95
1788390198.804267,5,1,ghcr.io/talmolab/lablink-client-base-image:linux-amd64-test@sha256:1ec2fde6860186b3d45ac83890167258f83512955dbce65f072d4e8c310cb9de,9,apply,succeeded,1788389407.309799,1788389407.313231,1788389454.98231,,20,20
1788390203.796003,5,1,ghcr.io/talmolab/lablink-client-base-image:linux-amd64-test@sha256:1ec2fde6860186b3d45ac83890167258f83512955dbce65f072d4e8c310cb9de,1,apply,succeeded,1788380921.682491,1788380921.685047,1788380971.541328,,20,20
1788390203.796003,5,1,ghcr.io/talmolab/lablink-client-base-image:linux-amd64-test@sha256:1ec2fde6860186b3d45ac83890167258f83512955dbce65f072d4e8c310cb9de,2,destroy,succeeded,1788381612.379228,1788381612.381237,1788381939.351963,,20,20
1788390203.796003,5,1,ghcr.io/talmolab/lablink-client-base-image:linux-amd64-test@sha256:1ec2fde6860186b3d45ac83890167258f83512955dbce65f072d4e8c310cb9de,3,apply,succeeded,1788381976.63281,1788381976.63526,1788382026.043455,,20,20
1788390203.796003,5,1,ghcr.io/talmolab/lablink-client-base-image:linux-amd64-test@sha256:1ec2fde6860186b3d45ac83890167258f83512955dbce65f072d4e8c310cb9de,4,destroy,succeeded,1788382875.148234,1788382875.150169,1788383194.833905,,20,20
1788390203.796003,5,1,ghcr.io/talmolab/lablink-client-base-image:linux-amd64-test@sha256:1ec2fde6860186b3d45ac83890167258f83512955dbce65f072d4e8c310cb9de,5,apply,succeeded,1788383308.62635,1788383308.629388,1788383361.88001,,35,35
1788390203.796003,5,1,ghcr.io/talmolab/lablink-client-base-image:linux-amd64-test@sha256:1ec2fde6860186b3d45ac83890167258f83512955dbce65f072d4e8c310cb9de,6,destroy,succeeded,1788384337.446569,1788384337.448163,1788384657.690712,,35,35
1788390203.796003,5,1,ghcr.io/talmolab/lablink-client-base-image:linux-amd64-test@sha256:1ec2fde6860186b3d45ac83890167258f83512955dbce65f072d4e8c310cb9de,7,apply,succeeded,1788384727.528365,1788384727.530681,1788384808.61864,,95,95
1788390203.796003,5,1,ghcr.io/talmolab/lablink-client-base-image:linux-amd64-test@sha256:1ec2fde6860186b3d45ac83890167258f83512955dbce65f072d4e8c310cb9de,8,destroy,succeeded,1788385076.969534,1788385076.971902,1788385973.63117,,95,95
1788390203.796003,5,1,ghcr.io/talmolab/lablink-client-base-image:linux-amd64-test@sha256:1ec2fde6860186b3d45ac83890167258f83512955dbce65f072d4e8c310cb9de,9,apply,succeeded,1788389407.309799,1788389407.313231,1788389454.98231,,20,20
1788390208.823225,5,1,ghcr.io/talmolab/lablink-client-base-image:linux-amd64-test@sha256:1ec2fde6860186b3d45ac83890167258f83512955dbce65f072d4e8c310cb9de,1,apply,succeeded,1788380921.682491,1788380921.685047,1788380971.541328,,20,20
1788390208.823225,5,1,ghcr.io/talmolab/lablink-client-base-image:linux-amd64-test@sha256:1ec2fde6860186b3d45ac83890167258f83512955dbce65f072d4e8c310cb9de,2,destroy,succeeded,1788381612.379228,1788381612.381237,1788381939.351963,,20,20
1788390208.823225,5,1,ghcr.io/talmolab/lablink-client-base-image:linux-amd64-test@sha256:1ec2fde6860186b3d45ac83890167258f83512955dbce65f072d4e8c310cb9de,3,apply,succeeded,1788381976.63281,1788381976.63526,1788382026.043455,,20,20
1788390208.823225,5,1,ghcr.io/talmolab/lablink-client-base-image:linux-amd64-test@sha256:1ec2fde6860186b3d45ac83890167258f83512955dbce65f072d4e8c310cb9de,4,destroy,succeeded,1788382875.148234,1788382875.150169,1788383194.833905,,20,20
1788390208.823225,5,1,ghcr.io/talmolab/lablink-client-base-image:linux-amd64-test@sha256:1ec2fde6860186b3d45ac83890167258f83512955dbce65f072d4e8c310cb9de,5,apply,succeeded,1788383308.62635,1788383308.629388,1788383361.88001,,35,35
1788390208.823225,5,1,ghcr.io/talmolab/lablink-client-base-image:linux-amd64-test@sha256:1ec2fde6860186b3d45ac83890167258f83512955dbce65f072d4e8c310cb9de,6,destroy,succeeded,1788384337.446569,1788384337.448163,1788384657.690712,,35,35
1788390208.823225,5,1,ghcr.io/talmolab/lablink-client-base-image:linux-amd64-test@sha256:1ec2fde6860186b3d45ac83890167258f83512955dbce65f072d4e8c310cb9de,7,apply,succeeded,1788384727.528365,1788384727.530681,1788384808.61864,,95,95
1788390208.823225,5,1,ghcr.io/talmolab/lablink-client-base-image:linux-amd64-test@sha256:1ec2fde6860186b3d45ac83890167258f83512955dbce65f072d4e8c310cb9de,8,destroy,succeeded,1788385076.969534,1788385076.971902,1788385973.63117,,95,95
1788390208.823225,5,1,ghcr.io/talmolab/lablink-client-base-image:linux-amd64-test@sha256:1ec2fde6860186b3d45ac83890167258f83512955dbce65f072d4e8c310cb9de,9,apply,succeeded,1788389407.309799,1788389407.313231,1788389454.98231,,20,20
1788390213.835416,5,1,ghcr.io/talmolab/lablink-client-base-image:linux-amd64-test@sha256:1ec2fde6860186b3d45ac83890167258f83512955dbce65f072d4e8c310cb9de,1,apply,succeeded,1788380921.682491,1788380921.685047,1788380971.541328,,20,20
1788390213.835416,5,1,ghcr.io/talmolab/lablink-client-base-image:linux-amd64-test@sha256:1ec2fde6860186b3d45ac83890167258f83512955dbce65f072d4e8c310cb9de,2,destroy,succeeded,1788381612.379228,1788381612.381237,1788381939.351963,,20,20
1788390213.835416,5,1,ghcr.io/talmolab/lablink-client-base-image:linux-amd64-test@sha256:1ec2fde6860186b3d45ac83890167258f83512955dbce65f072d4e8c310cb9de,3,apply,succeeded,1788381976.63281,1788381976.63526,1788382026.043455,,20,20
1788390213.835416,5,1,ghcr.io/talmolab/lablink-client-base-image:linux-amd64-test@sha256:1ec2fde6860186b3d45ac83890167258f83512955dbce65f072d4e8c310cb9de,4,destroy,succeeded,1788382875.148234,1788382875.150169,1788383194.833905,,20,20
1788390213.835416,5,1,ghcr.io/talmolab/lablink-client-base-image:linux-amd64-test@sha256:1ec2fde6860186b3d45ac83890167258f83512955dbce65f072d4e8c310cb9de,5,apply,succeeded,1788383308.62635,1788383308.629388,1788383361.88001,,35,35
1788390213.835416,5,1,ghcr.io/talmolab/lablink-client-base-image:linux-amd64-test@sha256:1ec2fde6860186b3d45ac83890167258f83512955dbce65f072d4e8c310cb9de,6,destroy,succeeded,1788384337.446569,1788384337.448163,1788384657.690712,,35,35
1788390213.835416,5,1,ghcr.io/talmolab/lablink-client-base-image:linux-amd64-test@sha256:1ec2fde6860186b3d45ac83890167258f83512955dbce65f072d4e8c310cb9de,7,apply,succeeded,1788384727.528365,1788384727.530681,1788384808.61864,,95,95
1788390213.835416,5,1,ghcr.io/talmolab/lablink-client-base-image:linux-amd64-test@sha256:1ec2fde6860186b3d45ac83890167258f83512955dbce65f072d4e8c310cb9de,8,destroy,succeeded,1788385076.969534,1788385076.971902,1788385973.63117,,95,95
1788390213.835416,5,1,ghcr.io/talmolab/lablink-client-base-image:linux-amd64-test@sha256:1ec2fde6860186b3d45ac83890167258f83512955dbce65f072d4e8c310cb9de,9,apply,succeeded,1788389407.309799,1788389407.313231,1788389454.98231,,20,20
1788390219.2519171,5,1,ghcr.io/talmolab/lablink-client-base-image:linux-amd64-test@sha256:1ec2fde6860186b3d45ac83890167258f83512955dbce65f072d4e8c310cb9de,1,apply,succeeded,1788380921.682491,1788380921.685047,1788380971.541328,,20,20
1788390219.2519171,5,1,ghcr.io/talmolab/lablink-client-base-image:linux-amd64-test@sha256:1ec2fde6860186b3d45ac83890167258f83512955dbce65f072d4e8c310cb9de,2,destroy,succeeded,1788381612.379228,1788381612.381237,1788381939.351963,,20,20
1788390219.2519171,5,1,ghcr.io/talmolab/lablink-client-base-image:linux-amd64-test@sha256:1ec2fde6860186b3d45ac83890167258f83512955dbce65f072d4e8c310cb9de,3,apply,succeeded,1788381976.63281,1788381976.63526,1788382026.043455,,20,20
1788390219.2519171,5,1,ghcr.io/talmolab/lablink-client-base-image:linux-amd64-test@sha256:1ec2fde6860186b3d45ac83890167258f83512955dbce65f072d4e8c310cb9de,4,destroy,succeeded,1788382875.148234,1788382875.150169,1788383194.833905,,20,20
1788390219.2519171,5,1,ghcr.io/talmolab/lablink-client-base-image:linux-amd64-test@sha256:1ec2fde6860186b3d45ac83890167258f83512955dbce65f072d4e8c310cb9de,5,apply,succeeded,1788383308.62635,1788383308.629388,1788383361.88001,,35,35
1788390219.2519171,5,1,ghcr.io/talmolab/lablink-client-base-image:linux-amd64-test@sha256:1ec2fde6860186b3d45ac83890167258f83512955dbce65f072d4e8c310cb9de,6,destroy,succeeded,1788384337.446569,1788384337.448163,1788384657.690712,,35,35
1788390219.2519171,5,1,ghcr.io/talmolab/lablink-client-base-image:linux-amd64-test@sha256:1ec2fde6860186b3d45ac83890167258f83512955dbce65f072d4e8c310cb9de,7,apply,succeeded,1788384727.528365,1788384727.530681,1788384808.61864,,95,95
1788390219.2519171,5,1,ghcr.io/talmolab/lablink-client-base-image:linux-amd64-test@sha256:1ec2fde6860186b3d45ac83890167258f83512955dbce65f072d4e8c310cb9de,8,destroy,succeeded,1788385076.969534,1788385076.971902,1788385973.63117,,95,95
1788390219.2519171,5,1,ghcr.io/talmolab/lablink-client-base-image:linux-amd64-test@sha256:1ec2fde6860186b3d45ac83890167258f83512955dbce65f072d4e8c310cb9de,9,apply,succeeded,1788389407.309799,1788389407.313231,1788389454.98231,,20,20
1788390223.8761442,5,1,ghcr.io/talmolab/lablink-client-base-image:linux-amd64-test@sha256:1ec2fde6860186b3d45ac83890167258f83512955dbce65f072d4e8c310cb9de,1,apply,succeeded,1788380921.682491,1788380921.685047,1788380971.541328,,20,20
1788390223.8761442,5,1,ghcr.io/talmolab/lablink-client-base-image:linux-amd64-test@sha256:1ec2fde6860186b3d45ac83890167258f83512955dbce65f072d4e8c310cb9de,2,destroy,succeeded,1788381612.379228,1788381612.381237,1788381939.351963,,20,20
1788390223.8761442,5,1,ghcr.io/talmolab/lablink-client-base-image:linux-amd64-test@sha256:1ec2fde6860186b3d45ac83890167258f83512955dbce65f072d4e8c310cb9de,3,apply,succeeded,1788381976.63281,1788381976.63526,1788382026.043455,,20,20
1788390223.8761442,5,1,ghcr.io/talmolab/lablink-client-base-image:linux-amd64-test@sha256:1ec2fde6860186b3d45ac83890167258f83512955dbce65f072d4e8c310cb9de,4,destroy,succeeded,1788382875.148234,1788382875.150169,1788383194.833905,,20,20
1788390223.8761442,5,1,ghcr.io/talmolab/lablink-client-base-image:linux-amd64-test@sha256:1ec2fde6860186b3d45ac83890167258f83512955dbce65f072d4e8c310cb9de,5,apply,succeeded,1788383308.62635,1788383308.629388,1788383361.88001,,35,35
1788390223.8761442,5,1,ghcr.io/talmolab/lablink-client-base-image:linux-amd64-test@sha256:1ec2fde6860186b3d45ac83890167258f83512955dbce65f072d4e8c310cb9de,6,destroy,succeeded,1788384337.446569,1788384337.448163,1788384657.690712,,35,35
1788390223.8761442,5,1,ghcr.io/talmolab/lablink-client-base-image:linux-amd64-test@sha256:1ec2fde6860186b3d45ac83890167258f83512955dbce65f072d4e8c310cb9de,7,apply,succeeded,1788384727.528365,1788384727.530681,1788384808.61864,,95,95
1788390223.8761442,5,1,ghcr.io/talmolab/lablink-client-base-image:linux-amd64-test@sha256:1ec2fde6860186b3d45ac83890167258f83512955dbce65f072d4e8c310cb9de,8,destroy,succeeded,1788385076.969534,1788385076.971902,1788385973.63117,,95,95
1788390223.8761442,5,1,ghcr.io/talmolab/lablink-client-base-image:linux-amd64-test@sha256:1ec2fde6860186b3d45ac83890167258f83512955dbce65f072d4e8c310cb9de,9,apply,succeeded,1788389407.309799,1788389407.313231,1788389454.98231,,20,20
1788390228.7985668,5,1,ghcr.io/talmolab/lablink-client-base-image:linux-amd64-test@sha256:1ec2fde6860186b3d45ac83890167258f83512955dbce65f072d4e8c310cb9de,1,apply,succeeded,1788380921.682491,1788380921.685047,1788380971.541328,,20,20
1788390228.7985668,5,1,ghcr.io/talmolab/lablink-client-base-image:linux-amd64-test@sha256:1ec2fde6860186b3d45ac83890167258f83512955dbce65f072d4e8c310cb9de,2,destroy,succeeded,1788381612.379228,1788381612.381237,1788381939.351963,,20,20
1788390228.7985668,5,1,ghcr.io/talmolab/lablink-client-base-image:linux-amd64-test@sha256:1ec2fde6860186b3d45ac83890167258f83512955dbce65f072d4e8c310cb9de,3,apply,succeeded,1788381976.63281,1788381976.63526,1788382026.043455,,20,20
1788390228.7985668,5,1,ghcr.io/talmolab/lablink-client-base-image:linux-amd64-test@sha256:1ec2fde6860186b3d45ac83890167258f83512955dbce65f072d4e8c310cb9de,4,destroy,succeeded,1788382875.148234,1788382875.150169,1788383194.833905,,20,20
1788390228.7985668,5,1,ghcr.io/talmolab/lablink-client-base-image:linux-amd64-test@sha256:1ec2fde6860186b3d45ac83890167258f83512955dbce65f072d4e8c310cb9de,5,apply,succeeded,1788383308.62635,1788383308.629388,1788383361.88001,,35,35
1788390228.7985668,5,1,ghcr.io/talmolab/lablink-client-base-image:linux-amd64-test@sha256:1ec2fde6860186b3d45ac83890167258f83512955dbce65f072d4e8c310cb9de,6,destroy,succeeded,1788384337.446569,1788384337.448163,1788384657.690712,,35,35
1788390228.7985668,5,1,ghcr.io/talmolab/lablink-client-base-image:linux-amd64-test@sha256:1ec2fde6860186b3d45ac83890167258f83512955dbce65f072d4e8c310cb9de,7,apply,succeeded,1788384727.528365,1788384727.530681,1788384808.61864,,95,95
1788390228.7985668,5,1,ghcr.io/talmolab/lablink-client-base-image:linux-amd64-test@sha256:1ec2fde6860186b3d45ac83890167258f83512955dbce65f072d4e8c310cb9de,8,destroy,succeeded,1788385076.969534,1788385076.971902,1788385973.63117,,95,95
1788390228.7985668,5,1,ghcr.io/talmolab/lablink-client-base-image:linux-amd64-test@sha256:1ec2fde6860186b3d45ac83890167258f83512955dbce65f072d4e8c310cb9de,9,apply,succeeded,1788389407.309799,1788389407.313231,1788389454.98231,,20,20
1788390233.808702,5,1,ghcr.io/talmolab/lablink-client-base-image:linux-amd64-test@sha256:1ec2fde6860186b3d45ac83890167258f83512955dbce65f072d4e8c310cb9de,1,apply,succeeded,1788380921.682491,1788380921.685047,1788380971.541328,,20,20
1788390233.808702,5,1,ghcr.io/talmolab/lablink-client-base-image:linux-amd64-test@sha256:1ec2fde6860186b3d45ac83890167258f83512955dbce65f072d4e8c310cb9de,2,destroy,succeeded,1788381612.379228,1788381612.381237,1788381939.351963,,20,20
1788390233.808702,5,1,ghcr.io/talmolab/lablink-client-base-image:linux-amd64-test@sha256:1ec2fde6860186b3d45ac83890167258f83512955dbce65f072d4e8c310cb9de,3,apply,succeeded,1788381976.63281,1788381976.63526,1788382026.043455,,20,20
1788390233.808702,5,1,ghcr.io/talmolab/lablink-client-base-image:linux-amd64-test@sha256:1ec2fde6860186b3d45ac83890167258f83512955dbce65f072d4e8c310cb9de,4,destroy,succeeded,1788382875.148234,1788382875.150169,1788383194.833905,,20,20
1788390233.808702,5,1,ghcr.io/talmolab/lablink-client-base-image:linux-amd64-test@sha256:1ec2fde6860186b3d45ac83890167258f83512955dbce65f072d4e8c310cb9de,5,apply,succeeded,1788383308.62635,1788383308.629388,1788383361.88001,,35,35
1788390233.808702,5,1,ghcr.io/talmolab/lablink-client-base-image:linux-amd64-test@sha256:1ec2fde6860186b3d45ac83890167258f83512955dbce65f072d4e8c310cb9de,6,destroy,succeeded,1788384337.446569,1788384337.448163,1788384657.690712,,35,35
1788390233.808702,5,1,ghcr.io/talmolab/lablink-client-base-image:linux-amd64-test@sha256:1ec2fde6860186b3d45ac83890167258f83512955dbce65f072d4e8c310cb9de,7,apply,succeeded,1788384727.528365,1788384727.530681,1788384808.61864,,95,95
1788390233.808702,5,1,ghcr.io/talmolab/lablink-client-base-image:linux-amd64-test@sha256:1ec2fde6860186b3d45ac83890167258f83512955dbce65f072d4e8c310cb9de,8,destroy,succeeded,1788385076.969534,1788385076.971902,1788385973.63117,,95,95
1788390233.808702,5,1,ghcr.io/talmolab/lablink-client-base-image:linux-amd64-test@sha256:1ec2fde6860186b3d45ac83890167258f83512955dbce65f072d4e8c310cb9de,9,apply,succeeded,1788389407.309799,1788389407.313231,1788389454.98231,,20,20
1788390238.754566,5,1,ghcr.io/talmolab/lablink-client-base-image:linux-amd64-test@sha256:1ec2fde6860186b3d45ac83890167258f83512955dbce65f072d4e8c310cb9de,1,apply,succeeded,1788380921.682491,1788380921.685047,1788380971.541328,,20,20
1788390238.754566,5,1,ghcr.io/talmolab/lablink-client-base-image:linux-amd64-test@sha256:1ec2fde6860186b3d45ac83890167258f83512955dbce65f072d4e8c310cb9de,2,destroy,succeeded,1788381612.379228,1788381612.381237,1788381939.351963,,20,20
1788390238.754566,5,1,ghcr.io/talmolab/lablink-client-base-image:linux-amd64-test@sha256:1ec2fde6860186b3d45ac83890167258f83512955dbce65f072d4e8c310cb9de,3,apply,succeeded,1788381976.63281,1788381976.63526,1788382026.043455,,20,20
1788390238.754566,5,1,ghcr.io/talmolab/lablink-client-base-image:linux-amd64-test@sha256:1ec2fde6860186b3d45ac83890167258f83512955dbce65f072d4e8c310cb9de,4,destroy,succeeded,1788382875.148234,1788382875.150169,1788383194.833905,,20,20
1788390238.754566,5,1,ghcr.io/talmolab/lablink-client-base-image:linux-amd64-test@sha256:1ec2fde6860186b3d45ac83890167258f83512955dbce65f072d4e8c310cb9de,5,apply,succeeded,1788383308.62635,1788383308.629388,1788383361.88001,,35,35
1788390238.754566,5,1,ghcr.io/talmolab/lablink-client-base-image:linux-amd64-test@sha256:1ec2fde6860186b3d45ac83890167258f83512955dbce65f072d4e8c310cb9de,6,destroy,succeeded,1788384337.446569,1788384337.448163,1788384657.690712,,35,35
1788390238.754566,5,1,ghcr.io/talmolab/lablink-client-base-image:linux-amd64-test@sha256:1ec2fde6860186b3d45ac83890167258f83512955dbce65f072d4e8c310cb9de,7,apply,succeeded,1788384727.528365,1788384727.530681,1788384808.61864,,95,95
1788390238.754566,5,1,ghcr.io/talmolab/lablink-client-base-image:linux-amd64-test@sha256:1ec2fde6860186b3d45ac83890167258f83512955dbce65f072d4e8c310cb9de,8,destroy,succeeded,1788385076.969534,1788385076.971902,1788385973.63117,,95,95
1788390238.754566,5,1,ghcr.io/talmolab/lablink-client-base-image:linux-amd64-test@sha256:1ec2fde6860186b3d45ac83890167258f83512955dbce65f072d4e8c310cb9de,9,apply,succeeded,1788389407.309799,1788389407.313231,1788389454.98231,,20,20
1788390243.836294,5,1,ghcr.io/talmolab/lablink-client-base-image:linux-amd64-test@sha256:1ec2fde6860186b3d45ac83890167258f83512955dbce65f072d4e8c310cb9de,1,apply,succeeded,1788380921.682491,1788380921.685047,1788380971.541328,,20,20
1788390243.836294,5,1,ghcr.io/talmolab/lablink-client-base-image:linux-amd64-test@sha256:1ec2fde6860186b3d45ac83890167258f83512955dbce65f072d4e8c310cb9de,2,destroy,succeeded,1788381612.379228,1788381612.381237,1788381939.351963,,20,20
1788390243.836294,5,1,ghcr.io/talmolab/lablink-client-base-image:linux-amd64-test@sha256:1ec2fde6860186b3d45ac83890167258f83512955dbce65f072d4e8c310cb9de,3,apply,succeeded,1788381976.63281,1788381976.63526,1788382026.043455,,20,20
1788390243.836294,5,1,ghcr.io/talmolab/lablink-client-base-image:linux-amd64-test@sha256:1ec2fde6860186b3d45ac83890167258f83512955dbce65f072d4e8c310cb9de,4,destroy,succeeded,1788382875.148234,1788382875.150169,1788383194.833905,,20,20
1788390243.836294,5,1,ghcr.io/talmolab/lablink-client-base-image:linux-amd64-test@sha256:1ec2fde6860186b3d45ac83890167258f83512955dbce65f072d4e8c310cb9de,5,apply,succeeded,1788383308.62635,1788383308.629388,1788383361.88001,,35,35
1788390243.836294,5,1,ghcr.io/talmolab/lablink-client-base-image:linux-amd64-test@sha256:1ec2fde6860186b3d45ac83890167258f83512955dbce65f072d4e8c310cb9de,6,destroy,succeeded,1788384337.446569,1788384337.448163,1788384657.690712,,35,35
1788390243.836294,5,1,ghcr.io/talmolab/lablink-client-base-image:linux-amd64-test@sha256:1ec2fde6860186b3d45ac83890167258f83512955dbce65f072d4e8c310cb9de,7,apply,succeeded,1788384727.528365,1788384727.530681,1788384808.61864,,95,95
1788390243.836294,5,1,ghcr.io/talmolab/lablink-client-base-image:linux-amd64-test@sha256:1ec2fde6860186b3d45ac83890167258f83512955dbce65f072d4e8c310cb9de,8,destroy,succeeded,1788385076.969534,1788385076.971902,1788385973.63117,,95,95
1788390243.836294,5,1,ghcr.io/talmolab/lablink-client-base-image:linux-amd64-test@sha256:1ec2fde6860186b3d45ac83890167258f83512955dbce65f072d4e8c310cb9de,9,apply,succeeded,1788389407.309799,1788389407.313231,1788389454.98231,,20,20
1788390248.8290508,5,1,ghcr.io/talmolab/lablink-client-base-image:linux-amd64-test@sha256:1ec2fde6860186b3d45ac83890167258f83512955dbce65f072d4e8c310cb9de,1,apply,succeeded,1788380921.682491,1788380921.685047,1788380971.541328,,20,20
1788390248.8290508,5,1,ghcr.io/talmolab/lablink-client-base-image:linux-amd64-test@sha256:1ec2fde6860186b3d45ac83890167258f83512955dbce65f072d4e8c310cb9de,2,destroy,succeeded,1788381612.379228,1788381612.381237,1788381939.351963,,20,20
1788390248.8290508,5,1,ghcr.io/talmolab/lablink-client-base-image:linux-amd64-test@sha256:1ec2fde6860186b3d45ac83890167258f83512955dbce65f072d4e8c310cb9de,3,apply,succeeded,1788381976.63281,1788381976.63526,1788382026.043455,,20,20
1788390248.8290508,5,1,ghcr.io/talmolab/lablink-client-base-image:linux-amd64-test@sha256:1ec2fde6860186b3d45ac83890167258f83512955dbce65f072d4e8c310cb9de,4,destroy,succeeded,1788382875.148234,1788382875.150169,1788383194.833905,,20,20
1788390248.8290508,5,1,ghcr.io/talmolab/lablink-client-base-image:linux-amd64-test@sha256:1ec2fde6860186b3d45ac83890167258f83512955dbce65f072d4e8c310cb9de,5,apply,succeeded,1788383308.62635,1788383308.629388,1788383361.88001,,35,35
1788390248.8290508,5,1,ghcr.io/talmolab/lablink-client-base-image:linux-amd64-test@sha256:1ec2fde6860186b3d45ac83890167258f83512955dbce65f072d4e8c310cb9de,6,destroy,succeeded,1788384337.446569,1788384337.448163,1788384657.690712,,35,35
1788390248.8290508,5,1,ghcr.io/talmolab/lablink-client-base-image:linux-amd64-test@sha256:1ec2fde6860186b3d45ac83890167258f83512955dbce65f072d4e8c310cb9de,7,apply,succeeded,1788384727.528365,1788384727.530681,1788384808.61864,,95,95
1788390248.8290508,5,1,ghcr.io/talmolab/lablink-client-base-image:linux-amd64-test@sha256:1ec2fde6860186b3d45ac83890167258f83512955dbce65f072d4e8c310cb9de,8,destroy,succeeded,1788385076.969534,1788385076.971902,1788385973.63117,,95,95
1788390248.8290508,5,1,ghcr.io/talmolab/lablink-client-base-image:linux-amd64-test@sha256:1ec2fde6860186b3d45ac83890167258f83512955dbce65f072d4e8c310cb9de,9,apply,succeeded,1788389407.309799,1788389407.313231,1788389454.98231,,20,20
1788390253.801229,5,1,ghcr.io/talmolab/lablink-client-base-image:linux-amd64-test@sha256:1ec2fde6860186b3d45ac83890167258f83512955dbce65f072d4e8c310cb9de,1,apply,succeeded,1788380921.682491,1788380921.685047,1788380971.541328,,20,20
1788390253.801229,5,1,ghcr.io/talmolab/lablink-client-base-image:linux-amd64-test@sha256:1ec2fde6860186b3d45ac83890167258f83512955dbce65f072d4e8c310cb9de,2,destroy,succeeded,1788381612.379228,1788381612.381237,1788381939.351963,,20,20
1788390253.801229,5,1,ghcr.io/talmolab/lablink-client-base-image:linux-amd64-test@sha256:1ec2fde6860186b3d45ac83890167258f83512955dbce65f072d4e8c310cb9de,3,apply,succeeded,1788381976.63281,1788381976.63526,1788382026.043455,,20,20
1788390253.801229,5,1,ghcr.io/talmolab/lablink-client-base-image:linux-amd64-test@sha256:1ec2fde6860186b3d45ac83890167258f83512955dbce65f072d4e8c310cb9de,4,destroy,succeeded,1788382875.148234,1788382875.150169,1788383194.833905,,20,20
1788390253.801229,5,1,ghcr.io/talmolab/lablink-client-base-image:linux-amd64-test@sha256:1ec2fde6860186b3d45ac83890167258f83512955dbce65f072d4e8c310cb9de,5,apply,succeeded,1788383308.62635,1788383308.629388,1788383361.88001,,35,35
1788390253.801229,5,1,ghcr.io/talmolab/lablink-client-base-image:linux-amd64-test@sha256:1ec2fde6860186b3d45ac83890167258f83512955dbce65f072d4e8c310cb9de,6,destroy,succeeded,1788384337.446569,1788384337.448163,1788384657.690712,,35,35
1788390253.801229,5,1,ghcr.io/talmolab/lablink-client-base-image:linux-amd64-test@sha256:1ec2fde6860186b3d45ac83890167258f83512955dbce65f072d4e8c310cb9de,7,apply,succeeded,1788384727.528365,1788384727.530681,1788384808.61864,,95,95
1788390253.801229,5,1,ghcr.io/talmolab/lablink-client-base-image:linux-amd64-test@sha256:1ec2fde6860186b3d45ac83890167258f83512955dbce65f072d4e8c310cb9de,8,destroy,succeeded,1788385076.969534,1788385076.971902,1788385973.63117,,95,95
1788390253.801229,5,1,ghcr.io/talmolab/lablink-client-base-image:linux-amd64-test@sha256:1ec2fde6860186b3d45ac83890167258f83512955dbce65f072d4e8c310cb9de,9,apply,succeeded,1788389407.309799,1788389407.313231,1788389454.98231,,20,20
1788390258.788565,5,1,ghcr.io/talmolab/lablink-client-base-image:linux-amd64-test@sha256:1ec2fde6860186b3d45ac83890167258f83512955dbce65f072d4e8c310cb9de,1,apply,succeeded,1788380921.682491,1788380921.685047,1788380971.541328,,20,20
1788390258.788565,5,1,ghcr.io/talmolab/lablink-client-base-image:linux-amd64-test@sha256:1ec2fde6860186b3d45ac83890167258f83512955dbce65f072d4e8c310cb9de,2,destroy,succeeded,1788381612.379228,1788381612.381237,1788381939.351963,,20,20
1788390258.788565,5,1,ghcr.io/talmolab/lablink-client-base-image:linux-amd64-test@sha256:1ec2fde6860186b3d45ac83890167258f83512955dbce65f072d4e8c310cb9de,3,apply,succeeded,1788381976.63281,1788381976.63526,1788382026.043455,,20,20
1788390258.788565,5,1,ghcr.io/talmolab/lablink-client-base-image:linux-amd64-test@sha256:1ec2fde6860186b3d45ac83890167258f83512955dbce65f072d4e8c310cb9de,4,destroy,succeeded,1788382875.148234,1788382875.150169,1788383194.833905,,20,20
1788390258.788565,5,1,ghcr.io/talmolab/lablink-client-base-image:linux-amd64-test@sha256:1ec2fde6860186b3d45ac83890167258f83512955dbce65f072d4e8c310cb9de,5,apply,succeeded,1788383308.62635,1788383308.629388,1788383361.88001,,35,35
1788390258.788565,5,1,ghcr.io/talmolab/lablink-client-base-image:linux-amd64-test@sha256:1ec2fde6860186b3d45ac83890167258f83512955dbce65f072d4e8c310cb9de,6,destroy,succeeded,1788384337.446569,1788384337.448163,1788384657.690712,,35,35
1788390258.788565,5,1,ghcr.io/talmolab/lablink-client-base-image:linux-amd64-test@sha256:1ec2fde6860186b3d45ac83890167258f83512955dbce65f072d4e8c310cb9de,7,apply,succeeded,1788384727.528365,1788384727.530681,1788384808.61864,,95,95
1788390258.788565,5,1,ghcr.io/talmolab/lablink-client-base-image:linux-amd64-test@sha256:1ec2fde6860186b3d45ac83890167258f83512955dbce65f072d4e8c310cb9de,8,destroy,succeeded,1788385076.969534,1788385076.971902,1788385973.63117,,95,95
1788390258.788565,5,1,ghcr.io/talmolab/lablink-client-base-image:linux-amd64-test@sha256:1ec2fde6860186b3d45ac83890167258f83512955dbce65f072d4e8c310cb9de,9,apply,succeeded,1788389407.309799,1788389407.313231,1788389454.98231,,20,20
1788390263.8235,5,1,ghcr.io/talmolab/lablink-client-base-image:linux-amd64-test@sha256:1ec2fde6860186b3d45ac83890167258f83512955dbce65f072d4e8c310cb9de,1,apply,succeeded,1788380921.682491,1788380921.685047,1788380971.541328,,20,20
1788390263.8235,5,1,ghcr.io/talmolab/lablink-client-base-image:linux-amd64-test@sha256:1ec2fde6860186b3d45ac83890167258f83512955dbce65f072d4e8c310cb9de,2,destroy,succeeded,1788381612.379228,1788381612.381237,1788381939.351963,,20,20
1788390263.8235,5,1,ghcr.io/talmolab/lablink-client-base-image:linux-amd64-test@sha256:1ec2fde6860186b3d45ac83890167258f83512955dbce65f072d4e8c310cb9de,3,apply,succeeded,1788381976.63281,1788381976.63526,1788382026.043455,,20,20
1788390263.8235,5,1,ghcr.io/talmolab/lablink-client-base-image:linux-amd64-test@sha256:1ec2fde6860186b3d45ac83890167258f83512955dbce65f072d4e8c310cb9de,4,destroy,succeeded,1788382875.148234,1788382875.150169,1788383194.833905,,20,20
1788390263.8235,5,1,ghcr.io/talmolab/lablink-client-base-image:linux-amd64-test@sha256:1ec2fde6860186b3d45ac83890167258f83512955dbce65f072d4e8c310cb9de,5,apply,succeeded,1788383308.62635,1788383308.629388,1788383361.88001,,35,35
1788390263.8235,5,1,ghcr.io/talmolab/lablink-client-base-image:linux-amd64-test@sha256:1ec2fde6860186b3d45ac83890167258f83512955dbce65f072d4e8c310cb9de,6,destroy,succeeded,1788384337.446569,1788384337.448163,1788384657.690712,,35,35
1788390263.8235,5,1,ghcr.io/talmolab/lablink-client-base-image:linux-amd64-test@sha256:1ec2fde6860186b3d45ac83890167258f83512955dbce65f072d4e8c310cb9de,7,apply,succeeded,1788384727.528365,1788384727.530681,1788384808.61864,,95,95
1788390263.8235,5,1,ghcr.io/talmolab/lablink-client-base-image:linux-amd64-test@sha256:1ec2fde6860186b3d45ac83890167258f83512955dbce65f072d4e8c310cb9de,8,destroy,succeeded,1788385076.969534,1788385076.971902,1788385973.63117,,95,95
1788390263.8235,5,1,ghcr.io/talmolab/lablink-client-base-image:linux-amd64-test@sha256:1ec2fde6860186b3d45ac83890167258f83512955dbce65f072d4e8c310cb9de,9,apply,succeeded,1788389407.309799,1788389407.313231,1788389454.98231,,20,20
1788390268.842675,5,1,ghcr.io/talmolab/lablink-client-base-image:linux-amd64-test@sha256:1ec2fde6860186b3d45ac83890167258f83512955dbce65f072d4e8c310cb9de,1,apply,succeeded,1788380921.682491,1788380921.685047,1788380971.541328,,20,20
1788390268.842675,5,1,ghcr.io/talmolab/lablink-client-base-image:linux-amd64-test@sha256:1ec2fde6860186b3d45ac83890167258f83512955dbce65f072d4e8c310cb9de,2,destroy,succeeded,1788381612.379228,1788381612.381237,1788381939.351963,,20,20
1788390268.842675,5,1,ghcr.io/talmolab/lablink-client-base-image:linux-amd64-test@sha256:1ec2fde6860186b3d45ac83890167258f83512955dbce65f072d4e8c310cb9de,3,apply,succeeded,1788381976.63281,1788381976.63526,1788382026.043455,,20,20
1788390268.842675,5,1,ghcr.io/talmolab/lablink-client-base-image:linux-amd64-test@sha256:1ec2fde6860186b3d45ac83890167258f83512955dbce65f072d4e8c310cb9de,4,destroy,succeeded,1788382875.148234,1788382875.150169,1788383194.833905,,20,20
1788390268.842675,5,1,ghcr.io/talmolab/lablink-client-base-image:linux-amd64-test@sha256:1ec2fde6860186b3d45ac83890167258f83512955dbce65f072d4e8c310cb9de,5,apply,succeeded,1788383308.62635,1788383308.629388,1788383361.88001,,35,35
1788390268.842675,5,1,ghcr.io/talmolab/lablink-client-base-image:linux-amd64-test@sha256:1ec2fde6860186b3d45ac83890167258f83512955dbce65f072d4e8c310cb9de,6,destroy,succeeded,1788384337.446569,1788384337.448163,1788384657.690712,,35,35
1788390268.842675,5,1,ghcr.io/talmolab/lablink-client-base-image:linux-amd64-test@sha256:1ec2fde6860186b3d45ac83890167258f83512955dbce65f072d4e8c310cb9de,7,apply,succeeded,1788384727.528365,1788384727.530681,1788384808.61864,,95,95
1788390268.842675,5,1,ghcr.io/talmolab/lablink-client-base-image:linux-amd64-test@sha256:1ec2fde6860186b3d45ac83890167258f83512955dbce65f072d4e8c310cb9de,8,destroy,succeeded,1788385076.969534,1788385076.971902,1788385973.63117,,95,95
1788390268.842675,5,1,ghcr.io/talmolab/lablink-client-base-image:linux-amd64-test@sha256:1ec2fde6860186b3d45ac83890167258f83512955dbce65f072d4e8c310cb9de,9,apply,succeeded,1788389407.309799,1788389407.313231,1788389454.98231,,20,20
1788390273.9971871,5,1,ghcr.io/talmolab/lablink-client-base-image:linux-amd64-test@sha256:1ec2fde6860186b3d45ac83890167258f83512955dbce65f072d4e8c310cb9de,1,apply,succeeded,1788380921.682491,1788380921.685047,1788380971.541328,,20,20
1788390273.9971871,5,1,ghcr.io/talmolab/lablink-client-base-image:linux-amd64-test@sha256:1ec2fde6860186b3d45ac83890167258f83512955dbce65f072d4e8c310cb9de,2,destroy,succeeded,1788381612.379228,1788381612.381237,1788381939.351963,,20,20
1788390273.9971871,5,1,ghcr.io/talmolab/lablink-client-base-image:linux-amd64-test@sha256:1ec2fde6860186b3d45ac83890167258f83512955dbce65f072d4e8c310cb9de,3,apply,succeeded,1788381976.63281,1788381976.63526,1788382026.043455,,20,20
1788390273.9971871,5,1,ghcr.io/talmolab/lablink-client-base-image:linux-amd64-test@sha256:1ec2fde6860186b3d45ac83890167258f83512955dbce65f072d4e8c310cb9de,4,destroy,succeeded,1788382875.148234,1788382875.150169,1788383194.833905,,20,20
1788390273.9971871,5,1,ghcr.io/talmolab/lablink-client-base-image:linux-amd64-test@sha256:1ec2fde6860186b3d45ac83890167258f83512955dbce65f072d4e8c310cb9de,5,apply,succeeded,1788383308.62635,1788383308.629388,1788383361.88001,,35,35
1788390273.9971871,5,1,ghcr.io/talmolab/lablink-client-base-image:linux-amd64-test@sha256:1ec2fde6860186b3d45ac83890167258f83512955dbce65f072d4e8c310cb9de,6,destroy,succeeded,1788384337.446569,1788384337.448163,1788384657.690712,,35,35
1788390273.9971871,5,1,ghcr.io/talmolab/lablink-client-base-image:linux-amd64-test@sha256:1ec2fde6860186b3d45ac83890167258f83512955dbce65f072d4e8c310cb9de,7,apply,succeeded,1788384727.528365,1788384727.530681,1788384808.61864,,95,95
1788390273.9971871,5,1,ghcr.io/talmolab/lablink-client-base-image:linux-amd64-test@sha256:1ec2fde6860186b3d45ac83890167258f83512955dbce65f072d4e8c310cb9de,8,destroy,succeeded,1788385076.969534,1788385076.971902,1788385973.63117,,95,95
1788390273.9971871,5,1,ghcr.io/talmolab/lablink-client-base-image:linux-amd64-test@sha256:1ec2fde6860186b3d45ac83890167258f83512955dbce65f072d4e8c310cb9de,9,apply,succeeded,1788389407.309799,1788389407.313231,1788389454.98231,,20,20
1788390279.2358341,5,1,ghcr.io/talmolab/lablink-client-base-image:linux-amd64-test@sha256:1ec2fde6860186b3d45ac83890167258f83512955dbce65f072d4e8c310cb9de,1,apply,succeeded,1788380921.682491,1788380921.685047,1788380971.541328,,20,20
1788390279.2358341,5,1,ghcr.io/talmolab/lablink-client-base-image:linux-amd64-test@sha256:1ec2fde6860186b3d45ac83890167258f83512955dbce65f072d4e8c310cb9de,2,destroy,succeeded,1788381612.379228,1788381612.381237,1788381939.351963,,20,20
1788390279.2358341,5,1,ghcr.io/talmolab/lablink-client-base-image:linux-amd64-test@sha256:1ec2fde6860186b3d45ac83890167258f83512955dbce65f072d4e8c310cb9de,3,apply,succeeded,1788381976.63281,1788381976.63526,1788382026.043455,,20,20
1788390279.2358341,5,1,ghcr.io/talmolab/lablink-client-base-image:linux-amd64-test@sha256:1ec2fde6860186b3d45ac83890167258f83512955dbce65f072d4e8c310cb9de,4,destroy,succeeded,1788382875.148234,1788382875.150169,1788383194.833905,,20,20
1788390279.2358341,5,1,ghcr.io/talmolab/lablink-client-base-image:linux-amd64-test@sha256:1ec2fde6860186b3d45ac83890167258f83512955dbce65f072d4e8c310cb9de,5,apply,succeeded,1788383308.62635,1788383308.629388,1788383361.88001,,35,35
1788390279.2358341,5,1,ghcr.io/talmolab/lablink-client-base-image:linux-amd64-test@sha256:1ec2fde6860186b3d45ac83890167258f83512955dbce65f072d4e8c310cb9de,6,destroy,succeeded,1788384337.446569,1788384337.448163,1788384657.690712,,35,35
1788390279.2358341,5,1,ghcr.io/talmolab/lablink-client-base-image:linux-amd64-test@sha256:1ec2fde6860186b3d45ac83890167258f83512955dbce65f072d4e8c310cb9de,7,apply,succeeded,1788384727.528365,1788384727.530681,1788384808.61864,,95,95
1788390279.2358341,5,1,ghcr.io/talmolab/lablink-client-base-image:linux-amd64-test@sha256:1ec2fde6860186b3d45ac83890167258f83512955dbce65f072d4e8c310cb9de,8,destroy,succeeded,1788385076.969534,1788385076.971902,1788385973.63117,,95,95
1788390279.2358341,5,1,ghcr.io/talmolab/lablink-client-base-image:linux-amd64-test@sha256:1ec2fde6860186b3d45ac83890167258f83512955dbce65f072d4e8c310cb9de,9,apply,succeeded,1788389407.309799,1788389407.313231,1788389454.98231,,20,20
1788390283.85114,5,1,ghcr.io/talmolab/lablink-client-base-image:linux-amd64-test@sha256:1ec2fde6860186b3d45ac83890167258f83512955dbce65f072d4e8c310cb9de,1,apply,succeeded,1788380921.682491,1788380921.685047,1788380971.541328,,20,20
1788390283.85114,5,1,ghcr.io/talmolab/lablink-client-base-image:linux-amd64-test@sha256:1ec2fde6860186b3d45ac83890167258f83512955dbce65f072d4e8c310cb9de,2,destroy,succeeded,1788381612.379228,1788381612.381237,1788381939.351963,,20,20
1788390283.85114,5,1,ghcr.io/talmolab/lablink-client-base-image:linux-amd64-test@sha256:1ec2fde6860186b3d45ac83890167258f83512955dbce65f072d4e8c310cb9de,3,apply,succeeded,1788381976.63281,1788381976.63526,1788382026.043455,,20,20
1788390283.85114,5,1,ghcr.io/talmolab/lablink-client-base-image:linux-amd64-test@sha256:1ec2fde6860186b3d45ac83890167258f83512955dbce65f072d4e8c310cb9de,4,destroy,succeeded,1788382875.148234,1788382875.150169,1788383194.833905,,20,20
1788390283.85114,5,1,ghcr.io/talmolab/lablink-client-base-image:linux-amd64-test@sha256:1ec2fde6860186b3d45ac83890167258f83512955dbce65f072d4e8c310cb9de,5,apply,succeeded,1788383308.62635,1788383308.629388,1788383361.88001,,35,35
1788390283.85114,5,1,ghcr.io/talmolab/lablink-client-base-image:linux-amd64-test@sha256:1ec2fde6860186b3d45ac83890167258f83512955dbce65f072d4e8c310cb9de,6,destroy,succeeded,1788384337.446569,1788384337.448163,1788384657.690712,,35,35
1788390283.85114,5,1,ghcr.io/talmolab/lablink-client-base-image:linux-amd64-test@sha256:1ec2fde6860186b3d45ac83890167258f83512955dbce65f072d4e8c310cb9de,7,apply,succeeded,1788384727.528365,1788384727.530681,1788384808.61864,,95,95
1788390283.85114,5,1,ghcr.io/talmolab/lablink-client-base-image:linux-amd64-test@sha256:1ec2fde6860186b3d45ac83890167258f83512955dbce65f072d4e8c310cb9de,8,destroy,succeeded,1788385076.969534,1788385076.971902,1788385973.63117,,95,95
1788390283.85114,5,1,ghcr.io/talmolab/lablink-client-base-image:linux-amd64-test@sha256:1ec2fde6860186b3d45ac83890167258f83512955dbce65f072d4e8c310cb9de,9,apply,succeeded,1788389407.309799,1788389407.313231,1788389454.98231,,20,20
1788390288.856668,5,1,ghcr.io/talmolab/lablink-client-base-image:linux-amd64-test@sha256:1ec2fde6860186b3d45ac83890167258f83512955dbce65f072d4e8c310cb9de,1,apply,succeeded,1788380921.682491,1788380921.685047,1788380971.541328,,20,20
1788390288.856668,5,1,ghcr.io/talmolab/lablink-client-base-image:linux-amd64-test@sha256:1ec2fde6860186b3d45ac83890167258f83512955dbce65f072d4e8c310cb9de,2,destroy,succeeded,1788381612.379228,1788381612.381237,1788381939.351963,,20,20
1788390288.856668,5,1,ghcr.io/talmolab/lablink-client-base-image:linux-amd64-test@sha256:1ec2fde6860186b3d45ac83890167258f83512955dbce65f072d4e8c310cb9de,3,apply,succeeded,1788381976.63281,1788381976.63526,1788382026.043455,,20,20
1788390288.856668,5,1,ghcr.io/talmolab/lablink-client-base-image:linux-amd64-test@sha256:1ec2fde6860186b3d45ac83890167258f83512955dbce65f072d4e8c310cb9de,4,destroy,succeeded,1788382875.148234,1788382875.150169,1788383194.833905,,20,20
1788390288.856668,5,1,ghcr.io/talmolab/lablink-client-base-image:linux-amd64-test@sha256:1ec2fde6860186b3d45ac83890167258f83512955dbce65f072d4e8c310cb9de,5,apply,succeeded,1788383308.62635,1788383308.629388,1788383361.88001,,35,35
1788390288.856668,5,1,ghcr.io/talmolab/lablink-client-base-image:linux-amd64-test@sha256:1ec2fde6860186b3d45ac83890167258f83512955dbce65f072d4e8c310cb9de,6,destroy,succeeded,1788384337.446569,1788384337.448163,1788384657.690712,,35,35
1788390288.856668,5,1,ghcr.io/talmolab/lablink-client-base-image:linux-amd64-test@sha256:1ec2fde6860186b3d45ac83890167258f83512955dbce65f072d4e8c310cb9de,7,apply,succeeded,1788384727.528365,1788384727.530681,1788384808.61864,,95,95
1788390288.856668,5,1,ghcr.io/talmolab/lablink-client-base-image:linux-amd64-test@sha256:1ec2fde6860186b3d45ac83890167258f83512955dbce65f072d4e8c310cb9de,8,destroy,succeeded,1788385076.969534,1788385076.971902,1788385973.63117,,95,95
1788390288.856668,5,1,ghcr.io/talmolab/lablink-client-base-image:linux-amd64-test@sha256:1ec2fde6860186b3d45ac83890167258f83512955dbce65f072d4e8c310cb9de,9,apply,succeeded,1788389407.309799,1788389407.313231,1788389454.98231,,20,20
1788390293.915457,5,1,ghcr.io/talmolab/lablink-client-base-image:linux-amd64-test@sha256:1ec2fde6860186b3d45ac83890167258f83512955dbce65f072d4e8c310cb9de,1,apply,succeeded,1788380921.682491,1788380921.685047,1788380971.541328,,20,20
1788390293.915457,5,1,ghcr.io/talmolab/lablink-client-base-image:linux-amd64-test@sha256:1ec2fde6860186b3d45ac83890167258f83512955dbce65f072d4e8c310cb9de,2,destroy,succeeded,1788381612.379228,1788381612.381237,1788381939.351963,,20,20
1788390293.915457,5,1,ghcr.io/talmolab/lablink-client-base-image:linux-amd64-test@sha256:1ec2fde6860186b3d45ac83890167258f83512955dbce65f072d4e8c310cb9de,3,apply,succeeded,1788381976.63281,1788381976.63526,1788382026.043455,,20,20
1788390293.915457,5,1,ghcr.io/talmolab/lablink-client-base-image:linux-amd64-test@sha256:1ec2fde6860186b3d45ac83890167258f83512955dbce65f072d4e8c310cb9de,4,destroy,succeeded,1788382875.148234,1788382875.150169,1788383194.833905,,20,20
1788390293.915457,5,1,ghcr.io/talmolab/lablink-client-base-image:linux-amd64-test@sha256:1ec2fde6860186b3d45ac83890167258f83512955dbce65f072d4e8c310cb9de,5,apply,succeeded,1788383308.62635,1788383308.629388,1788383361.88001,,35,35
1788390293.915457,5,1,ghcr.io/talmolab/lablink-client-base-image:linux-amd64-test@sha256:1ec2fde6860186b3d45ac83890167258f83512955dbce65f072d4e8c310cb9de,6,destroy,succeeded,1788384337.446569,1788384337.448163,1788384657.690712,,35,35
1788390293.915457,5,1,ghcr.io/talmolab/lablink-client-base-image:linux-amd64-test@sha256:1ec2fde6860186b3d45ac83890167258f83512955dbce65f072d4e8c310cb9de,7,apply,succeeded,1788384727.528365,1788384727.530681,1788384808.61864,,95,95
1788390293.915457,5,1,ghcr.io/talmolab/lablink-client-base-image:linux-amd64-test@sha256:1ec2fde6860186b3d45ac83890167258f83512955dbce65f072d4e8c310cb9de,8,destroy,succeeded,1788385076.969534,1788385076.971902,1788385973.63117,,95,95
1788390293.915457,5,1,ghcr.io/talmolab/lablink-client-base-image:linux-amd64-test@sha256:1ec2fde6860186b3d45ac83890167258f83512955dbce65f072d4e8c310cb9de,9,apply,succeeded,1788389407.309799,1788389407.313231,1788389454.98231,,20,20
1788390298.850964,5,1,ghcr.io/talmolab/lablink-client-base-image:linux-amd64-test@sha256:1ec2fde6860186b3d45ac83890167258f83512955dbce65f072d4e8c310cb9de,1,apply,succeeded,1788380921.682491,1788380921.685047,1788380971.541328,,20,20
1788390298.850964,5,1,ghcr.io/talmolab/lablink-client-base-image:linux-amd64-test@sha256:1ec2fde6860186b3d45ac83890167258f83512955dbce65f072d4e8c310cb9de,2,destroy,succeeded,1788381612.379228,1788381612.381237,1788381939.351963,,20,20
1788390298.850964,5,1,ghcr.io/talmolab/lablink-client-base-image:linux-amd64-test@sha256:1ec2fde6860186b3d45ac83890167258f83512955dbce65f072d4e8c310cb9de,3,apply,succeeded,1788381976.63281,1788381976.63526,1788382026.043455,,20,20
1788390298.850964,5,1,ghcr.io/talmolab/lablink-client-base-image:linux-amd64-test@sha256:1ec2fde6860186b3d45ac83890167258f83512955dbce65f072d4e8c310cb9de,4,destroy,succeeded,1788382875.148234,1788382875.150169,1788383194.833905,,20,20
1788390298.850964,5,1,ghcr.io/talmolab/lablink-client-base-image:linux-amd64-test@sha256:1ec2fde6860186b3d45ac83890167258f83512955dbce65f072d4e8c310cb9de,5,apply,succeeded,1788383308.62635,1788383308.629388,1788383361.88001,,35,35
1788390298.850964,5,1,ghcr.io/talmolab/lablink-client-base-image:linux-amd64-test@sha256:1ec2fde6860186b3d45ac83890167258f83512955dbce65f072d4e8c310cb9de,6,destroy,succeeded,1788384337.446569,1788384337.448163,1788384657.690712,,35,35
1788390298.850964,5,1,ghcr.io/talmolab/lablink-client-base-image:linux-amd64-test@sha256:1ec2fde6860186b3d45ac83890167258f83512955dbce65f072d4e8c310cb9de,7,apply,succeeded,1788384727.528365,1788384727.530681,1788384808.61864,,95,95
1788390298.850964,5,1,ghcr.io/talmolab/lablink-client-base-image:linux-amd64-test@sha256:1ec2fde6860186b3d45ac83890167258f83512955dbce65f072d4e8c310cb9de,8,destroy,succeeded,1788385076.969534,1788385076.971902,1788385973.63117,,95,95
1788390298.850964,5,1,ghcr.io/talmolab/lablink-client-base-image:linux-amd64-test@sha256:1ec2fde6860186b3d45ac83890167258f83512955dbce65f072d4e8c310cb9de,9,apply,succeeded,1788389407.309799,1788389407.313231,1788389454.98231,,20,20
1788390303.760942,5,1,ghcr.io/talmolab/lablink-client-base-image:linux-amd64-test@sha256:1ec2fde6860186b3d45ac83890167258f83512955dbce65f072d4e8c310cb9de,1,apply,succeeded,1788380921.682491,1788380921.685047,1788380971.541328,,20,20
1788390303.760942,5,1,ghcr.io/talmolab/lablink-client-base-image:linux-amd64-test@sha256:1ec2fde6860186b3d45ac83890167258f83512955dbce65f072d4e8c310cb9de,2,destroy,succeeded,1788381612.379228,1788381612.381237,1788381939.351963,,20,20
1788390303.760942,5,1,ghcr.io/talmolab/lablink-client-base-image:linux-amd64-test@sha256:1ec2fde6860186b3d45ac83890167258f83512955dbce65f072d4e8c310cb9de,3,apply,succeeded,1788381976.63281,1788381976.63526,1788382026.043455,,20,20
1788390303.760942,5,1,ghcr.io/talmolab/lablink-client-base-image:linux-amd64-test@sha256:1ec2fde6860186b3d45ac83890167258f83512955dbce65f072d4e8c310cb9de,4,destroy,succeeded,1788382875.148234,1788382875.150169,1788383194.833905,,20,20
1788390303.760942,5,1,ghcr.io/talmolab/lablink-client-base-image:linux-amd64-test@sha256:1ec2fde6860186b3d45ac83890167258f83512955dbce65f072d4e8c310cb9de,5,apply,succeeded,1788383308.62635,1788383308.629388,1788383361.88001,,35,35
1788390303.760942,5,1,ghcr.io/talmolab/lablink-client-base-image:linux-amd64-test@sha256:1ec2fde6860186b3d45ac83890167258f83512955dbce65f072d4e8c310cb9de,6,destroy,succeeded,1788384337.446569,1788384337.448163,1788384657.690712,,35,35
1788390303.760942,5,1,ghcr.io/talmolab/lablink-client-base-image:linux-amd64-test@sha256:1ec2fde6860186b3d45ac83890167258f83512955dbce65f072d4e8c310cb9de,7,apply,succeeded,1788384727.528365,1788384727.530681,1788384808.61864,,95,95
1788390303.760942,5,1,ghcr.io/talmolab/lablink-client-base-image:linux-amd64-test@sha256:1ec2fde6860186b3d45ac83890167258f83512955dbce65f072d4e8c310cb9de,8,destroy,succeeded,1788385076.969534,1788385076.971902,1788385973.63117,,95,95
1788390303.760942,5,1,ghcr.io/talmolab/lablink-client-base-image:linux-amd64-test@sha256:1ec2fde6860186b3d45ac83890167258f83512955dbce65f072d4e8c310cb9de,9,apply,succeeded,1788389407.309799,1788389407.313231,1788389454.98231,,20,20
1788390308.782238,5,1,ghcr.io/talmolab/lablink-client-base-image:linux-amd64-test@sha256:1ec2fde6860186b3d45ac83890167258f83512955dbce65f072d4e8c310cb9de,1,apply,succeeded,1788380921.682491,1788380921.685047,1788380971.541328,,20,20
1788390308.782238,5,1,ghcr.io/talmolab/lablink-client-base-image:linux-amd64-test@sha256:1ec2fde6860186b3d45ac83890167258f83512955dbce65f072d4e8c310cb9de,2,destroy,succeeded,1788381612.379228,1788381612.381237,1788381939.351963,,20,20
1788390308.782238,5,1,ghcr.io/talmolab/lablink-client-base-image:linux-amd64-test@sha256:1ec2fde6860186b3d45ac83890167258f83512955dbce65f072d4e8c310cb9de,3,apply,succeeded,1788381976.63281,1788381976.63526,1788382026.043455,,20,20
1788390308.782238,5,1,ghcr.io/talmolab/lablink-client-base-image:linux-amd64-test@sha256:1ec2fde6860186b3d45ac83890167258f83512955dbce65f072d4e8c310cb9de,4,destroy,succeeded,1788382875.148234,1788382875.150169,1788383194.833905,,20,20
1788390308.782238,5,1,ghcr.io/talmolab/lablink-client-base-image:linux-amd64-test@sha256:1ec2fde6860186b3d45ac83890167258f83512955dbce65f072d4e8c310cb9de,5,apply,succeeded,1788383308.62635,1788383308.629388,1788383361.88001,,35,35
1788390308.782238,5,1,ghcr.io/talmolab/lablink-client-base-image:linux-amd64-test@sha256:1ec2fde6860186b3d45ac83890167258f83512955dbce65f072d4e8c310cb9de,6,destroy,succeeded,1788384337.446569,1788384337.448163,1788384657.690712,,35,35
1788390308.782238,5,1,ghcr.io/talmolab/lablink-client-base-image:linux-amd64-test@sha256:1ec2fde6860186b3d45ac83890167258f83512955dbce65f072d4e8c310cb9de,7,apply,succeeded,1788384727.528365,1788384727.530681,1788384808.61864,,95,95
1788390308.782238,5,1,ghcr.io/talmolab/lablink-client-base-image:linux-amd64-test@sha256:1ec2fde6860186b3d45ac83890167258f83512955dbce65f072d4e8c310cb9de,8,destroy,succeeded,1788385076.969534,1788385076.971902,1788385973.63117,,95,95
1788390308.782238,5,1,ghcr.io/talmolab/lablink-client-base-image:linux-amd64-test@sha256:1ec2fde6860186b3d45ac83890167258f83512955dbce65f072d4e8c310cb9de,9,apply,succeeded,1788389407.309799,1788389407.313231,1788389454.98231,,20,20
1788390313.9111009,5,1,ghcr.io/talmolab/lablink-client-base-image:linux-amd64-test@sha256:1ec2fde6860186b3d45ac83890167258f83512955dbce65f072d4e8c310cb9de,1,apply,succeeded,1788380921.682491,1788380921.685047,1788380971.541328,,20,20
1788390313.9111009,5,1,ghcr.io/talmolab/lablink-client-base-image:linux-amd64-test@sha256:1ec2fde6860186b3d45ac83890167258f83512955dbce65f072d4e8c310cb9de,2,destroy,succeeded,1788381612.379228,1788381612.381237,1788381939.351963,,20,20
1788390313.9111009,5,1,ghcr.io/talmolab/lablink-client-base-image:linux-amd64-test@sha256:1ec2fde6860186b3d45ac83890167258f83512955dbce65f072d4e8c310cb9de,3,apply,succeeded,1788381976.63281,1788381976.63526,1788382026.043455,,20,20
1788390313.9111009,5,1,ghcr.io/talmolab/lablink-client-base-image:linux-amd64-test@sha256:1ec2fde6860186b3d45ac83890167258f83512955dbce65f072d4e8c310cb9de,4,destroy,succeeded,1788382875.148234,1788382875.150169,1788383194.833905,,20,20
1788390313.9111009,5,1,ghcr.io/talmolab/lablink-client-base-image:linux-amd64-test@sha256:1ec2fde6860186b3d45ac83890167258f83512955dbce65f072d4e8c310cb9de,5,apply,succeeded,1788383308.62635,1788383308.629388,1788383361.88001,,35,35
1788390313.9111009,5,1,ghcr.io/talmolab/lablink-client-base-image:linux-amd64-test@sha256:1ec2fde6860186b3d45ac83890167258f83512955dbce65f072d4e8c310cb9de,6,destroy,succeeded,1788384337.446569,1788384337.448163,1788384657.690712,,35,35
1788390313.9111009,5,1,ghcr.io/talmolab/lablink-client-base-image:linux-amd64-test@sha256:1ec2fde6860186b3d45ac83890167258f83512955dbce65f072d4e8c310cb9de,7,apply,succeeded,1788384727.528365,1788384727.530681,1788384808.61864,,95,95
1788390313.9111009,5,1,ghcr.io/talmolab/lablink-client-base-image:linux-amd64-test@sha256:1ec2fde6860186b3d45ac83890167258f83512955dbce65f072d4e8c310cb9de,8,destroy,succeeded,1788385076.969534,1788385076.971902,1788385973.63117,,95,95
1788390313.9111009,5,1,ghcr.io/talmolab/lablink-client-base-image:linux-amd64-test@sha256:1ec2fde6860186b3d45ac83890167258f83512955dbce65f072d4e8c310cb9de,9,apply,succeeded,1788389407.309799,1788389407.313231,1788389454.98231,,20,20
1788390318.9046369,5,1,ghcr.io/talmolab/lablink-client-base-image:linux-amd64-test@sha256:1ec2fde6860186b3d45ac83890167258f83512955dbce65f072d4e8c310cb9de,1,apply,succeeded,1788380921.682491,1788380921.685047,1788380971.541328,,20,20
1788390318.9046369,5,1,ghcr.io/talmolab/lablink-client-base-image:linux-amd64-test@sha256:1ec2fde6860186b3d45ac83890167258f83512955dbce65f072d4e8c310cb9de,2,destroy,succeeded,1788381612.379228,1788381612.381237,1788381939.351963,,20,20
1788390318.9046369,5,1,ghcr.io/talmolab/lablink-client-base-image:linux-amd64-test@sha256:1ec2fde6860186b3d45ac83890167258f83512955dbce65f072d4e8c310cb9de,3,apply,succeeded,1788381976.63281,1788381976.63526,1788382026.043455,,20,20
1788390318.9046369,5,1,ghcr.io/talmolab/lablink-client-base-image:linux-amd64-test@sha256:1ec2fde6860186b3d45ac83890167258f83512955dbce65f072d4e8c310cb9de,4,destroy,succeeded,1788382875.148234,1788382875.150169,1788383194.833905,,20,20
1788390318.9046369,5,1,ghcr.io/talmolab/lablink-client-base-image:linux-amd64-test@sha256:1ec2fde6860186b3d45ac83890167258f83512955dbce65f072d4e8c310cb9de,5,apply,succeeded,1788383308.62635,1788383308.629388,1788383361.88001,,35,35
1788390318.9046369,5,1,ghcr.io/talmolab/lablink-client-base-image:linux-amd64-test@sha256:1ec2fde6860186b3d45ac83890167258f83512955dbce65f072d4e8c310cb9de,6,destroy,succeeded,1788384337.446569,1788384337.448163,1788384657.690712,,35,35
1788390318.9046369,5,1,ghcr.io/talmolab/lablink-client-base-image:linux-amd64-test@sha256:1ec2fde6860186b3d45ac83890167258f83512955dbce65f072d4e8c310cb9de,7,apply,succeeded,1788384727.528365,1788384727.530681,1788384808.61864,,95,95
1788390318.9046369,5,1,ghcr.io/talmolab/lablink-client-base-image:linux-amd64-test@sha256:1ec2fde6860186b3d45ac83890167258f83512955dbce65f072d4e8c310cb9de,8,destroy,succeeded,1788385076.969534,1788385076.971902,1788385973.63117,,95,95
1788390318.9046369,5,1,ghcr.io/talmolab/lablink-client-base-image:linux-amd64-test@sha256:1ec2fde6860186b3d45ac83890167258f83512955dbce65f072d4e8c310cb9de,9,apply,succeeded,1788389407.309799,1788389407.313231,1788389454.98231,,20,20
1788390323.878987,5,1,ghcr.io/talmolab/lablink-client-base-image:linux-amd64-test@sha256:1ec2fde6860186b3d45ac83890167258f83512955dbce65f072d4e8c310cb9de,1,apply,succeeded,1788380921.682491,1788380921.685047,1788380971.541328,,20,20
1788390323.878987,5,1,ghcr.io/talmolab/lablink-client-base-image:linux-amd64-test@sha256:1ec2fde6860186b3d45ac83890167258f83512955dbce65f072d4e8c310cb9de,2,destroy,succeeded,1788381612.379228,1788381612.381237,1788381939.351963,,20,20
1788390323.878987,5,1,ghcr.io/talmolab/lablink-client-base-image:linux-amd64-test@sha256:1ec2fde6860186b3d45ac83890167258f83512955dbce65f072d4e8c310cb9de,3,apply,succeeded,1788381976.63281,1788381976.63526,1788382026.043455,,20,20
1788390323.878987,5,1,ghcr.io/talmolab/lablink-client-base-image:linux-amd64-test@sha256:1ec2fde6860186b3d45ac83890167258f83512955dbce65f072d4e8c310cb9de,4,destroy,succeeded,1788382875.148234,1788382875.150169,1788383194.833905,,20,20
1788390323.878987,5,1,ghcr.io/talmolab/lablink-client-base-image:linux-amd64-test@sha256:1ec2fde6860186b3d45ac83890167258f83512955dbce65f072d4e8c310cb9de,5,apply,succeeded,1788383308.62635,1788383308.629388,1788383361.88001,,35,35
1788390323.878987,5,1,ghcr.io/talmolab/lablink-client-base-image:linux-amd64-test@sha256:1ec2fde6860186b3d45ac83890167258f83512955dbce65f072d4e8c310cb9de,6,destroy,succeeded,1788384337.446569,1788384337.448163,1788384657.690712,,35,35
1788390323.878987,5,1,ghcr.io/talmolab/lablink-client-base-image:linux-amd64-test@sha256:1ec2fde6860186b3d45ac83890167258f83512955dbce65f072d4e8c310cb9de,7,apply,succeeded,1788384727.528365,1788384727.530681,1788384808.61864,,95,95
1788390323.878987,5,1,ghcr.io/talmolab/lablink-client-base-image:linux-amd64-test@sha256:1ec2fde6860186b3d45ac83890167258f83512955dbce65f072d4e8c310cb9de,8,destroy,succeeded,1788385076.969534,1788385076.971902,1788385973.63117,,95,95
1788390323.878987,5,1,ghcr.io/talmolab/lablink-client-base-image:linux-amd64-test@sha256:1ec2fde6860186b3d45ac83890167258f83512955dbce65f072d4e8c310cb9de,9,apply,succeeded,1788389407.309799,1788389407.313231,1788389454.98231,,20,20
1788390328.933203,5,1,ghcr.io/talmolab/lablink-client-base-image:linux-amd64-test@sha256:1ec2fde6860186b3d45ac83890167258f83512955dbce65f072d4e8c310cb9de,1,apply,succeeded,1788380921.682491,1788380921.685047,1788380971.541328,,20,20
1788390328.933203,5,1,ghcr.io/talmolab/lablink-client-base-image:linux-amd64-test@sha256:1ec2fde6860186b3d45ac83890167258f83512955dbce65f072d4e8c310cb9de,2,destroy,succeeded,1788381612.379228,1788381612.381237,1788381939.351963,,20,20
1788390328.933203,5,1,ghcr.io/talmolab/lablink-client-base-image:linux-amd64-test@sha256:1ec2fde6860186b3d45ac83890167258f83512955dbce65f072d4e8c310cb9de,3,apply,succeeded,1788381976.63281,1788381976.63526,1788382026.043455,,20,20
1788390328.933203,5,1,ghcr.io/talmolab/lablink-client-base-image:linux-amd64-test@sha256:1ec2fde6860186b3d45ac83890167258f83512955dbce65f072d4e8c310cb9de,4,destroy,succeeded,1788382875.148234,1788382875.150169,1788383194.833905,,20,20
1788390328.933203,5,1,ghcr.io/talmolab/lablink-client-base-image:linux-amd64-test@sha256:1ec2fde6860186b3d45ac83890167258f83512955dbce65f072d4e8c310cb9de,5,apply,succeeded,1788383308.62635,1788383308.629388,1788383361.88001,,35,35
1788390328.933203,5,1,ghcr.io/talmolab/lablink-client-base-image:linux-amd64-test@sha256:1ec2fde6860186b3d45ac83890167258f83512955dbce65f072d4e8c310cb9de,6,destroy,succeeded,1788384337.446569,1788384337.448163,1788384657.690712,,35,35
1788390328.933203,5,1,ghcr.io/talmolab/lablink-client-base-image:linux-amd64-test@sha256:1ec2fde6860186b3d45ac83890167258f83512955dbce65f072d4e8c310cb9de,7,apply,succeeded,1788384727.528365,1788384727.530681,1788384808.61864,,95,95
1788390328.933203,5,1,ghcr.io/talmolab/lablink-client-base-image:linux-amd64-test@sha256:1ec2fde6860186b3d45ac83890167258f83512955dbce65f072d4e8c310cb9de,8,destroy,succeeded,1788385076.969534,1788385076.971902,1788385973.63117,,95,95
1788390328.933203,5,1,ghcr.io/talmolab/lablink-client-base-image:linux-amd64-test@sha256:1ec2fde6860186b3d45ac83890167258f83512955dbce65f072d4e8c310cb9de,9,apply,succeeded,1788389407.309799,1788389407.313231,1788389454.98231,,20,20
1788390333.9862568,5,1,ghcr.io/talmolab/lablink-client-base-image:linux-amd64-test@sha256:1ec2fde6860186b3d45ac83890167258f83512955dbce65f072d4e8c310cb9de,1,apply,succeeded,1788380921.682491,1788380921.685047,1788380971.541328,,20,20
1788390333.9862568,5,1,ghcr.io/talmolab/lablink-client-base-image:linux-amd64-test@sha256:1ec2fde6860186b3d45ac83890167258f83512955dbce65f072d4e8c310cb9de,2,destroy,succeeded,1788381612.379228,1788381612.381237,1788381939.351963,,20,20
1788390333.9862568,5,1,ghcr.io/talmolab/lablink-client-base-image:linux-amd64-test@sha256:1ec2fde6860186b3d45ac83890167258f83512955dbce65f072d4e8c310cb9de,3,apply,succeeded,1788381976.63281,1788381976.63526,1788382026.043455,,20,20
1788390333.9862568,5,1,ghcr.io/talmolab/lablink-client-base-image:linux-amd64-test@sha256:1ec2fde6860186b3d45ac83890167258f83512955dbce65f072d4e8c310cb9de,4,destroy,succeeded,1788382875.148234,1788382875.150169,1788383194.833905,,20,20
1788390333.9862568,5,1,ghcr.io/talmolab/lablink-client-base-image:linux-amd64-test@sha256:1ec2fde6860186b3d45ac83890167258f83512955dbce65f072d4e8c310cb9de,5,apply,succeeded,1788383308.62635,1788383308.629388,1788383361.88001,,35,35
1788390333.9862568,5,1,ghcr.io/talmolab/lablink-client-base-image:linux-amd64-test@sha256:1ec2fde6860186b3d45ac83890167258f83512955dbce65f072d4e8c310cb9de,6,destroy,succeeded,1788384337.446569,1788384337.448163,1788384657.690712,,35,35
1788390333.9862568,5,1,ghcr.io/talmolab/lablink-client-base-image:linux-amd64-test@sha256:1ec2fde6860186b3d45ac83890167258f83512955dbce65f072d4e8c310cb9de,7,apply,succeeded,1788384727.528365,1788384727.530681,1788384808.61864,,95,95
1788390333.9862568,5,1,ghcr.io/talmolab/lablink-client-base-image:linux-amd64-test@sha256:1ec2fde6860186b3d45ac83890167258f83512955dbce65f072d4e8c310cb9de,8,destroy,succeeded,1788385076.969534,1788385076.971902,1788385973.63117,,95,95
1788390333.9862568,5,1,ghcr.io/talmolab/lablink-client-base-image:linux-amd64-test@sha256:1ec2fde6860186b3d45ac83890167258f83512955dbce65f072d4e8c310cb9de,9,apply,succeeded,1788389407.309799,1788389407.313231,1788389454.98231,,20,20
1788390339.105794,5,1,ghcr.io/talmolab/lablink-client-base-image:linux-amd64-test@sha256:1ec2fde6860186b3d45ac83890167258f83512955dbce65f072d4e8c310cb9de,1,apply,succeeded,1788380921.682491,1788380921.685047,1788380971.541328,,20,20
1788390339.105794,5,1,ghcr.io/talmolab/lablink-client-base-image:linux-amd64-test@sha256:1ec2fde6860186b3d45ac83890167258f83512955dbce65f072d4e8c310cb9de,2,destroy,succeeded,1788381612.379228,1788381612.381237,1788381939.351963,,20,20
1788390339.105794,5,1,ghcr.io/talmolab/lablink-client-base-image:linux-amd64-test@sha256:1ec2fde6860186b3d45ac83890167258f83512955dbce65f072d4e8c310cb9de,3,apply,succeeded,1788381976.63281,1788381976.63526,1788382026.043455,,20,20
1788390339.105794,5,1,ghcr.io/talmolab/lablink-client-base-image:linux-amd64-test@sha256:1ec2fde6860186b3d45ac83890167258f83512955dbce65f072d4e8c310cb9de,4,destroy,succeeded,1788382875.148234,1788382875.150169,1788383194.833905,,20,20
1788390339.105794,5,1,ghcr.io/talmolab/lablink-client-base-image:linux-amd64-test@sha256:1ec2fde6860186b3d45ac83890167258f83512955dbce65f072d4e8c310cb9de,5,apply,succeeded,1788383308.62635,1788383308.629388,1788383361.88001,,35,35
1788390339.105794,5,1,ghcr.io/talmolab/lablink-client-base-image:linux-amd64-test@sha256:1ec2fde6860186b3d45ac83890167258f83512955dbce65f072d4e8c310cb9de,6,destroy,succeeded,1788384337.446569,1788384337.448163,1788384657.690712,,35,35
1788390339.105794,5,1,ghcr.io/talmolab/lablink-client-base-image:linux-amd64-test@sha256:1ec2fde6860186b3d45ac83890167258f83512955dbce65f072d4e8c310cb9de,7,apply,succeeded,1788384727.528365,1788384727.530681,1788384808.61864,,95,95
1788390339.105794,5,1,ghcr.io/talmolab/lablink-client-base-image:linux-amd64-test@sha256:1ec2fde6860186b3d45ac83890167258f83512955dbce65f072d4e8c310cb9de,8,destroy,succeeded,1788385076.969534,1788385076.971902,1788385973.63117,,95,95
1788390339.105794,5,1,ghcr.io/talmolab/lablink-client-base-image:linux-amd64-test@sha256:1ec2fde6860186b3d45ac83890167258f83512955dbce65f072d4e8c310cb9de,9,apply,succeeded,1788389407.309799,1788389407.313231,1788389454.98231,,20,20
1788390339.105794,5,1,ghcr.io/talmolab/lablink-client-base-image:linux-amd64-test@sha256:1ec2fde6860186b3d45ac83890167258f83512955dbce65f072d4e8c310cb9de,10,destroy,running,1788390335.82657,1788390335.827949,,,,
1788390344.5796459,5,1,ghcr.io/talmolab/lablink-client-base-image:linux-amd64-test@sha256:1ec2fde6860186b3d45ac83890167258f83512955dbce65f072d4e8c310cb9de,1,apply,succeeded,1788380921.682491,1788380921.685047,1788380971.541328,,20,20
1788390344.5796459,5,1,ghcr.io/talmolab/lablink-client-base-image:linux-amd64-test@sha256:1ec2fde6860186b3d45ac83890167258f83512955dbce65f072d4e8c310cb9de,2,destroy,succeeded,1788381612.379228,1788381612.381237,1788381939.351963,,20,20
1788390344.5796459,5,1,ghcr.io/talmolab/lablink-client-base-image:linux-amd64-test@sha256:1ec2fde6860186b3d45ac83890167258f83512955dbce65f072d4e8c310cb9de,3,apply,succeeded,1788381976.63281,1788381976.63526,1788382026.043455,,20,20
1788390344.5796459,5,1,ghcr.io/talmolab/lablink-client-base-image:linux-amd64-test@sha256:1ec2fde6860186b3d45ac83890167258f83512955dbce65f072d4e8c310cb9de,4,destroy,succeeded,1788382875.148234,1788382875.150169,1788383194.833905,,20,20
1788390344.5796459,5,1,ghcr.io/talmolab/lablink-client-base-image:linux-amd64-test@sha256:1ec2fde6860186b3d45ac83890167258f83512955dbce65f072d4e8c310cb9de,5,apply,succeeded,1788383308.62635,1788383308.629388,1788383361.88001,,35,35
1788390344.5796459,5,1,ghcr.io/talmolab/lablink-client-base-image:linux-amd64-test@sha256:1ec2fde6860186b3d45ac83890167258f83512955dbce65f072d4e8c310cb9de,6,destroy,succeeded,1788384337.446569,1788384337.448163,1788384657.690712,,35,35
1788390344.5796459,5,1,ghcr.io/talmolab/lablink-client-base-image:linux-amd64-test@sha256:1ec2fde6860186b3d45ac83890167258f83512955dbce65f072d4e8c310cb9de,7,apply,succeeded,1788384727.528365,1788384727.530681,1788384808.61864,,95,95
1788390344.5796459,5,1,ghcr.io/talmolab/lablink-client-base-image:linux-amd64-test@sha256:1ec2fde6860186b3d45ac83890167258f83512955dbce65f072d4e8c310cb9de,8,destroy,succeeded,1788385076.969534,1788385076.971902,1788385973.63117,,95,95
1788390344.5796459,5,1,ghcr.io/talmolab/lablink-client-base-image:linux-amd64-test@sha256:1ec2fde6860186b3d45ac83890167258f83512955dbce65f072d4e8c310cb9de,9,apply,succeeded,1788389407.309799,1788389407.313231,1788389454.98231,,20,20
1788390344.5796459,5,1,ghcr.io/talmolab/lablink-client-base-image:linux-amd64-test@sha256:1ec2fde6860186b3d45ac83890167258f83512955dbce65f072d4e8c310cb9de,10,destroy,running,1788390335.82657,1788390335.827949,,,,
1788390349.20511,5,1,ghcr.io/talmolab/lablink-client-base-image:linux-amd64-test@sha256:1ec2fde6860186b3d45ac83890167258f83512955dbce65f072d4e8c310cb9de,1,apply,succeeded,1788380921.682491,1788380921.685047,1788380971.541328,,20,20
1788390349.20511,5,1,ghcr.io/talmolab/lablink-client-base-image:linux-amd64-test@sha256:1ec2fde6860186b3d45ac83890167258f83512955dbce65f072d4e8c310cb9de,2,destroy,succeeded,1788381612.379228,1788381612.381237,1788381939.351963,,20,20
1788390349.20511,5,1,ghcr.io/talmolab/lablink-client-base-image:linux-amd64-test@sha256:1ec2fde6860186b3d45ac83890167258f83512955dbce65f072d4e8c310cb9de,3,apply,succeeded,1788381976.63281,1788381976.63526,1788382026.043455,,20,20
1788390349.20511,5,1,ghcr.io/talmolab/lablink-client-base-image:linux-amd64-test@sha256:1ec2fde6860186b3d45ac83890167258f83512955dbce65f072d4e8c310cb9de,4,destroy,succeeded,1788382875.148234,1788382875.150169,1788383194.833905,,20,20
1788390349.20511,5,1,ghcr.io/talmolab/lablink-client-base-image:linux-amd64-test@sha256:1ec2fde6860186b3d45ac83890167258f83512955dbce65f072d4e8c310cb9de,5,apply,succeeded,1788383308.62635,1788383308.629388,1788383361.88001,,35,35
1788390349.20511,5,1,ghcr.io/talmolab/lablink-client-base-image:linux-amd64-test@sha256:1ec2fde6860186b3d45ac83890167258f83512955dbce65f072d4e8c310cb9de,6,destroy,succeeded,1788384337.446569,1788384337.448163,1788384657.690712,,35,35
1788390349.20511,5,1,ghcr.io/talmolab/lablink-client-base-image:linux-amd64-test@sha256:1ec2fde6860186b3d45ac83890167258f83512955dbce65f072d4e8c310cb9de,7,apply,succeeded,1788384727.528365,1788384727.530681,1788384808.61864,,95,95
1788390349.20511,5,1,ghcr.io/talmolab/lablink-client-base-image:linux-amd64-test@sha256:1ec2fde6860186b3d45ac83890167258f83512955dbce65f072d4e8c310cb9de,8,destroy,succeeded,1788385076.969534,1788385076.971902,1788385973.63117,,95,95
1788390349.20511,5,1,ghcr.io/talmolab/lablink-client-base-image:linux-amd64-test@sha256:1ec2fde6860186b3d45ac83890167258f83512955dbce65f072d4e8c310cb9de,9,apply,succeeded,1788389407.309799,1788389407.313231,1788389454.98231,,20,20
1788390349.20511,5,1,ghcr.io/talmolab/lablink-client-base-image:linux-amd64-test@sha256:1ec2fde6860186b3d45ac83890167258f83512955dbce65f072d4e8c310cb9de,10,destroy,running,1788390335.82657,1788390335.827949,,,,
1788390354.209416,5,1,ghcr.io/talmolab/lablink-client-base-image:linux-amd64-test@sha256:1ec2fde6860186b3d45ac83890167258f83512955dbce65f072d4e8c310cb9de,1,apply,succeeded,1788380921.682491,1788380921.685047,1788380971.541328,,20,20
1788390354.209416,5,1,ghcr.io/talmolab/lablink-client-base-image:linux-amd64-test@sha256:1ec2fde6860186b3d45ac83890167258f83512955dbce65f072d4e8c310cb9de,2,destroy,succeeded,1788381612.379228,1788381612.381237,1788381939.351963,,20,20
1788390354.209416,5,1,ghcr.io/talmolab/lablink-client-base-image:linux-amd64-test@sha256:1ec2fde6860186b3d45ac83890167258f83512955dbce65f072d4e8c310cb9de,3,apply,succeeded,1788381976.63281,1788381976.63526,1788382026.043455,,20,20
1788390354.209416,5,1,ghcr.io/talmolab/lablink-client-base-image:linux-amd64-test@sha256:1ec2fde6860186b3d45ac83890167258f83512955dbce65f072d4e8c310cb9de,4,destroy,succeeded,1788382875.148234,1788382875.150169,1788383194.833905,,20,20
1788390354.209416,5,1,ghcr.io/talmolab/lablink-client-base-image:linux-amd64-test@sha256:1ec2fde6860186b3d45ac83890167258f83512955dbce65f072d4e8c310cb9de,5,apply,succeeded,1788383308.62635,1788383308.629388,1788383361.88001,,35,35
1788390354.209416,5,1,ghcr.io/talmolab/lablink-client-base-image:linux-amd64-test@sha256:1ec2fde6860186b3d45ac83890167258f83512955dbce65f072d4e8c310cb9de,6,destroy,succeeded,1788384337.446569,1788384337.448163,1788384657.690712,,35,35
1788390354.209416,5,1,ghcr.io/talmolab/lablink-client-base-image:linux-amd64-test@sha256:1ec2fde6860186b3d45ac83890167258f83512955dbce65f072d4e8c310cb9de,7,apply,succeeded,1788384727.528365,1788384727.530681,1788384808.61864,,95,95
1788390354.209416,5,1,ghcr.io/talmolab/lablink-client-base-image:linux-amd64-test@sha256:1ec2fde6860186b3d45ac83890167258f83512955dbce65f072d4e8c310cb9de,8,destroy,succeeded,1788385076.969534,1788385076.971902,1788385973.63117,,95,95
1788390354.209416,5,1,ghcr.io/talmolab/lablink-client-base-image:linux-amd64-test@sha256:1ec2fde6860186b3d45ac83890167258f83512955dbce65f072d4e8c310cb9de,9,apply,succeeded,1788389407.309799,1788389407.313231,1788389454.98231,,20,20
1788390354.209416,5,1,ghcr.io/talmolab/lablink-client-base-image:linux-amd64-test@sha256:1ec2fde6860186b3d45ac83890167258f83512955dbce65f072d4e8c310cb9de,10,destroy,running,1788390335.82657,1788390335.827949,,,20,0
1788390359.231421,5,1,ghcr.io/talmolab/lablink-client-base-image:linux-amd64-test@sha256:1ec2fde6860186b3d45ac83890167258f83512955dbce65f072d4e8c310cb9de,1,apply,succeeded,1788380921.682491,1788380921.685047,1788380971.541328,,20,20
1788390359.231421,5,1,ghcr.io/talmolab/lablink-client-base-image:linux-amd64-test@sha256:1ec2fde6860186b3d45ac83890167258f83512955dbce65f072d4e8c310cb9de,2,destroy,succeeded,1788381612.379228,1788381612.381237,1788381939.351963,,20,20
1788390359.231421,5,1,ghcr.io/talmolab/lablink-client-base-image:linux-amd64-test@sha256:1ec2fde6860186b3d45ac83890167258f83512955dbce65f072d4e8c310cb9de,3,apply,succeeded,1788381976.63281,1788381976.63526,1788382026.043455,,20,20
1788390359.231421,5,1,ghcr.io/talmolab/lablink-client-base-image:linux-amd64-test@sha256:1ec2fde6860186b3d45ac83890167258f83512955dbce65f072d4e8c310cb9de,4,destroy,succeeded,1788382875.148234,1788382875.150169,1788383194.833905,,20,20
1788390359.231421,5,1,ghcr.io/talmolab/lablink-client-base-image:linux-amd64-test@sha256:1ec2fde6860186b3d45ac83890167258f83512955dbce65f072d4e8c310cb9de,5,apply,succeeded,1788383308.62635,1788383308.629388,1788383361.88001,,35,35
1788390359.231421,5,1,ghcr.io/talmolab/lablink-client-base-image:linux-amd64-test@sha256:1ec2fde6860186b3d45ac83890167258f83512955dbce65f072d4e8c310cb9de,6,destroy,succeeded,1788384337.446569,1788384337.448163,1788384657.690712,,35,35
1788390359.231421,5,1,ghcr.io/talmolab/lablink-client-base-image:linux-amd64-test@sha256:1ec2fde6860186b3d45ac83890167258f83512955dbce65f072d4e8c310cb9de,7,apply,succeeded,1788384727.528365,1788384727.530681,1788384808.61864,,95,95
1788390359.231421,5,1,ghcr.io/talmolab/lablink-client-base-image:linux-amd64-test@sha256:1ec2fde6860186b3d45ac83890167258f83512955dbce65f072d4e8c310cb9de,8,destroy,succeeded,1788385076.969534,1788385076.971902,1788385973.63117,,95,95
1788390359.231421,5,1,ghcr.io/talmolab/lablink-client-base-image:linux-amd64-test@sha256:1ec2fde6860186b3d45ac83890167258f83512955dbce65f072d4e8c310cb9de,9,apply,succeeded,1788389407.309799,1788389407.313231,1788389454.98231,,20,20
1788390359.231421,5,1,ghcr.io/talmolab/lablink-client-base-image:linux-amd64-test@sha256:1ec2fde6860186b3d45ac83890167258f83512955dbce65f072d4e8c310cb9de,10,destroy,running,1788390335.82657,1788390335.827949,,,20,0
1788390363.893315,5,1,ghcr.io/talmolab/lablink-client-base-image:linux-amd64-test@sha256:1ec2fde6860186b3d45ac83890167258f83512955dbce65f072d4e8c310cb9de,1,apply,succeeded,1788380921.682491,1788380921.685047,1788380971.541328,,20,20
1788390363.893315,5,1,ghcr.io/talmolab/lablink-client-base-image:linux-amd64-test@sha256:1ec2fde6860186b3d45ac83890167258f83512955dbce65f072d4e8c310cb9de,2,destroy,succeeded,1788381612.379228,1788381612.381237,1788381939.351963,,20,20
1788390363.893315,5,1,ghcr.io/talmolab/lablink-client-base-image:linux-amd64-test@sha256:1ec2fde6860186b3d45ac83890167258f83512955dbce65f072d4e8c310cb9de,3,apply,succeeded,1788381976.63281,1788381976.63526,1788382026.043455,,20,20
1788390363.893315,5,1,ghcr.io/talmolab/lablink-client-base-image:linux-amd64-test@sha256:1ec2fde6860186b3d45ac83890167258f83512955dbce65f072d4e8c310cb9de,4,destroy,succeeded,1788382875.148234,1788382875.150169,1788383194.833905,,20,20
1788390363.893315,5,1,ghcr.io/talmolab/lablink-client-base-image:linux-amd64-test@sha256:1ec2fde6860186b3d45ac83890167258f83512955dbce65f072d4e8c310cb9de,5,apply,succeeded,1788383308.62635,1788383308.629388,1788383361.88001,,35,35
1788390363.893315,5,1,ghcr.io/talmolab/lablink-client-base-image:linux-amd64-test@sha256:1ec2fde6860186b3d45ac83890167258f83512955dbce65f072d4e8c310cb9de,6,destroy,succeeded,1788384337.446569,1788384337.448163,1788384657.690712,,35,35
1788390363.893315,5,1,ghcr.io/talmolab/lablink-client-base-image:linux-amd64-test@sha256:1ec2fde6860186b3d45ac83890167258f83512955dbce65f072d4e8c310cb9de,7,apply,succeeded,1788384727.528365,1788384727.530681,1788384808.61864,,95,95
1788390363.893315,5,1,ghcr.io/talmolab/lablink-client-base-image:linux-amd64-test@sha256:1ec2fde6860186b3d45ac83890167258f83512955dbce65f072d4e8c310cb9de,8,destroy,succeeded,1788385076.969534,1788385076.971902,1788385973.63117,,95,95
1788390363.893315,5,1,ghcr.io/talmolab/lablink-client-base-image:linux-amd64-test@sha256:1ec2fde6860186b3d45ac83890167258f83512955dbce65f072d4e8c310cb9de,9,apply,succeeded,1788389407.309799,1788389407.313231,1788389454.98231,,20,20
1788390363.893315,5,1,ghcr.io/talmolab/lablink-client-base-image:linux-amd64-test@sha256:1ec2fde6860186b3d45ac83890167258f83512955dbce65f072d4e8c310cb9de,10,destroy,running,1788390335.82657,1788390335.827949,,,20,10
1788390368.8909252,5,1,ghcr.io/talmolab/lablink-client-base-image:linux-amd64-test@sha256:1ec2fde6860186b3d45ac83890167258f83512955dbce65f072d4e8c310cb9de,1,apply,succeeded,1788380921.682491,1788380921.685047,1788380971.541328,,20,20
1788390368.8909252,5,1,ghcr.io/talmolab/lablink-client-base-image:linux-amd64-test@sha256:1ec2fde6860186b3d45ac83890167258f83512955dbce65f072d4e8c310cb9de,2,destroy,succeeded,1788381612.379228,1788381612.381237,1788381939.351963,,20,20
1788390368.8909252,5,1,ghcr.io/talmolab/lablink-client-base-image:linux-amd64-test@sha256:1ec2fde6860186b3d45ac83890167258f83512955dbce65f072d4e8c310cb9de,3,apply,succeeded,1788381976.63281,1788381976.63526,1788382026.043455,,20,20
1788390368.8909252,5,1,ghcr.io/talmolab/lablink-client-base-image:linux-amd64-test@sha256:1ec2fde6860186b3d45ac83890167258f83512955dbce65f072d4e8c310cb9de,4,destroy,succeeded,1788382875.148234,1788382875.150169,1788383194.833905,,20,20
1788390368.8909252,5,1,ghcr.io/talmolab/lablink-client-base-image:linux-amd64-test@sha256:1ec2fde6860186b3d45ac83890167258f83512955dbce65f072d4e8c310cb9de,5,apply,succeeded,1788383308.62635,1788383308.629388,1788383361.88001,,35,35
1788390368.8909252,5,1,ghcr.io/talmolab/lablink-client-base-image:linux-amd64-test@sha256:1ec2fde6860186b3d45ac83890167258f83512955dbce65f072d4e8c310cb9de,6,destroy,succeeded,1788384337.446569,1788384337.448163,1788384657.690712,,35,35
1788390368.8909252,5,1,ghcr.io/talmolab/lablink-client-base-image:linux-amd64-test@sha256:1ec2fde6860186b3d45ac83890167258f83512955dbce65f072d4e8c310cb9de,7,apply,succeeded,1788384727.528365,1788384727.530681,1788384808.61864,,95,95
1788390368.8909252,5,1,ghcr.io/talmolab/lablink-client-base-image:linux-amd64-test@sha256:1ec2fde6860186b3d45ac83890167258f83512955dbce65f072d4e8c310cb9de,8,destroy,succeeded,1788385076.969534,1788385076.971902,1788385973.63117,,95,95
1788390368.8909252,5,1,ghcr.io/talmolab/lablink-client-base-image:linux-amd64-test@sha256:1ec2fde6860186b3d45ac83890167258f83512955dbce65f072d4e8c310cb9de,9,apply,succeeded,1788389407.309799,1788389407.313231,1788389454.98231,,20,20
1788390368.8909252,5,1,ghcr.io/talmolab/lablink-client-base-image:linux-amd64-test@sha256:1ec2fde6860186b3d45ac83890167258f83512955dbce65f072d4e8c310cb9de,10,destroy,running,1788390335.82657,1788390335.827949,,,20,10
1788390373.922931,5,1,ghcr.io/talmolab/lablink-client-base-image:linux-amd64-test@sha256:1ec2fde6860186b3d45ac83890167258f83512955dbce65f072d4e8c310cb9de,1,apply,succeeded,1788380921.682491,1788380921.685047,1788380971.541328,,20,20
1788390373.922931,5,1,ghcr.io/talmolab/lablink-client-base-image:linux-amd64-test@sha256:1ec2fde6860186b3d45ac83890167258f83512955dbce65f072d4e8c310cb9de,2,destroy,succeeded,1788381612.379228,1788381612.381237,1788381939.351963,,20,20
1788390373.922931,5,1,ghcr.io/talmolab/lablink-client-base-image:linux-amd64-test@sha256:1ec2fde6860186b3d45ac83890167258f83512955dbce65f072d4e8c310cb9de,3,apply,succeeded,1788381976.63281,1788381976.63526,1788382026.043455,,20,20
1788390373.922931,5,1,ghcr.io/talmolab/lablink-client-base-image:linux-amd64-test@sha256:1ec2fde6860186b3d45ac83890167258f83512955dbce65f072d4e8c310cb9de,4,destroy,succeeded,1788382875.148234,1788382875.150169,1788383194.833905,,20,20
1788390373.922931,5,1,ghcr.io/talmolab/lablink-client-base-image:linux-amd64-test@sha256:1ec2fde6860186b3d45ac83890167258f83512955dbce65f072d4e8c310cb9de,5,apply,succeeded,1788383308.62635,1788383308.629388,1788383361.88001,,35,35
1788390373.922931,5,1,ghcr.io/talmolab/lablink-client-base-image:linux-amd64-test@sha256:1ec2fde6860186b3d45ac83890167258f83512955dbce65f072d4e8c310cb9de,6,destroy,succeeded,1788384337.446569,1788384337.448163,1788384657.690712,,35,35
1788390373.922931,5,1,ghcr.io/talmolab/lablink-client-base-image:linux-amd64-test@sha256:1ec2fde6860186b3d45ac83890167258f83512955dbce65f072d4e8c310cb9de,7,apply,succeeded,1788384727.528365,1788384727.530681,1788384808.61864,,95,95
1788390373.922931,5,1,ghcr.io/talmolab/lablink-client-base-image:linux-amd64-test@sha256:1ec2fde6860186b3d45ac83890167258f83512955dbce65f072d4e8c310cb9de,8,destroy,succeeded,1788385076.969534,1788385076.971902,1788385973.63117,,95,95
1788390373.922931,5,1,ghcr.io/talmolab/lablink-client-base-image:linux-amd64-test@sha256:1ec2fde6860186b3d45ac83890167258f83512955dbce65f072d4e8c310cb9de,9,apply,succeeded,1788389407.309799,1788389407.313231,1788389454.98231,,20,20
1788390373.922931,5,1,ghcr.io/talmolab/lablink-client-base-image:linux-amd64-test@sha256:1ec2fde6860186b3d45ac83890167258f83512955dbce65f072d4e8c310cb9de,10,destroy,running,1788390335.82657,1788390335.827949,,,20,10
1788390378.9189582,5,1,ghcr.io/talmolab/lablink-client-base-image:linux-amd64-test@sha256:1ec2fde6860186b3d45ac83890167258f83512955dbce65f072d4e8c310cb9de,1,apply,succeeded,1788380921.682491,1788380921.685047,1788380971.541328,,20,20
1788390378.9189582,5,1,ghcr.io/talmolab/lablink-client-base-image:linux-amd64-test@sha256:1ec2fde6860186b3d45ac83890167258f83512955dbce65f072d4e8c310cb9de,2,destroy,succeeded,1788381612.379228,1788381612.381237,1788381939.351963,,20,20
1788390378.9189582,5,1,ghcr.io/talmolab/lablink-client-base-image:linux-amd64-test@sha256:1ec2fde6860186b3d45ac83890167258f83512955dbce65f072d4e8c310cb9de,3,apply,succeeded,1788381976.63281,1788381976.63526,1788382026.043455,,20,20
1788390378.9189582,5,1,ghcr.io/talmolab/lablink-client-base-image:linux-amd64-test@sha256:1ec2fde6860186b3d45ac83890167258f83512955dbce65f072d4e8c310cb9de,4,destroy,succeeded,1788382875.148234,1788382875.150169,1788383194.833905,,20,20
1788390378.9189582,5,1,ghcr.io/talmolab/lablink-client-base-image:linux-amd64-test@sha256:1ec2fde6860186b3d45ac83890167258f83512955dbce65f072d4e8c310cb9de,5,apply,succeeded,1788383308.62635,1788383308.629388,1788383361.88001,,35,35
1788390378.9189582,5,1,ghcr.io/talmolab/lablink-client-base-image:linux-amd64-test@sha256:1ec2fde6860186b3d45ac83890167258f83512955dbce65f072d4e8c310cb9de,6,destroy,succeeded,1788384337.446569,1788384337.448163,1788384657.690712,,35,35
1788390378.9189582,5,1,ghcr.io/talmolab/lablink-client-base-image:linux-amd64-test@sha256:1ec2fde6860186b3d45ac83890167258f83512955dbce65f072d4e8c310cb9de,7,apply,succeeded,1788384727.528365,1788384727.530681,1788384808.61864,,95,95
1788390378.9189582,5,1,ghcr.io/talmolab/lablink-client-base-image:linux-amd64-test@sha256:1ec2fde6860186b3d45ac83890167258f83512955dbce65f072d4e8c310cb9de,8,destroy,succeeded,1788385076.969534,1788385076.971902,1788385973.63117,,95,95
1788390378.9189582,5,1,ghcr.io/talmolab/lablink-client-base-image:linux-amd64-test@sha256:1ec2fde6860186b3d45ac83890167258f83512955dbce65f072d4e8c310cb9de,9,apply,succeeded,1788389407.309799,1788389407.313231,1788389454.98231,,20,20
1788390378.9189582,5,1,ghcr.io/talmolab/lablink-client-base-image:linux-amd64-test@sha256:1ec2fde6860186b3d45ac83890167258f83512955dbce65f072d4e8c310cb9de,10,destroy,running,1788390335.82657,1788390335.827949,,,20,10
1788390383.874882,5,1,ghcr.io/talmolab/lablink-client-base-image:linux-amd64-test@sha256:1ec2fde6860186b3d45ac83890167258f83512955dbce65f072d4e8c310cb9de,1,apply,succeeded,1788380921.682491,1788380921.685047,1788380971.541328,,20,20
1788390383.874882,5,1,ghcr.io/talmolab/lablink-client-base-image:linux-amd64-test@sha256:1ec2fde6860186b3d45ac83890167258f83512955dbce65f072d4e8c310cb9de,2,destroy,succeeded,1788381612.379228,1788381612.381237,1788381939.351963,,20,20
1788390383.874882,5,1,ghcr.io/talmolab/lablink-client-base-image:linux-amd64-test@sha256:1ec2fde6860186b3d45ac83890167258f83512955dbce65f072d4e8c310cb9de,3,apply,succeeded,1788381976.63281,1788381976.63526,1788382026.043455,,20,20
1788390383.874882,5,1,ghcr.io/talmolab/lablink-client-base-image:linux-amd64-test@sha256:1ec2fde6860186b3d45ac83890167258f83512955dbce65f072d4e8c310cb9de,4,destroy,succeeded,1788382875.148234,1788382875.150169,1788383194.833905,,20,20
1788390383.874882,5,1,ghcr.io/talmolab/lablink-client-base-image:linux-amd64-test@sha256:1ec2fde6860186b3d45ac83890167258f83512955dbce65f072d4e8c310cb9de,5,apply,succeeded,1788383308.62635,1788383308.629388,1788383361.88001,,35,35
1788390383.874882,5,1,ghcr.io/talmolab/lablink-client-base-image:linux-amd64-test@sha256:1ec2fde6860186b3d45ac83890167258f83512955dbce65f072d4e8c310cb9de,6,destroy,succeeded,1788384337.446569,1788384337.448163,1788384657.690712,,35,35
1788390383.874882,5,1,ghcr.io/talmolab/lablink-client-base-image:linux-amd64-test@sha256:1ec2fde6860186b3d45ac83890167258f83512955dbce65f072d4e8c310cb9de,7,apply,succeeded,1788384727.528365,1788384727.530681,1788384808.61864,,95,95
1788390383.874882,5,1,ghcr.io/talmolab/lablink-client-base-image:linux-amd64-test@sha256:1ec2fde6860186b3d45ac83890167258f83512955dbce65f072d4e8c310cb9de,8,destroy,succeeded,1788385076.969534,1788385076.971902,1788385973.63117,,95,95
1788390383.874882,5,1,ghcr.io/talmolab/lablink-client-base-image:linux-amd64-test@sha256:1ec2fde6860186b3d45ac83890167258f83512955dbce65f072d4e8c310cb9de,9,apply,succeeded,1788389407.309799,1788389407.313231,1788389454.98231,,20,20
1788390383.874882,5,1,ghcr.io/talmolab/lablink-client-base-image:linux-amd64-test@sha256:1ec2fde6860186b3d45ac83890167258f83512955dbce65f072d4e8c310cb9de,10,destroy,running,1788390335.82657,1788390335.827949,,,20,10
1788390389.009224,5,1,ghcr.io/talmolab/lablink-client-base-image:linux-amd64-test@sha256:1ec2fde6860186b3d45ac83890167258f83512955dbce65f072d4e8c310cb9de,1,apply,succeeded,1788380921.682491,1788380921.685047,1788380971.541328,,20,20
1788390389.009224,5,1,ghcr.io/talmolab/lablink-client-base-image:linux-amd64-test@sha256:1ec2fde6860186b3d45ac83890167258f83512955dbce65f072d4e8c310cb9de,2,destroy,succeeded,1788381612.379228,1788381612.381237,1788381939.351963,,20,20
1788390389.009224,5,1,ghcr.io/talmolab/lablink-client-base-image:linux-amd64-test@sha256:1ec2fde6860186b3d45ac83890167258f83512955dbce65f072d4e8c310cb9de,3,apply,succeeded,1788381976.63281,1788381976.63526,1788382026.043455,,20,20
1788390389.009224,5,1,ghcr.io/talmolab/lablink-client-base-image:linux-amd64-test@sha256:1ec2fde6860186b3d45ac83890167258f83512955dbce65f072d4e8c310cb9de,4,destroy,succeeded,1788382875.148234,1788382875.150169,1788383194.833905,,20,20
1788390389.009224,5,1,ghcr.io/talmolab/lablink-client-base-image:linux-amd64-test@sha256:1ec2fde6860186b3d45ac83890167258f83512955dbce65f072d4e8c310cb9de,5,apply,succeeded,1788383308.62635,1788383308.629388,1788383361.88001,,35,35
1788390389.009224,5,1,ghcr.io/talmolab/lablink-client-base-image:linux-amd64-test@sha256:1ec2fde6860186b3d45ac83890167258f83512955dbce65f072d4e8c310cb9de,6,destroy,succeeded,1788384337.446569,1788384337.448163,1788384657.690712,,35,35
1788390389.009224,5,1,ghcr.io/talmolab/lablink-client-base-image:linux-amd64-test@sha256:1ec2fde6860186b3d45ac83890167258f83512955dbce65f072d4e8c310cb9de,7,apply,succeeded,1788384727.528365,1788384727.530681,1788384808.61864,,95,95
1788390389.009224,5,1,ghcr.io/talmolab/lablink-client-base-image:linux-amd64-test@sha256:1ec2fde6860186b3d45ac83890167258f83512955dbce65f072d4e8c310cb9de,8,destroy,succeeded,1788385076.969534,1788385076.971902,1788385973.63117,,95,95
1788390389.009224,5,1,ghcr.io/talmolab/lablink-client-base-image:linux-amd64-test@sha256:1ec2fde6860186b3d45ac83890167258f83512955dbce65f072d4e8c310cb9de,9,apply,succeeded,1788389407.309799,1788389407.313231,1788389454.98231,,20,20
1788390389.009224,5,1,ghcr.io/talmolab/lablink-client-base-image:linux-amd64-test@sha256:1ec2fde6860186b3d45ac83890167258f83512955dbce65f072d4e8c310cb9de,10,destroy,running,1788390335.82657,1788390335.827949,,,20,10
1788390393.952245,5,1,ghcr.io/talmolab/lablink-client-base-image:linux-amd64-test@sha256:1ec2fde6860186b3d45ac83890167258f83512955dbce65f072d4e8c310cb9de,1,apply,succeeded,1788380921.682491,1788380921.685047,1788380971.541328,,20,20
1788390393.952245,5,1,ghcr.io/talmolab/lablink-client-base-image:linux-amd64-test@sha256:1ec2fde6860186b3d45ac83890167258f83512955dbce65f072d4e8c310cb9de,2,destroy,succeeded,1788381612.379228,1788381612.381237,1788381939.351963,,20,20
1788390393.952245,5,1,ghcr.io/talmolab/lablink-client-base-image:linux-amd64-test@sha256:1ec2fde6860186b3d45ac83890167258f83512955dbce65f072d4e8c310cb9de,3,apply,succeeded,1788381976.63281,1788381976.63526,1788382026.043455,,20,20
1788390393.952245,5,1,ghcr.io/talmolab/lablink-client-base-image:linux-amd64-test@sha256:1ec2fde6860186b3d45ac83890167258f83512955dbce65f072d4e8c310cb9de,4,destroy,succeeded,1788382875.148234,1788382875.150169,1788383194.833905,,20,20
1788390393.952245,5,1,ghcr.io/talmolab/lablink-client-base-image:linux-amd64-test@sha256:1ec2fde6860186b3d45ac83890167258f83512955dbce65f072d4e8c310cb9de,5,apply,succeeded,1788383308.62635,1788383308.629388,1788383361.88001,,35,35
1788390393.952245,5,1,ghcr.io/talmolab/lablink-client-base-image:linux-amd64-test@sha256:1ec2fde6860186b3d45ac83890167258f83512955dbce65f072d4e8c310cb9de,6,destroy,succeeded,1788384337.446569,1788384337.448163,1788384657.690712,,35,35
1788390393.952245,5,1,ghcr.io/talmolab/lablink-client-base-image:linux-amd64-test@sha256:1ec2fde6860186b3d45ac83890167258f83512955dbce65f072d4e8c310cb9de,7,apply,succeeded,1788384727.528365,1788384727.530681,1788384808.61864,,95,95
1788390393.952245,5,1,ghcr.io/talmolab/lablink-client-base-image:linux-amd64-test@sha256:1ec2fde6860186b3d45ac83890167258f83512955dbce65f072d4e8c310cb9de,8,destroy,succeeded,1788385076.969534,1788385076.971902,1788385973.63117,,95,95
1788390393.952245,5,1,ghcr.io/talmolab/lablink-client-base-image:linux-amd64-test@sha256:1ec2fde6860186b3d45ac83890167258f83512955dbce65f072d4e8c310cb9de,9,apply,succeeded,1788389407.309799,1788389407.313231,1788389454.98231,,20,20
1788390393.952245,5,1,ghcr.io/talmolab/lablink-client-base-image:linux-amd64-test@sha256:1ec2fde6860186b3d45ac83890167258f83512955dbce65f072d4e8c310cb9de,10,destroy,running,1788390335.82657,1788390335.827949,,,20,10
1788390399.032759,5,1,ghcr.io/talmolab/lablink-client-base-image:linux-amd64-test@sha256:1ec2fde6860186b3d45ac83890167258f83512955dbce65f072d4e8c310cb9de,1,apply,succeeded,1788380921.682491,1788380921.685047,1788380971.541328,,20,20
1788390399.032759,5,1,ghcr.io/talmolab/lablink-client-base-image:linux-amd64-test@sha256:1ec2fde6860186b3d45ac83890167258f83512955dbce65f072d4e8c310cb9de,2,destroy,succeeded,1788381612.379228,1788381612.381237,1788381939.351963,,20,20
1788390399.032759,5,1,ghcr.io/talmolab/lablink-client-base-image:linux-amd64-test@sha256:1ec2fde6860186b3d45ac83890167258f83512955dbce65f072d4e8c310cb9de,3,apply,succeeded,1788381976.63281,1788381976.63526,1788382026.043455,,20,20
1788390399.032759,5,1,ghcr.io/talmolab/lablink-client-base-image:linux-amd64-test@sha256:1ec2fde6860186b3d45ac83890167258f83512955dbce65f072d4e8c310cb9de,4,destroy,succeeded,1788382875.148234,1788382875.150169,1788383194.833905,,20,20
1788390399.032759,5,1,ghcr.io/talmolab/lablink-client-base-image:linux-amd64-test@sha256:1ec2fde6860186b3d45ac83890167258f83512955dbce65f072d4e8c310cb9de,5,apply,succeeded,1788383308.62635,1788383308.629388,1788383361.88001,,35,35
1788390399.032759,5,1,ghcr.io/talmolab/lablink-client-base-image:linux-amd64-test@sha256:1ec2fde6860186b3d45ac83890167258f83512955dbce65f072d4e8c310cb9de,6,destroy,succeeded,1788384337.446569,1788384337.448163,1788384657.690712,,35,35
1788390399.032759,5,1,ghcr.io/talmolab/lablink-client-base-image:linux-amd64-test@sha256:1ec2fde6860186b3d45ac83890167258f83512955dbce65f072d4e8c310cb9de,7,apply,succeeded,1788384727.528365,1788384727.530681,1788384808.61864,,95,95
1788390399.032759,5,1,ghcr.io/talmolab/lablink-client-base-image:linux-amd64-test@sha256:1ec2fde6860186b3d45ac83890167258f83512955dbce65f072d4e8c310cb9de,8,destroy,succeeded,1788385076.969534,1788385076.971902,1788385973.63117,,95,95
1788390399.032759,5,1,ghcr.io/talmolab/lablink-client-base-image:linux-amd64-test@sha256:1ec2fde6860186b3d45ac83890167258f83512955dbce65f072d4e8c310cb9de,9,apply,succeeded,1788389407.309799,1788389407.313231,1788389454.98231,,20,20
1788390399.032759,5,1,ghcr.io/talmolab/lablink-client-base-image:linux-amd64-test@sha256:1ec2fde6860186b3d45ac83890167258f83512955dbce65f072d4e8c310cb9de,10,destroy,running,1788390335.82657,1788390335.827949,,,20,10
1788390404.255392,5,1,ghcr.io/talmolab/lablink-client-base-image:linux-amd64-test@sha256:1ec2fde6860186b3d45ac83890167258f83512955dbce65f072d4e8c310cb9de,1,apply,succeeded,1788380921.682491,1788380921.685047,1788380971.541328,,20,20
1788390404.255392,5,1,ghcr.io/talmolab/lablink-client-base-image:linux-amd64-test@sha256:1ec2fde6860186b3d45ac83890167258f83512955dbce65f072d4e8c310cb9de,2,destroy,succeeded,1788381612.379228,1788381612.381237,1788381939.351963,,20,20
1788390404.255392,5,1,ghcr.io/talmolab/lablink-client-base-image:linux-amd64-test@sha256:1ec2fde6860186b3d45ac83890167258f83512955dbce65f072d4e8c310cb9de,3,apply,succeeded,1788381976.63281,1788381976.63526,1788382026.043455,,20,20
1788390404.255392,5,1,ghcr.io/talmolab/lablink-client-base-image:linux-amd64-test@sha256:1ec2fde6860186b3d45ac83890167258f83512955dbce65f072d4e8c310cb9de,4,destroy,succeeded,1788382875.148234,1788382875.150169,1788383194.833905,,20,20
1788390404.255392,5,1,ghcr.io/talmolab/lablink-client-base-image:linux-amd64-test@sha256:1ec2fde6860186b3d45ac83890167258f83512955dbce65f072d4e8c310cb9de,5,apply,succeeded,1788383308.62635,1788383308.629388,1788383361.88001,,35,35
1788390404.255392,5,1,ghcr.io/talmolab/lablink-client-base-image:linux-amd64-test@sha256:1ec2fde6860186b3d45ac83890167258f83512955dbce65f072d4e8c310cb9de,6,destroy,succeeded,1788384337.446569,1788384337.448163,1788384657.690712,,35,35
1788390404.255392,5,1,ghcr.io/talmolab/lablink-client-base-image:linux-amd64-test@sha256:1ec2fde6860186b3d45ac83890167258f83512955dbce65f072d4e8c310cb9de,7,apply,succeeded,1788384727.528365,1788384727.530681,1788384808.61864,,95,95
1788390404.255392,5,1,ghcr.io/talmolab/lablink-client-base-image:linux-amd64-test@sha256:1ec2fde6860186b3d45ac83890167258f83512955dbce65f072d4e8c310cb9de,8,destroy,succeeded,1788385076.969534,1788385076.971902,1788385973.63117,,95,95
1788390404.255392,5,1,ghcr.io/talmolab/lablink-client-base-image:linux-amd64-test@sha256:1ec2fde6860186b3d45ac83890167258f83512955dbce65f072d4e8c310cb9de,9,apply,succeeded,1788389407.309799,1788389407.313231,1788389454.98231,,20,20
1788390404.255392,5,1,ghcr.io/talmolab/lablink-client-base-image:linux-amd64-test@sha256:1ec2fde6860186b3d45ac83890167258f83512955dbce65f072d4e8c310cb9de,10,destroy,running,1788390335.82657,1788390335.827949,,,20,10
1788390408.954525,5,1,ghcr.io/talmolab/lablink-client-base-image:linux-amd64-test@sha256:1ec2fde6860186b3d45ac83890167258f83512955dbce65f072d4e8c310cb9de,1,apply,succeeded,1788380921.682491,1788380921.685047,1788380971.541328,,20,20
1788390408.954525,5,1,ghcr.io/talmolab/lablink-client-base-image:linux-amd64-test@sha256:1ec2fde6860186b3d45ac83890167258f83512955dbce65f072d4e8c310cb9de,2,destroy,succeeded,1788381612.379228,1788381612.381237,1788381939.351963,,20,20
1788390408.954525,5,1,ghcr.io/talmolab/lablink-client-base-image:linux-amd64-test@sha256:1ec2fde6860186b3d45ac83890167258f83512955dbce65f072d4e8c310cb9de,3,apply,succeeded,1788381976.63281,1788381976.63526,1788382026.043455,,20,20
1788390408.954525,5,1,ghcr.io/talmolab/lablink-client-base-image:linux-amd64-test@sha256:1ec2fde6860186b3d45ac83890167258f83512955dbce65f072d4e8c310cb9de,4,destroy,succeeded,1788382875.148234,1788382875.150169,1788383194.833905,,20,20
1788390408.954525,5,1,ghcr.io/talmolab/lablink-client-base-image:linux-amd64-test@sha256:1ec2fde6860186b3d45ac83890167258f83512955dbce65f072d4e8c310cb9de,5,apply,succeeded,1788383308.62635,1788383308.629388,1788383361.88001,,35,35
1788390408.954525,5,1,ghcr.io/talmolab/lablink-client-base-image:linux-amd64-test@sha256:1ec2fde6860186b3d45ac83890167258f83512955dbce65f072d4e8c310cb9de,6,destroy,succeeded,1788384337.446569,1788384337.448163,1788384657.690712,,35,35
1788390408.954525,5,1,ghcr.io/talmolab/lablink-client-base-image:linux-amd64-test@sha256:1ec2fde6860186b3d45ac83890167258f83512955dbce65f072d4e8c310cb9de,7,apply,succeeded,1788384727.528365,1788384727.530681,1788384808.61864,,95,95
1788390408.954525,5,1,ghcr.io/talmolab/lablink-client-base-image:linux-amd64-test@sha256:1ec2fde6860186b3d45ac83890167258f83512955dbce65f072d4e8c310cb9de,8,destroy,succeeded,1788385076.969534,1788385076.971902,1788385973.63117,,95,95
1788390408.954525,5,1,ghcr.io/talmolab/lablink-client-base-image:linux-amd64-test@sha256:1ec2fde6860186b3d45ac83890167258f83512955dbce65f072d4e8c310cb9de,9,apply,succeeded,1788389407.309799,1788389407.313231,1788389454.98231,,20,20
1788390408.954525,5,1,ghcr.io/talmolab/lablink-client-base-image:linux-amd64-test@sha256:1ec2fde6860186b3d45ac83890167258f83512955dbce65f072d4e8c310cb9de,10,destroy,running,1788390335.82657,1788390335.827949,,,20,10
1788390413.9795132,5,1,ghcr.io/talmolab/lablink-client-base-image:linux-amd64-test@sha256:1ec2fde6860186b3d45ac83890167258f83512955dbce65f072d4e8c310cb9de,1,apply,succeeded,1788380921.682491,1788380921.685047,1788380971.541328,,20,20
1788390413.9795132,5,1,ghcr.io/talmolab/lablink-client-base-image:linux-amd64-test@sha256:1ec2fde6860186b3d45ac83890167258f83512955dbce65f072d4e8c310cb9de,2,destroy,succeeded,1788381612.379228,1788381612.381237,1788381939.351963,,20,20
1788390413.9795132,5,1,ghcr.io/talmolab/lablink-client-base-image:linux-amd64-test@sha256:1ec2fde6860186b3d45ac83890167258f83512955dbce65f072d4e8c310cb9de,3,apply,succeeded,1788381976.63281,1788381976.63526,1788382026.043455,,20,20
1788390413.9795132,5,1,ghcr.io/talmolab/lablink-client-base-image:linux-amd64-test@sha256:1ec2fde6860186b3d45ac83890167258f83512955dbce65f072d4e8c310cb9de,4,destroy,succeeded,1788382875.148234,1788382875.150169,1788383194.833905,,20,20
1788390413.9795132,5,1,ghcr.io/talmolab/lablink-client-base-image:linux-amd64-test@sha256:1ec2fde6860186b3d45ac83890167258f83512955dbce65f072d4e8c310cb9de,5,apply,succeeded,1788383308.62635,1788383308.629388,1788383361.88001,,35,35
1788390413.9795132,5,1,ghcr.io/talmolab/lablink-client-base-image:linux-amd64-test@sha256:1ec2fde6860186b3d45ac83890167258f83512955dbce65f072d4e8c310cb9de,6,destroy,succeeded,1788384337.446569,1788384337.448163,1788384657.690712,,35,35
1788390413.9795132,5,1,ghcr.io/talmolab/lablink-client-base-image:linux-amd64-test@sha256:1ec2fde6860186b3d45ac83890167258f83512955dbce65f072d4e8c310cb9de,7,apply,succeeded,1788384727.528365,1788384727.530681,1788384808.61864,,95,95
1788390413.9795132,5,1,ghcr.io/talmolab/lablink-client-base-image:linux-amd64-test@sha256:1ec2fde6860186b3d45ac83890167258f83512955dbce65f072d4e8c310cb9de,8,destroy,succeeded,1788385076.969534,1788385076.971902,1788385973.63117,,95,95
1788390413.9795132,5,1,ghcr.io/talmolab/lablink-client-base-image:linux-amd64-test@sha256:1ec2fde6860186b3d45ac83890167258f83512955dbce65f072d4e8c310cb9de,9,apply,succeeded,1788389407.309799,1788389407.313231,1788389454.98231,,20,20
1788390413.9795132,5,1,ghcr.io/talmolab/lablink-client-base-image:linux-amd64-test@sha256:1ec2fde6860186b3d45ac83890167258f83512955dbce65f072d4e8c310cb9de,10,destroy,running,1788390335.82657,1788390335.827949,,,20,10
1788390418.918103,5,1,ghcr.io/talmolab/lablink-client-base-image:linux-amd64-test@sha256:1ec2fde6860186b3d45ac83890167258f83512955dbce65f072d4e8c310cb9de,1,apply,succeeded,1788380921.682491,1788380921.685047,1788380971.541328,,20,20
1788390418.918103,5,1,ghcr.io/talmolab/lablink-client-base-image:linux-amd64-test@sha256:1ec2fde6860186b3d45ac83890167258f83512955dbce65f072d4e8c310cb9de,2,destroy,succeeded,1788381612.379228,1788381612.381237,1788381939.351963,,20,20
1788390418.918103,5,1,ghcr.io/talmolab/lablink-client-base-image:linux-amd64-test@sha256:1ec2fde6860186b3d45ac83890167258f83512955dbce65f072d4e8c310cb9de,3,apply,succeeded,1788381976.63281,1788381976.63526,1788382026.043455,,20,20
1788390418.918103,5,1,ghcr.io/talmolab/lablink-client-base-image:linux-amd64-test@sha256:1ec2fde6860186b3d45ac83890167258f83512955dbce65f072d4e8c310cb9de,4,destroy,succeeded,1788382875.148234,1788382875.150169,1788383194.833905,,20,20
1788390418.918103,5,1,ghcr.io/talmolab/lablink-client-base-image:linux-amd64-test@sha256:1ec2fde6860186b3d45ac83890167258f83512955dbce65f072d4e8c310cb9de,5,apply,succeeded,1788383308.62635,1788383308.629388,1788383361.88001,,35,35
1788390418.918103,5,1,ghcr.io/talmolab/lablink-client-base-image:linux-amd64-test@sha256:1ec2fde6860186b3d45ac83890167258f83512955dbce65f072d4e8c310cb9de,6,destroy,succeeded,1788384337.446569,1788384337.448163,1788384657.690712,,35,35
1788390418.918103,5,1,ghcr.io/talmolab/lablink-client-base-image:linux-amd64-test@sha256:1ec2fde6860186b3d45ac83890167258f83512955dbce65f072d4e8c310cb9de,7,apply,succeeded,1788384727.528365,1788384727.530681,1788384808.61864,,95,95
1788390418.918103,5,1,ghcr.io/talmolab/lablink-client-base-image:linux-amd64-test@sha256:1ec2fde6860186b3d45ac83890167258f83512955dbce65f072d4e8c310cb9de,8,destroy,succeeded,1788385076.969534,1788385076.971902,1788385973.63117,,95,95
1788390418.918103,5,1,ghcr.io/talmolab/lablink-client-base-image:linux-amd64-test@sha256:1ec2fde6860186b3d45ac83890167258f83512955dbce65f072d4e8c310cb9de,9,apply,succeeded,1788389407.309799,1788389407.313231,1788389454.98231,,20,20
1788390418.918103,5,1,ghcr.io/talmolab/lablink-client-base-image:linux-amd64-test@sha256:1ec2fde6860186b3d45ac83890167258f83512955dbce65f072d4e8c310cb9de,10,destroy,running,1788390335.82657,1788390335.827949,,,20,10
1788390423.940537,5,1,ghcr.io/talmolab/lablink-client-base-image:linux-amd64-test@sha256:1ec2fde6860186b3d45ac83890167258f83512955dbce65f072d4e8c310cb9de,1,apply,succeeded,1788380921.682491,1788380921.685047,1788380971.541328,,20,20
1788390423.940537,5,1,ghcr.io/talmolab/lablink-client-base-image:linux-amd64-test@sha256:1ec2fde6860186b3d45ac83890167258f83512955dbce65f072d4e8c310cb9de,2,destroy,succeeded,1788381612.379228,1788381612.381237,1788381939.351963,,20,20
1788390423.940537,5,1,ghcr.io/talmolab/lablink-client-base-image:linux-amd64-test@sha256:1ec2fde6860186b3d45ac83890167258f83512955dbce65f072d4e8c310cb9de,3,apply,succeeded,1788381976.63281,1788381976.63526,1788382026.043455,,20,20
1788390423.940537,5,1,ghcr.io/talmolab/lablink-client-base-image:linux-amd64-test@sha256:1ec2fde6860186b3d45ac83890167258f83512955dbce65f072d4e8c310cb9de,4,destroy,succeeded,1788382875.148234,1788382875.150169,1788383194.833905,,20,20
1788390423.940537,5,1,ghcr.io/talmolab/lablink-client-base-image:linux-amd64-test@sha256:1ec2fde6860186b3d45ac83890167258f83512955dbce65f072d4e8c310cb9de,5,apply,succeeded,1788383308.62635,1788383308.629388,1788383361.88001,,35,35
1788390423.940537,5,1,ghcr.io/talmolab/lablink-client-base-image:linux-amd64-test@sha256:1ec2fde6860186b3d45ac83890167258f83512955dbce65f072d4e8c310cb9de,6,destroy,succeeded,1788384337.446569,1788384337.448163,1788384657.690712,,35,35
1788390423.940537,5,1,ghcr.io/talmolab/lablink-client-base-image:linux-amd64-test@sha256:1ec2fde6860186b3d45ac83890167258f83512955dbce65f072d4e8c310cb9de,7,apply,succeeded,1788384727.528365,1788384727.530681,1788384808.61864,,95,95
1788390423.940537,5,1,ghcr.io/talmolab/lablink-client-base-image:linux-amd64-test@sha256:1ec2fde6860186b3d45ac83890167258f83512955dbce65f072d4e8c310cb9de,8,destroy,succeeded,1788385076.969534,1788385076.971902,1788385973.63117,,95,95
1788390423.940537,5,1,ghcr.io/talmolab/lablink-client-base-image:linux-amd64-test@sha256:1ec2fde6860186b3d45ac83890167258f83512955dbce65f072d4e8c310cb9de,9,apply,succeeded,1788389407.309799,1788389407.313231,1788389454.98231,,20,20
1788390423.940537,5,1,ghcr.io/talmolab/lablink-client-base-image:linux-amd64-test@sha256:1ec2fde6860186b3d45ac83890167258f83512955dbce65f072d4e8c310cb9de,10,destroy,running,1788390335.82657,1788390335.827949,,,20,10
1788390428.913374,5,1,ghcr.io/talmolab/lablink-client-base-image:linux-amd64-test@sha256:1ec2fde6860186b3d45ac83890167258f83512955dbce65f072d4e8c310cb9de,1,apply,succeeded,1788380921.682491,1788380921.685047,1788380971.541328,,20,20
1788390428.913374,5,1,ghcr.io/talmolab/lablink-client-base-image:linux-amd64-test@sha256:1ec2fde6860186b3d45ac83890167258f83512955dbce65f072d4e8c310cb9de,2,destroy,succeeded,1788381612.379228,1788381612.381237,1788381939.351963,,20,20
1788390428.913374,5,1,ghcr.io/talmolab/lablink-client-base-image:linux-amd64-test@sha256:1ec2fde6860186b3d45ac83890167258f83512955dbce65f072d4e8c310cb9de,3,apply,succeeded,1788381976.63281,1788381976.63526,1788382026.043455,,20,20
1788390428.913374,5,1,ghcr.io/talmolab/lablink-client-base-image:linux-amd64-test@sha256:1ec2fde6860186b3d45ac83890167258f83512955dbce65f072d4e8c310cb9de,4,destroy,succeeded,1788382875.148234,1788382875.150169,1788383194.833905,,20,20
1788390428.913374,5,1,ghcr.io/talmolab/lablink-client-base-image:linux-amd64-test@sha256:1ec2fde6860186b3d45ac83890167258f83512955dbce65f072d4e8c310cb9de,5,apply,succeeded,1788383308.62635,1788383308.629388,1788383361.88001,,35,35
1788390428.913374,5,1,ghcr.io/talmolab/lablink-client-base-image:linux-amd64-test@sha256:1ec2fde6860186b3d45ac83890167258f83512955dbce65f072d4e8c310cb9de,6,destroy,succeeded,1788384337.446569,1788384337.448163,1788384657.690712,,35,35
1788390428.913374,5,1,ghcr.io/talmolab/lablink-client-base-image:linux-amd64-test@sha256:1ec2fde6860186b3d45ac83890167258f83512955dbce65f072d4e8c310cb9de,7,apply,succeeded,1788384727.528365,1788384727.530681,1788384808.61864,,95,95
1788390428.913374,5,1,ghcr.io/talmolab/lablink-client-base-image:linux-amd64-test@sha256:1ec2fde6860186b3d45ac83890167258f83512955dbce65f072d4e8c310cb9de,8,destroy,succeeded,1788385076.969534,1788385076.971902,1788385973.63117,,95,95
1788390428.913374,5,1,ghcr.io/talmolab/lablink-client-base-image:linux-amd64-test@sha256:1ec2fde6860186b3d45ac83890167258f83512955dbce65f072d4e8c310cb9de,9,apply,succeeded,1788389407.309799,1788389407.313231,1788389454.98231,,20,20
1788390428.913374,5,1,ghcr.io/talmolab/lablink-client-base-image:linux-amd64-test@sha256:1ec2fde6860186b3d45ac83890167258f83512955dbce65f072d4e8c310cb9de,10,destroy,running,1788390335.82657,1788390335.827949,,,20,10
1788390433.942813,5,1,ghcr.io/talmolab/lablink-client-base-image:linux-amd64-test@sha256:1ec2fde6860186b3d45ac83890167258f83512955dbce65f072d4e8c310cb9de,1,apply,succeeded,1788380921.682491,1788380921.685047,1788380971.541328,,20,20
1788390433.942813,5,1,ghcr.io/talmolab/lablink-client-base-image:linux-amd64-test@sha256:1ec2fde6860186b3d45ac83890167258f83512955dbce65f072d4e8c310cb9de,2,destroy,succeeded,1788381612.379228,1788381612.381237,1788381939.351963,,20,20
1788390433.942813,5,1,ghcr.io/talmolab/lablink-client-base-image:linux-amd64-test@sha256:1ec2fde6860186b3d45ac83890167258f83512955dbce65f072d4e8c310cb9de,3,apply,succeeded,1788381976.63281,1788381976.63526,1788382026.043455,,20,20
1788390433.942813,5,1,ghcr.io/talmolab/lablink-client-base-image:linux-amd64-test@sha256:1ec2fde6860186b3d45ac83890167258f83512955dbce65f072d4e8c310cb9de,4,destroy,succeeded,1788382875.148234,1788382875.150169,1788383194.833905,,20,20
1788390433.942813,5,1,ghcr.io/talmolab/lablink-client-base-image:linux-amd64-test@sha256:1ec2fde6860186b3d45ac83890167258f83512955dbce65f072d4e8c310cb9de,5,apply,succeeded,1788383308.62635,1788383308.629388,1788383361.88001,,35,35
1788390433.942813,5,1,ghcr.io/talmolab/lablink-client-base-image:linux-amd64-test@sha256:1ec2fde6860186b3d45ac83890167258f83512955dbce65f072d4e8c310cb9de,6,destroy,succeeded,1788384337.446569,1788384337.448163,1788384657.690712,,35,35
1788390433.942813,5,1,ghcr.io/talmolab/lablink-client-base-image:linux-amd64-test@sha256:1ec2fde6860186b3d45ac83890167258f83512955dbce65f072d4e8c310cb9de,7,apply,succeeded,1788384727.528365,1788384727.530681,1788384808.61864,,95,95
1788390433.942813,5,1,ghcr.io/talmolab/lablink-client-base-image:linux-amd64-test@sha256:1ec2fde6860186b3d45ac83890167258f83512955dbce65f072d4e8c310cb9de,8,destroy,succeeded,1788385076.969534,1788385076.971902,1788385973.63117,,95,95
1788390433.942813,5,1,ghcr.io/talmolab/lablink-client-base-image:linux-amd64-test@sha256:1ec2fde6860186b3d45ac83890167258f83512955dbce65f072d4e8c310cb9de,9,apply,succeeded,1788389407.309799,1788389407.313231,1788389454.98231,,20,20
1788390433.942813,5,1,ghcr.io/talmolab/lablink-client-base-image:linux-amd64-test@sha256:1ec2fde6860186b3d45ac83890167258f83512955dbce65f072d4e8c310cb9de,10,destroy,running,1788390335.82657,1788390335.827949,,,20,10
1788390439.14946,5,1,ghcr.io/talmolab/lablink-client-base-image:linux-amd64-test@sha256:1ec2fde6860186b3d45ac83890167258f83512955dbce65f072d4e8c310cb9de,1,apply,succeeded,1788380921.682491,1788380921.685047,1788380971.541328,,20,20
1788390439.14946,5,1,ghcr.io/talmolab/lablink-client-base-image:linux-amd64-test@sha256:1ec2fde6860186b3d45ac83890167258f83512955dbce65f072d4e8c310cb9de,2,destroy,succeeded,1788381612.379228,1788381612.381237,1788381939.351963,,20,20
1788390439.14946,5,1,ghcr.io/talmolab/lablink-client-base-image:linux-amd64-test@sha256:1ec2fde6860186b3d45ac83890167258f83512955dbce65f072d4e8c310cb9de,3,apply,succeeded,1788381976.63281,1788381976.63526,1788382026.043455,,20,20
1788390439.14946,5,1,ghcr.io/talmolab/lablink-client-base-image:linux-amd64-test@sha256:1ec2fde6860186b3d45ac83890167258f83512955dbce65f072d4e8c310cb9de,4,destroy,succeeded,1788382875.148234,1788382875.150169,1788383194.833905,,20,20
1788390439.14946,5,1,ghcr.io/talmolab/lablink-client-base-image:linux-amd64-test@sha256:1ec2fde6860186b3d45ac83890167258f83512955dbce65f072d4e8c310cb9de,5,apply,succeeded,1788383308.62635,1788383308.629388,1788383361.88001,,35,35
1788390439.14946,5,1,ghcr.io/talmolab/lablink-client-base-image:linux-amd64-test@sha256:1ec2fde6860186b3d45ac83890167258f83512955dbce65f072d4e8c310cb9de,6,destroy,succeeded,1788384337.446569,1788384337.448163,1788384657.690712,,35,35
1788390439.14946,5,1,ghcr.io/talmolab/lablink-client-base-image:linux-amd64-test@sha256:1ec2fde6860186b3d45ac83890167258f83512955dbce65f072d4e8c310cb9de,7,apply,succeeded,1788384727.528365,1788384727.530681,1788384808.61864,,95,95
1788390439.14946,5,1,ghcr.io/talmolab/lablink-client-base-image:linux-amd64-test@sha256:1ec2fde6860186b3d45ac83890167258f83512955dbce65f072d4e8c310cb9de,8,destroy,succeeded,1788385076.969534,1788385076.971902,1788385973.63117,,95,95
1788390439.14946,5,1,ghcr.io/talmolab/lablink-client-base-image:linux-amd64-test@sha256:1ec2fde6860186b3d45ac83890167258f83512955dbce65f072d4e8c310cb9de,9,apply,succeeded,1788389407.309799,1788389407.313231,1788389454.98231,,20,20
1788390439.14946,5,1,ghcr.io/talmolab/lablink-client-base-image:linux-amd64-test@sha256:1ec2fde6860186b3d45ac83890167258f83512955dbce65f072d4e8c310cb9de,10,destroy,running,1788390335.82657,1788390335.827949,,,20,10
1788390443.955619,5,1,ghcr.io/talmolab/lablink-client-base-image:linux-amd64-test@sha256:1ec2fde6860186b3d45ac83890167258f83512955dbce65f072d4e8c310cb9de,1,apply,succeeded,1788380921.682491,1788380921.685047,1788380971.541328,,20,20
1788390443.955619,5,1,ghcr.io/talmolab/lablink-client-base-image:linux-amd64-test@sha256:1ec2fde6860186b3d45ac83890167258f83512955dbce65f072d4e8c310cb9de,2,destroy,succeeded,1788381612.379228,1788381612.381237,1788381939.351963,,20,20
1788390443.955619,5,1,ghcr.io/talmolab/lablink-client-base-image:linux-amd64-test@sha256:1ec2fde6860186b3d45ac83890167258f83512955dbce65f072d4e8c310cb9de,3,apply,succeeded,1788381976.63281,1788381976.63526,1788382026.043455,,20,20
1788390443.955619,5,1,ghcr.io/talmolab/lablink-client-base-image:linux-amd64-test@sha256:1ec2fde6860186b3d45ac83890167258f83512955dbce65f072d4e8c310cb9de,4,destroy,succeeded,1788382875.148234,1788382875.150169,1788383194.833905,,20,20
1788390443.955619,5,1,ghcr.io/talmolab/lablink-client-base-image:linux-amd64-test@sha256:1ec2fde6860186b3d45ac83890167258f83512955dbce65f072d4e8c310cb9de,5,apply,succeeded,1788383308.62635,1788383308.629388,1788383361.88001,,35,35
1788390443.955619,5,1,ghcr.io/talmolab/lablink-client-base-image:linux-amd64-test@sha256:1ec2fde6860186b3d45ac83890167258f83512955dbce65f072d4e8c310cb9de,6,destroy,succeeded,1788384337.446569,1788384337.448163,1788384657.690712,,35,35
1788390443.955619,5,1,ghcr.io/talmolab/lablink-client-base-image:linux-amd64-test@sha256:1ec2fde6860186b3d45ac83890167258f83512955dbce65f072d4e8c310cb9de,7,apply,succeeded,1788384727.528365,1788384727.530681,1788384808.61864,,95,95
1788390443.955619,5,1,ghcr.io/talmolab/lablink-client-base-image:linux-amd64-test@sha256:1ec2fde6860186b3d45ac83890167258f83512955dbce65f072d4e8c310cb9de,8,destroy,succeeded,1788385076.969534,1788385076.971902,1788385973.63117,,95,95
1788390443.955619,5,1,ghcr.io/talmolab/lablink-client-base-image:linux-amd64-test@sha256:1ec2fde6860186b3d45ac83890167258f83512955dbce65f072d4e8c310cb9de,9,apply,succeeded,1788389407.309799,1788389407.313231,1788389454.98231,,20,20
1788390443.955619,5,1,ghcr.io/talmolab/lablink-client-base-image:linux-amd64-test@sha256:1ec2fde6860186b3d45ac83890167258f83512955dbce65f072d4e8c310cb9de,10,destroy,running,1788390335.82657,1788390335.827949,,,20,10
1788390449.11042,5,1,ghcr.io/talmolab/lablink-client-base-image:linux-amd64-test@sha256:1ec2fde6860186b3d45ac83890167258f83512955dbce65f072d4e8c310cb9de,1,apply,succeeded,1788380921.682491,1788380921.685047,1788380971.541328,,20,20
1788390449.11042,5,1,ghcr.io/talmolab/lablink-client-base-image:linux-amd64-test@sha256:1ec2fde6860186b3d45ac83890167258f83512955dbce65f072d4e8c310cb9de,2,destroy,succeeded,1788381612.379228,1788381612.381237,1788381939.351963,,20,20
1788390449.11042,5,1,ghcr.io/talmolab/lablink-client-base-image:linux-amd64-test@sha256:1ec2fde6860186b3d45ac83890167258f83512955dbce65f072d4e8c310cb9de,3,apply,succeeded,1788381976.63281,1788381976.63526,1788382026.043455,,20,20
1788390449.11042,5,1,ghcr.io/talmolab/lablink-client-base-image:linux-amd64-test@sha256:1ec2fde6860186b3d45ac83890167258f83512955dbce65f072d4e8c310cb9de,4,destroy,succeeded,1788382875.148234,1788382875.150169,1788383194.833905,,20,20
1788390449.11042,5,1,ghcr.io/talmolab/lablink-client-base-image:linux-amd64-test@sha256:1ec2fde6860186b3d45ac83890167258f83512955dbce65f072d4e8c310cb9de,5,apply,succeeded,1788383308.62635,1788383308.629388,1788383361.88001,,35,35
1788390449.11042,5,1,ghcr.io/talmolab/lablink-client-base-image:linux-amd64-test@sha256:1ec2fde6860186b3d45ac83890167258f83512955dbce65f072d4e8c310cb9de,6,destroy,succeeded,1788384337.446569,1788384337.448163,1788384657.690712,,35,35
1788390449.11042,5,1,ghcr.io/talmolab/lablink-client-base-image:linux-amd64-test@sha256:1ec2fde6860186b3d45ac83890167258f83512955dbce65f072d4e8c310cb9de,7,apply,succeeded,1788384727.528365,1788384727.530681,1788384808.61864,,95,95
1788390449.11042,5,1,ghcr.io/talmolab/lablink-client-base-image:linux-amd64-test@sha256:1ec2fde6860186b3d45ac83890167258f83512955dbce65f072d4e8c310cb9de,8,destroy,succeeded,1788385076.969534,1788385076.971902,1788385973.63117,,95,95
1788390449.11042,5,1,ghcr.io/talmolab/lablink-client-base-image:linux-amd64-test@sha256:1ec2fde6860186b3d45ac83890167258f83512955dbce65f072d4e8c310cb9de,9,apply,succeeded,1788389407.309799,1788389407.313231,1788389454.98231,,20,20
1788390449.11042,5,1,ghcr.io/talmolab/lablink-client-base-image:linux-amd64-test@sha256:1ec2fde6860186b3d45ac83890167258f83512955dbce65f072d4e8c310cb9de,10,destroy,running,1788390335.82657,1788390335.827949,,,20,10
1788390454.051262,5,1,ghcr.io/talmolab/lablink-client-base-image:linux-amd64-test@sha256:1ec2fde6860186b3d45ac83890167258f83512955dbce65f072d4e8c310cb9de,1,apply,succeeded,1788380921.682491,1788380921.685047,1788380971.541328,,20,20
1788390454.051262,5,1,ghcr.io/talmolab/lablink-client-base-image:linux-amd64-test@sha256:1ec2fde6860186b3d45ac83890167258f83512955dbce65f072d4e8c310cb9de,2,destroy,succeeded,1788381612.379228,1788381612.381237,1788381939.351963,,20,20
1788390454.051262,5,1,ghcr.io/talmolab/lablink-client-base-image:linux-amd64-test@sha256:1ec2fde6860186b3d45ac83890167258f83512955dbce65f072d4e8c310cb9de,3,apply,succeeded,1788381976.63281,1788381976.63526,1788382026.043455,,20,20
1788390454.051262,5,1,ghcr.io/talmolab/lablink-client-base-image:linux-amd64-test@sha256:1ec2fde6860186b3d45ac83890167258f83512955dbce65f072d4e8c310cb9de,4,destroy,succeeded,1788382875.148234,1788382875.150169,1788383194.833905,,20,20
1788390454.051262,5,1,ghcr.io/talmolab/lablink-client-base-image:linux-amd64-test@sha256:1ec2fde6860186b3d45ac83890167258f83512955dbce65f072d4e8c310cb9de,5,apply,succeeded,1788383308.62635,1788383308.629388,1788383361.88001,,35,35
1788390454.051262,5,1,ghcr.io/talmolab/lablink-client-base-image:linux-amd64-test@sha256:1ec2fde6860186b3d45ac83890167258f83512955dbce65f072d4e8c310cb9de,6,destroy,succeeded,1788384337.446569,1788384337.448163,1788384657.690712,,35,35
1788390454.051262,5,1,ghcr.io/talmolab/lablink-client-base-image:linux-amd64-test@sha256:1ec2fde6860186b3d45ac83890167258f83512955dbce65f072d4e8c310cb9de,7,apply,succeeded,1788384727.528365,1788384727.530681,1788384808.61864,,95,95
1788390454.051262,5,1,ghcr.io/talmolab/lablink-client-base-image:linux-amd64-test@sha256:1ec2fde6860186b3d45ac83890167258f83512955dbce65f072d4e8c310cb9de,8,destroy,succeeded,1788385076.969534,1788385076.971902,1788385973.63117,,95,95
1788390454.051262,5,1,ghcr.io/talmolab/lablink-client-base-image:linux-amd64-test@sha256:1ec2fde6860186b3d45ac83890167258f83512955dbce65f072d4e8c310cb9de,9,apply,succeeded,1788389407.309799,1788389407.313231,1788389454.98231,,20,20
1788390454.051262,5,1,ghcr.io/talmolab/lablink-client-base-image:linux-amd64-test@sha256:1ec2fde6860186b3d45ac83890167258f83512955dbce65f072d4e8c310cb9de,10,destroy,running,1788390335.82657,1788390335.827949,,,20,10
1788390458.9478788,5,1,ghcr.io/talmolab/lablink-client-base-image:linux-amd64-test@sha256:1ec2fde6860186b3d45ac83890167258f83512955dbce65f072d4e8c310cb9de,1,apply,succeeded,1788380921.682491,1788380921.685047,1788380971.541328,,20,20
1788390458.9478788,5,1,ghcr.io/talmolab/lablink-client-base-image:linux-amd64-test@sha256:1ec2fde6860186b3d45ac83890167258f83512955dbce65f072d4e8c310cb9de,2,destroy,succeeded,1788381612.379228,1788381612.381237,1788381939.351963,,20,20
1788390458.9478788,5,1,ghcr.io/talmolab/lablink-client-base-image:linux-amd64-test@sha256:1ec2fde6860186b3d45ac83890167258f83512955dbce65f072d4e8c310cb9de,3,apply,succeeded,1788381976.63281,1788381976.63526,1788382026.043455,,20,20
1788390458.9478788,5,1,ghcr.io/talmolab/lablink-client-base-image:linux-amd64-test@sha256:1ec2fde6860186b3d45ac83890167258f83512955dbce65f072d4e8c310cb9de,4,destroy,succeeded,1788382875.148234,1788382875.150169,1788383194.833905,,20,20
1788390458.9478788,5,1,ghcr.io/talmolab/lablink-client-base-image:linux-amd64-test@sha256:1ec2fde6860186b3d45ac83890167258f83512955dbce65f072d4e8c310cb9de,5,apply,succeeded,1788383308.62635,1788383308.629388,1788383361.88001,,35,35
1788390458.9478788,5,1,ghcr.io/talmolab/lablink-client-base-image:linux-amd64-test@sha256:1ec2fde6860186b3d45ac83890167258f83512955dbce65f072d4e8c310cb9de,6,destroy,succeeded,1788384337.446569,1788384337.448163,1788384657.690712,,35,35
1788390458.9478788,5,1,ghcr.io/talmolab/lablink-client-base-image:linux-amd64-test@sha256:1ec2fde6860186b3d45ac83890167258f83512955dbce65f072d4e8c310cb9de,7,apply,succeeded,1788384727.528365,1788384727.530681,1788384808.61864,,95,95
1788390458.9478788,5,1,ghcr.io/talmolab/lablink-client-base-image:linux-amd64-test@sha256:1ec2fde6860186b3d45ac83890167258f83512955dbce65f072d4e8c310cb9de,8,destroy,succeeded,1788385076.969534,1788385076.971902,1788385973.63117,,95,95
1788390458.9478788,5,1,ghcr.io/talmolab/lablink-client-base-image:linux-amd64-test@sha256:1ec2fde6860186b3d45ac83890167258f83512955dbce65f072d4e8c310cb9de,9,apply,succeeded,1788389407.309799,1788389407.313231,1788389454.98231,,20,20
1788390458.9478788,5,1,ghcr.io/talmolab/lablink-client-base-image:linux-amd64-test@sha256:1ec2fde6860186b3d45ac83890167258f83512955dbce65f072d4e8c310cb9de,10,destroy,running,1788390335.82657,1788390335.827949,,,20,10
1788390464.01373,5,1,ghcr.io/talmolab/lablink-client-base-image:linux-amd64-test@sha256:1ec2fde6860186b3d45ac83890167258f83512955dbce65f072d4e8c310cb9de,1,apply,succeeded,1788380921.682491,1788380921.685047,1788380971.541328,,20,20
1788390464.01373,5,1,ghcr.io/talmolab/lablink-client-base-image:linux-amd64-test@sha256:1ec2fde6860186b3d45ac83890167258f83512955dbce65f072d4e8c310cb9de,2,destroy,succeeded,1788381612.379228,1788381612.381237,1788381939.351963,,20,20
1788390464.01373,5,1,ghcr.io/talmolab/lablink-client-base-image:linux-amd64-test@sha256:1ec2fde6860186b3d45ac83890167258f83512955dbce65f072d4e8c310cb9de,3,apply,succeeded,1788381976.63281,1788381976.63526,1788382026.043455,,20,20
1788390464.01373,5,1,ghcr.io/talmolab/lablink-client-base-image:linux-amd64-test@sha256:1ec2fde6860186b3d45ac83890167258f83512955dbce65f072d4e8c310cb9de,4,destroy,succeeded,1788382875.148234,1788382875.150169,1788383194.833905,,20,20
1788390464.01373,5,1,ghcr.io/talmolab/lablink-client-base-image:linux-amd64-test@sha256:1ec2fde6860186b3d45ac83890167258f83512955dbce65f072d4e8c310cb9de,5,apply,succeeded,1788383308.62635,1788383308.629388,1788383361.88001,,35,35
1788390464.01373,5,1,ghcr.io/talmolab/lablink-client-base-image:linux-amd64-test@sha256:1ec2fde6860186b3d45ac83890167258f83512955dbce65f072d4e8c310cb9de,6,destroy,succeeded,1788384337.446569,1788384337.448163,1788384657.690712,,35,35
1788390464.01373,5,1,ghcr.io/talmolab/lablink-client-base-image:linux-amd64-test@sha256:1ec2fde6860186b3d45ac83890167258f83512955dbce65f072d4e8c310cb9de,7,apply,succeeded,1788384727.528365,1788384727.530681,1788384808.61864,,95,95
1788390464.01373,5,1,ghcr.io/talmolab/lablink-client-base-image:linux-amd64-test@sha256:1ec2fde6860186b3d45ac83890167258f83512955dbce65f072d4e8c310cb9de,8,destroy,succeeded,1788385076.969534,1788385076.971902,1788385973.63117,,95,95
1788390464.01373,5,1,ghcr.io/talmolab/lablink-client-base-image:linux-amd64-test@sha256:1ec2fde6860186b3d45ac83890167258f83512955dbce65f072d4e8c310cb9de,9,apply,succeeded,1788389407.309799,1788389407.313231,1788389454.98231,,20,20
1788390464.01373,5,1,ghcr.io/talmolab/lablink-client-base-image:linux-amd64-test@sha256:1ec2fde6860186b3d45ac83890167258f83512955dbce65f072d4e8c310cb9de,10,destroy,running,1788390335.82657,1788390335.827949,,,20,10
1788390469.290059,5,1,ghcr.io/talmolab/lablink-client-base-image:linux-amd64-test@sha256:1ec2fde6860186b3d45ac83890167258f83512955dbce65f072d4e8c310cb9de,1,apply,succeeded,1788380921.682491,1788380921.685047,1788380971.541328,,20,20
1788390469.290059,5,1,ghcr.io/talmolab/lablink-client-base-image:linux-amd64-test@sha256:1ec2fde6860186b3d45ac83890167258f83512955dbce65f072d4e8c310cb9de,2,destroy,succeeded,1788381612.379228,1788381612.381237,1788381939.351963,,20,20
1788390469.290059,5,1,ghcr.io/talmolab/lablink-client-base-image:linux-amd64-test@sha256:1ec2fde6860186b3d45ac83890167258f83512955dbce65f072d4e8c310cb9de,3,apply,succeeded,1788381976.63281,1788381976.63526,1788382026.043455,,20,20
1788390469.290059,5,1,ghcr.io/talmolab/lablink-client-base-image:linux-amd64-test@sha256:1ec2fde6860186b3d45ac83890167258f83512955dbce65f072d4e8c310cb9de,4,destroy,succeeded,1788382875.148234,1788382875.150169,1788383194.833905,,20,20
1788390469.290059,5,1,ghcr.io/talmolab/lablink-client-base-image:linux-amd64-test@sha256:1ec2fde6860186b3d45ac83890167258f83512955dbce65f072d4e8c310cb9de,5,apply,succeeded,1788383308.62635,1788383308.629388,1788383361.88001,,35,35
1788390469.290059,5,1,ghcr.io/talmolab/lablink-client-base-image:linux-amd64-test@sha256:1ec2fde6860186b3d45ac83890167258f83512955dbce65f072d4e8c310cb9de,6,destroy,succeeded,1788384337.446569,1788384337.448163,1788384657.690712,,35,35
1788390469.290059,5,1,ghcr.io/talmolab/lablink-client-base-image:linux-amd64-test@sha256:1ec2fde6860186b3d45ac83890167258f83512955dbce65f072d4e8c310cb9de,7,apply,succeeded,1788384727.528365,1788384727.530681,1788384808.61864,,95,95
1788390469.290059,5,1,ghcr.io/talmolab/lablink-client-base-image:linux-amd64-test@sha256:1ec2fde6860186b3d45ac83890167258f83512955dbce65f072d4e8c310cb9de,8,destroy,succeeded,1788385076.969534,1788385076.971902,1788385973.63117,,95,95
1788390469.290059,5,1,ghcr.io/talmolab/lablink-client-base-image:linux-amd64-test@sha256:1ec2fde6860186b3d45ac83890167258f83512955dbce65f072d4e8c310cb9de,9,apply,succeeded,1788389407.309799,1788389407.313231,1788389454.98231,,20,20
1788390469.290059,5,1,ghcr.io/talmolab/lablink-client-base-image:linux-amd64-test@sha256:1ec2fde6860186b3d45ac83890167258f83512955dbce65f072d4e8c310cb9de,10,destroy,running,1788390335.82657,1788390335.827949,,,20,10
1788390474.0011258,5,1,ghcr.io/talmolab/lablink-client-base-image:linux-amd64-test@sha256:1ec2fde6860186b3d45ac83890167258f83512955dbce65f072d4e8c310cb9de,1,apply,succeeded,1788380921.682491,1788380921.685047,1788380971.541328,,20,20
1788390474.0011258,5,1,ghcr.io/talmolab/lablink-client-base-image:linux-amd64-test@sha256:1ec2fde6860186b3d45ac83890167258f83512955dbce65f072d4e8c310cb9de,2,destroy,succeeded,1788381612.379228,1788381612.381237,1788381939.351963,,20,20
1788390474.0011258,5,1,ghcr.io/talmolab/lablink-client-base-image:linux-amd64-test@sha256:1ec2fde6860186b3d45ac83890167258f83512955dbce65f072d4e8c310cb9de,3,apply,succeeded,1788381976.63281,1788381976.63526,1788382026.043455,,20,20
1788390474.0011258,5,1,ghcr.io/talmolab/lablink-client-base-image:linux-amd64-test@sha256:1ec2fde6860186b3d45ac83890167258f83512955dbce65f072d4e8c310cb9de,4,destroy,succeeded,1788382875.148234,1788382875.150169,1788383194.833905,,20,20
1788390474.0011258,5,1,ghcr.io/talmolab/lablink-client-base-image:linux-amd64-test@sha256:1ec2fde6860186b3d45ac83890167258f83512955dbce65f072d4e8c310cb9de,5,apply,succeeded,1788383308.62635,1788383308.629388,1788383361.88001,,35,35
1788390474.0011258,5,1,ghcr.io/talmolab/lablink-client-base-image:linux-amd64-test@sha256:1ec2fde6860186b3d45ac83890167258f83512955dbce65f072d4e8c310cb9de,6,destroy,succeeded,1788384337.446569,1788384337.448163,1788384657.690712,,35,35
1788390474.0011258,5,1,ghcr.io/talmolab/lablink-client-base-image:linux-amd64-test@sha256:1ec2fde6860186b3d45ac83890167258f83512955dbce65f072d4e8c310cb9de,7,apply,succeeded,1788384727.528365,1788384727.530681,1788384808.61864,,95,95
1788390474.0011258,5,1,ghcr.io/talmolab/lablink-client-base-image:linux-amd64-test@sha256:1ec2fde6860186b3d45ac83890167258f83512955dbce65f072d4e8c310cb9de,8,destroy,succeeded,1788385076.969534,1788385076.971902,1788385973.63117,,95,95
1788390474.0011258,5,1,ghcr.io/talmolab/lablink-client-base-image:linux-amd64-test@sha256:1ec2fde6860186b3d45ac83890167258f83512955dbce65f072d4e8c310cb9de,9,apply,succeeded,1788389407.309799,1788389407.313231,1788389454.98231,,20,20
1788390474.0011258,5,1,ghcr.io/talmolab/lablink-client-base-image:linux-amd64-test@sha256:1ec2fde6860186b3d45ac83890167258f83512955dbce65f072d4e8c310cb9de,10,destroy,running,1788390335.82657,1788390335.827949,,,20,10
1788390478.8741739,5,1,ghcr.io/talmolab/lablink-client-base-image:linux-amd64-test@sha256:1ec2fde6860186b3d45ac83890167258f83512955dbce65f072d4e8c310cb9de,1,apply,succeeded,1788380921.682491,1788380921.685047,1788380971.541328,,20,20
1788390478.8741739,5,1,ghcr.io/talmolab/lablink-client-base-image:linux-amd64-test@sha256:1ec2fde6860186b3d45ac83890167258f83512955dbce65f072d4e8c310cb9de,2,destroy,succeeded,1788381612.379228,1788381612.381237,1788381939.351963,,20,20
1788390478.8741739,5,1,ghcr.io/talmolab/lablink-client-base-image:linux-amd64-test@sha256:1ec2fde6860186b3d45ac83890167258f83512955dbce65f072d4e8c310cb9de,3,apply,succeeded,1788381976.63281,1788381976.63526,1788382026.043455,,20,20
1788390478.8741739,5,1,ghcr.io/talmolab/lablink-client-base-image:linux-amd64-test@sha256:1ec2fde6860186b3d45ac83890167258f83512955dbce65f072d4e8c310cb9de,4,destroy,succeeded,1788382875.148234,1788382875.150169,1788383194.833905,,20,20
1788390478.8741739,5,1,ghcr.io/talmolab/lablink-client-base-image:linux-amd64-test@sha256:1ec2fde6860186b3d45ac83890167258f83512955dbce65f072d4e8c310cb9de,5,apply,succeeded,1788383308.62635,1788383308.629388,1788383361.88001,,35,35
1788390478.8741739,5,1,ghcr.io/talmolab/lablink-client-base-image:linux-amd64-test@sha256:1ec2fde6860186b3d45ac83890167258f83512955dbce65f072d4e8c310cb9de,6,destroy,succeeded,1788384337.446569,1788384337.448163,1788384657.690712,,35,35
1788390478.8741739,5,1,ghcr.io/talmolab/lablink-client-base-image:linux-amd64-test@sha256:1ec2fde6860186b3d45ac83890167258f83512955dbce65f072d4e8c310cb9de,7,apply,succeeded,1788384727.528365,1788384727.530681,1788384808.61864,,95,95
1788390478.8741739,5,1,ghcr.io/talmolab/lablink-client-base-image:linux-amd64-test@sha256:1ec2fde6860186b3d45ac83890167258f83512955dbce65f072d4e8c310cb9de,8,destroy,succeeded,1788385076.969534,1788385076.971902,1788385973.63117,,95,95
1788390478.8741739,5,1,ghcr.io/talmolab/lablink-client-base-image:linux-amd64-test@sha256:1ec2fde6860186b3d45ac83890167258f83512955dbce65f072d4e8c310cb9de,9,apply,succeeded,1788389407.309799,1788389407.313231,1788389454.98231,,20,20
1788390478.8741739,5,1,ghcr.io/talmolab/lablink-client-base-image:linux-amd64-test@sha256:1ec2fde6860186b3d45ac83890167258f83512955dbce65f072d4e8c310cb9de,10,destroy,running,1788390335.82657,1788390335.827949,,,20,10
1788390483.9282088,5,1,ghcr.io/talmolab/lablink-client-base-image:linux-amd64-test@sha256:1ec2fde6860186b3d45ac83890167258f83512955dbce65f072d4e8c310cb9de,1,apply,succeeded,1788380921.682491,1788380921.685047,1788380971.541328,,20,20
1788390483.9282088,5,1,ghcr.io/talmolab/lablink-client-base-image:linux-amd64-test@sha256:1ec2fde6860186b3d45ac83890167258f83512955dbce65f072d4e8c310cb9de,2,destroy,succeeded,1788381612.379228,1788381612.381237,1788381939.351963,,20,20
1788390483.9282088,5,1,ghcr.io/talmolab/lablink-client-base-image:linux-amd64-test@sha256:1ec2fde6860186b3d45ac83890167258f83512955dbce65f072d4e8c310cb9de,3,apply,succeeded,1788381976.63281,1788381976.63526,1788382026.043455,,20,20
1788390483.9282088,5,1,ghcr.io/talmolab/lablink-client-base-image:linux-amd64-test@sha256:1ec2fde6860186b3d45ac83890167258f83512955dbce65f072d4e8c310cb9de,4,destroy,succeeded,1788382875.148234,1788382875.150169,1788383194.833905,,20,20
1788390483.9282088,5,1,ghcr.io/talmolab/lablink-client-base-image:linux-amd64-test@sha256:1ec2fde6860186b3d45ac83890167258f83512955dbce65f072d4e8c310cb9de,5,apply,succeeded,1788383308.62635,1788383308.629388,1788383361.88001,,35,35
1788390483.9282088,5,1,ghcr.io/talmolab/lablink-client-base-image:linux-amd64-test@sha256:1ec2fde6860186b3d45ac83890167258f83512955dbce65f072d4e8c310cb9de,6,destroy,succeeded,1788384337.446569,1788384337.448163,1788384657.690712,,35,35
1788390483.9282088,5,1,ghcr.io/talmolab/lablink-client-base-image:linux-amd64-test@sha256:1ec2fde6860186b3d45ac83890167258f83512955dbce65f072d4e8c310cb9de,7,apply,succeeded,1788384727.528365,1788384727.530681,1788384808.61864,,95,95
1788390483.9282088,5,1,ghcr.io/talmolab/lablink-client-base-image:linux-amd64-test@sha256:1ec2fde6860186b3d45ac83890167258f83512955dbce65f072d4e8c310cb9de,8,destroy,succeeded,1788385076.969534,1788385076.971902,1788385973.63117,,95,95
1788390483.9282088,5,1,ghcr.io/talmolab/lablink-client-base-image:linux-amd64-test@sha256:1ec2fde6860186b3d45ac83890167258f83512955dbce65f072d4e8c310cb9de,9,apply,succeeded,1788389407.309799,1788389407.313231,1788389454.98231,,20,20
1788390483.9282088,5,1,ghcr.io/talmolab/lablink-client-base-image:linux-amd64-test@sha256:1ec2fde6860186b3d45ac83890167258f83512955dbce65f072d4e8c310cb9de,10,destroy,running,1788390335.82657,1788390335.827949,,,20,10
1788390489.004357,5,1,ghcr.io/talmolab/lablink-client-base-image:linux-amd64-test@sha256:1ec2fde6860186b3d45ac83890167258f83512955dbce65f072d4e8c310cb9de,1,apply,succeeded,1788380921.682491,1788380921.685047,1788380971.541328,,20,20
1788390489.004357,5,1,ghcr.io/talmolab/lablink-client-base-image:linux-amd64-test@sha256:1ec2fde6860186b3d45ac83890167258f83512955dbce65f072d4e8c310cb9de,2,destroy,succeeded,1788381612.379228,1788381612.381237,1788381939.351963,,20,20
1788390489.004357,5,1,ghcr.io/talmolab/lablink-client-base-image:linux-amd64-test@sha256:1ec2fde6860186b3d45ac83890167258f83512955dbce65f072d4e8c310cb9de,3,apply,succeeded,1788381976.63281,1788381976.63526,1788382026.043455,,20,20
1788390489.004357,5,1,ghcr.io/talmolab/lablink-client-base-image:linux-amd64-test@sha256:1ec2fde6860186b3d45ac83890167258f83512955dbce65f072d4e8c310cb9de,4,destroy,succeeded,1788382875.148234,1788382875.150169,1788383194.833905,,20,20
1788390489.004357,5,1,ghcr.io/talmolab/lablink-client-base-image:linux-amd64-test@sha256:1ec2fde6860186b3d45ac83890167258f83512955dbce65f072d4e8c310cb9de,5,apply,succeeded,1788383308.62635,1788383308.629388,1788383361.88001,,35,35
1788390489.004357,5,1,ghcr.io/talmolab/lablink-client-base-image:linux-amd64-test@sha256:1ec2fde6860186b3d45ac83890167258f83512955dbce65f072d4e8c310cb9de,6,destroy,succeeded,1788384337.446569,1788384337.448163,1788384657.690712,,35,35
1788390489.004357,5,1,ghcr.io/talmolab/lablink-client-base-image:linux-amd64-test@sha256:1ec2fde6860186b3d45ac83890167258f83512955dbce65f072d4e8c310cb9de,7,apply,succeeded,1788384727.528365,1788384727.530681,1788384808.61864,,95,95
1788390489.004357,5,1,ghcr.io/talmolab/lablink-client-base-image:linux-amd64-test@sha256:1ec2fde6860186b3d45ac83890167258f83512955dbce65f072d4e8c310cb9de,8,destroy,succeeded,1788385076.969534,1788385076.971902,1788385973.63117,,95,95
1788390489.004357,5,1,ghcr.io/talmolab/lablink-client-base-image:linux-amd64-test@sha256:1ec2fde6860186b3d45ac83890167258f83512955dbce65f072d4e8c310cb9de,9,apply,succeeded,1788389407.309799,1788389407.313231,1788389454.98231,,20,20
1788390489.004357,5,1,ghcr.io/talmolab/lablink-client-base-image:linux-amd64-test@sha256:1ec2fde6860186b3d45ac83890167258f83512955dbce65f072d4e8c310cb9de,10,destroy,running,1788390335.82657,1788390335.827949,,,20,10
1788390493.923132,5,1,ghcr.io/talmolab/lablink-client-base-image:linux-amd64-test@sha256:1ec2fde6860186b3d45ac83890167258f83512955dbce65f072d4e8c310cb9de,1,apply,succeeded,1788380921.682491,1788380921.685047,1788380971.541328,,20,20
1788390493.923132,5,1,ghcr.io/talmolab/lablink-client-base-image:linux-amd64-test@sha256:1ec2fde6860186b3d45ac83890167258f83512955dbce65f072d4e8c310cb9de,2,destroy,succeeded,1788381612.379228,1788381612.381237,1788381939.351963,,20,20
1788390493.923132,5,1,ghcr.io/talmolab/lablink-client-base-image:linux-amd64-test@sha256:1ec2fde6860186b3d45ac83890167258f83512955dbce65f072d4e8c310cb9de,3,apply,succeeded,1788381976.63281,1788381976.63526,1788382026.043455,,20,20
1788390493.923132,5,1,ghcr.io/talmolab/lablink-client-base-image:linux-amd64-test@sha256:1ec2fde6860186b3d45ac83890167258f83512955dbce65f072d4e8c310cb9de,4,destroy,succeeded,1788382875.148234,1788382875.150169,1788383194.833905,,20,20
1788390493.923132,5,1,ghcr.io/talmolab/lablink-client-base-image:linux-amd64-test@sha256:1ec2fde6860186b3d45ac83890167258f83512955dbce65f072d4e8c310cb9de,5,apply,succeeded,1788383308.62635,1788383308.629388,1788383361.88001,,35,35
1788390493.923132,5,1,ghcr.io/talmolab/lablink-client-base-image:linux-amd64-test@sha256:1ec2fde6860186b3d45ac83890167258f83512955dbce65f072d4e8c310cb9de,6,destroy,succeeded,1788384337.446569,1788384337.448163,1788384657.690712,,35,35
1788390493.923132,5,1,ghcr.io/talmolab/lablink-client-base-image:linux-amd64-test@sha256:1ec2fde6860186b3d45ac83890167258f83512955dbce65f072d4e8c310cb9de,7,apply,succeeded,1788384727.528365,1788384727.530681,1788384808.61864,,95,95
1788390493.923132,5,1,ghcr.io/talmolab/lablink-client-base-image:linux-amd64-test@sha256:1ec2fde6860186b3d45ac83890167258f83512955dbce65f072d4e8c310cb9de,8,destroy,succeeded,1788385076.969534,1788385076.971902,1788385973.63117,,95,95
1788390493.923132,5,1,ghcr.io/talmolab/lablink-client-base-image:linux-amd64-test@sha256:1ec2fde6860186b3d45ac83890167258f83512955dbce65f072d4e8c310cb9de,9,apply,succeeded,1788389407.309799,1788389407.313231,1788389454.98231,,20,20
1788390493.923132,5,1,ghcr.io/talmolab/lablink-client-base-image:linux-amd64-test@sha256:1ec2fde6860186b3d45ac83890167258f83512955dbce65f072d4e8c310cb9de,10,destroy,running,1788390335.82657,1788390335.827949,,,20,10
1788390498.9815402,5,1,ghcr.io/talmolab/lablink-client-base-image:linux-amd64-test@sha256:1ec2fde6860186b3d45ac83890167258f83512955dbce65f072d4e8c310cb9de,1,apply,succeeded,1788380921.682491,1788380921.685047,1788380971.541328,,20,20
1788390498.9815402,5,1,ghcr.io/talmolab/lablink-client-base-image:linux-amd64-test@sha256:1ec2fde6860186b3d45ac83890167258f83512955dbce65f072d4e8c310cb9de,2,destroy,succeeded,1788381612.379228,1788381612.381237,1788381939.351963,,20,20
1788390498.9815402,5,1,ghcr.io/talmolab/lablink-client-base-image:linux-amd64-test@sha256:1ec2fde6860186b3d45ac83890167258f83512955dbce65f072d4e8c310cb9de,3,apply,succeeded,1788381976.63281,1788381976.63526,1788382026.043455,,20,20
1788390498.9815402,5,1,ghcr.io/talmolab/lablink-client-base-image:linux-amd64-test@sha256:1ec2fde6860186b3d45ac83890167258f83512955dbce65f072d4e8c310cb9de,4,destroy,succeeded,1788382875.148234,1788382875.150169,1788383194.833905,,20,20
1788390498.9815402,5,1,ghcr.io/talmolab/lablink-client-base-image:linux-amd64-test@sha256:1ec2fde6860186b3d45ac83890167258f83512955dbce65f072d4e8c310cb9de,5,apply,succeeded,1788383308.62635,1788383308.629388,1788383361.88001,,35,35
1788390498.9815402,5,1,ghcr.io/talmolab/lablink-client-base-image:linux-amd64-test@sha256:1ec2fde6860186b3d45ac83890167258f83512955dbce65f072d4e8c310cb9de,6,destroy,succeeded,1788384337.446569,1788384337.448163,1788384657.690712,,35,35
1788390498.9815402,5,1,ghcr.io/talmolab/lablink-client-base-image:linux-amd64-test@sha256:1ec2fde6860186b3d45ac83890167258f83512955dbce65f072d4e8c310cb9de,7,apply,succeeded,1788384727.528365,1788384727.530681,1788384808.61864,,95,95
1788390498.9815402,5,1,ghcr.io/talmolab/lablink-client-base-image:linux-amd64-test@sha256:1ec2fde6860186b3d45ac83890167258f83512955dbce65f072d4e8c310cb9de,8,destroy,succeeded,1788385076.969534,1788385076.971902,1788385973.63117,,95,95
1788390498.9815402,5,1,ghcr.io/talmolab/lablink-client-base-image:linux-amd64-test@sha256:1ec2fde6860186b3d45ac83890167258f83512955dbce65f072d4e8c310cb9de,9,apply,succeeded,1788389407.309799,1788389407.313231,1788389454.98231,,20,20
1788390498.9815402,5,1,ghcr.io/talmolab/lablink-client-base-image:linux-amd64-test@sha256:1ec2fde6860186b3d45ac83890167258f83512955dbce65f072d4e8c310cb9de,10,destroy,running,1788390335.82657,1788390335.827949,,,20,10
1788390504.0529711,5,1,ghcr.io/talmolab/lablink-client-base-image:linux-amd64-test@sha256:1ec2fde6860186b3d45ac83890167258f83512955dbce65f072d4e8c310cb9de,1,apply,succeeded,1788380921.682491,1788380921.685047,1788380971.541328,,20,20
1788390504.0529711,5,1,ghcr.io/talmolab/lablink-client-base-image:linux-amd64-test@sha256:1ec2fde6860186b3d45ac83890167258f83512955dbce65f072d4e8c310cb9de,2,destroy,succeeded,1788381612.379228,1788381612.381237,1788381939.351963,,20,20
1788390504.0529711,5,1,ghcr.io/talmolab/lablink-client-base-image:linux-amd64-test@sha256:1ec2fde6860186b3d45ac83890167258f83512955dbce65f072d4e8c310cb9de,3,apply,succeeded,1788381976.63281,1788381976.63526,1788382026.043455,,20,20
1788390504.0529711,5,1,ghcr.io/talmolab/lablink-client-base-image:linux-amd64-test@sha256:1ec2fde6860186b3d45ac83890167258f83512955dbce65f072d4e8c310cb9de,4,destroy,succeeded,1788382875.148234,1788382875.150169,1788383194.833905,,20,20
1788390504.0529711,5,1,ghcr.io/talmolab/lablink-client-base-image:linux-amd64-test@sha256:1ec2fde6860186b3d45ac83890167258f83512955dbce65f072d4e8c310cb9de,5,apply,succeeded,1788383308.62635,1788383308.629388,1788383361.88001,,35,35
1788390504.0529711,5,1,ghcr.io/talmolab/lablink-client-base-image:linux-amd64-test@sha256:1ec2fde6860186b3d45ac83890167258f83512955dbce65f072d4e8c310cb9de,6,destroy,succeeded,1788384337.446569,1788384337.448163,1788384657.690712,,35,35
1788390504.0529711,5,1,ghcr.io/talmolab/lablink-client-base-image:linux-amd64-test@sha256:1ec2fde6860186b3d45ac83890167258f83512955dbce65f072d4e8c310cb9de,7,apply,succeeded,1788384727.528365,1788384727.530681,1788384808.61864,,95,95
1788390504.0529711,5,1,ghcr.io/talmolab/lablink-client-base-image:linux-amd64-test@sha256:1ec2fde6860186b3d45ac83890167258f83512955dbce65f072d4e8c310cb9de,8,destroy,succeeded,1788385076.969534,1788385076.971902,1788385973.63117,,95,95
1788390504.0529711,5,1,ghcr.io/talmolab/lablink-client-base-image:linux-amd64-test@sha256:1ec2fde6860186b3d45ac83890167258f83512955dbce65f072d4e8c310cb9de,9,apply,succeeded,1788389407.309799,1788389407.313231,1788389454.98231,,20,20
1788390504.0529711,5,1,ghcr.io/talmolab/lablink-client-base-image:linux-amd64-test@sha256:1ec2fde6860186b3d45ac83890167258f83512955dbce65f072d4e8c310cb9de,10,destroy,running,1788390335.82657,1788390335.827949,,,20,10
1788390508.9718752,5,1,ghcr.io/talmolab/lablink-client-base-image:linux-amd64-test@sha256:1ec2fde6860186b3d45ac83890167258f83512955dbce65f072d4e8c310cb9de,1,apply,succeeded,1788380921.682491,1788380921.685047,1788380971.541328,,20,20
1788390508.9718752,5,1,ghcr.io/talmolab/lablink-client-base-image:linux-amd64-test@sha256:1ec2fde6860186b3d45ac83890167258f83512955dbce65f072d4e8c310cb9de,2,destroy,succeeded,1788381612.379228,1788381612.381237,1788381939.351963,,20,20
1788390508.9718752,5,1,ghcr.io/talmolab/lablink-client-base-image:linux-amd64-test@sha256:1ec2fde6860186b3d45ac83890167258f83512955dbce65f072d4e8c310cb9de,3,apply,succeeded,1788381976.63281,1788381976.63526,1788382026.043455,,20,20
1788390508.9718752,5,1,ghcr.io/talmolab/lablink-client-base-image:linux-amd64-test@sha256:1ec2fde6860186b3d45ac83890167258f83512955dbce65f072d4e8c310cb9de,4,destroy,succeeded,1788382875.148234,1788382875.150169,1788383194.833905,,20,20
1788390508.9718752,5,1,ghcr.io/talmolab/lablink-client-base-image:linux-amd64-test@sha256:1ec2fde6860186b3d45ac83890167258f83512955dbce65f072d4e8c310cb9de,5,apply,succeeded,1788383308.62635,1788383308.629388,1788383361.88001,,35,35
1788390508.9718752,5,1,ghcr.io/talmolab/lablink-client-base-image:linux-amd64-test@sha256:1ec2fde6860186b3d45ac83890167258f83512955dbce65f072d4e8c310cb9de,6,destroy,succeeded,1788384337.446569,1788384337.448163,1788384657.690712,,35,35
1788390508.9718752,5,1,ghcr.io/talmolab/lablink-client-base-image:linux-amd64-test@sha256:1ec2fde6860186b3d45ac83890167258f83512955dbce65f072d4e8c310cb9de,7,apply,succeeded,1788384727.528365,1788384727.530681,1788384808.61864,,95,95
1788390508.9718752,5,1,ghcr.io/talmolab/lablink-client-base-image:linux-amd64-test@sha256:1ec2fde6860186b3d45ac83890167258f83512955dbce65f072d4e8c310cb9de,8,destroy,succeeded,1788385076.969534,1788385076.971902,1788385973.63117,,95,95
1788390508.9718752,5,1,ghcr.io/talmolab/lablink-client-base-image:linux-amd64-test@sha256:1ec2fde6860186b3d45ac83890167258f83512955dbce65f072d4e8c310cb9de,9,apply,succeeded,1788389407.309799,1788389407.313231,1788389454.98231,,20,20
1788390508.9718752,5,1,ghcr.io/talmolab/lablink-client-base-image:linux-amd64-test@sha256:1ec2fde6860186b3d45ac83890167258f83512955dbce65f072d4e8c310cb9de,10,destroy,running,1788390335.82657,1788390335.827949,,,20,10
1788390514.1185658,5,1,ghcr.io/talmolab/lablink-client-base-image:linux-amd64-test@sha256:1ec2fde6860186b3d45ac83890167258f83512955dbce65f072d4e8c310cb9de,1,apply,succeeded,1788380921.682491,1788380921.685047,1788380971.541328,,20,20
1788390514.1185658,5,1,ghcr.io/talmolab/lablink-client-base-image:linux-amd64-test@sha256:1ec2fde6860186b3d45ac83890167258f83512955dbce65f072d4e8c310cb9de,2,destroy,succeeded,1788381612.379228,1788381612.381237,1788381939.351963,,20,20
1788390514.1185658,5,1,ghcr.io/talmolab/lablink-client-base-image:linux-amd64-test@sha256:1ec2fde6860186b3d45ac83890167258f83512955dbce65f072d4e8c310cb9de,3,apply,succeeded,1788381976.63281,1788381976.63526,1788382026.043455,,20,20
1788390514.1185658,5,1,ghcr.io/talmolab/lablink-client-base-image:linux-amd64-test@sha256:1ec2fde6860186b3d45ac83890167258f83512955dbce65f072d4e8c310cb9de,4,destroy,succeeded,1788382875.148234,1788382875.150169,1788383194.833905,,20,20
1788390514.1185658,5,1,ghcr.io/talmolab/lablink-client-base-image:linux-amd64-test@sha256:1ec2fde6860186b3d45ac83890167258f83512955dbce65f072d4e8c310cb9de,5,apply,succeeded,1788383308.62635,1788383308.629388,1788383361.88001,,35,35
1788390514.1185658,5,1,ghcr.io/talmolab/lablink-client-base-image:linux-amd64-test@sha256:1ec2fde6860186b3d45ac83890167258f83512955dbce65f072d4e8c310cb9de,6,destroy,succeeded,1788384337.446569,1788384337.448163,1788384657.690712,,35,35
1788390514.1185658,5,1,ghcr.io/talmolab/lablink-client-base-image:linux-amd64-test@sha256:1ec2fde6860186b3d45ac83890167258f83512955dbce65f072d4e8c310cb9de,7,apply,succeeded,1788384727.528365,1788384727.530681,1788384808.61864,,95,95
1788390514.1185658,5,1,ghcr.io/talmolab/lablink-client-base-image:linux-amd64-test@sha256:1ec2fde6860186b3d45ac83890167258f83512955dbce65f072d4e8c310cb9de,8,destroy,succeeded,1788385076.969534,1788385076.971902,1788385973.63117,,95,95
1788390514.1185658,5,1,ghcr.io/talmolab/lablink-client-base-image:linux-amd64-test@sha256:1ec2fde6860186b3d45ac83890167258f83512955dbce65f072d4e8c310cb9de,9,apply,succeeded,1788389407.309799,1788389407.313231,1788389454.98231,,20,20
1788390514.1185658,5,1,ghcr.io/talmolab/lablink-client-base-image:linux-amd64-test@sha256:1ec2fde6860186b3d45ac83890167258f83512955dbce65f072d4e8c310cb9de,10,destroy,running,1788390335.82657,1788390335.827949,,,20,10
1788390518.863915,5,1,ghcr.io/talmolab/lablink-client-base-image:linux-amd64-test@sha256:1ec2fde6860186b3d45ac83890167258f83512955dbce65f072d4e8c310cb9de,1,apply,succeeded,1788380921.682491,1788380921.685047,1788380971.541328,,20,20
1788390518.863915,5,1,ghcr.io/talmolab/lablink-client-base-image:linux-amd64-test@sha256:1ec2fde6860186b3d45ac83890167258f83512955dbce65f072d4e8c310cb9de,2,destroy,succeeded,1788381612.379228,1788381612.381237,1788381939.351963,,20,20
1788390518.863915,5,1,ghcr.io/talmolab/lablink-client-base-image:linux-amd64-test@sha256:1ec2fde6860186b3d45ac83890167258f83512955dbce65f072d4e8c310cb9de,3,apply,succeeded,1788381976.63281,1788381976.63526,1788382026.043455,,20,20
1788390518.863915,5,1,ghcr.io/talmolab/lablink-client-base-image:linux-amd64-test@sha256:1ec2fde6860186b3d45ac83890167258f83512955dbce65f072d4e8c310cb9de,4,destroy,succeeded,1788382875.148234,1788382875.150169,1788383194.833905,,20,20
1788390518.863915,5,1,ghcr.io/talmolab/lablink-client-base-image:linux-amd64-test@sha256:1ec2fde6860186b3d45ac83890167258f83512955dbce65f072d4e8c310cb9de,5,apply,succeeded,1788383308.62635,1788383308.629388,1788383361.88001,,35,35
1788390518.863915,5,1,ghcr.io/talmolab/lablink-client-base-image:linux-amd64-test@sha256:1ec2fde6860186b3d45ac83890167258f83512955dbce65f072d4e8c310cb9de,6,destroy,succeeded,1788384337.446569,1788384337.448163,1788384657.690712,,35,35
1788390518.863915,5,1,ghcr.io/talmolab/lablink-client-base-image:linux-amd64-test@sha256:1ec2fde6860186b3d45ac83890167258f83512955dbce65f072d4e8c310cb9de,7,apply,succeeded,1788384727.528365,1788384727.530681,1788384808.61864,,95,95
1788390518.863915,5,1,ghcr.io/talmolab/lablink-client-base-image:linux-amd64-test@sha256:1ec2fde6860186b3d45ac83890167258f83512955dbce65f072d4e8c310cb9de,8,destroy,succeeded,1788385076.969534,1788385076.971902,1788385973.63117,,95,95
1788390518.863915,5,1,ghcr.io/talmolab/lablink-client-base-image:linux-amd64-test@sha256:1ec2fde6860186b3d45ac83890167258f83512955dbce65f072d4e8c310cb9de,9,apply,succeeded,1788389407.309799,1788389407.313231,1788389454.98231,,20,20
1788390518.863915,5,1,ghcr.io/talmolab/lablink-client-base-image:linux-amd64-test@sha256:1ec2fde6860186b3d45ac83890167258f83512955dbce65f072d4e8c310cb9de,10,destroy,running,1788390335.82657,1788390335.827949,,,20,10
1788390524.0812979,5,1,ghcr.io/talmolab/lablink-client-base-image:linux-amd64-test@sha256:1ec2fde6860186b3d45ac83890167258f83512955dbce65f072d4e8c310cb9de,1,apply,succeeded,1788380921.682491,1788380921.685047,1788380971.541328,,20,20
1788390524.0812979,5,1,ghcr.io/talmolab/lablink-client-base-image:linux-amd64-test@sha256:1ec2fde6860186b3d45ac83890167258f83512955dbce65f072d4e8c310cb9de,2,destroy,succeeded,1788381612.379228,1788381612.381237,1788381939.351963,,20,20
1788390524.0812979,5,1,ghcr.io/talmolab/lablink-client-base-image:linux-amd64-test@sha256:1ec2fde6860186b3d45ac83890167258f83512955dbce65f072d4e8c310cb9de,3,apply,succeeded,1788381976.63281,1788381976.63526,1788382026.043455,,20,20
1788390524.0812979,5,1,ghcr.io/talmolab/lablink-client-base-image:linux-amd64-test@sha256:1ec2fde6860186b3d45ac83890167258f83512955dbce65f072d4e8c310cb9de,4,destroy,succeeded,1788382875.148234,1788382875.150169,1788383194.833905,,20,20
1788390524.0812979,5,1,ghcr.io/talmolab/lablink-client-base-image:linux-amd64-test@sha256:1ec2fde6860186b3d45ac83890167258f83512955dbce65f072d4e8c310cb9de,5,apply,succeeded,1788383308.62635,1788383308.629388,1788383361.88001,,35,35
1788390524.0812979,5,1,ghcr.io/talmolab/lablink-client-base-image:linux-amd64-test@sha256:1ec2fde6860186b3d45ac83890167258f83512955dbce65f072d4e8c310cb9de,6,destroy,succeeded,1788384337.446569,1788384337.448163,1788384657.690712,,35,35
1788390524.0812979,5,1,ghcr.io/talmolab/lablink-client-base-image:linux-amd64-test@sha256:1ec2fde6860186b3d45ac83890167258f83512955dbce65f072d4e8c310cb9de,7,apply,succeeded,1788384727.528365,1788384727.530681,1788384808.61864,,95,95
1788390524.0812979,5,1,ghcr.io/talmolab/lablink-client-base-image:linux-amd64-test@sha256:1ec2fde6860186b3d45ac83890167258f83512955dbce65f072d4e8c310cb9de,8,destroy,succeeded,1788385076.969534,1788385076.971902,1788385973.63117,,95,95
1788390524.0812979,5,1,ghcr.io/talmolab/lablink-client-base-image:linux-amd64-test@sha256:1ec2fde6860186b3d45ac83890167258f83512955dbce65f072d4e8c310cb9de,9,apply,succeeded,1788389407.309799,1788389407.313231,1788389454.98231,,20,20
1788390524.0812979,5,1,ghcr.io/talmolab/lablink-client-base-image:linux-amd64-test@sha256:1ec2fde6860186b3d45ac83890167258f83512955dbce65f072d4e8c310cb9de,10,destroy,running,1788390335.82657,1788390335.827949,,,20,10
1788390529.337931,5,1,ghcr.io/talmolab/lablink-client-base-image:linux-amd64-test@sha256:1ec2fde6860186b3d45ac83890167258f83512955dbce65f072d4e8c310cb9de,1,apply,succeeded,1788380921.682491,1788380921.685047,1788380971.541328,,20,20
1788390529.337931,5,1,ghcr.io/talmolab/lablink-client-base-image:linux-amd64-test@sha256:1ec2fde6860186b3d45ac83890167258f83512955dbce65f072d4e8c310cb9de,2,destroy,succeeded,1788381612.379228,1788381612.381237,1788381939.351963,,20,20
1788390529.337931,5,1,ghcr.io/talmolab/lablink-client-base-image:linux-amd64-test@sha256:1ec2fde6860186b3d45ac83890167258f83512955dbce65f072d4e8c310cb9de,3,apply,succeeded,1788381976.63281,1788381976.63526,1788382026.043455,,20,20
1788390529.337931,5,1,ghcr.io/talmolab/lablink-client-base-image:linux-amd64-test@sha256:1ec2fde6860186b3d45ac83890167258f83512955dbce65f072d4e8c310cb9de,4,destroy,succeeded,1788382875.148234,1788382875.150169,1788383194.833905,,20,20
1788390529.337931,5,1,ghcr.io/talmolab/lablink-client-base-image:linux-amd64-test@sha256:1ec2fde6860186b3d45ac83890167258f83512955dbce65f072d4e8c310cb9de,5,apply,succeeded,1788383308.62635,1788383308.629388,1788383361.88001,,35,35
1788390529.337931,5,1,ghcr.io/talmolab/lablink-client-base-image:linux-amd64-test@sha256:1ec2fde6860186b3d45ac83890167258f83512955dbce65f072d4e8c310cb9de,6,destroy,succeeded,1788384337.446569,1788384337.448163,1788384657.690712,,35,35
1788390529.337931,5,1,ghcr.io/talmolab/lablink-client-base-image:linux-amd64-test@sha256:1ec2fde6860186b3d45ac83890167258f83512955dbce65f072d4e8c310cb9de,7,apply,succeeded,1788384727.528365,1788384727.530681,1788384808.61864,,95,95
1788390529.337931,5,1,ghcr.io/talmolab/lablink-client-base-image:linux-amd64-test@sha256:1ec2fde6860186b3d45ac83890167258f83512955dbce65f072d4e8c310cb9de,8,destroy,succeeded,1788385076.969534,1788385076.971902,1788385973.63117,,95,95
1788390529.337931,5,1,ghcr.io/talmolab/lablink-client-base-image:linux-amd64-test@sha256:1ec2fde6860186b3d45ac83890167258f83512955dbce65f072d4e8c310cb9de,9,apply,succeeded,1788389407.309799,1788389407.313231,1788389454.98231,,20,20
1788390529.337931,5,1,ghcr.io/talmolab/lablink-client-base-image:linux-amd64-test@sha256:1ec2fde6860186b3d45ac83890167258f83512955dbce65f072d4e8c310cb9de,10,destroy,running,1788390335.82657,1788390335.827949,,,20,10
1788390534.045738,5,1,ghcr.io/talmolab/lablink-client-base-image:linux-amd64-test@sha256:1ec2fde6860186b3d45ac83890167258f83512955dbce65f072d4e8c310cb9de,1,apply,succeeded,1788380921.682491,1788380921.685047,1788380971.541328,,20,20
1788390534.045738,5,1,ghcr.io/talmolab/lablink-client-base-image:linux-amd64-test@sha256:1ec2fde6860186b3d45ac83890167258f83512955dbce65f072d4e8c310cb9de,2,destroy,succeeded,1788381612.379228,1788381612.381237,1788381939.351963,,20,20
1788390534.045738,5,1,ghcr.io/talmolab/lablink-client-base-image:linux-amd64-test@sha256:1ec2fde6860186b3d45ac83890167258f83512955dbce65f072d4e8c310cb9de,3,apply,succeeded,1788381976.63281,1788381976.63526,1788382026.043455,,20,20
1788390534.045738,5,1,ghcr.io/talmolab/lablink-client-base-image:linux-amd64-test@sha256:1ec2fde6860186b3d45ac83890167258f83512955dbce65f072d4e8c310cb9de,4,destroy,succeeded,1788382875.148234,1788382875.150169,1788383194.833905,,20,20
1788390534.045738,5,1,ghcr.io/talmolab/lablink-client-base-image:linux-amd64-test@sha256:1ec2fde6860186b3d45ac83890167258f83512955dbce65f072d4e8c310cb9de,5,apply,succeeded,1788383308.62635,1788383308.629388,1788383361.88001,,35,35
1788390534.045738,5,1,ghcr.io/talmolab/lablink-client-base-image:linux-amd64-test@sha256:1ec2fde6860186b3d45ac83890167258f83512955dbce65f072d4e8c310cb9de,6,destroy,succeeded,1788384337.446569,1788384337.448163,1788384657.690712,,35,35
1788390534.045738,5,1,ghcr.io/talmolab/lablink-client-base-image:linux-amd64-test@sha256:1ec2fde6860186b3d45ac83890167258f83512955dbce65f072d4e8c310cb9de,7,apply,succeeded,1788384727.528365,1788384727.530681,1788384808.61864,,95,95
1788390534.045738,5,1,ghcr.io/talmolab/lablink-client-base-image:linux-amd64-test@sha256:1ec2fde6860186b3d45ac83890167258f83512955dbce65f072d4e8c310cb9de,8,destroy,succeeded,1788385076.969534,1788385076.971902,1788385973.63117,,95,95
1788390534.045738,5,1,ghcr.io/talmolab/lablink-client-base-image:linux-amd64-test@sha256:1ec2fde6860186b3d45ac83890167258f83512955dbce65f072d4e8c310cb9de,9,apply,succeeded,1788389407.309799,1788389407.313231,1788389454.98231,,20,20
1788390534.045738,5,1,ghcr.io/talmolab/lablink-client-base-image:linux-amd64-test@sha256:1ec2fde6860186b3d45ac83890167258f83512955dbce65f072d4e8c310cb9de,10,destroy,running,1788390335.82657,1788390335.827949,,,20,10
1788390539.017756,5,1,ghcr.io/talmolab/lablink-client-base-image:linux-amd64-test@sha256:1ec2fde6860186b3d45ac83890167258f83512955dbce65f072d4e8c310cb9de,1,apply,succeeded,1788380921.682491,1788380921.685047,1788380971.541328,,20,20
1788390539.017756,5,1,ghcr.io/talmolab/lablink-client-base-image:linux-amd64-test@sha256:1ec2fde6860186b3d45ac83890167258f83512955dbce65f072d4e8c310cb9de,2,destroy,succeeded,1788381612.379228,1788381612.381237,1788381939.351963,,20,20
1788390539.017756,5,1,ghcr.io/talmolab/lablink-client-base-image:linux-amd64-test@sha256:1ec2fde6860186b3d45ac83890167258f83512955dbce65f072d4e8c310cb9de,3,apply,succeeded,1788381976.63281,1788381976.63526,1788382026.043455,,20,20
1788390539.017756,5,1,ghcr.io/talmolab/lablink-client-base-image:linux-amd64-test@sha256:1ec2fde6860186b3d45ac83890167258f83512955dbce65f072d4e8c310cb9de,4,destroy,succeeded,1788382875.148234,1788382875.150169,1788383194.833905,,20,20
1788390539.017756,5,1,ghcr.io/talmolab/lablink-client-base-image:linux-amd64-test@sha256:1ec2fde6860186b3d45ac83890167258f83512955dbce65f072d4e8c310cb9de,5,apply,succeeded,1788383308.62635,1788383308.629388,1788383361.88001,,35,35
1788390539.017756,5,1,ghcr.io/talmolab/lablink-client-base-image:linux-amd64-test@sha256:1ec2fde6860186b3d45ac83890167258f83512955dbce65f072d4e8c310cb9de,6,destroy,succeeded,1788384337.446569,1788384337.448163,1788384657.690712,,35,35
1788390539.017756,5,1,ghcr.io/talmolab/lablink-client-base-image:linux-amd64-test@sha256:1ec2fde6860186b3d45ac83890167258f83512955dbce65f072d4e8c310cb9de,7,apply,succeeded,1788384727.528365,1788384727.530681,1788384808.61864,,95,95
1788390539.017756,5,1,ghcr.io/talmolab/lablink-client-base-image:linux-amd64-test@sha256:1ec2fde6860186b3d45ac83890167258f83512955dbce65f072d4e8c310cb9de,8,destroy,succeeded,1788385076.969534,1788385076.971902,1788385973.63117,,95,95
1788390539.017756,5,1,ghcr.io/talmolab/lablink-client-base-image:linux-amd64-test@sha256:1ec2fde6860186b3d45ac83890167258f83512955dbce65f072d4e8c310cb9de,9,apply,succeeded,1788389407.309799,1788389407.313231,1788389454.98231,,20,20
1788390539.017756,5,1,ghcr.io/talmolab/lablink-client-base-image:linux-amd64-test@sha256:1ec2fde6860186b3d45ac83890167258f83512955dbce65f072d4e8c310cb9de,10,destroy,running,1788390335.82657,1788390335.827949,,,20,10
1788390544.020983,5,1,ghcr.io/talmolab/lablink-client-base-image:linux-amd64-test@sha256:1ec2fde6860186b3d45ac83890167258f83512955dbce65f072d4e8c310cb9de,1,apply,succeeded,1788380921.682491,1788380921.685047,1788380971.541328,,20,20
1788390544.020983,5,1,ghcr.io/talmolab/lablink-client-base-image:linux-amd64-test@sha256:1ec2fde6860186b3d45ac83890167258f83512955dbce65f072d4e8c310cb9de,2,destroy,succeeded,1788381612.379228,1788381612.381237,1788381939.351963,,20,20
1788390544.020983,5,1,ghcr.io/talmolab/lablink-client-base-image:linux-amd64-test@sha256:1ec2fde6860186b3d45ac83890167258f83512955dbce65f072d4e8c310cb9de,3,apply,succeeded,1788381976.63281,1788381976.63526,1788382026.043455,,20,20
1788390544.020983,5,1,ghcr.io/talmolab/lablink-client-base-image:linux-amd64-test@sha256:1ec2fde6860186b3d45ac83890167258f83512955dbce65f072d4e8c310cb9de,4,destroy,succeeded,1788382875.148234,1788382875.150169,1788383194.833905,,20,20
1788390544.020983,5,1,ghcr.io/talmolab/lablink-client-base-image:linux-amd64-test@sha256:1ec2fde6860186b3d45ac83890167258f83512955dbce65f072d4e8c310cb9de,5,apply,succeeded,1788383308.62635,1788383308.629388,1788383361.88001,,35,35
1788390544.020983,5,1,ghcr.io/talmolab/lablink-client-base-image:linux-amd64-test@sha256:1ec2fde6860186b3d45ac83890167258f83512955dbce65f072d4e8c310cb9de,6,destroy,succeeded,1788384337.446569,1788384337.448163,1788384657.690712,,35,35
1788390544.020983,5,1,ghcr.io/talmolab/lablink-client-base-image:linux-amd64-test@sha256:1ec2fde6860186b3d45ac83890167258f83512955dbce65f072d4e8c310cb9de,7,apply,succeeded,1788384727.528365,1788384727.530681,1788384808.61864,,95,95
1788390544.020983,5,1,ghcr.io/talmolab/lablink-client-base-image:linux-amd64-test@sha256:1ec2fde6860186b3d45ac83890167258f83512955dbce65f072d4e8c310cb9de,8,destroy,succeeded,1788385076.969534,1788385076.971902,1788385973.63117,,95,95
1788390544.020983,5,1,ghcr.io/talmolab/lablink-client-base-image:linux-amd64-test@sha256:1ec2fde6860186b3d45ac83890167258f83512955dbce65f072d4e8c310cb9de,9,apply,succeeded,1788389407.309799,1788389407.313231,1788389454.98231,,20,20
1788390544.020983,5,1,ghcr.io/talmolab/lablink-client-base-image:linux-amd64-test@sha256:1ec2fde6860186b3d45ac83890167258f83512955dbce65f072d4e8c310cb9de,10,destroy,running,1788390335.82657,1788390335.827949,,,20,10
1788390549.029414,5,1,ghcr.io/talmolab/lablink-client-base-image:linux-amd64-test@sha256:1ec2fde6860186b3d45ac83890167258f83512955dbce65f072d4e8c310cb9de,1,apply,succeeded,1788380921.682491,1788380921.685047,1788380971.541328,,20,20
1788390549.029414,5,1,ghcr.io/talmolab/lablink-client-base-image:linux-amd64-test@sha256:1ec2fde6860186b3d45ac83890167258f83512955dbce65f072d4e8c310cb9de,2,destroy,succeeded,1788381612.379228,1788381612.381237,1788381939.351963,,20,20
1788390549.029414,5,1,ghcr.io/talmolab/lablink-client-base-image:linux-amd64-test@sha256:1ec2fde6860186b3d45ac83890167258f83512955dbce65f072d4e8c310cb9de,3,apply,succeeded,1788381976.63281,1788381976.63526,1788382026.043455,,20,20
1788390549.029414,5,1,ghcr.io/talmolab/lablink-client-base-image:linux-amd64-test@sha256:1ec2fde6860186b3d45ac83890167258f83512955dbce65f072d4e8c310cb9de,4,destroy,succeeded,1788382875.148234,1788382875.150169,1788383194.833905,,20,20
1788390549.029414,5,1,ghcr.io/talmolab/lablink-client-base-image:linux-amd64-test@sha256:1ec2fde6860186b3d45ac83890167258f83512955dbce65f072d4e8c310cb9de,5,apply,succeeded,1788383308.62635,1788383308.629388,1788383361.88001,,35,35
1788390549.029414,5,1,ghcr.io/talmolab/lablink-client-base-image:linux-amd64-test@sha256:1ec2fde6860186b3d45ac83890167258f83512955dbce65f072d4e8c310cb9de,6,destroy,succeeded,1788384337.446569,1788384337.448163,1788384657.690712,,35,35
1788390549.029414,5,1,ghcr.io/talmolab/lablink-client-base-image:linux-amd64-test@sha256:1ec2fde6860186b3d45ac83890167258f83512955dbce65f072d4e8c310cb9de,7,apply,succeeded,1788384727.528365,1788384727.530681,1788384808.61864,,95,95
1788390549.029414,5,1,ghcr.io/talmolab/lablink-client-base-image:linux-amd64-test@sha256:1ec2fde6860186b3d45ac83890167258f83512955dbce65f072d4e8c310cb9de,8,destroy,succeeded,1788385076.969534,1788385076.971902,1788385973.63117,,95,95
1788390549.029414,5,1,ghcr.io/talmolab/lablink-client-base-image:linux-amd64-test@sha256:1ec2fde6860186b3d45ac83890167258f83512955dbce65f072d4e8c310cb9de,9,apply,succeeded,1788389407.309799,1788389407.313231,1788389454.98231,,20,20
1788390549.029414,5,1,ghcr.io/talmolab/lablink-client-base-image:linux-amd64-test@sha256:1ec2fde6860186b3d45ac83890167258f83512955dbce65f072d4e8c310cb9de,10,destroy,running,1788390335.82657,1788390335.827949,,,20,10
1788390554.038826,5,1,ghcr.io/talmolab/lablink-client-base-image:linux-amd64-test@sha256:1ec2fde6860186b3d45ac83890167258f83512955dbce65f072d4e8c310cb9de,1,apply,succeeded,1788380921.682491,1788380921.685047,1788380971.541328,,20,20
1788390554.038826,5,1,ghcr.io/talmolab/lablink-client-base-image:linux-amd64-test@sha256:1ec2fde6860186b3d45ac83890167258f83512955dbce65f072d4e8c310cb9de,2,destroy,succeeded,1788381612.379228,1788381612.381237,1788381939.351963,,20,20
1788390554.038826,5,1,ghcr.io/talmolab/lablink-client-base-image:linux-amd64-test@sha256:1ec2fde6860186b3d45ac83890167258f83512955dbce65f072d4e8c310cb9de,3,apply,succeeded,1788381976.63281,1788381976.63526,1788382026.043455,,20,20
1788390554.038826,5,1,ghcr.io/talmolab/lablink-client-base-image:linux-amd64-test@sha256:1ec2fde6860186b3d45ac83890167258f83512955dbce65f072d4e8c310cb9de,4,destroy,succeeded,1788382875.148234,1788382875.150169,1788383194.833905,,20,20
1788390554.038826,5,1,ghcr.io/talmolab/lablink-client-base-image:linux-amd64-test@sha256:1ec2fde6860186b3d45ac83890167258f83512955dbce65f072d4e8c310cb9de,5,apply,succeeded,1788383308.62635,1788383308.629388,1788383361.88001,,35,35
1788390554.038826,5,1,ghcr.io/talmolab/lablink-client-base-image:linux-amd64-test@sha256:1ec2fde6860186b3d45ac83890167258f83512955dbce65f072d4e8c310cb9de,6,destroy,succeeded,1788384337.446569,1788384337.448163,1788384657.690712,,35,35
1788390554.038826,5,1,ghcr.io/talmolab/lablink-client-base-image:linux-amd64-test@sha256:1ec2fde6860186b3d45ac83890167258f83512955dbce65f072d4e8c310cb9de,7,apply,succeeded,1788384727.528365,1788384727.530681,1788384808.61864,,95,95
1788390554.038826,5,1,ghcr.io/talmolab/lablink-client-base-image:linux-amd64-test@sha256:1ec2fde6860186b3d45ac83890167258f83512955dbce65f072d4e8c310cb9de,8,destroy,succeeded,1788385076.969534,1788385076.971902,1788385973.63117,,95,95
1788390554.038826,5,1,ghcr.io/talmolab/lablink-client-base-image:linux-amd64-test@sha256:1ec2fde6860186b3d45ac83890167258f83512955dbce65f072d4e8c310cb9de,9,apply,succeeded,1788389407.309799,1788389407.313231,1788389454.98231,,20,20
1788390554.038826,5,1,ghcr.io/talmolab/lablink-client-base-image:linux-amd64-test@sha256:1ec2fde6860186b3d45ac83890167258f83512955dbce65f072d4e8c310cb9de,10,destroy,running,1788390335.82657,1788390335.827949,,,20,10
1788390558.992121,5,1,ghcr.io/talmolab/lablink-client-base-image:linux-amd64-test@sha256:1ec2fde6860186b3d45ac83890167258f83512955dbce65f072d4e8c310cb9de,1,apply,succeeded,1788380921.682491,1788380921.685047,1788380971.541328,,20,20
1788390558.992121,5,1,ghcr.io/talmolab/lablink-client-base-image:linux-amd64-test@sha256:1ec2fde6860186b3d45ac83890167258f83512955dbce65f072d4e8c310cb9de,2,destroy,succeeded,1788381612.379228,1788381612.381237,1788381939.351963,,20,20
1788390558.992121,5,1,ghcr.io/talmolab/lablink-client-base-image:linux-amd64-test@sha256:1ec2fde6860186b3d45ac83890167258f83512955dbce65f072d4e8c310cb9de,3,apply,succeeded,1788381976.63281,1788381976.63526,1788382026.043455,,20,20
1788390558.992121,5,1,ghcr.io/talmolab/lablink-client-base-image:linux-amd64-test@sha256:1ec2fde6860186b3d45ac83890167258f83512955dbce65f072d4e8c310cb9de,4,destroy,succeeded,1788382875.148234,1788382875.150169,1788383194.833905,,20,20
1788390558.992121,5,1,ghcr.io/talmolab/lablink-client-base-image:linux-amd64-test@sha256:1ec2fde6860186b3d45ac83890167258f83512955dbce65f072d4e8c310cb9de,5,apply,succeeded,1788383308.62635,1788383308.629388,1788383361.88001,,35,35
1788390558.992121,5,1,ghcr.io/talmolab/lablink-client-base-image:linux-amd64-test@sha256:1ec2fde6860186b3d45ac83890167258f83512955dbce65f072d4e8c310cb9de,6,destroy,succeeded,1788384337.446569,1788384337.448163,1788384657.690712,,35,35
1788390558.992121,5,1,ghcr.io/talmolab/lablink-client-base-image:linux-amd64-test@sha256:1ec2fde6860186b3d45ac83890167258f83512955dbce65f072d4e8c310cb9de,7,apply,succeeded,1788384727.528365,1788384727.530681,1788384808.61864,,95,95
1788390558.992121,5,1,ghcr.io/talmolab/lablink-client-base-image:linux-amd64-test@sha256:1ec2fde6860186b3d45ac83890167258f83512955dbce65f072d4e8c310cb9de,8,destroy,succeeded,1788385076.969534,1788385076.971902,1788385973.63117,,95,95
1788390558.992121,5,1,ghcr.io/talmolab/lablink-client-base-image:linux-amd64-test@sha256:1ec2fde6860186b3d45ac83890167258f83512955dbce65f072d4e8c310cb9de,9,apply,succeeded,1788389407.309799,1788389407.313231,1788389454.98231,,20,20
1788390558.992121,5,1,ghcr.io/talmolab/lablink-client-base-image:linux-amd64-test@sha256:1ec2fde6860186b3d45ac83890167258f83512955dbce65f072d4e8c310cb9de,10,destroy,running,1788390335.82657,1788390335.827949,,,20,10
1788390564.120358,5,1,ghcr.io/talmolab/lablink-client-base-image:linux-amd64-test@sha256:1ec2fde6860186b3d45ac83890167258f83512955dbce65f072d4e8c310cb9de,1,apply,succeeded,1788380921.682491,1788380921.685047,1788380971.541328,,20,20
1788390564.120358,5,1,ghcr.io/talmolab/lablink-client-base-image:linux-amd64-test@sha256:1ec2fde6860186b3d45ac83890167258f83512955dbce65f072d4e8c310cb9de,2,destroy,succeeded,1788381612.379228,1788381612.381237,1788381939.351963,,20,20
1788390564.120358,5,1,ghcr.io/talmolab/lablink-client-base-image:linux-amd64-test@sha256:1ec2fde6860186b3d45ac83890167258f83512955dbce65f072d4e8c310cb9de,3,apply,succeeded,1788381976.63281,1788381976.63526,1788382026.043455,,20,20
1788390564.120358,5,1,ghcr.io/talmolab/lablink-client-base-image:linux-amd64-test@sha256:1ec2fde6860186b3d45ac83890167258f83512955dbce65f072d4e8c310cb9de,4,destroy,succeeded,1788382875.148234,1788382875.150169,1788383194.833905,,20,20
1788390564.120358,5,1,ghcr.io/talmolab/lablink-client-base-image:linux-amd64-test@sha256:1ec2fde6860186b3d45ac83890167258f83512955dbce65f072d4e8c310cb9de,5,apply,succeeded,1788383308.62635,1788383308.629388,1788383361.88001,,35,35
1788390564.120358,5,1,ghcr.io/talmolab/lablink-client-base-image:linux-amd64-test@sha256:1ec2fde6860186b3d45ac83890167258f83512955dbce65f072d4e8c310cb9de,6,destroy,succeeded,1788384337.446569,1788384337.448163,1788384657.690712,,35,35
1788390564.120358,5,1,ghcr.io/talmolab/lablink-client-base-image:linux-amd64-test@sha256:1ec2fde6860186b3d45ac83890167258f83512955dbce65f072d4e8c310cb9de,7,apply,succeeded,1788384727.528365,1788384727.530681,1788384808.61864,,95,95
1788390564.120358,5,1,ghcr.io/talmolab/lablink-client-base-image:linux-amd64-test@sha256:1ec2fde6860186b3d45ac83890167258f83512955dbce65f072d4e8c310cb9de,8,destroy,succeeded,1788385076.969534,1788385076.971902,1788385973.63117,,95,95
1788390564.120358,5,1,ghcr.io/talmolab/lablink-client-base-image:linux-amd64-test@sha256:1ec2fde6860186b3d45ac83890167258f83512955dbce65f072d4e8c310cb9de,9,apply,succeeded,1788389407.309799,1788389407.313231,1788389454.98231,,20,20
1788390564.120358,5,1,ghcr.io/talmolab/lablink-client-base-image:linux-amd64-test@sha256:1ec2fde6860186b3d45ac83890167258f83512955dbce65f072d4e8c310cb9de,10,destroy,running,1788390335.82657,1788390335.827949,,,20,10
1788390569.169773,5,1,ghcr.io/talmolab/lablink-client-base-image:linux-amd64-test@sha256:1ec2fde6860186b3d45ac83890167258f83512955dbce65f072d4e8c310cb9de,1,apply,succeeded,1788380921.682491,1788380921.685047,1788380971.541328,,20,20
1788390569.169773,5,1,ghcr.io/talmolab/lablink-client-base-image:linux-amd64-test@sha256:1ec2fde6860186b3d45ac83890167258f83512955dbce65f072d4e8c310cb9de,2,destroy,succeeded,1788381612.379228,1788381612.381237,1788381939.351963,,20,20
1788390569.169773,5,1,ghcr.io/talmolab/lablink-client-base-image:linux-amd64-test@sha256:1ec2fde6860186b3d45ac83890167258f83512955dbce65f072d4e8c310cb9de,3,apply,succeeded,1788381976.63281,1788381976.63526,1788382026.043455,,20,20
1788390569.169773,5,1,ghcr.io/talmolab/lablink-client-base-image:linux-amd64-test@sha256:1ec2fde6860186b3d45ac83890167258f83512955dbce65f072d4e8c310cb9de,4,destroy,succeeded,1788382875.148234,1788382875.150169,1788383194.833905,,20,20
1788390569.169773,5,1,ghcr.io/talmolab/lablink-client-base-image:linux-amd64-test@sha256:1ec2fde6860186b3d45ac83890167258f83512955dbce65f072d4e8c310cb9de,5,apply,succeeded,1788383308.62635,1788383308.629388,1788383361.88001,,35,35
1788390569.169773,5,1,ghcr.io/talmolab/lablink-client-base-image:linux-amd64-test@sha256:1ec2fde6860186b3d45ac83890167258f83512955dbce65f072d4e8c310cb9de,6,destroy,succeeded,1788384337.446569,1788384337.448163,1788384657.690712,,35,35
1788390569.169773,5,1,ghcr.io/talmolab/lablink-client-base-image:linux-amd64-test@sha256:1ec2fde6860186b3d45ac83890167258f83512955dbce65f072d4e8c310cb9de,7,apply,succeeded,1788384727.528365,1788384727.530681,1788384808.61864,,95,95
1788390569.169773,5,1,ghcr.io/talmolab/lablink-client-base-image:linux-amd64-test@sha256:1ec2fde6860186b3d45ac83890167258f83512955dbce65f072d4e8c310cb9de,8,destroy,succeeded,1788385076.969534,1788385076.971902,1788385973.63117,,95,95
1788390569.169773,5,1,ghcr.io/talmolab/lablink-client-base-image:linux-amd64-test@sha256:1ec2fde6860186b3d45ac83890167258f83512955dbce65f072d4e8c310cb9de,9,apply,succeeded,1788389407.309799,1788389407.313231,1788389454.98231,,20,20
1788390569.169773,5,1,ghcr.io/talmolab/lablink-client-base-image:linux-amd64-test@sha256:1ec2fde6860186b3d45ac83890167258f83512955dbce65f072d4e8c310cb9de,10,destroy,running,1788390335.82657,1788390335.827949,,,20,10
1788390574.121023,5,1,ghcr.io/talmolab/lablink-client-base-image:linux-amd64-test@sha256:1ec2fde6860186b3d45ac83890167258f83512955dbce65f072d4e8c310cb9de,1,apply,succeeded,1788380921.682491,1788380921.685047,1788380971.541328,,20,20
1788390574.121023,5,1,ghcr.io/talmolab/lablink-client-base-image:linux-amd64-test@sha256:1ec2fde6860186b3d45ac83890167258f83512955dbce65f072d4e8c310cb9de,2,destroy,succeeded,1788381612.379228,1788381612.381237,1788381939.351963,,20,20
1788390574.121023,5,1,ghcr.io/talmolab/lablink-client-base-image:linux-amd64-test@sha256:1ec2fde6860186b3d45ac83890167258f83512955dbce65f072d4e8c310cb9de,3,apply,succeeded,1788381976.63281,1788381976.63526,1788382026.043455,,20,20
1788390574.121023,5,1,ghcr.io/talmolab/lablink-client-base-image:linux-amd64-test@sha256:1ec2fde6860186b3d45ac83890167258f83512955dbce65f072d4e8c310cb9de,4,destroy,succeeded,1788382875.148234,1788382875.150169,1788383194.833905,,20,20
1788390574.121023,5,1,ghcr.io/talmolab/lablink-client-base-image:linux-amd64-test@sha256:1ec2fde6860186b3d45ac83890167258f83512955dbce65f072d4e8c310cb9de,5,apply,succeeded,1788383308.62635,1788383308.629388,1788383361.88001,,35,35
1788390574.121023,5,1,ghcr.io/talmolab/lablink-client-base-image:linux-amd64-test@sha256:1ec2fde6860186b3d45ac83890167258f83512955dbce65f072d4e8c310cb9de,6,destroy,succeeded,1788384337.446569,1788384337.448163,1788384657.690712,,35,35
1788390574.121023,5,1,ghcr.io/talmolab/lablink-client-base-image:linux-amd64-test@sha256:1ec2fde6860186b3d45ac83890167258f83512955dbce65f072d4e8c310cb9de,7,apply,succeeded,1788384727.528365,1788384727.530681,1788384808.61864,,95,95
1788390574.121023,5,1,ghcr.io/talmolab/lablink-client-base-image:linux-amd64-test@sha256:1ec2fde6860186b3d45ac83890167258f83512955dbce65f072d4e8c310cb9de,8,destroy,succeeded,1788385076.969534,1788385076.971902,1788385973.63117,,95,95
1788390574.121023,5,1,ghcr.io/talmolab/lablink-client-base-image:linux-amd64-test@sha256:1ec2fde6860186b3d45ac83890167258f83512955dbce65f072d4e8c310cb9de,9,apply,succeeded,1788389407.309799,1788389407.313231,1788389454.98231,,20,20
1788390574.121023,5,1,ghcr.io/talmolab/lablink-client-base-image:linux-amd64-test@sha256:1ec2fde6860186b3d45ac83890167258f83512955dbce65f072d4e8c310cb9de,10,destroy,running,1788390335.82657,1788390335.827949,,,20,10
1788390579.136311,5,1,ghcr.io/talmolab/lablink-client-base-image:linux-amd64-test@sha256:1ec2fde6860186b3d45ac83890167258f83512955dbce65f072d4e8c310cb9de,1,apply,succeeded,1788380921.682491,1788380921.685047,1788380971.541328,,20,20
1788390579.136311,5,1,ghcr.io/talmolab/lablink-client-base-image:linux-amd64-test@sha256:1ec2fde6860186b3d45ac83890167258f83512955dbce65f072d4e8c310cb9de,2,destroy,succeeded,1788381612.379228,1788381612.381237,1788381939.351963,,20,20
1788390579.136311,5,1,ghcr.io/talmolab/lablink-client-base-image:linux-amd64-test@sha256:1ec2fde6860186b3d45ac83890167258f83512955dbce65f072d4e8c310cb9de,3,apply,succeeded,1788381976.63281,1788381976.63526,1788382026.043455,,20,20
1788390579.136311,5,1,ghcr.io/talmolab/lablink-client-base-image:linux-amd64-test@sha256:1ec2fde6860186b3d45ac83890167258f83512955dbce65f072d4e8c310cb9de,4,destroy,succeeded,1788382875.148234,1788382875.150169,1788383194.833905,,20,20
1788390579.136311,5,1,ghcr.io/talmolab/lablink-client-base-image:linux-amd64-test@sha256:1ec2fde6860186b3d45ac83890167258f83512955dbce65f072d4e8c310cb9de,5,apply,succeeded,1788383308.62635,1788383308.629388,1788383361.88001,,35,35
1788390579.136311,5,1,ghcr.io/talmolab/lablink-client-base-image:linux-amd64-test@sha256:1ec2fde6860186b3d45ac83890167258f83512955dbce65f072d4e8c310cb9de,6,destroy,succeeded,1788384337.446569,1788384337.448163,1788384657.690712,,35,35
1788390579.136311,5,1,ghcr.io/talmolab/lablink-client-base-image:linux-amd64-test@sha256:1ec2fde6860186b3d45ac83890167258f83512955dbce65f072d4e8c310cb9de,7,apply,succeeded,1788384727.528365,1788384727.530681,1788384808.61864,,95,95
1788390579.136311,5,1,ghcr.io/talmolab/lablink-client-base-image:linux-amd64-test@sha256:1ec2fde6860186b3d45ac83890167258f83512955dbce65f072d4e8c310cb9de,8,destroy,succeeded,1788385076.969534,1788385076.971902,1788385973.63117,,95,95
1788390579.136311,5,1,ghcr.io/talmolab/lablink-client-base-image:linux-amd64-test@sha256:1ec2fde6860186b3d45ac83890167258f83512955dbce65f072d4e8c310cb9de,9,apply,succeeded,1788389407.309799,1788389407.313231,1788389454.98231,,20,20
1788390579.136311,5,1,ghcr.io/talmolab/lablink-client-base-image:linux-amd64-test@sha256:1ec2fde6860186b3d45ac83890167258f83512955dbce65f072d4e8c310cb9de,10,destroy,running,1788390335.82657,1788390335.827949,,,20,10
1788390584.110239,5,1,ghcr.io/talmolab/lablink-client-base-image:linux-amd64-test@sha256:1ec2fde6860186b3d45ac83890167258f83512955dbce65f072d4e8c310cb9de,1,apply,succeeded,1788380921.682491,1788380921.685047,1788380971.541328,,20,20
1788390584.110239,5,1,ghcr.io/talmolab/lablink-client-base-image:linux-amd64-test@sha256:1ec2fde6860186b3d45ac83890167258f83512955dbce65f072d4e8c310cb9de,2,destroy,succeeded,1788381612.379228,1788381612.381237,1788381939.351963,,20,20
1788390584.110239,5,1,ghcr.io/talmolab/lablink-client-base-image:linux-amd64-test@sha256:1ec2fde6860186b3d45ac83890167258f83512955dbce65f072d4e8c310cb9de,3,apply,succeeded,1788381976.63281,1788381976.63526,1788382026.043455,,20,20
1788390584.110239,5,1,ghcr.io/talmolab/lablink-client-base-image:linux-amd64-test@sha256:1ec2fde6860186b3d45ac83890167258f83512955dbce65f072d4e8c310cb9de,4,destroy,succeeded,1788382875.148234,1788382875.150169,1788383194.833905,,20,20
1788390584.110239,5,1,ghcr.io/talmolab/lablink-client-base-image:linux-amd64-test@sha256:1ec2fde6860186b3d45ac83890167258f83512955dbce65f072d4e8c310cb9de,5,apply,succeeded,1788383308.62635,1788383308.629388,1788383361.88001,,35,35
1788390584.110239,5,1,ghcr.io/talmolab/lablink-client-base-image:linux-amd64-test@sha256:1ec2fde6860186b3d45ac83890167258f83512955dbce65f072d4e8c310cb9de,6,destroy,succeeded,1788384337.446569,1788384337.448163,1788384657.690712,,35,35
1788390584.110239,5,1,ghcr.io/talmolab/lablink-client-base-image:linux-amd64-test@sha256:1ec2fde6860186b3d45ac83890167258f83512955dbce65f072d4e8c310cb9de,7,apply,succeeded,1788384727.528365,1788384727.530681,1788384808.61864,,95,95
1788390584.110239,5,1,ghcr.io/talmolab/lablink-client-base-image:linux-amd64-test@sha256:1ec2fde6860186b3d45ac83890167258f83512955dbce65f072d4e8c310cb9de,8,destroy,succeeded,1788385076.969534,1788385076.971902,1788385973.63117,,95,95
1788390584.110239,5,1,ghcr.io/talmolab/lablink-client-base-image:linux-amd64-test@sha256:1ec2fde6860186b3d45ac83890167258f83512955dbce65f072d4e8c310cb9de,9,apply,succeeded,1788389407.309799,1788389407.313231,1788389454.98231,,20,20
1788390584.110239,5,1,ghcr.io/talmolab/lablink-client-base-image:linux-amd64-test@sha256:1ec2fde6860186b3d45ac83890167258f83512955dbce65f072d4e8c310cb9de,10,destroy,running,1788390335.82657,1788390335.827949,,,20,10
1788390588.9918,5,1,ghcr.io/talmolab/lablink-client-base-image:linux-amd64-test@sha256:1ec2fde6860186b3d45ac83890167258f83512955dbce65f072d4e8c310cb9de,1,apply,succeeded,1788380921.682491,1788380921.685047,1788380971.541328,,20,20
1788390588.9918,5,1,ghcr.io/talmolab/lablink-client-base-image:linux-amd64-test@sha256:1ec2fde6860186b3d45ac83890167258f83512955dbce65f072d4e8c310cb9de,2,destroy,succeeded,1788381612.379228,1788381612.381237,1788381939.351963,,20,20
1788390588.9918,5,1,ghcr.io/talmolab/lablink-client-base-image:linux-amd64-test@sha256:1ec2fde6860186b3d45ac83890167258f83512955dbce65f072d4e8c310cb9de,3,apply,succeeded,1788381976.63281,1788381976.63526,1788382026.043455,,20,20
1788390588.9918,5,1,ghcr.io/talmolab/lablink-client-base-image:linux-amd64-test@sha256:1ec2fde6860186b3d45ac83890167258f83512955dbce65f072d4e8c310cb9de,4,destroy,succeeded,1788382875.148234,1788382875.150169,1788383194.833905,,20,20
1788390588.9918,5,1,ghcr.io/talmolab/lablink-client-base-image:linux-amd64-test@sha256:1ec2fde6860186b3d45ac83890167258f83512955dbce65f072d4e8c310cb9de,5,apply,succeeded,1788383308.62635,1788383308.629388,1788383361.88001,,35,35
1788390588.9918,5,1,ghcr.io/talmolab/lablink-client-base-image:linux-amd64-test@sha256:1ec2fde6860186b3d45ac83890167258f83512955dbce65f072d4e8c310cb9de,6,destroy,succeeded,1788384337.446569,1788384337.448163,1788384657.690712,,35,35
1788390588.9918,5,1,ghcr.io/talmolab/lablink-client-base-image:linux-amd64-test@sha256:1ec2fde6860186b3d45ac83890167258f83512955dbce65f072d4e8c310cb9de,7,apply,succeeded,1788384727.528365,1788384727.530681,1788384808.61864,,95,95
1788390588.9918,5,1,ghcr.io/talmolab/lablink-client-base-image:linux-amd64-test@sha256:1ec2fde6860186b3d45ac83890167258f83512955dbce65f072d4e8c310cb9de,8,destroy,succeeded,1788385076.969534,1788385076.971902,1788385973.63117,,95,95
1788390588.9918,5,1,ghcr.io/talmolab/lablink-client-base-image:linux-amd64-test@sha256:1ec2fde6860186b3d45ac83890167258f83512955dbce65f072d4e8c310cb9de,9,apply,succeeded,1788389407.309799,1788389407.313231,1788389454.98231,,20,20
1788390588.9918,5,1,ghcr.io/talmolab/lablink-client-base-image:linux-amd64-test@sha256:1ec2fde6860186b3d45ac83890167258f83512955dbce65f072d4e8c310cb9de,10,destroy,running,1788390335.82657,1788390335.827949,,,20,10
1788390594.423821,5,1,ghcr.io/talmolab/lablink-client-base-image:linux-amd64-test@sha256:1ec2fde6860186b3d45ac83890167258f83512955dbce65f072d4e8c310cb9de,1,apply,succeeded,1788380921.682491,1788380921.685047,1788380971.541328,,20,20
1788390594.423821,5,1,ghcr.io/talmolab/lablink-client-base-image:linux-amd64-test@sha256:1ec2fde6860186b3d45ac83890167258f83512955dbce65f072d4e8c310cb9de,2,destroy,succeeded,1788381612.379228,1788381612.381237,1788381939.351963,,20,20
1788390594.423821,5,1,ghcr.io/talmolab/lablink-client-base-image:linux-amd64-test@sha256:1ec2fde6860186b3d45ac83890167258f83512955dbce65f072d4e8c310cb9de,3,apply,succeeded,1788381976.63281,1788381976.63526,1788382026.043455,,20,20
1788390594.423821,5,1,ghcr.io/talmolab/lablink-client-base-image:linux-amd64-test@sha256:1ec2fde6860186b3d45ac83890167258f83512955dbce65f072d4e8c310cb9de,4,destroy,succeeded,1788382875.148234,1788382875.150169,1788383194.833905,,20,20
1788390594.423821,5,1,ghcr.io/talmolab/lablink-client-base-image:linux-amd64-test@sha256:1ec2fde6860186b3d45ac83890167258f83512955dbce65f072d4e8c310cb9de,5,apply,succeeded,1788383308.62635,1788383308.629388,1788383361.88001,,35,35
1788390594.423821,5,1,ghcr.io/talmolab/lablink-client-base-image:linux-amd64-test@sha256:1ec2fde6860186b3d45ac83890167258f83512955dbce65f072d4e8c310cb9de,6,destroy,succeeded,1788384337.446569,1788384337.448163,1788384657.690712,,35,35
1788390594.423821,5,1,ghcr.io/talmolab/lablink-client-base-image:linux-amd64-test@sha256:1ec2fde6860186b3d45ac83890167258f83512955dbce65f072d4e8c310cb9de,7,apply,succeeded,1788384727.528365,1788384727.530681,1788384808.61864,,95,95
1788390594.423821,5,1,ghcr.io/talmolab/lablink-client-base-image:linux-amd64-test@sha256:1ec2fde6860186b3d45ac83890167258f83512955dbce65f072d4e8c310cb9de,8,destroy,succeeded,1788385076.969534,1788385076.971902,1788385973.63117,,95,95
1788390594.423821,5,1,ghcr.io/talmolab/lablink-client-base-image:linux-amd64-test@sha256:1ec2fde6860186b3d45ac83890167258f83512955dbce65f072d4e8c310cb9de,9,apply,succeeded,1788389407.309799,1788389407.313231,1788389454.98231,,20,20
1788390594.423821,5,1,ghcr.io/talmolab/lablink-client-base-image:linux-amd64-test@sha256:1ec2fde6860186b3d45ac83890167258f83512955dbce65f072d4e8c310cb9de,10,destroy,running,1788390335.82657,1788390335.827949,,,20,10
1788390599.059554,5,1,ghcr.io/talmolab/lablink-client-base-image:linux-amd64-test@sha256:1ec2fde6860186b3d45ac83890167258f83512955dbce65f072d4e8c310cb9de,1,apply,succeeded,1788380921.682491,1788380921.685047,1788380971.541328,,20,20
1788390599.059554,5,1,ghcr.io/talmolab/lablink-client-base-image:linux-amd64-test@sha256:1ec2fde6860186b3d45ac83890167258f83512955dbce65f072d4e8c310cb9de,2,destroy,succeeded,1788381612.379228,1788381612.381237,1788381939.351963,,20,20
1788390599.059554,5,1,ghcr.io/talmolab/lablink-client-base-image:linux-amd64-test@sha256:1ec2fde6860186b3d45ac83890167258f83512955dbce65f072d4e8c310cb9de,3,apply,succeeded,1788381976.63281,1788381976.63526,1788382026.043455,,20,20
1788390599.059554,5,1,ghcr.io/talmolab/lablink-client-base-image:linux-amd64-test@sha256:1ec2fde6860186b3d45ac83890167258f83512955dbce65f072d4e8c310cb9de,4,destroy,succeeded,1788382875.148234,1788382875.150169,1788383194.833905,,20,20
1788390599.059554,5,1,ghcr.io/talmolab/lablink-client-base-image:linux-amd64-test@sha256:1ec2fde6860186b3d45ac83890167258f83512955dbce65f072d4e8c310cb9de,5,apply,succeeded,1788383308.62635,1788383308.629388,1788383361.88001,,35,35
1788390599.059554,5,1,ghcr.io/talmolab/lablink-client-base-image:linux-amd64-test@sha256:1ec2fde6860186b3d45ac83890167258f83512955dbce65f072d4e8c310cb9de,6,destroy,succeeded,1788384337.446569,1788384337.448163,1788384657.690712,,35,35
1788390599.059554,5,1,ghcr.io/talmolab/lablink-client-base-image:linux-amd64-test@sha256:1ec2fde6860186b3d45ac83890167258f83512955dbce65f072d4e8c310cb9de,7,apply,succeeded,1788384727.528365,1788384727.530681,1788384808.61864,,95,95
1788390599.059554,5,1,ghcr.io/talmolab/lablink-client-base-image:linux-amd64-test@sha256:1ec2fde6860186b3d45ac83890167258f83512955dbce65f072d4e8c310cb9de,8,destroy,succeeded,1788385076.969534,1788385076.971902,1788385973.63117,,95,95
1788390599.059554,5,1,ghcr.io/talmolab/lablink-client-base-image:linux-amd64-test@sha256:1ec2fde6860186b3d45ac83890167258f83512955dbce65f072d4e8c310cb9de,9,apply,succeeded,1788389407.309799,1788389407.313231,1788389454.98231,,20,20
1788390599.059554,5,1,ghcr.io/talmolab/lablink-client-base-image:linux-amd64-test@sha256:1ec2fde6860186b3d45ac83890167258f83512955dbce65f072d4e8c310cb9de,10,destroy,running,1788390335.82657,1788390335.827949,,,20,10
1788390604.098287,5,1,ghcr.io/talmolab/lablink-client-base-image:linux-amd64-test@sha256:1ec2fde6860186b3d45ac83890167258f83512955dbce65f072d4e8c310cb9de,1,apply,succeeded,1788380921.682491,1788380921.685047,1788380971.541328,,20,20
1788390604.098287,5,1,ghcr.io/talmolab/lablink-client-base-image:linux-amd64-test@sha256:1ec2fde6860186b3d45ac83890167258f83512955dbce65f072d4e8c310cb9de,2,destroy,succeeded,1788381612.379228,1788381612.381237,1788381939.351963,,20,20
1788390604.098287,5,1,ghcr.io/talmolab/lablink-client-base-image:linux-amd64-test@sha256:1ec2fde6860186b3d45ac83890167258f83512955dbce65f072d4e8c310cb9de,3,apply,succeeded,1788381976.63281,1788381976.63526,1788382026.043455,,20,20
1788390604.098287,5,1,ghcr.io/talmolab/lablink-client-base-image:linux-amd64-test@sha256:1ec2fde6860186b3d45ac83890167258f83512955dbce65f072d4e8c310cb9de,4,destroy,succeeded,1788382875.148234,1788382875.150169,1788383194.833905,,20,20
1788390604.098287,5,1,ghcr.io/talmolab/lablink-client-base-image:linux-amd64-test@sha256:1ec2fde6860186b3d45ac83890167258f83512955dbce65f072d4e8c310cb9de,5,apply,succeeded,1788383308.62635,1788383308.629388,1788383361.88001,,35,35
1788390604.098287,5,1,ghcr.io/talmolab/lablink-client-base-image:linux-amd64-test@sha256:1ec2fde6860186b3d45ac83890167258f83512955dbce65f072d4e8c310cb9de,6,destroy,succeeded,1788384337.446569,1788384337.448163,1788384657.690712,,35,35
1788390604.098287,5,1,ghcr.io/talmolab/lablink-client-base-image:linux-amd64-test@sha256:1ec2fde6860186b3d45ac83890167258f83512955dbce65f072d4e8c310cb9de,7,apply,succeeded,1788384727.528365,1788384727.530681,1788384808.61864,,95,95
1788390604.098287,5,1,ghcr.io/talmolab/lablink-client-base-image:linux-amd64-test@sha256:1ec2fde6860186b3d45ac83890167258f83512955dbce65f072d4e8c310cb9de,8,destroy,succeeded,1788385076.969534,1788385076.971902,1788385973.63117,,95,95
1788390604.098287,5,1,ghcr.io/talmolab/lablink-client-base-image:linux-amd64-test@sha256:1ec2fde6860186b3d45ac83890167258f83512955dbce65f072d4e8c310cb9de,9,apply,succeeded,1788389407.309799,1788389407.313231,1788389454.98231,,20,20
1788390604.098287,5,1,ghcr.io/talmolab/lablink-client-base-image:linux-amd64-test@sha256:1ec2fde6860186b3d45ac83890167258f83512955dbce65f072d4e8c310cb9de,10,destroy,running,1788390335.82657,1788390335.827949,,,20,10
1788390609.091875,5,1,ghcr.io/talmolab/lablink-client-base-image:linux-amd64-test@sha256:1ec2fde6860186b3d45ac83890167258f83512955dbce65f072d4e8c310cb9de,1,apply,succeeded,1788380921.682491,1788380921.685047,1788380971.541328,,20,20
1788390609.091875,5,1,ghcr.io/talmolab/lablink-client-base-image:linux-amd64-test@sha256:1ec2fde6860186b3d45ac83890167258f83512955dbce65f072d4e8c310cb9de,2,destroy,succeeded,1788381612.379228,1788381612.381237,1788381939.351963,,20,20
1788390609.091875,5,1,ghcr.io/talmolab/lablink-client-base-image:linux-amd64-test@sha256:1ec2fde6860186b3d45ac83890167258f83512955dbce65f072d4e8c310cb9de,3,apply,succeeded,1788381976.63281,1788381976.63526,1788382026.043455,,20,20
1788390609.091875,5,1,ghcr.io/talmolab/lablink-client-base-image:linux-amd64-test@sha256:1ec2fde6860186b3d45ac83890167258f83512955dbce65f072d4e8c310cb9de,4,destroy,succeeded,1788382875.148234,1788382875.150169,1788383194.833905,,20,20
1788390609.091875,5,1,ghcr.io/talmolab/lablink-client-base-image:linux-amd64-test@sha256:1ec2fde6860186b3d45ac83890167258f83512955dbce65f072d4e8c310cb9de,5,apply,succeeded,1788383308.62635,1788383308.629388,1788383361.88001,,35,35
1788390609.091875,5,1,ghcr.io/talmolab/lablink-client-base-image:linux-amd64-test@sha256:1ec2fde6860186b3d45ac83890167258f83512955dbce65f072d4e8c310cb9de,6,destroy,succeeded,1788384337.446569,1788384337.448163,1788384657.690712,,35,35
1788390609.091875,5,1,ghcr.io/talmolab/lablink-client-base-image:linux-amd64-test@sha256:1ec2fde6860186b3d45ac83890167258f83512955dbce65f072d4e8c310cb9de,7,apply,succeeded,1788384727.528365,1788384727.530681,1788384808.61864,,95,95
1788390609.091875,5,1,ghcr.io/talmolab/lablink-client-base-image:linux-amd64-test@sha256:1ec2fde6860186b3d45ac83890167258f83512955dbce65f072d4e8c310cb9de,8,destroy,succeeded,1788385076.969534,1788385076.971902,1788385973.63117,,95,95
1788390609.091875,5,1,ghcr.io/talmolab/lablink-client-base-image:linux-amd64-test@sha256:1ec2fde6860186b3d45ac83890167258f83512955dbce65f072d4e8c310cb9de,9,apply,succeeded,1788389407.309799,1788389407.313231,1788389454.98231,,20,20
1788390609.091875,5,1,ghcr.io/talmolab/lablink-client-base-image:linux-amd64-test@sha256:1ec2fde6860186b3d45ac83890167258f83512955dbce65f072d4e8c310cb9de,10,destroy,running,1788390335.82657,1788390335.827949,,,20,10
1788390614.068813,5,1,ghcr.io/talmolab/lablink-client-base-image:linux-amd64-test@sha256:1ec2fde6860186b3d45ac83890167258f83512955dbce65f072d4e8c310cb9de,1,apply,succeeded,1788380921.682491,1788380921.685047,1788380971.541328,,20,20
1788390614.068813,5,1,ghcr.io/talmolab/lablink-client-base-image:linux-amd64-test@sha256:1ec2fde6860186b3d45ac83890167258f83512955dbce65f072d4e8c310cb9de,2,destroy,succeeded,1788381612.379228,1788381612.381237,1788381939.351963,,20,20
1788390614.068813,5,1,ghcr.io/talmolab/lablink-client-base-image:linux-amd64-test@sha256:1ec2fde6860186b3d45ac83890167258f83512955dbce65f072d4e8c310cb9de,3,apply,succeeded,1788381976.63281,1788381976.63526,1788382026.043455,,20,20
1788390614.068813,5,1,ghcr.io/talmolab/lablink-client-base-image:linux-amd64-test@sha256:1ec2fde6860186b3d45ac83890167258f83512955dbce65f072d4e8c310cb9de,4,destroy,succeeded,1788382875.148234,1788382875.150169,1788383194.833905,,20,20
1788390614.068813,5,1,ghcr.io/talmolab/lablink-client-base-image:linux-amd64-test@sha256:1ec2fde6860186b3d45ac83890167258f83512955dbce65f072d4e8c310cb9de,5,apply,succeeded,1788383308.62635,1788383308.629388,1788383361.88001,,35,35
1788390614.068813,5,1,ghcr.io/talmolab/lablink-client-base-image:linux-amd64-test@sha256:1ec2fde6860186b3d45ac83890167258f83512955dbce65f072d4e8c310cb9de,6,destroy,succeeded,1788384337.446569,1788384337.448163,1788384657.690712,,35,35
1788390614.068813,5,1,ghcr.io/talmolab/lablink-client-base-image:linux-amd64-test@sha256:1ec2fde6860186b3d45ac83890167258f83512955dbce65f072d4e8c310cb9de,7,apply,succeeded,1788384727.528365,1788384727.530681,1788384808.61864,,95,95
1788390614.068813,5,1,ghcr.io/talmolab/lablink-client-base-image:linux-amd64-test@sha256:1ec2fde6860186b3d45ac83890167258f83512955dbce65f072d4e8c310cb9de,8,destroy,succeeded,1788385076.969534,1788385076.971902,1788385973.63117,,95,95
1788390614.068813,5,1,ghcr.io/talmolab/lablink-client-base-image:linux-amd64-test@sha256:1ec2fde6860186b3d45ac83890167258f83512955dbce65f072d4e8c310cb9de,9,apply,succeeded,1788389407.309799,1788389407.313231,1788389454.98231,,20,20
1788390614.068813,5,1,ghcr.io/talmolab/lablink-client-base-image:linux-amd64-test@sha256:1ec2fde6860186b3d45ac83890167258f83512955dbce65f072d4e8c310cb9de,10,destroy,running,1788390335.82657,1788390335.827949,,,20,10
1788390619.0739079,5,1,ghcr.io/talmolab/lablink-client-base-image:linux-amd64-test@sha256:1ec2fde6860186b3d45ac83890167258f83512955dbce65f072d4e8c310cb9de,1,apply,succeeded,1788380921.682491,1788380921.685047,1788380971.541328,,20,20
1788390619.0739079,5,1,ghcr.io/talmolab/lablink-client-base-image:linux-amd64-test@sha256:1ec2fde6860186b3d45ac83890167258f83512955dbce65f072d4e8c310cb9de,2,destroy,succeeded,1788381612.379228,1788381612.381237,1788381939.351963,,20,20
1788390619.0739079,5,1,ghcr.io/talmolab/lablink-client-base-image:linux-amd64-test@sha256:1ec2fde6860186b3d45ac83890167258f83512955dbce65f072d4e8c310cb9de,3,apply,succeeded,1788381976.63281,1788381976.63526,1788382026.043455,,20,20
1788390619.0739079,5,1,ghcr.io/talmolab/lablink-client-base-image:linux-amd64-test@sha256:1ec2fde6860186b3d45ac83890167258f83512955dbce65f072d4e8c310cb9de,4,destroy,succeeded,1788382875.148234,1788382875.150169,1788383194.833905,,20,20
1788390619.0739079,5,1,ghcr.io/talmolab/lablink-client-base-image:linux-amd64-test@sha256:1ec2fde6860186b3d45ac83890167258f83512955dbce65f072d4e8c310cb9de,5,apply,succeeded,1788383308.62635,1788383308.629388,1788383361.88001,,35,35
1788390619.0739079,5,1,ghcr.io/talmolab/lablink-client-base-image:linux-amd64-test@sha256:1ec2fde6860186b3d45ac83890167258f83512955dbce65f072d4e8c310cb9de,6,destroy,succeeded,1788384337.446569,1788384337.448163,1788384657.690712,,35,35
1788390619.0739079,5,1,ghcr.io/talmolab/lablink-client-base-image:linux-amd64-test@sha256:1ec2fde6860186b3d45ac83890167258f83512955dbce65f072d4e8c310cb9de,7,apply,succeeded,1788384727.528365,1788384727.530681,1788384808.61864,,95,95
1788390619.0739079,5,1,ghcr.io/talmolab/lablink-client-base-image:linux-amd64-test@sha256:1ec2fde6860186b3d45ac83890167258f83512955dbce65f072d4e8c310cb9de,8,destroy,succeeded,1788385076.969534,1788385076.971902,1788385973.63117,,95,95
1788390619.0739079,5,1,ghcr.io/talmolab/lablink-client-base-image:linux-amd64-test@sha256:1ec2fde6860186b3d45ac83890167258f83512955dbce65f072d4e8c310cb9de,9,apply,succeeded,1788389407.309799,1788389407.313231,1788389454.98231,,20,20
1788390619.0739079,5,1,ghcr.io/talmolab/lablink-client-base-image:linux-amd64-test@sha256:1ec2fde6860186b3d45ac83890167258f83512955dbce65f072d4e8c310cb9de,10,destroy,running,1788390335.82657,1788390335.827949,,,20,10
1788390624.047032,5,1,ghcr.io/talmolab/lablink-client-base-image:linux-amd64-test@sha256:1ec2fde6860186b3d45ac83890167258f83512955dbce65f072d4e8c310cb9de,1,apply,succeeded,1788380921.682491,1788380921.685047,1788380971.541328,,20,20
1788390624.047032,5,1,ghcr.io/talmolab/lablink-client-base-image:linux-amd64-test@sha256:1ec2fde6860186b3d45ac83890167258f83512955dbce65f072d4e8c310cb9de,2,destroy,succeeded,1788381612.379228,1788381612.381237,1788381939.351963,,20,20
1788390624.047032,5,1,ghcr.io/talmolab/lablink-client-base-image:linux-amd64-test@sha256:1ec2fde6860186b3d45ac83890167258f83512955dbce65f072d4e8c310cb9de,3,apply,succeeded,1788381976.63281,1788381976.63526,1788382026.043455,,20,20
1788390624.047032,5,1,ghcr.io/talmolab/lablink-client-base-image:linux-amd64-test@sha256:1ec2fde6860186b3d45ac83890167258f83512955dbce65f072d4e8c310cb9de,4,destroy,succeeded,1788382875.148234,1788382875.150169,1788383194.833905,,20,20
1788390624.047032,5,1,ghcr.io/talmolab/lablink-client-base-image:linux-amd64-test@sha256:1ec2fde6860186b3d45ac83890167258f83512955dbce65f072d4e8c310cb9de,5,apply,succeeded,1788383308.62635,1788383308.629388,1788383361.88001,,35,35
1788390624.047032,5,1,ghcr.io/talmolab/lablink-client-base-image:linux-amd64-test@sha256:1ec2fde6860186b3d45ac83890167258f83512955dbce65f072d4e8c310cb9de,6,destroy,succeeded,1788384337.446569,1788384337.448163,1788384657.690712,,35,35
1788390624.047032,5,1,ghcr.io/talmolab/lablink-client-base-image:linux-amd64-test@sha256:1ec2fde6860186b3d45ac83890167258f83512955dbce65f072d4e8c310cb9de,7,apply,succeeded,1788384727.528365,1788384727.530681,1788384808.61864,,95,95
1788390624.047032,5,1,ghcr.io/talmolab/lablink-client-base-image:linux-amd64-test@sha256:1ec2fde6860186b3d45ac83890167258f83512955dbce65f072d4e8c310cb9de,8,destroy,succeeded,1788385076.969534,1788385076.971902,1788385973.63117,,95,95
1788390624.047032,5,1,ghcr.io/talmolab/lablink-client-base-image:linux-amd64-test@sha256:1ec2fde6860186b3d45ac83890167258f83512955dbce65f072d4e8c310cb9de,9,apply,succeeded,1788389407.309799,1788389407.313231,1788389454.98231,,20,20
1788390624.047032,5,1,ghcr.io/talmolab/lablink-client-base-image:linux-amd64-test@sha256:1ec2fde6860186b3d45ac83890167258f83512955dbce65f072d4e8c310cb9de,10,destroy,running,1788390335.82657,1788390335.827949,,,20,10
1788390629.198105,5,1,ghcr.io/talmolab/lablink-client-base-image:linux-amd64-test@sha256:1ec2fde6860186b3d45ac83890167258f83512955dbce65f072d4e8c310cb9de,1,apply,succeeded,1788380921.682491,1788380921.685047,1788380971.541328,,20,20
1788390629.198105,5,1,ghcr.io/talmolab/lablink-client-base-image:linux-amd64-test@sha256:1ec2fde6860186b3d45ac83890167258f83512955dbce65f072d4e8c310cb9de,2,destroy,succeeded,1788381612.379228,1788381612.381237,1788381939.351963,,20,20
1788390629.198105,5,1,ghcr.io/talmolab/lablink-client-base-image:linux-amd64-test@sha256:1ec2fde6860186b3d45ac83890167258f83512955dbce65f072d4e8c310cb9de,3,apply,succeeded,1788381976.63281,1788381976.63526,1788382026.043455,,20,20
1788390629.198105,5,1,ghcr.io/talmolab/lablink-client-base-image:linux-amd64-test@sha256:1ec2fde6860186b3d45ac83890167258f83512955dbce65f072d4e8c310cb9de,4,destroy,succeeded,1788382875.148234,1788382875.150169,1788383194.833905,,20,20
1788390629.198105,5,1,ghcr.io/talmolab/lablink-client-base-image:linux-amd64-test@sha256:1ec2fde6860186b3d45ac83890167258f83512955dbce65f072d4e8c310cb9de,5,apply,succeeded,1788383308.62635,1788383308.629388,1788383361.88001,,35,35
1788390629.198105,5,1,ghcr.io/talmolab/lablink-client-base-image:linux-amd64-test@sha256:1ec2fde6860186b3d45ac83890167258f83512955dbce65f072d4e8c310cb9de,6,destroy,succeeded,1788384337.446569,1788384337.448163,1788384657.690712,,35,35
1788390629.198105,5,1,ghcr.io/talmolab/lablink-client-base-image:linux-amd64-test@sha256:1ec2fde6860186b3d45ac83890167258f83512955dbce65f072d4e8c310cb9de,7,apply,succeeded,1788384727.528365,1788384727.530681,1788384808.61864,,95,95
1788390629.198105,5,1,ghcr.io/talmolab/lablink-client-base-image:linux-amd64-test@sha256:1ec2fde6860186b3d45ac83890167258f83512955dbce65f072d4e8c310cb9de,8,destroy,succeeded,1788385076.969534,1788385076.971902,1788385973.63117,,95,95
1788390629.198105,5,1,ghcr.io/talmolab/lablink-client-base-image:linux-amd64-test@sha256:1ec2fde6860186b3d45ac83890167258f83512955dbce65f072d4e8c310cb9de,9,apply,succeeded,1788389407.309799,1788389407.313231,1788389454.98231,,20,20
1788390629.198105,5,1,ghcr.io/talmolab/lablink-client-base-image:linux-amd64-test@sha256:1ec2fde6860186b3d45ac83890167258f83512955dbce65f072d4e8c310cb9de,10,destroy,running,1788390335.82657,1788390335.827949,,,20,10
1788390633.9462771,5,1,ghcr.io/talmolab/lablink-client-base-image:linux-amd64-test@sha256:1ec2fde6860186b3d45ac83890167258f83512955dbce65f072d4e8c310cb9de,1,apply,succeeded,1788380921.682491,1788380921.685047,1788380971.541328,,20,20
1788390633.9462771,5,1,ghcr.io/talmolab/lablink-client-base-image:linux-amd64-test@sha256:1ec2fde6860186b3d45ac83890167258f83512955dbce65f072d4e8c310cb9de,2,destroy,succeeded,1788381612.379228,1788381612.381237,1788381939.351963,,20,20
1788390633.9462771,5,1,ghcr.io/talmolab/lablink-client-base-image:linux-amd64-test@sha256:1ec2fde6860186b3d45ac83890167258f83512955dbce65f072d4e8c310cb9de,3,apply,succeeded,1788381976.63281,1788381976.63526,1788382026.043455,,20,20
1788390633.9462771,5,1,ghcr.io/talmolab/lablink-client-base-image:linux-amd64-test@sha256:1ec2fde6860186b3d45ac83890167258f83512955dbce65f072d4e8c310cb9de,4,destroy,succeeded,1788382875.148234,1788382875.150169,1788383194.833905,,20,20
1788390633.9462771,5,1,ghcr.io/talmolab/lablink-client-base-image:linux-amd64-test@sha256:1ec2fde6860186b3d45ac83890167258f83512955dbce65f072d4e8c310cb9de,5,apply,succeeded,1788383308.62635,1788383308.629388,1788383361.88001,,35,35
1788390633.9462771,5,1,ghcr.io/talmolab/lablink-client-base-image:linux-amd64-test@sha256:1ec2fde6860186b3d45ac83890167258f83512955dbce65f072d4e8c310cb9de,6,destroy,succeeded,1788384337.446569,1788384337.448163,1788384657.690712,,35,35
1788390633.9462771,5,1,ghcr.io/talmolab/lablink-client-base-image:linux-amd64-test@sha256:1ec2fde6860186b3d45ac83890167258f83512955dbce65f072d4e8c310cb9de,7,apply,succeeded,1788384727.528365,1788384727.530681,1788384808.61864,,95,95
1788390633.9462771,5,1,ghcr.io/talmolab/lablink-client-base-image:linux-amd64-test@sha256:1ec2fde6860186b3d45ac83890167258f83512955dbce65f072d4e8c310cb9de,8,destroy,succeeded,1788385076.969534,1788385076.971902,1788385973.63117,,95,95
1788390633.9462771,5,1,ghcr.io/talmolab/lablink-client-base-image:linux-amd64-test@sha256:1ec2fde6860186b3d45ac83890167258f83512955dbce65f072d4e8c310cb9de,9,apply,succeeded,1788389407.309799,1788389407.313231,1788389454.98231,,20,20
1788390633.9462771,5,1,ghcr.io/talmolab/lablink-client-base-image:linux-amd64-test@sha256:1ec2fde6860186b3d45ac83890167258f83512955dbce65f072d4e8c310cb9de,10,destroy,running,1788390335.82657,1788390335.827949,,,20,10
1788390638.9763992,5,1,ghcr.io/talmolab/lablink-client-base-image:linux-amd64-test@sha256:1ec2fde6860186b3d45ac83890167258f83512955dbce65f072d4e8c310cb9de,1,apply,succeeded,1788380921.682491,1788380921.685047,1788380971.541328,,20,20
1788390638.9763992,5,1,ghcr.io/talmolab/lablink-client-base-image:linux-amd64-test@sha256:1ec2fde6860186b3d45ac83890167258f83512955dbce65f072d4e8c310cb9de,2,destroy,succeeded,1788381612.379228,1788381612.381237,1788381939.351963,,20,20
1788390638.9763992,5,1,ghcr.io/talmolab/lablink-client-base-image:linux-amd64-test@sha256:1ec2fde6860186b3d45ac83890167258f83512955dbce65f072d4e8c310cb9de,3,apply,succeeded,1788381976.63281,1788381976.63526,1788382026.043455,,20,20
1788390638.9763992,5,1,ghcr.io/talmolab/lablink-client-base-image:linux-amd64-test@sha256:1ec2fde6860186b3d45ac83890167258f83512955dbce65f072d4e8c310cb9de,4,destroy,succeeded,1788382875.148234,1788382875.150169,1788383194.833905,,20,20
1788390638.9763992,5,1,ghcr.io/talmolab/lablink-client-base-image:linux-amd64-test@sha256:1ec2fde6860186b3d45ac83890167258f83512955dbce65f072d4e8c310cb9de,5,apply,succeeded,1788383308.62635,1788383308.629388,1788383361.88001,,35,35
1788390638.9763992,5,1,ghcr.io/talmolab/lablink-client-base-image:linux-amd64-test@sha256:1ec2fde6860186b3d45ac83890167258f83512955dbce65f072d4e8c310cb9de,6,destroy,succeeded,1788384337.446569,1788384337.448163,1788384657.690712,,35,35
1788390638.9763992,5,1,ghcr.io/talmolab/lablink-client-base-image:linux-amd64-test@sha256:1ec2fde6860186b3d45ac83890167258f83512955dbce65f072d4e8c310cb9de,7,apply,succeeded,1788384727.528365,1788384727.530681,1788384808.61864,,95,95
1788390638.9763992,5,1,ghcr.io/talmolab/lablink-client-base-image:linux-amd64-test@sha256:1ec2fde6860186b3d45ac83890167258f83512955dbce65f072d4e8c310cb9de,8,destroy,succeeded,1788385076.969534,1788385076.971902,1788385973.63117,,95,95
1788390638.9763992,5,1,ghcr.io/talmolab/lablink-client-base-image:linux-amd64-test@sha256:1ec2fde6860186b3d45ac83890167258f83512955dbce65f072d4e8c310cb9de,9,apply,succeeded,1788389407.309799,1788389407.313231,1788389454.98231,,20,20
1788390638.9763992,5,1,ghcr.io/talmolab/lablink-client-base-image:linux-amd64-test@sha256:1ec2fde6860186b3d45ac83890167258f83512955dbce65f072d4e8c310cb9de,10,destroy,running,1788390335.82657,1788390335.827949,,,20,10
1788390644.093178,5,1,ghcr.io/talmolab/lablink-client-base-image:linux-amd64-test@sha256:1ec2fde6860186b3d45ac83890167258f83512955dbce65f072d4e8c310cb9de,1,apply,succeeded,1788380921.682491,1788380921.685047,1788380971.541328,,20,20
1788390644.093178,5,1,ghcr.io/talmolab/lablink-client-base-image:linux-amd64-test@sha256:1ec2fde6860186b3d45ac83890167258f83512955dbce65f072d4e8c310cb9de,2,destroy,succeeded,1788381612.379228,1788381612.381237,1788381939.351963,,20,20
1788390644.093178,5,1,ghcr.io/talmolab/lablink-client-base-image:linux-amd64-test@sha256:1ec2fde6860186b3d45ac83890167258f83512955dbce65f072d4e8c310cb9de,3,apply,succeeded,1788381976.63281,1788381976.63526,1788382026.043455,,20,20
1788390644.093178,5,1,ghcr.io/talmolab/lablink-client-base-image:linux-amd64-test@sha256:1ec2fde6860186b3d45ac83890167258f83512955dbce65f072d4e8c310cb9de,4,destroy,succeeded,1788382875.148234,1788382875.150169,1788383194.833905,,20,20
1788390644.093178,5,1,ghcr.io/talmolab/lablink-client-base-image:linux-amd64-test@sha256:1ec2fde6860186b3d45ac83890167258f83512955dbce65f072d4e8c310cb9de,5,apply,succeeded,1788383308.62635,1788383308.629388,1788383361.88001,,35,35
1788390644.093178,5,1,ghcr.io/talmolab/lablink-client-base-image:linux-amd64-test@sha256:1ec2fde6860186b3d45ac83890167258f83512955dbce65f072d4e8c310cb9de,6,destroy,succeeded,1788384337.446569,1788384337.448163,1788384657.690712,,35,35
1788390644.093178,5,1,ghcr.io/talmolab/lablink-client-base-image:linux-amd64-test@sha256:1ec2fde6860186b3d45ac83890167258f83512955dbce65f072d4e8c310cb9de,7,apply,succeeded,1788384727.528365,1788384727.530681,1788384808.61864,,95,95
1788390644.093178,5,1,ghcr.io/talmolab/lablink-client-base-image:linux-amd64-test@sha256:1ec2fde6860186b3d45ac83890167258f83512955dbce65f072d4e8c310cb9de,8,destroy,succeeded,1788385076.969534,1788385076.971902,1788385973.63117,,95,95
1788390644.093178,5,1,ghcr.io/talmolab/lablink-client-base-image:linux-amd64-test@sha256:1ec2fde6860186b3d45ac83890167258f83512955dbce65f072d4e8c310cb9de,9,apply,succeeded,1788389407.309799,1788389407.313231,1788389454.98231,,20,20
1788390644.093178,5,1,ghcr.io/talmolab/lablink-client-base-image:linux-amd64-test@sha256:1ec2fde6860186b3d45ac83890167258f83512955dbce65f072d4e8c310cb9de,10,destroy,running,1788390335.82657,1788390335.827949,,,20,13
1788390648.9860091,5,1,ghcr.io/talmolab/lablink-client-base-image:linux-amd64-test@sha256:1ec2fde6860186b3d45ac83890167258f83512955dbce65f072d4e8c310cb9de,1,apply,succeeded,1788380921.682491,1788380921.685047,1788380971.541328,,20,20
1788390648.9860091,5,1,ghcr.io/talmolab/lablink-client-base-image:linux-amd64-test@sha256:1ec2fde6860186b3d45ac83890167258f83512955dbce65f072d4e8c310cb9de,2,destroy,succeeded,1788381612.379228,1788381612.381237,1788381939.351963,,20,20
1788390648.9860091,5,1,ghcr.io/talmolab/lablink-client-base-image:linux-amd64-test@sha256:1ec2fde6860186b3d45ac83890167258f83512955dbce65f072d4e8c310cb9de,3,apply,succeeded,1788381976.63281,1788381976.63526,1788382026.043455,,20,20
1788390648.9860091,5,1,ghcr.io/talmolab/lablink-client-base-image:linux-amd64-test@sha256:1ec2fde6860186b3d45ac83890167258f83512955dbce65f072d4e8c310cb9de,4,destroy,succeeded,1788382875.148234,1788382875.150169,1788383194.833905,,20,20
1788390648.9860091,5,1,ghcr.io/talmolab/lablink-client-base-image:linux-amd64-test@sha256:1ec2fde6860186b3d45ac83890167258f83512955dbce65f072d4e8c310cb9de,5,apply,succeeded,1788383308.62635,1788383308.629388,1788383361.88001,,35,35
1788390648.9860091,5,1,ghcr.io/talmolab/lablink-client-base-image:linux-amd64-test@sha256:1ec2fde6860186b3d45ac83890167258f83512955dbce65f072d4e8c310cb9de,6,destroy,succeeded,1788384337.446569,1788384337.448163,1788384657.690712,,35,35
1788390648.9860091,5,1,ghcr.io/talmolab/lablink-client-base-image:linux-amd64-test@sha256:1ec2fde6860186b3d45ac83890167258f83512955dbce65f072d4e8c310cb9de,7,apply,succeeded,1788384727.528365,1788384727.530681,1788384808.61864,,95,95
1788390648.9860091,5,1,ghcr.io/talmolab/lablink-client-base-image:linux-amd64-test@sha256:1ec2fde6860186b3d45ac83890167258f83512955dbce65f072d4e8c310cb9de,8,destroy,succeeded,1788385076.969534,1788385076.971902,1788385973.63117,,95,95
1788390648.9860091,5,1,ghcr.io/talmolab/lablink-client-base-image:linux-amd64-test@sha256:1ec2fde6860186b3d45ac83890167258f83512955dbce65f072d4e8c310cb9de,9,apply,succeeded,1788389407.309799,1788389407.313231,1788389454.98231,,20,20
1788390648.9860091,5,1,ghcr.io/talmolab/lablink-client-base-image:linux-amd64-test@sha256:1ec2fde6860186b3d45ac83890167258f83512955dbce65f072d4e8c310cb9de,10,destroy,running,1788390335.82657,1788390335.827949,,,20,13
1788390654.6343832,5,1,ghcr.io/talmolab/lablink-client-base-image:linux-amd64-test@sha256:1ec2fde6860186b3d45ac83890167258f83512955dbce65f072d4e8c310cb9de,1,apply,succeeded,1788380921.682491,1788380921.685047,1788380971.541328,,20,20
1788390654.6343832,5,1,ghcr.io/talmolab/lablink-client-base-image:linux-amd64-test@sha256:1ec2fde6860186b3d45ac83890167258f83512955dbce65f072d4e8c310cb9de,2,destroy,succeeded,1788381612.379228,1788381612.381237,1788381939.351963,,20,20
1788390654.6343832,5,1,ghcr.io/talmolab/lablink-client-base-image:linux-amd64-test@sha256:1ec2fde6860186b3d45ac83890167258f83512955dbce65f072d4e8c310cb9de,3,apply,succeeded,1788381976.63281,1788381976.63526,1788382026.043455,,20,20
1788390654.6343832,5,1,ghcr.io/talmolab/lablink-client-base-image:linux-amd64-test@sha256:1ec2fde6860186b3d45ac83890167258f83512955dbce65f072d4e8c310cb9de,4,destroy,succeeded,1788382875.148234,1788382875.150169,1788383194.833905,,20,20
1788390654.6343832,5,1,ghcr.io/talmolab/lablink-client-base-image:linux-amd64-test@sha256:1ec2fde6860186b3d45ac83890167258f83512955dbce65f072d4e8c310cb9de,5,apply,succeeded,1788383308.62635,1788383308.629388,1788383361.88001,,35,35
1788390654.6343832,5,1,ghcr.io/talmolab/lablink-client-base-image:linux-amd64-test@sha256:1ec2fde6860186b3d45ac83890167258f83512955dbce65f072d4e8c310cb9de,6,destroy,succeeded,1788384337.446569,1788384337.448163,1788384657.690712,,35,35
1788390654.6343832,5,1,ghcr.io/talmolab/lablink-client-base-image:linux-amd64-test@sha256:1ec2fde6860186b3d45ac83890167258f83512955dbce65f072d4e8c310cb9de,7,apply,succeeded,1788384727.528365,1788384727.530681,1788384808.61864,,95,95
1788390654.6343832,5,1,ghcr.io/talmolab/lablink-client-base-image:linux-amd64-test@sha256:1ec2fde6860186b3d45ac83890167258f83512955dbce65f072d4e8c310cb9de,8,destroy,succeeded,1788385076.969534,1788385076.971902,1788385973.63117,,95,95
1788390654.6343832,5,1,ghcr.io/talmolab/lablink-client-base-image:linux-amd64-test@sha256:1ec2fde6860186b3d45ac83890167258f83512955dbce65f072d4e8c310cb9de,9,apply,succeeded,1788389407.309799,1788389407.313231,1788389454.98231,,20,20
1788390654.6343832,5,1,ghcr.io/talmolab/lablink-client-base-image:linux-amd64-test@sha256:1ec2fde6860186b3d45ac83890167258f83512955dbce65f072d4e8c310cb9de,10,destroy,succeeded,1788390335.82657,1788390335.827949,1788390654.079952,,20,20
1788390655.306201,5,1,ghcr.io/talmolab/lablink-client-base-image:linux-amd64-test@sha256:1ec2fde6860186b3d45ac83890167258f83512955dbce65f072d4e8c310cb9de,1,apply,succeeded,1788380921.682491,1788380921.685047,1788380971.541328,,20,20
1788390655.306201,5,1,ghcr.io/talmolab/lablink-client-base-image:linux-amd64-test@sha256:1ec2fde6860186b3d45ac83890167258f83512955dbce65f072d4e8c310cb9de,2,destroy,succeeded,1788381612.379228,1788381612.381237,1788381939.351963,,20,20
1788390655.306201,5,1,ghcr.io/talmolab/lablink-client-base-image:linux-amd64-test@sha256:1ec2fde6860186b3d45ac83890167258f83512955dbce65f072d4e8c310cb9de,3,apply,succeeded,1788381976.63281,1788381976.63526,1788382026.043455,,20,20
1788390655.306201,5,1,ghcr.io/talmolab/lablink-client-base-image:linux-amd64-test@sha256:1ec2fde6860186b3d45ac83890167258f83512955dbce65f072d4e8c310cb9de,4,destroy,succeeded,1788382875.148234,1788382875.150169,1788383194.833905,,20,20
1788390655.306201,5,1,ghcr.io/talmolab/lablink-client-base-image:linux-amd64-test@sha256:1ec2fde6860186b3d45ac83890167258f83512955dbce65f072d4e8c310cb9de,5,apply,succeeded,1788383308.62635,1788383308.629388,1788383361.88001,,35,35
1788390655.306201,5,1,ghcr.io/talmolab/lablink-client-base-image:linux-amd64-test@sha256:1ec2fde6860186b3d45ac83890167258f83512955dbce65f072d4e8c310cb9de,6,destroy,succeeded,1788384337.446569,1788384337.448163,1788384657.690712,,35,35
1788390655.306201,5,1,ghcr.io/talmolab/lablink-client-base-image:linux-amd64-test@sha256:1ec2fde6860186b3d45ac83890167258f83512955dbce65f072d4e8c310cb9de,7,apply,succeeded,1788384727.528365,1788384727.530681,1788384808.61864,,95,95
1788390655.306201,5,1,ghcr.io/talmolab/lablink-client-base-image:linux-amd64-test@sha256:1ec2fde6860186b3d45ac83890167258f83512955dbce65f072d4e8c310cb9de,8,destroy,succeeded,1788385076.969534,1788385076.971902,1788385973.63117,,95,95
1788390655.306201,5,1,ghcr.io/talmolab/lablink-client-base-image:linux-amd64-test@sha256:1ec2fde6860186b3d45ac83890167258f83512955dbce65f072d4e8c310cb9de,9,apply,succeeded,1788389407.309799,1788389407.313231,1788389454.98231,,20,20
1788390655.306201,5,1,ghcr.io/talmolab/lablink-client-base-image:linux-amd64-test@sha256:1ec2fde6860186b3d45ac83890167258f83512955dbce65f072d4e8c310cb9de,10,destroy,succeeded,1788390335.82657,1788390335.827949,1788390654.079952,,20,20
