poll_epoch,arm_n,replicate,image_digest,clock_offset_s,hostname,status,healthy,reboot_count,tofu_start_epoch,tofu_end_epoch,cloudinit_start_epoch,cloudinit_end_epoch,container_start_epoch,container_end_epoch,total_startup_s,created_epoch,session_started_epoch,last_seen_epoch,machine_identity
1788389457.4291809,5,1,ghcr.io/talmolab/lablink-client-base-image:linux-amd64-test@sha256:1ec2fde6860186b3d45ac83890167258f83512955dbce65f072d4e8c310cb9de,0.2799713611602783,sleap-lablink-client-prod-vm-1,,,0,1788389430.0,1788389454.0,,,,,,1788389454.97747,,,
1788389457.4291809,5,1,ghcr.io/talmolab/lablink-client-base-image:linux-amd64-test@sha256:1ec2fde6860186b3d45ac83890167258f83512955dbce65f072d4e8c310cb9de,0.2799713611602783,sleap-lablink-client-prod-vm-2,,,0,1788389430.0,1788389454.0,,,,,,1788389454.978876,,,
1788389457.4291809,5,1,ghcr.io/talmolab/lablink-client-base-image:linux-amd64-test@sha256:1ec2fde6860186b3d45ac83890167258f83512955dbce65f072d4e8c310cb9de,0.2799713611602783,sleap-lablink-client-prod-vm-3,,,0,1788389430.0,1788389454.0,,,,,,1788389454.979714,,,
1788389457.4291809,5,1,ghcr.io/talmolab/lablink-client-base-image:linux-amd64-test@sha256:1ec2fde6860186b3d45ac83890167258f83512955dbce65f072d4e8c310cb9de,0.2799713611602783,sleap-lablink-client-prod-vm-4,,,0,1788389430.0,1788389454.0,,,,,,1788389454.980496,,,
1788389457.4291809,5,1,ghcr.io/talmolab/lablink-client-base-image:linux-amd64-test@sha256:1ec2fde6860186b3d45ac83890167258f83512955dbce65f072d4e8c310cb9de,0.2799713611602783,sleap-lablink-client-prod-vm-5,,,0,1788389430.0,1788389454.0,,,,,,1788389454.981285,,,
1788389462.494426,5,1,ghcr.io/talmolab/lablink-client-base-image:linux-amd64-test@sha256:1ec2fde6860186b3d45ac83890167258f83512955dbce65f072d4e8c310cb9de,0.2799713611602783,sleap-lablink-client-prod-vm-1,,,0,1788389430.0,1788389454.0,,,,,,1788389454.97747,,,
1788389462.494426,5,1,ghcr.io/talmolab/lablink-client-base-image:linux-amd64-test@sha256:1ec2fde6860186b3d45ac83890167258f83512955dbce65f072d4e8c310cb9de,0.2799713611602783,sleap-lablink-client-prod-vm-2,,,0,1788389430.0,1788389454.0,,,,,,1788389454.978876,,,
1788389462.494426,5,1,ghcr.io/talmolab/lablink-client-base-image:linux-amd64-test@sha256:1ec2fde6860186b3d45ac83890167258f83512955dbce65f072d4e8c310cb9de,0.2799713611602783,sleap-lablink-client-prod-vm-3,,,0,1788389430.0,1788389454.0,,,,,,1788389454.979714,,,
1788389462.494426,5,1,ghcr.io/talmolab/lablink-client-base-image:linux-amd64-test@sha256:1ec2fde6860186b3d45ac83890167258f83512955dbce65f072d4e8c310cb9de,0.2799713611602783,sleap-lablink-client-prod-vm-4,,,0,1788389430.0,1788389454.0,,,,,,1788389454.980496,,,
1788389462.494426,5,1,ghcr.io/talmolab/lablink-client-base-image:linux-amd64-test@sha256:1ec2fde6860186b3d45ac83890167258f83512955dbce65f072d4e8c310cb9de,0.2799713611602783,sleap-lablink-client-prod-vm-5,,,0,1788389430.0,1788389454.0,,,,,,1788389454.981285,,,
1788389467.891086,5,1,ghcr.io/talmolab/lablink-client-base-image:linux-amd64-test@sha256:1ec2fde6860186b3d45ac83890167258f83512955dbce65f072d4e8c310cb9de,0.2799713611602783,sleap-lablink-client-prod-vm-1,,,0,1788389430.0,1788389454.0,,,,,,1788389454.97747,,,
1788389467.891086,5,1,ghcr.io/talmolab/lablink-client-base-image:linux-amd64-test@sha256:1ec2fde6860186b3d45ac83890167258f83512955dbce65f072d4e8c310cb9de,0.2799713611602783,sleap-lablink-client-prod-vm-2,,,0,1788389430.0,1788389454.0,,,,,,1788389454.978876,,,
1788389467.891086,5,1,ghcr.io/talmolab/lablink-client-base-image:linux-amd64-test@sha256:1ec2fde6860186b3d45ac83890167258f83512955dbce65f072d4e8c310cb9de,0.2799713611602783,sleap-lablink-client-prod-vm-3,,,0,1788389430.0,1788389454.0,,,,,,1788389454.979714,,,
1788389467.891086,5,1,ghcr.io/talmolab/lablink-client-base-image:linux-amd64-test@sha256:1ec2fde6860186b3d45ac83890167258f83512955dbce65f072d4e8c310cb9de,0.2799713611602783,sleap-lablink-client-prod-vm-4,,,0,1788389430.0,1788389454.0,,,,,,1788389454.980496,,,
1788389467.891086,5,1,ghcr.io/talmolab/lablink-client-base-image:linux-amd64-test@sha256:1ec2fde6860186b3d45ac83890167258f83512955dbce65f072d4e8c310cb9de,0.2799713611602783,sleap-lablink-client-prod-vm-5,,,0,1788389430.0,1788389454.0,,,,,,1788389454.981285,,,
1788389472.416951,5,1,ghcr.io/talmolab/lablink-client-base-image:linux-amd64-test@sha256:1ec2fde6860186b3d45ac83890167258f83512955dbce65f072d4e8c310cb9de,0.2799713611602783,sleap-lablink-client-prod-vm-1,,,0,1788389430.0,1788389454.0,,,,,,1788389454.97747,,,
1788389472.416951,5,1,ghcr.io/talmolab/lablink-client-base-image:linux-amd64-test@sha256:1ec2fde6860186b3d45ac83890167258f83512955dbce65f072d4e8c310cb9de,0.2799713611602783,sleap-lablink-client-prod-vm-2,,,0,1788389430.0,1788389454.0,,,,,,1788389454.978876,,,
1788389472.416951,5,1,ghcr.io/talmolab/lablink-client-base-image:linux-amd64-test@sha256:1ec2fde6860186b3d45ac83890167258f83512955dbce65f072d4e8c310cb9de,0.2799713611602783,sleap-lablink-client-prod-vm-3,,,0,1788389430.0,1788389454.0,,,,,,1788389454.979714,,,
1788389472.416951,5,1,ghcr.io/talmolab/lablink-client-base-image:linux-amd64-test@sha256:1ec2fde6860186b3d45ac83890167258f83512955dbce65f072d4e8c310cb9de,0.2799713611602783,sleap-lablink-client-prod-vm-4,,,0,1788389430.0,1788389454.0,,,,,,1788389454.980496,,,
1788389472.416951,5,1,ghcr.io/talmolab/lablink-client-base-image:linux-amd64-test@sha256:1ec2fde6860186b3d45ac83890167258f83512955dbce65f072d4e8c310cb9de,0.2799713611602783,sleap-lablink-client-prod-vm-5,,,0,1788389430.0,1788389454.0,,,,,,1788389454.981285,,,
1788389477.494825,5,1,ghcr.io/talmolab/lablink-client-base-image:linux-amd64-test@sha256:1ec2fde6860186b3d45ac83890167258f83512955dbce65f072d4e8c310cb9de,0.2799713611602783,sleap-lablink-client-prod-vm-1,,,0,1788389430.0,1788389454.0,,,,,,1788389454.97747,,,
1788389477.494825,5,1,ghcr.io/talmolab/lablink-client-base-image:linux-amd64-test@sha256:1ec2fde6860186b3d45ac83890167258f83512955dbce65f072d4e8c310cb9de,0.2799713611602783,sleap-lablink-client-prod-vm-2,,,0,1788389430.0,1788389454.0,,,,,,1788389454.978876,,,
1788389477.494825,5,1,ghcr.io/talmolab/lablink-client-base-image:linux-amd64-test@sha256:1ec2fde6860186b3d45ac83890167258f83512955dbce65f072d4e8c310cb9de,0.2799713611602783,sleap-lablink-client-prod-vm-3,,,0,1788389430.0,1788389454.0,,,,,,1788389454.979714,,,
1788389477.494825,5,1,ghcr.io/talmolab/lablink-client-base-image:linux-amd64-test@sha256:1ec2fde6860186b3d45ac83890167258f83512955dbce65f072d4e8c310cb9de,0.2799713611602783,sleap-lablink-client-prod-vm-4,,,0,1788389430.0,1788389454.0,,,,,,1788389454.980496,,,
1788389477.494825,5,1,ghcr.io/talmolab/lablink-client-base-image:linux-amd64-test@sha256:1ec2fde6860186b3d45ac83890167258f83512955dbce65f072d4e8c310cb9de,0.2799713611602783,sleap-lablink-client-prod-vm-5,,,0,1788389430.0,1788389454.0,,,,,,1788389454.981285,,,
1788389482.563864,5,1,ghcr.io/talmolab/lablink-client-base-image:linux-amd64-test@sha256:1ec2fde6860186b3d45ac83890167258f83512955dbce65f072d4e8c310cb9de,0.2799713611602783,sleap-lablink-client-prod-vm-1,,,0,1788389430.0,1788389454.0,,,,,,1788389454.97747,,,
1788389482.563864,5,1,ghcr.io/talmolab/lablink-client-base-image:linux-amd64-test@sha256:1ec2fde6860186b3d45ac83890167258f83512955dbce65f072d4e8c310cb9de,0.2799713611602783,sleap-lablink-client-prod-vm-2,,,0,1788389430.0,1788389454.0,,,,,,1788389454.978876,,,
1788389482.563864,5,1,ghcr.io/talmolab/lablink-client-base-image:linux-amd64-test@sha256:1ec2fde6860186b3d45ac83890167258f83512955dbce65f072d4e8c310cb9de,0.2799713611602783,sleap-lablink-client-prod-vm-3,,,0,1788389430.0,1788389454.0,,,,,,1788389454.979714,,,
1788389482.563864,5,1,ghcr.io/talmolab/lablink-client-base-image:linux-amd64-test@sha256:1ec2fde6860186b3d45ac83890167258f83512955dbce65f072d4e8c310cb9de,0.2799713611602783,sleap-lablink-client-prod-vm-4,,,0,1788389430.0,1788389454.0,,,,,,1788389454.980496,,,
1788389482.563864,5,1,ghcr.io/talmolab/lablink-client-base-image:linux-amd64-test@sha256:1ec2fde6860186b3d45ac83890167258f83512955dbce65f072d4e8c310cb9de,0.2799713611602783,sleap-lablink-client-prod-vm-5,,,0,1788389430.0,1788389454.0,,,,,,1788389454.981285,,,
1788389487.4868338,5,1,ghcr.io/talmolab/lablink-client-base-image:linux-amd64-test@sha256:1ec2fde6860186b3d45ac83890167258f83512955dbce65f072d4e8c310cb9de,0.2799713611602783,sleap-lablink-client-prod-vm-1,,,0,1788389430.0,1788389454.0,,,,,,1788389454.97747,,,
1788389487.4868338,5,1,ghcr.io/talmolab/lablink-client-base-image:linux-amd64-test@sha256:1ec2fde6860186b3d45ac83890167258f83512955dbce65f072d4e8c310cb9de,0.2799713611602783,sleap-lablink-client-prod-vm-2,,,0,1788389430.0,1788389454.0,,,,,,1788389454.978876,,,
1788389487.4868338,5,1,ghcr.io/talmolab/lablink-client-base-image:linux-amd64-test@sha256:1ec2fde6860186b3d45ac83890167258f83512955dbce65f072d4e8c310cb9de,0.2799713611602783,sleap-lablink-client-prod-vm-3,,,0,1788389430.0,1788389454.0,,,,,,1788389454.979714,,,
1788389487.4868338,5,1,ghcr.io/talmolab/lablink-client-base-image:linux-amd64-test@sha256:1ec2fde6860186b3d45ac83890167258f83512955dbce65f072d4e8c310cb9de,0.2799713611602783,sleap-lablink-client-prod-vm-4,,,0,1788389430.0,1788389454.0,,,,,,1788389454.980496,,,
1788389487.4868338,5,1,ghcr.io/talmolab/lablink-client-base-image:linux-amd64-test@sha256:1ec2fde6860186b3d45ac83890167258f83512955dbce65f072d4e8c310cb9de,0.2799713611602783,sleap-lablink-client-prod-vm-5,,,0,1788389430.0,1788389454.0,,,,,,1788389454.981285,,,
1788389492.521773,5,1,ghcr.io/talmolab/lablink-client-base-image:linux-amd64-test@sha256:1ec2fde6860186b3d45ac83890167258f83512955dbce65f072d4e8c310cb9de,0.2799713611602783,sleap-lablink-client-prod-vm-1,,,0,1788389430.0,1788389454.0,,,,,,1788389454.97747,,,
1788389492.521773,5,1,ghcr.io/talmolab/lablink-client-base-image:linux-amd64-test@sha256:1ec2fde6860186b3d45ac83890167258f83512955dbce65f072d4e8c310cb9de,0.2799713611602783,sleap-lablink-client-prod-vm-2,,,0,1788389430.0,1788389454.0,,,,,,1788389454.978876,,,
1788389492.521773,5,1,ghcr.io/talmolab/lablink-client-base-image:linux-amd64-test@sha256:1ec2fde6860186b3d45ac83890167258f83512955dbce65f072d4e8c310cb9de,0.2799713611602783,sleap-lablink-client-prod-vm-3,,,0,1788389430.0,1788389454.0,,,,,,1788389454.979714,,,
1788389492.521773,5,1,ghcr.io/talmolab/lablink-client-base-image:linux-amd64-test@sha256:1ec2fde6860186b3d45ac83890167258f83512955dbce65f072d4e8c310cb9de,0.2799713611602783,sleap-lablink-client-prod-vm-4,,,0,1788389430.0,1788389454.0,,,,,,1788389454.980496,,,
1788389492.521773,5,1,ghcr.io/talmolab/lablink-client-base-image:linux-amd64-test@sha256:1ec2fde6860186b3d45ac83890167258f83512955dbce65f072d4e8c310cb9de,0.2799713611602783,sleap-lablink-client-prod-vm-5,,,0,1788389430.0,1788389454.0,,,,,,1788389454.981285,,,
1788389497.54552,5,1,ghcr.io/talmolab/lablink-client-base-image:linux-amd64-test@sha256:1ec2fde6860186b3d45ac83890167258f83512955dbce65f072d4e8c310cb9de,0.2799713611602783,sleap-lablink-client-prod-vm-1,,,0,1788389430.0,1788389454.0,,,,,,1788389454.97747,,,
1788389497.54552,5,1,ghcr.io/talmolab/lablink-client-base-image:linux-amd64-test@sha256:1ec2fde6860186b3d45ac83890167258f83512955dbce65f072d4e8c310cb9de,0.2799713611602783,sleap-lablink-client-prod-vm-2,,,0,1788389430.0,1788389454.0,,,,,,1788389454.978876,,,
1788389497.54552,5,1,ghcr.io/talmolab/lablink-client-base-image:linux-amd64-test@sha256:1ec2fde6860186b3d45ac83890167258f83512955dbce65f072d4e8c310cb9de,0.2799713611602783,sleap-lablink-client-prod-vm-3,,,0,1788389430.0,1788389454.0,,,,,,1788389454.979714,,,
1788389497.54552,5,1,ghcr.io/talmolab/lablink-client-base-image:linux-amd64-test@sha256:1ec2fde6860186b3d45ac83890167258f83512955dbce65f072d4e8c310cb9de,0.2799713611602783,sleap-lablink-client-prod-vm-4,,,0,1788389430.0,1788389454.0,,,,,,1788389454.980496,,,
1788389497.54552,5,1,ghcr.io/talmolab/lablink-client-base-image:linux-amd64-test@sha256:1ec2fde6860186b3d45ac83890167258f83512955dbce65f072d4e8c310cb9de,0.2799713611602783,sleap-lablink-client-prod-vm-5,,,0,1788389430.0,1788389454.0,,,,,,1788389454.981285,,,
1788389502.519892,5,1,ghcr.io/talmolab/lablink-client-base-image:linux-amd64-test@sha256:1ec2fde6860186b3d45ac83890167258f83512955dbce65f072d4e8c310cb9de,0.2799713611602783,sleap-lablink-client-prod-vm-1,,,0,1788389430.0,1788389454.0,,,,,,1788389454.97747,,,
1788389502.519892,5,1,ghcr.io/talmolab/lablink-client-base-image:linux-amd64-test@sha256:1ec2fde6860186b3d45ac83890167258f83512955dbce65f072d4e8c310cb9de,0.2799713611602783,sleap-lablink-client-prod-vm-2,,,0,1788389430.0,1788389454.0,,,,,,1788389454.978876,,,
1788389502.519892,5,1,ghcr.io/talmolab/lablink-client-base-image:linux-amd64-test@sha256:1ec2fde6860186b3d45ac83890167258f83512955dbce65f072d4e8c310cb9de,0.2799713611602783,sleap-lablink-client-prod-vm-3,,,0,1788389430.0,1788389454.0,,,,,,1788389454.979714,,,
1788389502.519892,5,1,ghcr.io/talmolab/lablink-client-base-image:linux-amd64-test@sha256:1ec2fde6860186b3d45ac83890167258f83512955dbce65f072d4e8c310cb9de,0.2799713611602783,sleap-lablink-client-prod-vm-4,,,0,1788389430.0,1788389454.0,,,,,,1788389454.980496,,,
1788389502.519892,5,1,ghcr.io/talmolab/lablink-client-base-image:linux-amd64-test@sha256:1ec2fde6860186b3d45ac83890167258f83512955dbce65f072d4e8c310cb9de,0.2799713611602783,sleap-lablink-client-prod-vm-5,,,0,1788389430.0,1788389454.0,,,,,,1788389454.981285,,,
1788389507.521098,5,1,ghcr.io/talmolab/lablink-client-base-image:linux-amd64-test@sha256:1ec2fde6860186b3d45ac83890167258f83512955dbce65f072d4e8c310cb9de,0.2799713611602783,sleap-lablink-client-prod-vm-1,,,0,1788389430.0,1788389454.0,,,,,,1788389454.97747,,,
1788389507.521098,5,1,ghcr.io/talmolab/lablink-client-base-image:linux-amd64-test@sha256:1ec2fde6860186b3d45ac83890167258f83512955dbce65f072d4e8c310cb9de,0.2799713611602783,sleap-lablink-client-prod-vm-2,,,0,1788389430.0,1788389454.0,,,,,,1788389454.978876,,,
1788389507.521098,5,1,ghcr.io/talmolab/lablink-client-base-image:linux-amd64-test@sha256:1ec2fde6860186b3d45ac83890167258f83512955dbce65f072d4e8c310cb9de,0.2799713611602783,sleap-lablink-client-prod-vm-3,,,0,1788389430.0,1788389454.0,,,,,,1788389454.979714,,,
1788389507.521098,5,1,ghcr.io/talmolab/lablink-client-base-image:linux-amd64-test@sha256:1ec2fde6860186b3d45ac83890167258f83512955dbce65f072d4e8c310cb9de,0.2799713611602783,sleap-lablink-client-prod-vm-4,,,0,1788389430.0,1788389454.0,,,,,,1788389454.980496,,,
1788389507.521098,5,1,ghcr.io/talmolab/lablink-client-base-image:linux-amd64-test@sha256:1ec2fde6860186b3d45ac83890167258f83512955dbce65f072d4e8c310cb9de,0.2799713611602783,sleap-lablink-client-prod-vm-5,,,0,1788389430.0,1788389454.0,,,,,,1788389454.981285,,,
1788389512.4827242,5,1,ghcr.io/talmolab/lablink-client-base-image:linux-amd64-test@sha256:1ec2fde6860186b3d45ac83890167258f83512955dbce65f072d4e8c310cb9de,0.2799713611602783,sleap-lablink-client-prod-vm-1,,,0,1788389430.0,1788389454.0,,,,,,1788389454.97747,,,
1788389512.4827242,5,1,ghcr.io/talmolab/lablink-client-base-image:linux-amd64-test@sha256:1ec2fde6860186b3d45ac83890167258f83512955dbce65f072d4e8c310cb9de,0.2799713611602783,sleap-lablink-client-prod-vm-2,,,0,1788389430.0,1788389454.0,,,,,,1788389454.978876,,,
1788389512.4827242,5,1,ghcr.io/talmolab/lablink-client-base-image:linux-amd64-test@sha256:1ec2fde6860186b3d45ac83890167258f83512955dbce65f072d4e8c310cb9de,0.2799713611602783,sleap-lablink-client-prod-vm-3,,,0,1788389430.0,1788389454.0,,,,,,1788389454.979714,,,
1788389512.4827242,5,1,ghcr.io/talmolab/lablink-client-base-image:linux-amd64-test@sha256:1ec2fde6860186b3d45ac83890167258f83512955dbce65f072d4e8c310cb9de,0.2799713611602783,sleap-lablink-client-prod-vm-4,,,0,1788389430.0,1788389454.0,,,,,,1788389454.980496,,,
1788389512.4827242,5,1,ghcr.io/talmolab/lablink-client-base-image:linux-amd64-test@sha256:1ec2fde6860186b3d45ac83890167258f83512955dbce65f072d4e8c310cb9de,0.2799713611602783,sleap-lablink-client-prod-vm-5,,,0,1788389430.0,1788389454.0,,,,,,1788389454.981285,,,
1788389517.521866,5,1,ghcr.io/talmolab/lablink-client-base-image:linux-amd64-test@sha256:1ec2fde6860186b3d45ac83890167258f83512955dbce65f072d4e8c310cb9de,0.2799713611602783,sleap-lablink-client-prod-vm-1,initializing,,0,1788389430.0,1788389454.0,,,,,,1788389454.97747,,1788389514.747853,i-0d0a8b81177a50dcd
1788389517.521866,5,1,ghcr.io/talmolab/lablink-client-base-image:linux-amd64-test@sha256:1ec2fde6860186b3d45ac83890167258f83512955dbce65f072d4e8c310cb9de,0.2799713611602783,sleap-lablink-client-prod-vm-2,initializing,,0,1788389430.0,1788389454.0,,,,,,1788389454.978876,,1788389514.880421,i-075d1655ae16149db
1788389517.521866,5,1,ghcr.io/talmolab/lablink-client-base-image:linux-amd64-test@sha256:1ec2fde6860186b3d45ac83890167258f83512955dbce65f072d4e8c310cb9de,0.2799713611602783,sleap-lablink-client-prod-vm-3,initializing,,0,1788389430.0,1788389454.0,,,,,,1788389454.979714,,1788389514.637216,i-07bbc1455104581e3
1788389517.521866,5,1,ghcr.io/talmolab/lablink-client-base-image:linux-amd64-test@sha256:1ec2fde6860186b3d45ac83890167258f83512955dbce65f072d4e8c310cb9de,0.2799713611602783,sleap-lablink-client-prod-vm-4,initializing,,0,1788389430.0,1788389454.0,,,,,,1788389454.980496,,1788389514.866502,i-0c92ab1873f5417ba
1788389517.521866,5,1,ghcr.io/talmolab/lablink-client-base-image:linux-amd64-test@sha256:1ec2fde6860186b3d45ac83890167258f83512955dbce65f072d4e8c310cb9de,0.2799713611602783,sleap-lablink-client-prod-vm-5,initializing,,0,1788389430.0,1788389454.0,,,,,,1788389454.981285,,1788389514.886902,i-02edbce051de8200a
1788389522.52795,5,1,ghcr.io/talmolab/lablink-client-base-image:linux-amd64-test@sha256:1ec2fde6860186b3d45ac83890167258f83512955dbce65f072d4e8c310cb9de,0.2799713611602783,sleap-lablink-client-prod-vm-1,initializing,,0,1788389430.0,1788389454.0,,,,,,1788389454.97747,,1788389514.747853,i-0d0a8b81177a50dcd
1788389522.52795,5,1,ghcr.io/talmolab/lablink-client-base-image:linux-amd64-test@sha256:1ec2fde6860186b3d45ac83890167258f83512955dbce65f072d4e8c310cb9de,0.2799713611602783,sleap-lablink-client-prod-vm-2,initializing,,0,1788389430.0,1788389454.0,,,,,,1788389454.978876,,1788389514.880421,i-075d1655ae16149db
1788389522.52795,5,1,ghcr.io/talmolab/lablink-client-base-image:linux-amd64-test@sha256:1ec2fde6860186b3d45ac83890167258f83512955dbce65f072d4e8c310cb9de,0.2799713611602783,sleap-lablink-client-prod-vm-3,initializing,,0,1788389430.0,1788389454.0,,,,,,1788389454.979714,,1788389514.637216,i-07bbc1455104581e3
1788389522.52795,5,1,ghcr.io/talmolab/lablink-client-base-image:linux-amd64-test@sha256:1ec2fde6860186b3d45ac83890167258f83512955dbce65f072d4e8c310cb9de,0.2799713611602783,sleap-lablink-client-prod-vm-4,initializing,,0,1788389430.0,1788389454.0,,,,,,1788389454.980496,,1788389514.866502,i-0c92ab1873f5417ba
1788389522.52795,5,1,ghcr.io/talmolab/lablink-client-base-image:linux-amd64-test@sha256:1ec2fde6860186b3d45ac83890167258f83512955dbce65f072d4e8c310cb9de,0.2799713611602783,sleap-lablink-client-prod-vm-5,initializing,,0,1788389430.0,1788389454.0,,,,,,1788389454.981285,,1788389514.886902,i-02edbce051de8200a
1788389527.618449,5,1,ghcr.io/talmolab/lablink-client-base-image:linux-amd64-test@sha256:1ec2fde6860186b3d45ac83890167258f83512955dbce65f072d4e8c310cb9de,0.2799713611602783,sleap-lablink-client-prod-vm-1,initializing,,0,1788389430.0,1788389454.0,,,,,,1788389454.97747,,1788389514.747853,i-0d0a8b81177a50dcd
1788389527.618449,5,1,ghcr.io/talmolab/lablink-client-base-image:linux-amd64-test@sha256:1ec2fde6860186b3d45ac83890167258f83512955dbce65f072d4e8c310cb9de,0.2799713611602783,sleap-lablink-client-prod-vm-2,initializing,,0,1788389430.0,1788389454.0,,,,,,1788389454.978876,,1788389514.880421,i-075d1655ae16149db
1788389527.618449,5,1,ghcr.io/talmolab/lablink-client-base-image:linux-amd64-test@sha256:1ec2fde6860186b3d45ac83890167258f83512955dbce65f072d4e8c310cb9de,0.2799713611602783,sleap-lablink-client-prod-vm-3,initializing,,0,1788389430.0,1788389454.0,,,,,,1788389454.979714,,1788389514.637216,i-07bbc1455104581e3
1788389527.618449,5,1,ghcr.io/talmolab/lablink-client-base-image:linux-amd64-test@sha256:1ec2fde6860186b3d45ac83890167258f83512955dbce65f072d4e8c310cb9de,0.2799713611602783,sleap-lablink-client-prod-vm-4,initializing,,0,1788389430.0,1788389454.0,,,,,,1788389454.980496,,1788389514.866502,i-0c92ab1873f5417ba
1788389527.618449,5,1,ghcr.io/talmolab/lablink-client-base-image:linux-amd64-test@sha256:1ec2fde6860186b3d45ac83890167258f83512955dbce65f072d4e8c310cb9de,0.2799713611602783,sleap-lablink-client-prod-vm-5,initializing,,0,1788389430.0,1788389454.0,,,,,,1788389454.981285,,1788389514.886902,i-02edbce051de8200a
1788389532.497706,5,1,ghcr.io/talmolab/lablink-client-base-image:linux-amd64-test@sha256:1ec2fde6860186b3d45ac83890167258f83512955dbce65f072d4e8c310cb9de,0.2799713611602783,sleap-lablink-client-prod-vm-1,initializing,,0,1788389430.0,1788389454.0,,,,,,1788389454.97747,,1788389514.747853,i-0d0a8b81177a50dcd
1788389532.497706,5,1,ghcr.io/talmolab/lablink-client-base-image:linux-amd64-test@sha256:1ec2fde6860186b3d45ac83890167258f83512955dbce65f072d4e8c310cb9de,0.2799713611602783,sleap-lablink-client-prod-vm-2,initializing,,0,1788389430.0,1788389454.0,,,,,,1788389454.978876,,1788389514.880421,i-075d1655ae16149db
1788389532.497706,5,1,ghcr.io/talmolab/lablink-client-base-image:linux-amd64-test@sha256:1ec2fde6860186b3d45ac83890167258f83512955dbce65f072d4e8c310cb9de,0.2799713611602783,sleap-lablink-client-prod-vm-3,initializing,,0,1788389430.0,1788389454.0,,,,,,1788389454.979714,,1788389514.637216,i-07bbc1455104581e3
1788389532.497706,5,1,ghcr.io/talmolab/lablink-client-base-image:linux-amd64-test@sha256:1ec2fde6860186b3d45ac83890167258f83512955dbce65f072d4e8c310cb9de,0.2799713611602783,sleap-lablink-client-prod-vm-4,initializing,,0,1788389430.0,1788389454.0,,,,,,1788389454.980496,,1788389514.866502,i-0c92ab1873f5417ba
1788389532.497706,5,1,ghcr.io/talmolab/lablink-client-base-image:linux-amd64-test@sha256:1ec2fde6860186b3d45ac83890167258f83512955dbce65f072d4e8c310cb9de,0.2799713611602783,sleap-lablink-client-prod-vm-5,initializing,,0,1788389430.0,1788389454.0,,,,,,1788389454.981285,,1788389514.886902,i-02edbce051de8200a
1788389537.610108,5,1,ghcr.io/talmolab/lablink-client-base-image:linux-amd64-test@sha256:1ec2fde6860186b3d45ac83890167258f83512955dbce65f072d4e8c310cb9de,0.2799713611602783,sleap-lablink-client-prod-vm-1,initializing,,0,1788389430.0,1788389454.0,,,,,,1788389454.97747,,1788389514.747853,i-0d0a8b81177a50dcd
1788389537.610108,5,1,ghcr.io/talmolab/lablink-client-base-image:linux-amd64-test@sha256:1ec2fde6860186b3d45ac83890167258f83512955dbce65f072d4e8c310cb9de,0.2799713611602783,sleap-lablink-client-prod-vm-2,initializing,,0,1788389430.0,1788389454.0,,,,,,1788389454.978876,,1788389514.880421,i-075d1655ae16149db
1788389537.610108,5,1,ghcr.io/talmolab/lablink-client-base-image:linux-amd64-test@sha256:1ec2fde6860186b3d45ac83890167258f83512955dbce65f072d4e8c310cb9de,0.2799713611602783,sleap-lablink-client-prod-vm-3,initializing,,0,1788389430.0,1788389454.0,,,,,,1788389454.979714,,1788389514.637216,i-07bbc1455104581e3
1788389537.610108,5,1,ghcr.io/talmolab/lablink-client-base-image:linux-amd64-test@sha256:1ec2fde6860186b3d45ac83890167258f83512955dbce65f072d4e8c310cb9de,0.2799713611602783,sleap-lablink-client-prod-vm-4,initializing,,0,1788389430.0,1788389454.0,,,,,,1788389454.980496,,1788389514.866502,i-0c92ab1873f5417ba
1788389537.610108,5,1,ghcr.io/talmolab/lablink-client-base-image:linux-amd64-test@sha256:1ec2fde6860186b3d45ac83890167258f83512955dbce65f072d4e8c310cb9de,0.2799713611602783,sleap-lablink-client-prod-vm-5,initializing,,0,1788389430.0,1788389454.0,,,,,,1788389454.981285,,1788389514.886902,i-02edbce051de8200a
1788389542.5384479,5,1,ghcr.io/talmolab/lablink-client-base-image:linux-amd64-test@sha256:1ec2fde6860186b3d45ac83890167258f83512955dbce65f072d4e8c310cb9de,0.2799713611602783,sleap-lablink-client-prod-vm-1,initializing,,0,1788389430.0,1788389454.0,,,,,,1788389454.97747,,1788389514.747853,i-0d0a8b81177a50dcd
1788389542.5384479,5,1,ghcr.io/talmolab/lablink-client-base-image:linux-amd64-test@sha256:1ec2fde6860186b3d45ac83890167258f83512955dbce65f072d4e8c310cb9de,0.2799713611602783,sleap-lablink-client-prod-vm-2,initializing,,0,1788389430.0,1788389454.0,,,,,,1788389454.978876,,1788389514.880421,i-075d1655ae16149db
1788389542.5384479,5,1,ghcr.io/talmolab/lablink-client-base-image:linux-amd64-test@sha256:1ec2fde6860186b3d45ac83890167258f83512955dbce65f072d4e8c310cb9de,0.2799713611602783,sleap-lablink-client-prod-vm-3,initializing,,0,1788389430.0,1788389454.0,,,,,,1788389454.979714,,1788389514.637216,i-07bbc1455104581e3
1788389542.5384479,5,1,ghcr.io/talmolab/lablink-client-base-image:linux-amd64-test@sha256:1ec2fde6860186b3d45ac83890167258f83512955dbce65f072d4e8c310cb9de,0.2799713611602783,sleap-lablink-client-prod-vm-4,initializing,,0,1788389430.0,1788389454.0,,,,,,1788389454.980496,,1788389514.866502,i-0c92ab1873f5417ba
1788389542.5384479,5,1,ghcr.io/talmolab/lablink-client-base-image:linux-amd64-test@sha256:1ec2fde6860186b3d45ac83890167258f83512955dbce65f072d4e8c310cb9de,0.2799713611602783,sleap-lablink-client-prod-vm-5,initializing,,0,1788389430.0,1788389454.0,,,,,,1788389454.981285,,1788389514.886902,i-02edbce051de8200a
1788389547.574694,5,1,ghcr.io/talmolab/lablink-client-base-image:linux-amd64-test@sha256:1ec2fde6860186b3d45ac83890167258f83512955dbce65f072d4e8c310cb9de,0.2799713611602783,sleap-lablink-client-prod-vm-1,initializing,,0,1788389430.0,1788389454.0,,,,,,1788389454.97747,,1788389514.747853,i-0d0a8b81177a50dcd
1788389547.574694,5,1,ghcr.io/talmolab/lablink-client-base-image:linux-amd64-test@sha256:1ec2fde6860186b3d45ac83890167258f83512955dbce65f072d4e8c310cb9de,0.2799713611602783,sleap-lablink-client-prod-vm-2,initializing,,0,1788389430.0,1788389454.0,,,,,,1788389454.978876,,1788389514.880421,i-075d1655ae16149db
1788389547.574694,5,1,ghcr.io/talmolab/lablink-client-base-image:linux-amd64-test@sha256:1ec2fde6860186b3d45ac83890167258f83512955dbce65f072d4e8c310cb9de,0.2799713611602783,sleap-lablink-client-prod-vm-3,initializing,,0,1788389430.0,1788389454.0,,,,,,1788389454.979714,,1788389514.637216,i-07bbc1455104581e3
1788389547.574694,5,1,ghcr.io/talmolab/lablink-client-base-image:linux-amd64-test@sha256:1ec2fde6860186b3d45ac83890167258f83512955dbce65f072d4e8c310cb9de,0.2799713611602783,sleap-lablink-client-prod-vm-4,initializing,,0,1788389430.0,1788389454.0,,,,,,1788389454.980496,,1788389514.866502,i-0c92ab1873f5417ba
1788389547.574694,5,1,ghcr.io/talmolab/lablink-client-base-image:linux-amd64-test@sha256:1ec2fde6860186b3d45ac83890167258f83512955dbce65f072d4e8c310cb9de,0.2799713611602783,sleap-lablink-client-prod-vm-5,initializing,,0,1788389430.0,1788389454.0,,,,,,1788389454.981285,,1788389514.886902,i-02edbce051de8200a
1788389552.601279,5,1,ghcr.io/talmolab/lablink-client-base-image:linux-amd64-test@sha256:1ec2fde6860186b3d45ac83890167258f83512955dbce65f072d4e8c310cb9de,0.2799713611602783,sleap-lablink-client-prod-vm-1,initializing,,0,1788389430.0,1788389454.0,,,,,,1788389454.97747,,1788389514.747853,i-0d0a8b81177a50dcd
1788389552.601279,5,1,ghcr.io/talmolab/lablink-client-base-image:linux-amd64-test@sha256:1ec2fde6860186b3d45ac83890167258f83512955dbce65f072d4e8c310cb9de,0.2799713611602783,sleap-lablink-client-prod-vm-2,initializing,,0,1788389430.0,1788389454.0,,,,,,1788389454.978876,,1788389514.880421,i-075d1655ae16149db
1788389552.601279,5,1,ghcr.io/talmolab/lablink-client-base-image:linux-amd64-test@sha256:1ec2fde6860186b3d45ac83890167258f83512955dbce65f072d4e8c310cb9de,0.2799713611602783,sleap-lablink-client-prod-vm-3,initializing,,0,1788389430.0,1788389454.0,,,,,,1788389454.979714,,1788389514.637216,i-07bbc1455104581e3
1788389552.601279,5,1,ghcr.io/talmolab/lablink-client-base-image:linux-amd64-test@sha256:1ec2fde6860186b3d45ac83890167258f83512955dbce65f072d4e8c310cb9de,0.2799713611602783,sleap-lablink-client-prod-vm-4,initializing,,0,1788389430.0,1788389454.0,,,,,,1788389454.980496,,1788389514.866502,i-0c92ab1873f5417ba
1788389552.601279,5,1,ghcr.io/talmolab/lablink-client-base-image:linux-amd64-test@sha256:1ec2fde6860186b3d45ac83890167258f83512955dbce65f072d4e8c310cb9de,0.2799713611602783,sleap-lablink-client-prod-vm-5,initializing,,0,1788389430.0,1788389454.0,,,,,,1788389454.981285,,1788389514.886902,i-02edbce051de8200a
1788389557.5405922,5,1,ghcr.io/talmolab/lablink-client-base-image:linux-amd64-test@sha256:1ec2fde6860186b3d45ac83890167258f83512955dbce65f072d4e8c310cb9de,0.2799713611602783,sleap-lablink-client-prod-vm-1,initializing,,0,1788389430.0,1788389454.0,,,,,,1788389454.97747,,1788389514.747853,i-0d0a8b81177a50dcd
1788389557.5405922,5,1,ghcr.io/talmolab/lablink-client-base-image:linux-amd64-test@sha256:1ec2fde6860186b3d45ac83890167258f83512955dbce65f072d4e8c310cb9de,0.2799713611602783,sleap-lablink-client-prod-vm-2,initializing,,0,1788389430.0,1788389454.0,,,,,,1788389454.978876,,1788389514.880421,i-075d1655ae16149db
1788389557.5405922,5,1,ghcr.io/talmolab/lablink-client-base-image:linux-amd64-test@sha256:1ec2fde6860186b3d45ac83890167258f83512955dbce65f072d4e8c310cb9de,0.2799713611602783,sleap-lablink-client-prod-vm-3,initializing,,0,1788389430.0,1788389454.0,,,,,,1788389454.979714,,1788389514.637216,i-07bbc1455104581e3
1788389557.5405922,5,1,ghcr.io/talmolab/lablink-client-base-image:linux-amd64-test@sha256:1ec2fde6860186b3d45ac83890167258f83512955dbce65f072d4e8c310cb9de,0.2799713611602783,sleap-lablink-client-prod-vm-4,initializing,,0,1788389430.0,1788389454.0,,,,,,1788389454.980496,,1788389514.866502,i-0c92ab1873f5417ba
1788389557.5405922,5,1,ghcr.io/talmolab/lablink-client-base-image:linux-amd64-test@sha256:1ec2fde6860186b3d45ac83890167258f83512955dbce65f072d4e8c310cb9de,0.2799713611602783,sleap-lablink-client-prod-vm-5,initializing,,0,1788389430.0,1788389454.0,,,,,,1788389454.981285,,1788389514.886902,i-02edbce051de8200a
1788389562.574073,5,1,ghcr.io/talmolab/lablink-client-base-image:linux-amd64-test@sha256:1ec2fde6860186b3d45ac83890167258f83512955dbce65f072d4e8c310cb9de,0.2799713611602783,sleap-lablink-client-prod-vm-1,initializing,,0,1788389430.0,1788389454.0,,,,,,1788389454.97747,,1788389514.747853,i-0d0a8b81177a50dcd
1788389562.574073,5,1,ghcr.io/talmolab/lablink-client-base-image:linux-amd64-test@sha256:1ec2fde6860186b3d45ac83890167258f83512955dbce65f072d4e8c310cb9de,0.2799713611602783,sleap-lablink-client-prod-vm-2,initializing,,0,1788389430.0,1788389454.0,,,,,,1788389454.978876,,1788389514.880421,i-075d1655ae16149db
1788389562.574073,5,1,ghcr.io/talmolab/lablink-client-base-image:linux-amd64-test@sha256:1ec2fde6860186b3d45ac83890167258f83512955dbce65f072d4e8c310cb9de,0.2799713611602783,sleap-lablink-client-prod-vm-3,initializing,,0,1788389430.0,1788389454.0,,,,,,1788389454.979714,,1788389514.637216,i-07bbc1455104581e3
1788389562.574073,5,1,ghcr.io/talmolab/lablink-client-base-image:linux-amd64-test@sha256:1ec2fde6860186b3d45ac83890167258f83512955dbce65f072d4e8c310cb9de,0.2799713611602783,sleap-lablink-client-prod-vm-4,initializing,,0,1788389430.0,1788389454.0,,,,,,1788389454.980496,,1788389514.866502,i-0c92ab1873f5417ba
1788389562.574073,5,1,ghcr.io/talmolab/lablink-client-base-image:linux-amd64-test@sha256:1ec2fde6860186b3d45ac83890167258f83512955dbce65f072d4e8c310cb9de,0.2799713611602783,sleap-lablink-client-prod-vm-5,initializing,,0,1788389430.0,1788389454.0,,,,,,1788389454.981285,,1788389514.886902,i-02edbce051de8200a
1788389567.535564,5,1,ghcr.io/talmolab/lablink-client-base-image:linux-amd64-test@sha256:1ec2fde6860186b3d45ac83890167258f83512955dbce65f072d4e8c310cb9de,0.2799713611602783,sleap-lablink-client-prod-vm-1,initializing,,0,1788389430.0,1788389454.0,,,,,,1788389454.97747,,1788389514.747853,i-0d0a8b81177a50dcd
1788389567.535564,5,1,ghcr.io/talmolab/lablink-client-base-image:linux-amd64-test@sha256:1ec2fde6860186b3d45ac83890167258f83512955dbce65f072d4e8c310cb9de,0.2799713611602783,sleap-lablink-client-prod-vm-2,initializing,,0,1788389430.0,1788389454.0,,,,,,1788389454.978876,,1788389514.880421,i-075d1655ae16149db
1788389567.535564,5,1,ghcr.io/talmolab/lablink-client-base-image:linux-amd64-test@sha256:1ec2fde6860186b3d45ac83890167258f83512955dbce65f072d4e8c310cb9de,0.2799713611602783,sleap-lablink-client-prod-vm-3,initializing,,0,1788389430.0,1788389454.0,,,,,,1788389454.979714,,1788389514.637216,i-07bbc1455104581e3
1788389567.535564,5,1,ghcr.io/talmolab/lablink-client-base-image:linux-amd64-test@sha256:1ec2fde6860186b3d45ac83890167258f83512955dbce65f072d4e8c310cb9de,0.2799713611602783,sleap-lablink-client-prod-vm-4,initializing,,0,1788389430.0,1788389454.0,,,,,,1788389454.980496,,1788389514.866502,i-0c92ab1873f5417ba
1788389567.535564,5,1,ghcr.io/talmolab/lablink-client-base-image:linux-amd64-test@sha256:1ec2fde6860186b3d45ac83890167258f83512955dbce65f072d4e8c310cb9de,0.2799713611602783,sleap-lablink-client-prod-vm-5,initializing,,0,1788389430.0,1788389454.0,,,,,,1788389454.981285,,1788389514.886902,i-02edbce051de8200a
1788389572.5808609,5,1,ghcr.io/talmolab/lablink-client-base-image:linux-amd64-test@sha256:1ec2fde6860186b3d45ac83890167258f83512955dbce65f072d4e8c310cb9de,0.2799713611602783,sleap-lablink-client-prod-vm-1,initializing,,0,1788389430.0,1788389454.0,,,,,,1788389454.97747,,1788389514.747853,i-0d0a8b81177a50dcd
1788389572.5808609,5,1,ghcr.io/talmolab/lablink-client-base-image:linux-amd64-test@sha256:1ec2fde6860186b3d45ac83890167258f83512955dbce65f072d4e8c310cb9de,0.2799713611602783,sleap-lablink-client-prod-vm-2,initializing,,0,1788389430.0,1788389454.0,,,,,,1788389454.978876,,1788389514.880421,i-075d1655ae16149db
1788389572.5808609,5,1,ghcr.io/talmolab/lablink-client-base-image:linux-amd64-test@sha256:1ec2fde6860186b3d45ac83890167258f83512955dbce65f072d4e8c310cb9de,0.2799713611602783,sleap-lablink-client-prod-vm-3,initializing,,0,1788389430.0,1788389454.0,,,,,,1788389454.979714,,1788389514.637216,i-07bbc1455104581e3
1788389572.5808609,5,1,ghcr.io/talmolab/lablink-client-base-image:linux-amd64-test@sha256:1ec2fde6860186b3d45ac83890167258f83512955dbce65f072d4e8c310cb9de,0.2799713611602783,sleap-lablink-client-prod-vm-4,initializing,,0,1788389430.0,1788389454.0,,,,,,1788389454.980496,,1788389514.866502,i-0c92ab1873f5417ba
1788389572.5808609,5,1,ghcr.io/talmolab/lablink-client-base-image:linux-amd64-test@sha256:1ec2fde6860186b3d45ac83890167258f83512955dbce65f072d4e8c310cb9de,0.2799713611602783,sleap-lablink-client-prod-vm-5,initializing,,0,1788389430.0,1788389454.0,,,,,,1788389454.981285,,1788389514.886902,i-02edbce051de8200a
1788389577.557597,5,1,ghcr.io/talmolab/lablink-client-base-image:linux-amd64-test@sha256:1ec2fde6860186b3d45ac83890167258f83512955dbce65f072d4e8c310cb9de,0.2799713611602783,sleap-lablink-client-prod-vm-1,initializing,,0,1788389430.0,1788389454.0,,,,,,1788389454.97747,,1788389514.747853,i-0d0a8b81177a50dcd
1788389577.557597,5,1,ghcr.io/talmolab/lablink-client-base-image:linux-amd64-test@sha256:1ec2fde6860186b3d45ac83890167258f83512955dbce65f072d4e8c310cb9de,0.2799713611602783,sleap-lablink-client-prod-vm-2,initializing,,0,1788389430.0,1788389454.0,,,,,,1788389454.978876,,1788389514.880421,i-075d1655ae16149db
1788389577.557597,5,1,ghcr.io/talmolab/lablink-client-base-image:linux-amd64-test@sha256:1ec2fde6860186b3d45ac83890167258f83512955dbce65f072d4e8c310cb9de,0.2799713611602783,sleap-lablink-client-prod-vm-3,initializing,,0,1788389430.0,1788389454.0,,,,,,1788389454.979714,,1788389514.637216,i-07bbc1455104581e3
1788389577.557597,5,1,ghcr.io/talmolab/lablink-client-base-image:linux-amd64-test@sha256:1ec2fde6860186b3d45ac83890167258f83512955dbce65f072d4e8c310cb9de,0.2799713611602783,sleap-lablink-client-prod-vm-4,initializing,,0,1788389430.0,1788389454.0,,,,,,1788389454.980496,,1788389514.866502,i-0c92ab1873f5417ba
1788389577.557597,5,1,ghcr.io/talmolab/lablink-client-base-image:linux-amd64-test@sha256:1ec2fde6860186b3d45ac83890167258f83512955dbce65f072d4e8c310cb9de,0.2799713611602783,sleap-lablink-client-prod-vm-5,initializing,,0,1788389430.0,1788389454.0,,,,,,1788389454.981285,,1788389514.886902,i-02edbce051de8200a
1788389582.5807092,5,1,ghcr.io/talmolab/lablink-client-base-image:linux-amd64-test@sha256:1ec2fde6860186b3d45ac83890167258f83512955dbce65f072d4e8c310cb9de,0.2799713611602783,sleap-lablink-client-prod-vm-1,initializing,,0,1788389430.0,1788389454.0,,,,,,1788389454.97747,,1788389514.747853,i-0d0a8b81177a50dcd
1788389582.5807092,5,1,ghcr.io/talmolab/lablink-client-base-image:linux-amd64-test@sha256:1ec2fde6860186b3d45ac83890167258f83512955dbce65f072d4e8c310cb9de,0.2799713611602783,sleap-lablink-client-prod-vm-2,initializing,,0,1788389430.0,1788389454.0,,,,,,1788389454.978876,,1788389514.880421,i-075d1655ae16149db
1788389582.5807092,5,1,ghcr.io/talmolab/lablink-client-base-image:linux-amd64-test@sha256:1ec2fde6860186b3d45ac83890167258f83512955dbce65f072d4e8c310cb9de,0.2799713611602783,sleap-lablink-client-prod-vm-3,initializing,,0,1788389430.0,1788389454.0,,,,,,1788389454.979714,,1788389514.637216,i-07bbc1455104581e3
1788389582.5807092,5,1,ghcr.io/talmolab/lablink-client-base-image:linux-amd64-test@sha256:1ec2fde6860186b3d45ac83890167258f83512955dbce65f072d4e8c310cb9de,0.2799713611602783,sleap-lablink-client-prod-vm-4,initializing,,0,1788389430.0,1788389454.0,,,,,,1788389454.980496,,1788389514.866502,i-0c92ab1873f5417ba
1788389582.5807092,5,1,ghcr.io/talmolab/lablink-client-base-image:linux-amd64-test@sha256:1ec2fde6860186b3d45ac83890167258f83512955dbce65f072d4e8c310cb9de,0.2799713611602783,sleap-lablink-client-prod-vm-5,initializing,,0,1788389430.0,1788389454.0,,,,,,1788389454.981285,,1788389514.886902,i-02edbce051de8200a
1788389587.521266,5,1,ghcr.io/talmolab/lablink-client-base-image:linux-amd64-test@sha256:1ec2fde6860186b3d45ac83890167258f83512955dbce65f072d4e8c310cb9de,0.2799713611602783,sleap-lablink-client-prod-vm-1,initializing,,0,1788389430.0,1788389454.0,,,,,,1788389454.97747,,1788389514.747853,i-0d0a8b81177a50dcd
1788389587.521266,5,1,ghcr.io/talmolab/lablink-client-base-image:linux-amd64-test@sha256:1ec2fde6860186b3d45ac83890167258f83512955dbce65f072d4e8c310cb9de,0.2799713611602783,sleap-lablink-client-prod-vm-2,initializing,,0,1788389430.0,1788389454.0,,,,,,1788389454.978876,,1788389514.880421,i-075d1655ae16149db
1788389587.521266,5,1,ghcr.io/talmolab/lablink-client-base-image:linux-amd64-test@sha256:1ec2fde6860186b3d45ac83890167258f83512955dbce65f072d4e8c310cb9de,0.2799713611602783,sleap-lablink-client-prod-vm-3,initializing,,0,1788389430.0,1788389454.0,,,,,,1788389454.979714,,1788389514.637216,i-07bbc1455104581e3
1788389587.521266,5,1,ghcr.io/talmolab/lablink-client-base-image:linux-amd64-test@sha256:1ec2fde6860186b3d45ac83890167258f83512955dbce65f072d4e8c310cb9de,0.2799713611602783,sleap-lablink-client-prod-vm-4,initializing,,0,1788389430.0,1788389454.0,,,,,,1788389454.980496,,1788389514.866502,i-0c92ab1873f5417ba
1788389587.521266,5,1,ghcr.io/talmolab/lablink-client-base-image:linux-amd64-test@sha256:1ec2fde6860186b3d45ac83890167258f83512955dbce65f072d4e8c310cb9de,0.2799713611602783,sleap-lablink-client-prod-vm-5,initializing,,0,1788389430.0,1788389454.0,,,,,,1788389454.981285,,1788389514.886902,i-02edbce051de8200a
1788389592.972509,5,1,ghcr.io/talmolab/lablink-client-base-image:linux-amd64-test@sha256:1ec2fde6860186b3d45ac83890167258f83512955dbce65f072d4e8c310cb9de,0.2799713611602783,sleap-lablink-client-prod-vm-1,initializing,,0,1788389430.0,1788389454.0,,,,,,1788389454.97747,,1788389514.747853,i-0d0a8b81177a50dcd
1788389592.972509,5,1,ghcr.io/talmolab/lablink-client-base-image:linux-amd64-test@sha256:1ec2fde6860186b3d45ac83890167258f83512955dbce65f072d4e8c310cb9de,0.2799713611602783,sleap-lablink-client-prod-vm-2,initializing,,0,1788389430.0,1788389454.0,,,,,,1788389454.978876,,1788389514.880421,i-075d1655ae16149db
1788389592.972509,5,1,ghcr.io/talmolab/lablink-client-base-image:linux-amd64-test@sha256:1ec2fde6860186b3d45ac83890167258f83512955dbce65f072d4e8c310cb9de,0.2799713611602783,sleap-lablink-client-prod-vm-3,initializing,,0,1788389430.0,1788389454.0,,,,,,1788389454.979714,,1788389514.637216,i-07bbc1455104581e3
1788389592.972509,5,1,ghcr.io/talmolab/lablink-client-base-image:linux-amd64-test@sha256:1ec2fde6860186b3d45ac83890167258f83512955dbce65f072d4e8c310cb9de,0.2799713611602783,sleap-lablink-client-prod-vm-4,initializing,,0,1788389430.0,1788389454.0,,,,,,1788389454.980496,,1788389514.866502,i-0c92ab1873f5417ba
1788389592.972509,5,1,ghcr.io/talmolab/lablink-client-base-image:linux-amd64-test@sha256:1ec2fde6860186b3d45ac83890167258f83512955dbce65f072d4e8c310cb9de,0.2799713611602783,sleap-lablink-client-prod-vm-5,initializing,,0,1788389430.0,1788389454.0,,,,,,1788389454.981285,,1788389514.886902,i-02edbce051de8200a
1788389597.576401,5,1,ghcr.io/talmolab/lablink-client-base-image:linux-amd64-test@sha256:1ec2fde6860186b3d45ac83890167258f83512955dbce65f072d4e8c310cb9de,0.2799713611602783,sleap-lablink-client-prod-vm-1,initializing,,0,1788389430.0,1788389454.0,,,,,,1788389454.97747,,1788389514.747853,i-0d0a8b81177a50dcd
1788389597.576401,5,1,ghcr.io/talmolab/lablink-client-base-image:linux-amd64-test@sha256:1ec2fde6860186b3d45ac83890167258f83512955dbce65f072d4e8c310cb9de,0.2799713611602783,sleap-lablink-client-prod-vm-2,initializing,,0,1788389430.0,1788389454.0,,,,,,1788389454.978876,,1788389514.880421,i-075d1655ae16149db
1788389597.576401,5,1,ghcr.io/talmolab/lablink-client-base-image:linux-amd64-test@sha256:1ec2fde6860186b3d45ac83890167258f83512955dbce65f072d4e8c310cb9de,0.2799713611602783,sleap-lablink-client-prod-vm-3,initializing,,0,1788389430.0,1788389454.0,,,,,,1788389454.979714,,1788389514.637216,i-07bbc1455104581e3
1788389597.576401,5,1,ghcr.io/talmolab/lablink-client-base-image:linux-amd64-test@sha256:1ec2fde6860186b3d45ac83890167258f83512955dbce65f072d4e8c310cb9de,0.2799713611602783,sleap-lablink-client-prod-vm-4,initializing,,0,1788389430.0,1788389454.0,,,,,,1788389454.980496,,1788389514.866502,i-0c92ab1873f5417ba
1788389597.576401,5,1,ghcr.io/talmolab/lablink-client-base-image:linux-amd64-test@sha256:1ec2fde6860186b3d45ac83890167258f83512955dbce65f072d4e8c310cb9de,0.2799713611602783,sleap-lablink-client-prod-vm-5,initializing,,0,1788389430.0,1788389454.0,,,,,,1788389454.981285,,1788389514.886902,i-02edbce051de8200a
1788389602.628674,5,1,ghcr.io/talmolab/lablink-client-base-image:linux-amd64-test@sha256:1ec2fde6860186b3d45ac83890167258f83512955dbce65f072d4e8c310cb9de,0.2799713611602783,sleap-lablink-client-prod-vm-1,initializing,,0,1788389430.0,1788389454.0,,,,,,1788389454.97747,,1788389514.747853,i-0d0a8b81177a50dcd
1788389602.628674,5,1,ghcr.io/talmolab/lablink-client-base-image:linux-amd64-test@sha256:1ec2fde6860186b3d45ac83890167258f83512955dbce65f072d4e8c310cb9de,0.2799713611602783,sleap-lablink-client-prod-vm-2,initializing,,0,1788389430.0,1788389454.0,,,,,,1788389454.978876,,1788389514.880421,i-075d1655ae16149db
1788389602.628674,5,1,ghcr.io/talmolab/lablink-client-base-image:linux-amd64-test@sha256:1ec2fde6860186b3d45ac83890167258f83512955dbce65f072d4e8c310cb9de,0.2799713611602783,sleap-lablink-client-prod-vm-3,initializing,,0,1788389430.0,1788389454.0,,,,,,1788389454.979714,,1788389514.637216,i-07bbc1455104581e3
1788389602.628674,5,1,ghcr.io/talmolab/lablink-client-base-image:linux-amd64-test@sha256:1ec2fde6860186b3d45ac83890167258f83512955dbce65f072d4e8c310cb9de,0.2799713611602783,sleap-lablink-client-prod-vm-4,initializing,,0,1788389430.0,1788389454.0,,,,,,1788389454.980496,,1788389514.866502,i-0c92ab1873f5417ba
1788389602.628674,5,1,ghcr.io/talmolab/lablink-client-base-image:linux-amd64-test@sha256:1ec2fde6860186b3d45ac83890167258f83512955dbce65f072d4e8c310cb9de,0.2799713611602783,sleap-lablink-client-prod-vm-5,initializing,,0,1788389430.0,1788389454.0,,,,,,1788389454.981285,,1788389514.886902,i-02edbce051de8200a
1788389607.653467,5,1,ghcr.io/talmolab/lablink-client-base-image:linux-amd64-test@sha256:1ec2fde6860186b3d45ac83890167258f83512955dbce65f072d4e8c310cb9de,0.2799713611602783,sleap-lablink-client-prod-vm-1,initializing,,0,1788389430.0,1788389454.0,,,,,,1788389454.97747,,1788389514.747853,i-0d0a8b81177a50dcd
1788389607.653467,5,1,ghcr.io/talmolab/lablink-client-base-image:linux-amd64-test@sha256:1ec2fde6860186b3d45ac83890167258f83512955dbce65f072d4e8c310cb9de,0.2799713611602783,sleap-lablink-client-prod-vm-2,initializing,,0,1788389430.0,1788389454.0,,,,,,1788389454.978876,,1788389514.880421,i-075d1655ae16149db
1788389607.653467,5,1,ghcr.io/talmolab/lablink-client-base-image:linux-amd64-test@sha256:1ec2fde6860186b3d45ac83890167258f83512955dbce65f072d4e8c310cb9de,0.2799713611602783,sleap-lablink-client-prod-vm-3,initializing,,0,1788389430.0,1788389454.0,,,,,,1788389454.979714,,1788389514.637216,i-07bbc1455104581e3
1788389607.653467,5,1,ghcr.io/talmolab/lablink-client-base-image:linux-amd64-test@sha256:1ec2fde6860186b3d45ac83890167258f83512955dbce65f072d4e8c310cb9de,0.2799713611602783,sleap-lablink-client-prod-vm-4,initializing,,0,1788389430.0,1788389454.0,,,,,,1788389454.980496,,1788389514.866502,i-0c92ab1873f5417ba
1788389607.653467,5,1,ghcr.io/talmolab/lablink-client-base-image:linux-amd64-test@sha256:1ec2fde6860186b3d45ac83890167258f83512955dbce65f072d4e8c310cb9de,0.2799713611602783,sleap-lablink-client-prod-vm-5,initializing,,0,1788389430.0,1788389454.0,,,,,,1788389454.981285,,1788389514.886902,i-02edbce051de8200a
1788389612.555079,5,1,ghcr.io/talmolab/lablink-client-base-image:linux-amd64-test@sha256:1ec2fde6860186b3d45ac83890167258f83512955dbce65f072d4e8c310cb9de,0.2799713611602783,sleap-lablink-client-prod-vm-1,initializing,,0,1788389430.0,1788389454.0,,,,,,1788389454.97747,,1788389514.747853,i-0d0a8b81177a50dcd
1788389612.555079,5,1,ghcr.io/talmolab/lablink-client-base-image:linux-amd64-test@sha256:1ec2fde6860186b3d45ac83890167258f83512955dbce65f072d4e8c310cb9de,0.2799713611602783,sleap-lablink-client-prod-vm-2,initializing,,0,1788389430.0,1788389454.0,,,,,,1788389454.978876,,1788389514.880421,i-075d1655ae16149db
1788389612.555079,5,1,ghcr.io/talmolab/lablink-client-base-image:linux-amd64-test@sha256:1ec2fde6860186b3d45ac83890167258f83512955dbce65f072d4e8c310cb9de,0.2799713611602783,sleap-lablink-client-prod-vm-3,initializing,,0,1788389430.0,1788389454.0,,,,,,1788389454.979714,,1788389514.637216,i-07bbc1455104581e3
1788389612.555079,5,1,ghcr.io/talmolab/lablink-client-base-image:linux-amd64-test@sha256:1ec2fde6860186b3d45ac83890167258f83512955dbce65f072d4e8c310cb9de,0.2799713611602783,sleap-lablink-client-prod-vm-4,initializing,,0,1788389430.0,1788389454.0,,,,,,1788389454.980496,,1788389514.866502,i-0c92ab1873f5417ba
1788389612.555079,5,1,ghcr.io/talmolab/lablink-client-base-image:linux-amd64-test@sha256:1ec2fde6860186b3d45ac83890167258f83512955dbce65f072d4e8c310cb9de,0.2799713611602783,sleap-lablink-client-prod-vm-5,initializing,,0,1788389430.0,1788389454.0,,,,,,1788389454.981285,,1788389514.886902,i-02edbce051de8200a
1788389617.6147468,5,1,ghcr.io/talmolab/lablink-client-base-image:linux-amd64-test@sha256:1ec2fde6860186b3d45ac83890167258f83512955dbce65f072d4e8c310cb9de,0.2799713611602783,sleap-lablink-client-prod-vm-1,initializing,,0,1788389430.0,1788389454.0,,,,,,1788389454.97747,,1788389514.747853,i-0d0a8b81177a50dcd
1788389617.6147468,5,1,ghcr.io/talmolab/lablink-client-base-image:linux-amd64-test@sha256:1ec2fde6860186b3d45ac83890167258f83512955dbce65f072d4e8c310cb9de,0.2799713611602783,sleap-lablink-client-prod-vm-2,initializing,,0,1788389430.0,1788389454.0,,,,,,1788389454.978876,,1788389514.880421,i-075d1655ae16149db
1788389617.6147468,5,1,ghcr.io/talmolab/lablink-client-base-image:linux-amd64-test@sha256:1ec2fde6860186b3d45ac83890167258f83512955dbce65f072d4e8c310cb9de,0.2799713611602783,sleap-lablink-client-prod-vm-3,initializing,,0,1788389430.0,1788389454.0,,,,,,1788389454.979714,,1788389514.637216,i-07bbc1455104581e3
1788389617.6147468,5,1,ghcr.io/talmolab/lablink-client-base-image:linux-amd64-test@sha256:1ec2fde6860186b3d45ac83890167258f83512955dbce65f072d4e8c310cb9de,0.2799713611602783,sleap-lablink-client-prod-vm-4,initializing,,0,1788389430.0,1788389454.0,,,,,,1788389454.980496,,1788389514.866502,i-0c92ab1873f5417ba
1788389617.6147468,5,1,ghcr.io/talmolab/lablink-client-base-image:linux-amd64-test@sha256:1ec2fde6860186b3d45ac83890167258f83512955dbce65f072d4e8c310cb9de,0.2799713611602783,sleap-lablink-client-prod-vm-5,initializing,,0,1788389430.0,1788389454.0,,,,,,1788389454.981285,,1788389514.886902,i-02edbce051de8200a
1788389622.585846,5,1,ghcr.io/talmolab/lablink-client-base-image:linux-amd64-test@sha256:1ec2fde6860186b3d45ac83890167258f83512955dbce65f072d4e8c310cb9de,0.2799713611602783,sleap-lablink-client-prod-vm-1,initializing,,0,1788389430.0,1788389454.0,,,,,,1788389454.97747,,1788389514.747853,i-0d0a8b81177a50dcd
1788389622.585846,5,1,ghcr.io/talmolab/lablink-client-base-image:linux-amd64-test@sha256:1ec2fde6860186b3d45ac83890167258f83512955dbce65f072d4e8c310cb9de,0.2799713611602783,sleap-lablink-client-prod-vm-2,initializing,,0,1788389430.0,1788389454.0,,,,,,1788389454.978876,,1788389514.880421,i-075d1655ae16149db
1788389622.585846,5,1,ghcr.io/talmolab/lablink-client-base-image:linux-amd64-test@sha256:1ec2fde6860186b3d45ac83890167258f83512955dbce65f072d4e8c310cb9de,0.2799713611602783,sleap-lablink-client-prod-vm-3,initializing,,0,1788389430.0,1788389454.0,,,,,,1788389454.979714,,1788389514.637216,i-07bbc1455104581e3
1788389622.585846,5,1,ghcr.io/talmolab/lablink-client-base-image:linux-amd64-test@sha256:1ec2fde6860186b3d45ac83890167258f83512955dbce65f072d4e8c310cb9de,0.2799713611602783,sleap-lablink-client-prod-vm-4,initializing,,0,1788389430.0,1788389454.0,,,,,,1788389454.980496,,1788389514.866502,i-0c92ab1873f5417ba
1788389622.585846,5,1,ghcr.io/talmolab/lablink-client-base-image:linux-amd64-test@sha256:1ec2fde6860186b3d45ac83890167258f83512955dbce65f072d4e8c310cb9de,0.2799713611602783,sleap-lablink-client-prod-vm-5,initializing,,0,1788389430.0,1788389454.0,,,,,,1788389454.981285,,1788389514.886902,i-02edbce051de8200a
1788389627.590883,5,1,ghcr.io/talmolab/lablink-client-base-image:linux-amd64-test@sha256:1ec2fde6860186b3d45ac83890167258f83512955dbce65f072d4e8c310cb9de,0.2799713611602783,sleap-lablink-client-prod-vm-1,initializing,,0,1788389430.0,1788389454.0,,,,,,1788389454.97747,,1788389514.747853,i-0d0a8b81177a50dcd
1788389627.590883,5,1,ghcr.io/talmolab/lablink-client-base-image:linux-amd64-test@sha256:1ec2fde6860186b3d45ac83890167258f83512955dbce65f072d4e8c310cb9de,0.2799713611602783,sleap-lablink-client-prod-vm-2,initializing,,0,1788389430.0,1788389454.0,,,,,,1788389454.978876,,1788389514.880421,i-075d1655ae16149db
1788389627.590883,5,1,ghcr.io/talmolab/lablink-client-base-image:linux-amd64-test@sha256:1ec2fde6860186b3d45ac83890167258f83512955dbce65f072d4e8c310cb9de,0.2799713611602783,sleap-lablink-client-prod-vm-3,initializing,,0,1788389430.0,1788389454.0,,,,,,1788389454.979714,,1788389514.637216,i-07bbc1455104581e3
1788389627.590883,5,1,ghcr.io/talmolab/lablink-client-base-image:linux-amd64-test@sha256:1ec2fde6860186b3d45ac83890167258f83512955dbce65f072d4e8c310cb9de,0.2799713611602783,sleap-lablink-client-prod-vm-4,initializing,,0,1788389430.0,1788389454.0,,,,,,1788389454.980496,,1788389514.866502,i-0c92ab1873f5417ba
1788389627.590883,5,1,ghcr.io/talmolab/lablink-client-base-image:linux-amd64-test@sha256:1ec2fde6860186b3d45ac83890167258f83512955dbce65f072d4e8c310cb9de,0.2799713611602783,sleap-lablink-client-prod-vm-5,initializing,,0,1788389430.0,1788389454.0,,,,,,1788389454.981285,,1788389514.886902,i-02edbce051de8200a
1788389632.514536,5,1,ghcr.io/talmolab/lablink-client-base-image:linux-amd64-test@sha256:1ec2fde6860186b3d45ac83890167258f83512955dbce65f072d4e8c310cb9de,0.2799713611602783,sleap-lablink-client-prod-vm-1,initializing,,0,1788389430.0,1788389454.0,,,,,,1788389454.97747,,1788389514.747853,i-0d0a8b81177a50dcd
1788389632.514536,5,1,ghcr.io/talmolab/lablink-client-base-image:linux-amd64-test@sha256:1ec2fde6860186b3d45ac83890167258f83512955dbce65f072d4e8c310cb9de,0.2799713611602783,sleap-lablink-client-prod-vm-2,initializing,,0,1788389430.0,1788389454.0,,,,,,1788389454.978876,,1788389514.880421,i-075d1655ae16149db
1788389632.514536,5,1,ghcr.io/talmolab/lablink-client-base-image:linux-amd64-test@sha256:1ec2fde6860186b3d45ac83890167258f83512955dbce65f072d4e8c310cb9de,0.2799713611602783,sleap-lablink-client-prod-vm-3,initializing,,0,1788389430.0,1788389454.0,,,,,,1788389454.979714,,1788389514.637216,i-07bbc1455104581e3
1788389632.514536,5,1,ghcr.io/talmolab/lablink-client-base-image:linux-amd64-test@sha256:1ec2fde6860186b3d45ac83890167258f83512955dbce65f072d4e8c310cb9de,0.2799713611602783,sleap-lablink-client-prod-vm-4,initializing,,0,1788389430.0,1788389454.0,,,,,,1788389454.980496,,1788389514.866502,i-0c92ab1873f5417ba
1788389632.514536,5,1,ghcr.io/talmolab/lablink-client-base-image:linux-amd64-test@sha256:1ec2fde6860186b3d45ac83890167258f83512955dbce65f072d4e8c310cb9de,0.2799713611602783,sleap-lablink-client-prod-vm-5,initializing,,0,1788389430.0,1788389454.0,,,,,,1788389454.981285,,1788389514.886902,i-02edbce051de8200a
1788389637.6113331,5,1,ghcr.io/talmolab/lablink-client-base-image:linux-amd64-test@sha256:1ec2fde6860186b3d45ac83890167258f83512955dbce65f072d4e8c310cb9de,0.2799713611602783,sleap-lablink-client-prod-vm-1,initializing,,0,1788389430.0,1788389454.0,,,,,,1788389454.97747,,1788389514.747853,i-0d0a8b81177a50dcd
1788389637.6113331,5,1,ghcr.io/talmolab/lablink-client-base-image:linux-amd64-test@sha256:1ec2fde6860186b3d45ac83890167258f83512955dbce65f072d4e8c310cb9de,0.2799713611602783,sleap-lablink-client-prod-vm-2,initializing,,0,1788389430.0,1788389454.0,,,,,,1788389454.978876,,1788389514.880421,i-075d1655ae16149db
1788389637.6113331,5,1,ghcr.io/talmolab/lablink-client-base-image:linux-amd64-test@sha256:1ec2fde6860186b3d45ac83890167258f83512955dbce65f072d4e8c310cb9de,0.2799713611602783,sleap-lablink-client-prod-vm-3,initializing,,0,1788389430.0,1788389454.0,,,,,,1788389454.979714,,1788389514.637216,i-07bbc1455104581e3
1788389637.6113331,5,1,ghcr.io/talmolab/lablink-client-base-image:linux-amd64-test@sha256:1ec2fde6860186b3d45ac83890167258f83512955dbce65f072d4e8c310cb9de,0.2799713611602783,sleap-lablink-client-prod-vm-4,initializing,,0,1788389430.0,1788389454.0,,,,,,1788389454.980496,,1788389514.866502,i-0c92ab1873f5417ba
1788389637.6113331,5,1,ghcr.io/talmolab/lablink-client-base-image:linux-amd64-test@sha256:1ec2fde6860186b3d45ac83890167258f83512955dbce65f072d4e8c310cb9de,0.2799713611602783,sleap-lablink-client-prod-vm-5,initializing,,0,1788389430.0,1788389454.0,,,,,,1788389454.981285,,1788389514.886902,i-02edbce051de8200a
1788389642.6380749,5,1,ghcr.io/talmolab/lablink-client-base-image:linux-amd64-test@sha256:1ec2fde6860186b3d45ac83890167258f83512955dbce65f072d4e8c310cb9de,0.2799713611602783,sleap-lablink-client-prod-vm-1,initializing,,0,1788389430.0,1788389454.0,,,,,,1788389454.97747,,1788389514.747853,i-0d0a8b81177a50dcd
1788389642.6380749,5,1,ghcr.io/talmolab/lablink-client-base-image:linux-amd64-test@sha256:1ec2fde6860186b3d45ac83890167258f83512955dbce65f072d4e8c310cb9de,0.2799713611602783,sleap-lablink-client-prod-vm-2,initializing,,0,1788389430.0,1788389454.0,,,,,,1788389454.978876,,1788389514.880421,i-075d1655ae16149db
1788389642.6380749,5,1,ghcr.io/talmolab/lablink-client-base-image:linux-amd64-test@sha256:1ec2fde6860186b3d45ac83890167258f83512955dbce65f072d4e8c310cb9de,0.2799713611602783,sleap-lablink-client-prod-vm-3,initializing,,0,1788389430.0,1788389454.0,,,,,,1788389454.979714,,1788389514.637216,i-07bbc1455104581e3
1788389642.6380749,5,1,ghcr.io/talmolab/lablink-client-base-image:linux-amd64-test@sha256:1ec2fde6860186b3d45ac83890167258f83512955dbce65f072d4e8c310cb9de,0.2799713611602783,sleap-lablink-client-prod-vm-4,initializing,,0,1788389430.0,1788389454.0,,,,,,1788389454.980496,,1788389514.866502,i-0c92ab1873f5417ba
1788389642.6380749,5,1,ghcr.io/talmolab/lablink-client-base-image:linux-amd64-test@sha256:1ec2fde6860186b3d45ac83890167258f83512955dbce65f072d4e8c310cb9de,0.2799713611602783,sleap-lablink-client-prod-vm-5,initializing,,0,1788389430.0,1788389454.0,,,,,,1788389454.981285,,1788389514.886902,i-02edbce051de8200a
1788389647.725301,5,1,ghcr.io/talmolab/lablink-client-base-image:linux-amd64-test@sha256:1ec2fde6860186b3d45ac83890167258f83512955dbce65f072d4e8c310cb9de,0.2799713611602783,sleap-lablink-client-prod-vm-1,initializing,,0,1788389430.0,1788389454.0,,,,,,1788389454.97747,,1788389514.747853,i-0d0a8b81177a50dcd
1788389647.725301,5,1,ghcr.io/talmolab/lablink-client-base-image:linux-amd64-test@sha256:1ec2fde6860186b3d45ac83890167258f83512955dbce65f072d4e8c310cb9de,0.2799713611602783,sleap-lablink-client-prod-vm-2,initializing,,0,1788389430.0,1788389454.0,,,,,,1788389454.978876,,1788389514.880421,i-075d1655ae16149db
1788389647.725301,5,1,ghcr.io/talmolab/lablink-client-base-image:linux-amd64-test@sha256:1ec2fde6860186b3d45ac83890167258f83512955dbce65f072d4e8c310cb9de,0.2799713611602783,sleap-lablink-client-prod-vm-3,initializing,,0,1788389430.0,1788389454.0,,,,,,1788389454.979714,,1788389514.637216,i-07bbc1455104581e3
1788389647.725301,5,1,ghcr.io/talmolab/lablink-client-base-image:linux-amd64-test@sha256:1ec2fde6860186b3d45ac83890167258f83512955dbce65f072d4e8c310cb9de,0.2799713611602783,sleap-lablink-client-prod-vm-4,initializing,,0,1788389430.0,1788389454.0,,,,,,1788389454.980496,,1788389514.866502,i-0c92ab1873f5417ba
1788389647.725301,5,1,ghcr.io/talmolab/lablink-client-base-image:linux-amd64-test@sha256:1ec2fde6860186b3d45ac83890167258f83512955dbce65f072d4e8c310cb9de,0.2799713611602783,sleap-lablink-client-prod-vm-5,initializing,,0,1788389430.0,1788389454.0,,,,,,1788389454.981285,,1788389514.886902,i-02edbce051de8200a
1788389652.653457,5,1,ghcr.io/talmolab/lablink-client-base-image:linux-amd64-test@sha256:1ec2fde6860186b3d45ac83890167258f83512955dbce65f072d4e8c310cb9de,0.2799713611602783,sleap-lablink-client-prod-vm-1,initializing,,0,1788389430.0,1788389454.0,,,,,,1788389454.97747,,1788389514.747853,i-0d0a8b81177a50dcd
1788389652.653457,5,1,ghcr.io/talmolab/lablink-client-base-image:linux-amd64-test@sha256:1ec2fde6860186b3d45ac83890167258f83512955dbce65f072d4e8c310cb9de,0.2799713611602783,sleap-lablink-client-prod-vm-2,initializing,,0,1788389430.0,1788389454.0,,,,,,1788389454.978876,,1788389514.880421,i-075d1655ae16149db
1788389652.653457,5,1,ghcr.io/talmolab/lablink-client-base-image:linux-amd64-test@sha256:1ec2fde6860186b3d45ac83890167258f83512955dbce65f072d4e8c310cb9de,0.2799713611602783,sleap-lablink-client-prod-vm-3,initializing,,0,1788389430.0,1788389454.0,,,,,,1788389454.979714,,1788389514.637216,i-07bbc1455104581e3
1788389652.653457,5,1,ghcr.io/talmolab/lablink-client-base-image:linux-amd64-test@sha256:1ec2fde6860186b3d45ac83890167258f83512955dbce65f072d4e8c310cb9de,0.2799713611602783,sleap-lablink-client-prod-vm-4,initializing,,0,1788389430.0,1788389454.0,,,,,,1788389454.980496,,1788389514.866502,i-0c92ab1873f5417ba
1788389652.653457,5,1,ghcr.io/talmolab/lablink-client-base-image:linux-amd64-test@sha256:1ec2fde6860186b3d45ac83890167258f83512955dbce65f072d4e8c310cb9de,0.2799713611602783,sleap-lablink-client-prod-vm-5,initializing,,0,1788389430.0,1788389454.0,,,,,,1788389454.981285,,1788389514.886902,i-02edbce051de8200a
1788389657.679179,5,1,ghcr.io/talmolab/lablink-client-base-image:linux-amd64-test@sha256:1ec2fde6860186b3d45ac83890167258f83512955dbce65f072d4e8c310cb9de,0.2799713611602783,sleap-lablink-client-prod-vm-1,initializing,,0,1788389430.0,1788389454.0,,,,,,1788389454.97747,,1788389656.725983,i-0d0a8b81177a50dcd
1788389657.679179,5,1,ghcr.io/talmolab/lablink-client-base-image:linux-amd64-test@sha256:1ec2fde6860186b3d45ac83890167258f83512955dbce65f072d4e8c310cb9de,0.2799713611602783,sleap-lablink-client-prod-vm-2,initializing,,0,1788389430.0,1788389454.0,,,,,,1788389454.978876,,1788389655.768063,i-075d1655ae16149db
1788389657.679179,5,1,ghcr.io/talmolab/lablink-client-base-image:linux-amd64-test@sha256:1ec2fde6860186b3d45ac83890167258f83512955dbce65f072d4e8c310cb9de,0.2799713611602783,sleap-lablink-client-prod-vm-3,initializing,,0,1788389430.0,1788389454.0,,,,,,1788389454.979714,,1788389655.614524,i-07bbc1455104581e3
1788389657.679179,5,1,ghcr.io/talmolab/lablink-client-base-image:linux-amd64-test@sha256:1ec2fde6860186b3d45ac83890167258f83512955dbce65f072d4e8c310cb9de,0.2799713611602783,sleap-lablink-client-prod-vm-4,initializing,,0,1788389430.0,1788389454.0,,,,,,1788389454.980496,,1788389654.939771,i-0c92ab1873f5417ba
1788389657.679179,5,1,ghcr.io/talmolab/lablink-client-base-image:linux-amd64-test@sha256:1ec2fde6860186b3d45ac83890167258f83512955dbce65f072d4e8c310cb9de,0.2799713611602783,sleap-lablink-client-prod-vm-5,initializing,,0,1788389430.0,1788389454.0,,,,,,1788389454.981285,,1788389656.83541,i-02edbce051de8200a
1788389662.5990589,5,1,ghcr.io/talmolab/lablink-client-base-image:linux-amd64-test@sha256:1ec2fde6860186b3d45ac83890167258f83512955dbce65f072d4e8c310cb9de,0.2799713611602783,sleap-lablink-client-prod-vm-1,initializing,,0,1788389430.0,1788389454.0,,,,,,1788389454.97747,,1788389656.725983,i-0d0a8b81177a50dcd
1788389662.5990589,5,1,ghcr.io/talmolab/lablink-client-base-image:linux-amd64-test@sha256:1ec2fde6860186b3d45ac83890167258f83512955dbce65f072d4e8c310cb9de,0.2799713611602783,sleap-lablink-client-prod-vm-2,initializing,,0,1788389430.0,1788389454.0,,,,,,1788389454.978876,,1788389655.768063,i-075d1655ae16149db
1788389662.5990589,5,1,ghcr.io/talmolab/lablink-client-base-image:linux-amd64-test@sha256:1ec2fde6860186b3d45ac83890167258f83512955dbce65f072d4e8c310cb9de,0.2799713611602783,sleap-lablink-client-prod-vm-3,initializing,,0,1788389430.0,1788389454.0,,,,,,1788389454.979714,,1788389655.614524,i-07bbc1455104581e3
1788389662.5990589,5,1,ghcr.io/talmolab/lablink-client-base-image:linux-amd64-test@sha256:1ec2fde6860186b3d45ac83890167258f83512955dbce65f072d4e8c310cb9de,0.2799713611602783,sleap-lablink-client-prod-vm-4,initializing,,0,1788389430.0,1788389454.0,,,,,,1788389454.980496,,1788389654.939771,i-0c92ab1873f5417ba
1788389662.5990589,5,1,ghcr.io/talmolab/lablink-client-base-image:linux-amd64-test@sha256:1ec2fde6860186b3d45ac83890167258f83512955dbce65f072d4e8c310cb9de,0.2799713611602783,sleap-lablink-client-prod-vm-5,initializing,,0,1788389430.0,1788389454.0,,,,,,1788389454.981285,,1788389656.83541,i-02edbce051de8200a
1788389667.648362,5,1,ghcr.io/talmolab/lablink-client-base-image:linux-amd64-test@sha256:1ec2fde6860186b3d45ac83890167258f83512955dbce65f072d4e8c310cb9de,0.2799713611602783,sleap-lablink-client-prod-vm-1,initializing,,0,1788389430.0,1788389454.0,,,,,,1788389454.97747,,1788389656.725983,i-0d0a8b81177a50dcd
1788389667.648362,5,1,ghcr.io/talmolab/lablink-client-base-image:linux-amd64-test@sha256:1ec2fde6860186b3d45ac83890167258f83512955dbce65f072d4e8c310cb9de,0.2799713611602783,sleap-lablink-client-prod-vm-2,initializing,,0,1788389430.0,1788389454.0,,,,,,1788389454.978876,,1788389655.768063,i-075d1655ae16149db
1788389667.648362,5,1,ghcr.io/talmolab/lablink-client-base-image:linux-amd64-test@sha256:1ec2fde6860186b3d45ac83890167258f83512955dbce65f072d4e8c310cb9de,0.2799713611602783,sleap-lablink-client-prod-vm-3,initializing,,0,1788389430.0,1788389454.0,,,,,,1788389454.979714,,1788389655.614524,i-07bbc1455104581e3
1788389667.648362,5,1,ghcr.io/talmolab/lablink-client-base-image:linux-amd64-test@sha256:1ec2fde6860186b3d45ac83890167258f83512955dbce65f072d4e8c310cb9de,0.2799713611602783,sleap-lablink-client-prod-vm-4,initializing,,0,1788389430.0,1788389454.0,,,,,,1788389454.980496,,1788389654.939771,i-0c92ab1873f5417ba
1788389667.648362,5,1,ghcr.io/talmolab/lablink-client-base-image:linux-amd64-test@sha256:1ec2fde6860186b3d45ac83890167258f83512955dbce65f072d4e8c310cb9de,0.2799713611602783,sleap-lablink-client-prod-vm-5,initializing,,0,1788389430.0,1788389454.0,,,,,,1788389454.981285,,1788389656.83541,i-02edbce051de8200a
1788389672.672569,5,1,ghcr.io/talmolab/lablink-client-base-image:linux-amd64-test@sha256:1ec2fde6860186b3d45ac83890167258f83512955dbce65f072d4e8c310cb9de,0.2799713611602783,sleap-lablink-client-prod-vm-1,initializing,,0,1788389430.0,1788389454.0,,,,,,1788389454.97747,,1788389656.725983,i-0d0a8b81177a50dcd
1788389672.672569,5,1,ghcr.io/talmolab/lablink-client-base-image:linux-amd64-test@sha256:1ec2fde6860186b3d45ac83890167258f83512955dbce65f072d4e8c310cb9de,0.2799713611602783,sleap-lablink-client-prod-vm-2,initializing,,0,1788389430.0,1788389454.0,,,,,,1788389454.978876,,1788389655.768063,i-075d1655ae16149db
1788389672.672569,5,1,ghcr.io/talmolab/lablink-client-base-image:linux-amd64-test@sha256:1ec2fde6860186b3d45ac83890167258f83512955dbce65f072d4e8c310cb9de,0.2799713611602783,sleap-lablink-client-prod-vm-3,initializing,,0,1788389430.0,1788389454.0,,,,,,1788389454.979714,,1788389655.614524,i-07bbc1455104581e3
1788389672.672569,5,1,ghcr.io/talmolab/lablink-client-base-image:linux-amd64-test@sha256:1ec2fde6860186b3d45ac83890167258f83512955dbce65f072d4e8c310cb9de,0.2799713611602783,sleap-lablink-client-prod-vm-4,initializing,,0,1788389430.0,1788389454.0,,,,,,1788389454.980496,,1788389654.939771,i-0c92ab1873f5417ba
1788389672.672569,5,1,ghcr.io/talmolab/lablink-client-base-image:linux-amd64-test@sha256:1ec2fde6860186b3d45ac83890167258f83512955dbce65f072d4e8c310cb9de,0.2799713611602783,sleap-lablink-client-prod-vm-5,initializing,,0,1788389430.0,1788389454.0,,,,,,1788389454.981285,,1788389656.83541,i-02edbce051de8200a
1788389677.6144152,5,1,ghcr.io/talmolab/lablink-client-base-image:linux-amd64-test@sha256:1ec2fde6860186b3d45ac83890167258f83512955dbce65f072d4e8c310cb9de,0.2799713611602783,sleap-lablink-client-prod-vm-1,initializing,,0,1788389430.0,1788389454.0,,,,,,1788389454.97747,,1788389656.725983,i-0d0a8b81177a50dcd
1788389677.6144152,5,1,ghcr.io/talmolab/lablink-client-base-image:linux-amd64-test@sha256:1ec2fde6860186b3d45ac83890167258f83512955dbce65f072d4e8c310cb9de,0.2799713611602783,sleap-lablink-client-prod-vm-2,initializing,,0,1788389430.0,1788389454.0,,,,,,1788389454.978876,,1788389655.768063,i-075d1655ae16149db
1788389677.6144152,5,1,ghcr.io/talmolab/lablink-client-base-image:linux-amd64-test@sha256:1ec2fde6860186b3d45ac83890167258f83512955dbce65f072d4e8c310cb9de,0.2799713611602783,sleap-lablink-client-prod-vm-3,initializing,,0,1788389430.0,1788389454.0,,,,,,1788389454.979714,,1788389655.614524,i-07bbc1455104581e3
1788389677.6144152,5,1,ghcr.io/talmolab/lablink-client-base-image:linux-amd64-test@sha256:1ec2fde6860186b3d45ac83890167258f83512955dbce65f072d4e8c310cb9de,0.2799713611602783,sleap-lablink-client-prod-vm-4,initializing,,0,1788389430.0,1788389454.0,,,,,,1788389454.980496,,1788389654.939771,i-0c92ab1873f5417ba
1788389677.6144152,5,1,ghcr.io/talmolab/lablink-client-base-image:linux-amd64-test@sha256:1ec2fde6860186b3d45ac83890167258f83512955dbce65f072d4e8c310cb9de,0.2799713611602783,sleap-lablink-client-prod-vm-5,initializing,,0,1788389430.0,1788389454.0,,,,,,1788389454.981285,,1788389656.83541,i-02edbce051de8200a
1788389682.643564,5,1,ghcr.io/talmolab/lablink-client-base-image:linux-amd64-test@sha256:1ec2fde6860186b3d45ac83890167258f83512955dbce65f072d4e8c310cb9de,0.2799713611602783,sleap-lablink-client-prod-vm-1,initializing,,0,1788389430.0,1788389454.0,,,,,,1788389454.97747,,1788389656.725983,i-0d0a8b81177a50dcd
1788389682.643564,5,1,ghcr.io/talmolab/lablink-client-base-image:linux-amd64-test@sha256:1ec2fde6860186b3d45ac83890167258f83512955dbce65f072d4e8c310cb9de,0.2799713611602783,sleap-lablink-client-prod-vm-2,initializing,,0,1788389430.0,1788389454.0,,,,,,1788389454.978876,,1788389655.768063,i-075d1655ae16149db
1788389682.643564,5,1,ghcr.io/talmolab/lablink-client-base-image:linux-amd64-test@sha256:1ec2fde6860186b3d45ac83890167258f83512955dbce65f072d4e8c310cb9de,0.2799713611602783,sleap-lablink-client-prod-vm-3,initializing,,0,1788389430.0,1788389454.0,,,,,,1788389454.979714,,1788389655.614524,i-07bbc1455104581e3
1788389682.643564,5,1,ghcr.io/talmolab/lablink-client-base-image:linux-amd64-test@sha256:1ec2fde6860186b3d45ac83890167258f83512955dbce65f072d4e8c310cb9de,0.2799713611602783,sleap-lablink-client-prod-vm-4,initializing,,0,1788389430.0,1788389454.0,,,,,,1788389454.980496,,1788389654.939771,i-0c92ab1873f5417ba
1788389682.643564,5,1,ghcr.io/talmolab/lablink-client-base-image:linux-amd64-test@sha256:1ec2fde6860186b3d45ac83890167258f83512955dbce65f072d4e8c310cb9de,0.2799713611602783,sleap-lablink-client-prod-vm-5,initializing,,0,1788389430.0,1788389454.0,,,,,,1788389454.981285,,1788389656.83541,i-02edbce051de8200a
1788389687.6753511,5,1,ghcr.io/talmolab/lablink-client-base-image:linux-amd64-test@sha256:1ec2fde6860186b3d45ac83890167258f83512955dbce65f072d4e8c310cb9de,0.2799713611602783,sleap-lablink-client-prod-vm-1,initializing,,0,1788389430.0,1788389454.0,,,,,,1788389454.97747,,1788389656.725983,i-0d0a8b81177a50dcd
1788389687.6753511,5,1,ghcr.io/talmolab/lablink-client-base-image:linux-amd64-test@sha256:1ec2fde6860186b3d45ac83890167258f83512955dbce65f072d4e8c310cb9de,0.2799713611602783,sleap-lablink-client-prod-vm-2,initializing,,0,1788389430.0,1788389454.0,,,,,,1788389454.978876,,1788389655.768063,i-075d1655ae16149db
1788389687.6753511,5,1,ghcr.io/talmolab/lablink-client-base-image:linux-amd64-test@sha256:1ec2fde6860186b3d45ac83890167258f83512955dbce65f072d4e8c310cb9de,0.2799713611602783,sleap-lablink-client-prod-vm-3,initializing,,0,1788389430.0,1788389454.0,,,,,,1788389454.979714,,1788389655.614524,i-07bbc1455104581e3
1788389687.6753511,5,1,ghcr.io/talmolab/lablink-client-base-image:linux-amd64-test@sha256:1ec2fde6860186b3d45ac83890167258f83512955dbce65f072d4e8c310cb9de,0.2799713611602783,sleap-lablink-client-prod-vm-4,initializing,,0,1788389430.0,1788389454.0,,,,,,1788389454.980496,,1788389654.939771,i-0c92ab1873f5417ba
1788389687.6753511,5,1,ghcr.io/talmolab/lablink-client-base-image:linux-amd64-test@sha256:1ec2fde6860186b3d45ac83890167258f83512955dbce65f072d4e8c310cb9de,0.2799713611602783,sleap-lablink-client-prod-vm-5,initializing,,0,1788389430.0,1788389454.0,,,,,,1788389454.981285,,1788389656.83541,i-02edbce051de8200a
1788389692.657467,5,1,ghcr.io/talmolab/lablink-client-base-image:linux-amd64-test@sha256:1ec2fde6860186b3d45ac83890167258f83512955dbce65f072d4e8c310cb9de,0.2799713611602783,sleap-lablink-client-prod-vm-1,initializing,,0,1788389430.0,1788389454.0,,,,,,1788389454.97747,,1788389656.725983,i-0d0a8b81177a50dcd
1788389692.657467,5,1,ghcr.io/talmolab/lablink-client-base-image:linux-amd64-test@sha256:1ec2fde6860186b3d45ac83890167258f83512955dbce65f072d4e8c310cb9de,0.2799713611602783,sleap-lablink-client-prod-vm-2,initializing,,0,1788389430.0,1788389454.0,,,,,,1788389454.978876,,1788389655.768063,i-075d1655ae16149db
1788389692.657467,5,1,ghcr.io/talmolab/lablink-client-base-image:linux-amd64-test@sha256:1ec2fde6860186b3d45ac83890167258f83512955dbce65f072d4e8c310cb9de,0.2799713611602783,sleap-lablink-client-prod-vm-3,initializing,,0,1788389430.0,1788389454.0,,,,,,1788389454.979714,,1788389655.614524,i-07bbc1455104581e3
1788389692.657467,5,1,ghcr.io/talmolab/lablink-client-base-image:linux-amd64-test@sha256:1ec2fde6860186b3d45ac83890167258f83512955dbce65f072d4e8c310cb9de,0.2799713611602783,sleap-lablink-client-prod-vm-4,initializing,,0,1788389430.0,1788389454.0,,,,,,1788389454.980496,,1788389654.939771,i-0c92ab1873f5417ba
1788389692.657467,5,1,ghcr.io/talmolab/lablink-client-base-image:linux-amd64-test@sha256:1ec2fde6860186b3d45ac83890167258f83512955dbce65f072d4e8c310cb9de,0.2799713611602783,sleap-lablink-client-prod-vm-5,initializing,,0,1788389430.0,1788389454.0,,,,,,1788389454.981285,,1788389656.83541,i-02edbce051de8200a
1788389697.6544719,5,1,ghcr.io/talmolab/lablink-client-base-image:linux-amd64-test@sha256:1ec2fde6860186b3d45ac83890167258f83512955dbce65f072d4e8c310cb9de,0.2799713611602783,sleap-lablink-client-prod-vm-1,initializing,,0,1788389430.0,1788389454.0,,,,,,1788389454.97747,,1788389656.725983,i-0d0a8b81177a50dcd
1788389697.6544719,5,1,ghcr.io/talmolab/lablink-client-base-image:linux-amd64-test@sha256:1ec2fde6860186b3d45ac83890167258f83512955dbce65f072d4e8c310cb9de,0.2799713611602783,sleap-lablink-client-prod-vm-2,initializing,,0,1788389430.0,1788389454.0,,,,,,1788389454.978876,,1788389655.768063,i-075d1655ae16149db
1788389697.6544719,5,1,ghcr.io/talmolab/lablink-client-base-image:linux-amd64-test@sha256:1ec2fde6860186b3d45ac83890167258f83512955dbce65f072d4e8c310cb9de,0.2799713611602783,sleap-lablink-client-prod-vm-3,initializing,,0,1788389430.0,1788389454.0,,,,,,1788389454.979714,,1788389655.614524,i-07bbc1455104581e3
1788389697.6544719,5,1,ghcr.io/talmolab/lablink-client-base-image:linux-amd64-test@sha256:1ec2fde6860186b3d45ac83890167258f83512955dbce65f072d4e8c310cb9de,0.2799713611602783,sleap-lablink-client-prod-vm-4,initializing,,0,1788389430.0,1788389454.0,,,,,,1788389454.980496,,1788389654.939771,i-0c92ab1873f5417ba
1788389697.6544719,5,1,ghcr.io/talmolab/lablink-client-base-image:linux-amd64-test@sha256:1ec2fde6860186b3d45ac83890167258f83512955dbce65f072d4e8c310cb9de,0.2799713611602783,sleap-lablink-client-prod-vm-5,initializing,,0,1788389430.0,1788389454.0,,,,,,1788389454.981285,,1788389656.83541,i-02edbce051de8200a
1788389702.742542,5,1,ghcr.io/talmolab/lablink-client-base-image:linux-amd64-test@sha256:1ec2fde6860186b3d45ac83890167258f83512955dbce65f072d4e8c310cb9de,0.2799713611602783,sleap-lablink-client-prod-vm-1,initializing,,0,1788389430.0,1788389454.0,,,,,,1788389454.97747,,1788389656.725983,i-0d0a8b81177a50dcd
1788389702.742542,5,1,ghcr.io/talmolab/lablink-client-base-image:linux-amd64-test@sha256:1ec2fde6860186b3d45ac83890167258f83512955dbce65f072d4e8c310cb9de,0.2799713611602783,sleap-lablink-client-prod-vm-2,initializing,,0,1788389430.0,1788389454.0,,,,,,1788389454.978876,,1788389655.768063,i-075d1655ae16149db
1788389702.742542,5,1,ghcr.io/talmolab/lablink-client-base-image:linux-amd64-test@sha256:1ec2fde6860186b3d45ac83890167258f83512955dbce65f072d4e8c310cb9de,0.2799713611602783,sleap-lablink-client-prod-vm-3,initializing,,0,1788389430.0,1788389454.0,,,,,,1788389454.979714,,1788389655.614524,i-07bbc1455104581e3
1788389702.742542,5,1,ghcr.io/talmolab/lablink-client-base-image:linux-amd64-test@sha256:1ec2fde6860186b3d45ac83890167258f83512955dbce65f072d4e8c310cb9de,0.2799713611602783,sleap-lablink-client-prod-vm-4,initializing,,0,1788389430.0,1788389454.0,,,,,,1788389454.980496,,1788389654.939771,i-0c92ab1873f5417ba
1788389702.742542,5,1,ghcr.io/talmolab/lablink-client-base-image:linux-amd64-test@sha256:1ec2fde6860186b3d45ac83890167258f83512955dbce65f072d4e8c310cb9de,0.2799713611602783,sleap-lablink-client-prod-vm-5,initializing,,0,1788389430.0,1788389454.0,,,,,,1788389454.981285,,1788389656.83541,i-02edbce051de8200a
1788389707.629845,5,1,ghcr.io/talmolab/lablink-client-base-image:linux-amd64-test@sha256:1ec2fde6860186b3d45ac83890167258f83512955dbce65f072d4e8c310cb9de,0.2799713611602783,sleap-lablink-client-prod-vm-1,initializing,,0,1788389430.0,1788389454.0,,,,,,1788389454.97747,,1788389656.725983,i-0d0a8b81177a50dcd
1788389707.629845,5,1,ghcr.io/talmolab/lablink-client-base-image:linux-amd64-test@sha256:1ec2fde6860186b3d45ac83890167258f83512955dbce65f072d4e8c310cb9de,0.2799713611602783,sleap-lablink-client-prod-vm-2,initializing,,0,1788389430.0,1788389454.0,,,,,,1788389454.978876,,1788389655.768063,i-075d1655ae16149db
1788389707.629845,5,1,ghcr.io/talmolab/lablink-client-base-image:linux-amd64-test@sha256:1ec2fde6860186b3d45ac83890167258f83512955dbce65f072d4e8c310cb9de,0.2799713611602783,sleap-lablink-client-prod-vm-3,initializing,,0,1788389430.0,1788389454.0,,,,,,1788389454.979714,,1788389655.614524,i-07bbc1455104581e3
1788389707.629845,5,1,ghcr.io/talmolab/lablink-client-base-image:linux-amd64-test@sha256:1ec2fde6860186b3d45ac83890167258f83512955dbce65f072d4e8c310cb9de,0.2799713611602783,sleap-lablink-client-prod-vm-4,initializing,,0,1788389430.0,1788389454.0,,,,,,1788389454.980496,,1788389654.939771,i-0c92ab1873f5417ba
1788389707.629845,5,1,ghcr.io/talmolab/lablink-client-base-image:linux-amd64-test@sha256:1ec2fde6860186b3d45ac83890167258f83512955dbce65f072d4e8c310cb9de,0.2799713611602783,sleap-lablink-client-prod-vm-5,initializing,,0,1788389430.0,1788389454.0,,,,,,1788389454.981285,,1788389656.83541,i-02edbce051de8200a
1788389712.754132,5,1,ghcr.io/talmolab/lablink-client-base-image:linux-amd64-test@sha256:1ec2fde6860186b3d45ac83890167258f83512955dbce65f072d4e8c310cb9de,0.2799713611602783,sleap-lablink-client-prod-vm-1,initializing,,0,1788389430.0,1788389454.0,,,,,,1788389454.97747,,1788389656.725983,i-0d0a8b81177a50dcd
1788389712.754132,5,1,ghcr.io/talmolab/lablink-client-base-image:linux-amd64-test@sha256:1ec2fde6860186b3d45ac83890167258f83512955dbce65f072d4e8c310cb9de,0.2799713611602783,sleap-lablink-client-prod-vm-2,initializing,,0,1788389430.0,1788389454.0,,,,,,1788389454.978876,,1788389655.768063,i-075d1655ae16149db
1788389712.754132,5,1,ghcr.io/talmolab/lablink-client-base-image:linux-amd64-test@sha256:1ec2fde6860186b3d45ac83890167258f83512955dbce65f072d4e8c310cb9de,0.2799713611602783,sleap-lablink-client-prod-vm-3,initializing,,0,1788389430.0,1788389454.0,,,,,,1788389454.979714,,1788389655.614524,i-07bbc1455104581e3
1788389712.754132,5,1,ghcr.io/talmolab/lablink-client-base-image:linux-amd64-test@sha256:1ec2fde6860186b3d45ac83890167258f83512955dbce65f072d4e8c310cb9de,0.2799713611602783,sleap-lablink-client-prod-vm-4,initializing,,0,1788389430.0,1788389454.0,,,,,,1788389454.980496,,1788389654.939771,i-0c92ab1873f5417ba
1788389712.754132,5,1,ghcr.io/talmolab/lablink-client-base-image:linux-amd64-test@sha256:1ec2fde6860186b3d45ac83890167258f83512955dbce65f072d4e8c310cb9de,0.2799713611602783,sleap-lablink-client-prod-vm-5,initializing,,0,1788389430.0,1788389454.0,,,,,,1788389454.981285,,1788389656.83541,i-02edbce051de8200a
1788389717.997617,5,1,ghcr.io/talmolab/lablink-client-base-image:linux-amd64-test@sha256:1ec2fde6860186b3d45ac83890167258f83512955dbce65f072d4e8c310cb9de,0.2799713611602783,sleap-lablink-client-prod-vm-1,initializing,,0,1788389430.0,1788389454.0,,,,,,1788389454.97747,,1788389656.725983,i-0d0a8b81177a50dcd
1788389717.997617,5,1,ghcr.io/talmolab/lablink-client-base-image:linux-amd64-test@sha256:1ec2fde6860186b3d45ac83890167258f83512955dbce65f072d4e8c310cb9de,0.2799713611602783,sleap-lablink-client-prod-vm-2,initializing,,0,1788389430.0,1788389454.0,,,,,,1788389454.978876,,1788389655.768063,i-075d1655ae16149db
1788389717.997617,5,1,ghcr.io/talmolab/lablink-client-base-image:linux-amd64-test@sha256:1ec2fde6860186b3d45ac83890167258f83512955dbce65f072d4e8c310cb9de,0.2799713611602783,sleap-lablink-client-prod-vm-3,initializing,,0,1788389430.0,1788389454.0,,,,,,1788389454.979714,,1788389655.614524,i-07bbc1455104581e3
1788389717.997617,5,1,ghcr.io/talmolab/lablink-client-base-image:linux-amd64-test@sha256:1ec2fde6860186b3d45ac83890167258f83512955dbce65f072d4e8c310cb9de,0.2799713611602783,sleap-lablink-client-prod-vm-4,initializing,,0,1788389430.0,1788389454.0,1788389512.0,1788389717.0,,,229.0,1788389454.980496,,1788389717.511474,i-0c92ab1873f5417ba
1788389717.997617,5,1,ghcr.io/talmolab/lablink-client-base-image:linux-amd64-test@sha256:1ec2fde6860186b3d45ac83890167258f83512955dbce65f072d4e8c310cb9de,0.2799713611602783,sleap-lablink-client-prod-vm-5,initializing,,0,1788389430.0,1788389454.0,,,,,,1788389454.981285,,1788389656.83541,i-02edbce051de8200a
1788389722.702559,5,1,ghcr.io/talmolab/lablink-client-base-image:linux-amd64-test@sha256:1ec2fde6860186b3d45ac83890167258f83512955dbce65f072d4e8c310cb9de,0.2799713611602783,sleap-lablink-client-prod-vm-1,initializing,,0,1788389430.0,1788389454.0,1788389512.0,1788389719.0,,,231.0,1788389454.97747,,1788389719.449542,i-0d0a8b81177a50dcd
1788389722.702559,5,1,ghcr.io/talmolab/lablink-client-base-image:linux-amd64-test@sha256:1ec2fde6860186b3d45ac83890167258f83512955dbce65f072d4e8c310cb9de,0.2799713611602783,sleap-lablink-client-prod-vm-2,initializing,,0,1788389430.0,1788389454.0,1788389512.0,1788389718.0,,,230.0,1788389454.978876,,1788389718.25623,i-075d1655ae16149db
1788389722.702559,5,1,ghcr.io/talmolab/lablink-client-base-image:linux-amd64-test@sha256:1ec2fde6860186b3d45ac83890167258f83512955dbce65f072d4e8c310cb9de,0.2799713611602783,sleap-lablink-client-prod-vm-3,initializing,,0,1788389430.0,1788389454.0,1788389512.0,1788389718.0,,,230.0,1788389454.979714,,1788389718.277061,i-07bbc1455104581e3
1788389722.702559,5,1,ghcr.io/talmolab/lablink-client-base-image:linux-amd64-test@sha256:1ec2fde6860186b3d45ac83890167258f83512955dbce65f072d4e8c310cb9de,0.2799713611602783,sleap-lablink-client-prod-vm-4,initializing,,0,1788389430.0,1788389454.0,1788389512.0,1788389717.0,,,229.0,1788389454.980496,,1788389717.511474,i-0c92ab1873f5417ba
1788389722.702559,5,1,ghcr.io/talmolab/lablink-client-base-image:linux-amd64-test@sha256:1ec2fde6860186b3d45ac83890167258f83512955dbce65f072d4e8c310cb9de,0.2799713611602783,sleap-lablink-client-prod-vm-5,initializing,,0,1788389430.0,1788389454.0,1788389512.0,1788389719.0,,,231.0,1788389454.981285,,1788389719.382744,i-02edbce051de8200a
1788389727.600448,5,1,ghcr.io/talmolab/lablink-client-base-image:linux-amd64-test@sha256:1ec2fde6860186b3d45ac83890167258f83512955dbce65f072d4e8c310cb9de,0.2799713611602783,sleap-lablink-client-prod-vm-1,initializing,,0,1788389430.0,1788389454.0,1788389512.0,1788389719.0,,,231.0,1788389454.97747,,1788389719.449542,i-0d0a8b81177a50dcd
1788389727.600448,5,1,ghcr.io/talmolab/lablink-client-base-image:linux-amd64-test@sha256:1ec2fde6860186b3d45ac83890167258f83512955dbce65f072d4e8c310cb9de,0.2799713611602783,sleap-lablink-client-prod-vm-2,initializing,,0,1788389430.0,1788389454.0,1788389512.0,1788389718.0,,,230.0,1788389454.978876,,1788389718.25623,i-075d1655ae16149db
1788389727.600448,5,1,ghcr.io/talmolab/lablink-client-base-image:linux-amd64-test@sha256:1ec2fde6860186b3d45ac83890167258f83512955dbce65f072d4e8c310cb9de,0.2799713611602783,sleap-lablink-client-prod-vm-3,running,Healthy,0,1788389430.0,1788389454.0,1788389512.0,1788389718.0,1788389655.0,1788389725.0,300.0,1788389454.979714,,1788389727.133339,i-07bbc1455104581e3
1788389727.600448,5,1,ghcr.io/talmolab/lablink-client-base-image:linux-amd64-test@sha256:1ec2fde6860186b3d45ac83890167258f83512955dbce65f072d4e8c310cb9de,0.2799713611602783,sleap-lablink-client-prod-vm-4,initializing,,0,1788389430.0,1788389454.0,1788389512.0,1788389717.0,,,229.0,1788389454.980496,,1788389717.511474,i-0c92ab1873f5417ba
1788389727.600448,5,1,ghcr.io/talmolab/lablink-client-base-image:linux-amd64-test@sha256:1ec2fde6860186b3d45ac83890167258f83512955dbce65f072d4e8c310cb9de,0.2799713611602783,sleap-lablink-client-prod-vm-5,initializing,,0,1788389430.0,1788389454.0,1788389512.0,1788389719.0,,,231.0,1788389454.981285,,1788389719.382744,i-02edbce051de8200a
1788389732.662996,5,1,ghcr.io/talmolab/lablink-client-base-image:linux-amd64-test@sha256:1ec2fde6860186b3d45ac83890167258f83512955dbce65f072d4e8c310cb9de,0.2799713611602783,sleap-lablink-client-prod-vm-1,running,Healthy,0,1788389430.0,1788389454.0,1788389512.0,1788389719.0,1788389656.0,1788389729.0,304.0,1788389454.97747,,1788389731.554536,i-0d0a8b81177a50dcd
1788389732.662996,5,1,ghcr.io/talmolab/lablink-client-base-image:linux-amd64-test@sha256:1ec2fde6860186b3d45ac83890167258f83512955dbce65f072d4e8c310cb9de,0.2799713611602783,sleap-lablink-client-prod-vm-2,running,Healthy,0,1788389430.0,1788389454.0,1788389512.0,1788389718.0,1788389655.0,1788389730.0,305.0,1788389454.978876,,1788389731.650275,i-075d1655ae16149db
1788389732.662996,5,1,ghcr.io/talmolab/lablink-client-base-image:linux-amd64-test@sha256:1ec2fde6860186b3d45ac83890167258f83512955dbce65f072d4e8c310cb9de,0.2799713611602783,sleap-lablink-client-prod-vm-3,running,Healthy,0,1788389430.0,1788389454.0,1788389512.0,1788389718.0,1788389655.0,1788389725.0,300.0,1788389454.979714,,1788389727.133339,i-07bbc1455104581e3
1788389732.662996,5,1,ghcr.io/talmolab/lablink-client-base-image:linux-amd64-test@sha256:1ec2fde6860186b3d45ac83890167258f83512955dbce65f072d4e8c310cb9de,0.2799713611602783,sleap-lablink-client-prod-vm-4,running,Healthy,0,1788389430.0,1788389454.0,1788389512.0,1788389717.0,1788389654.0,1788389730.0,305.0,1788389454.980496,,1788389731.811276,i-0c92ab1873f5417ba
1788389732.662996,5,1,ghcr.io/talmolab/lablink-client-base-image:linux-amd64-test@sha256:1ec2fde6860186b3d45ac83890167258f83512955dbce65f072d4e8c310cb9de,0.2799713611602783,sleap-lablink-client-prod-vm-5,running,,0,1788389430.0,1788389454.0,1788389512.0,1788389719.0,1788389656.0,1788389731.0,306.0,1788389454.981285,,1788389731.506591,i-02edbce051de8200a
1788389737.68498,5,1,ghcr.io/talmolab/lablink-client-base-image:linux-amd64-test@sha256:1ec2fde6860186b3d45ac83890167258f83512955dbce65f072d4e8c310cb9de,0.2799713611602783,sleap-lablink-client-prod-vm-1,running,Healthy,0,1788389430.0,1788389454.0,1788389512.0,1788389719.0,1788389656.0,1788389729.0,304.0,1788389454.97747,1788389734.394763,1788389731.554536,i-0d0a8b81177a50dcd
1788389737.68498,5,1,ghcr.io/talmolab/lablink-client-base-image:linux-amd64-test@sha256:1ec2fde6860186b3d45ac83890167258f83512955dbce65f072d4e8c310cb9de,0.2799713611602783,sleap-lablink-client-prod-vm-2,running,Healthy,0,1788389430.0,1788389454.0,1788389512.0,1788389718.0,1788389655.0,1788389730.0,305.0,1788389454.978876,1788389734.412472,1788389731.650275,i-075d1655ae16149db
1788389737.68498,5,1,ghcr.io/talmolab/lablink-client-base-image:linux-amd64-test@sha256:1ec2fde6860186b3d45ac83890167258f83512955dbce65f072d4e8c310cb9de,0.2799713611602783,sleap-lablink-client-prod-vm-3,running,Healthy,0,1788389430.0,1788389454.0,1788389512.0,1788389718.0,1788389655.0,1788389725.0,300.0,1788389454.979714,1788389734.398341,1788389727.133339,i-07bbc1455104581e3
1788389737.68498,5,1,ghcr.io/talmolab/lablink-client-base-image:linux-amd64-test@sha256:1ec2fde6860186b3d45ac83890167258f83512955dbce65f072d4e8c310cb9de,0.2799713611602783,sleap-lablink-client-prod-vm-4,running,Healthy,0,1788389430.0,1788389454.0,1788389512.0,1788389717.0,1788389654.0,1788389730.0,305.0,1788389454.980496,1788389734.394014,1788389731.811276,i-0c92ab1873f5417ba
1788389737.68498,5,1,ghcr.io/talmolab/lablink-client-base-image:linux-amd64-test@sha256:1ec2fde6860186b3d45ac83890167258f83512955dbce65f072d4e8c310cb9de,0.2799713611602783,sleap-lablink-client-prod-vm-5,running,Healthy,0,1788389430.0,1788389454.0,1788389512.0,1788389719.0,1788389656.0,1788389731.0,306.0,1788389454.981285,1788389734.414189,1788389733.176984,i-02edbce051de8200a
1788389742.617175,5,1,ghcr.io/talmolab/lablink-client-base-image:linux-amd64-test@sha256:1ec2fde6860186b3d45ac83890167258f83512955dbce65f072d4e8c310cb9de,0.2799713611602783,sleap-lablink-client-prod-vm-1,running,Healthy,0,1788389430.0,1788389454.0,1788389512.0,1788389719.0,1788389656.0,1788389729.0,304.0,1788389454.97747,1788389734.394763,1788389731.554536,i-0d0a8b81177a50dcd
1788389742.617175,5,1,ghcr.io/talmolab/lablink-client-base-image:linux-amd64-test@sha256:1ec2fde6860186b3d45ac83890167258f83512955dbce65f072d4e8c310cb9de,0.2799713611602783,sleap-lablink-client-prod-vm-2,running,Healthy,0,1788389430.0,1788389454.0,1788389512.0,1788389718.0,1788389655.0,1788389730.0,305.0,1788389454.978876,1788389734.412472,1788389731.650275,i-075d1655ae16149db
1788389742.617175,5,1,ghcr.io/talmolab/lablink-client-base-image:linux-amd64-test@sha256:1ec2fde6860186b3d45ac83890167258f83512955dbce65f072d4e8c310cb9de,0.2799713611602783,sleap-lablink-client-prod-vm-3,running,Healthy,0,1788389430.0,1788389454.0,1788389512.0,1788389718.0,1788389655.0,1788389725.0,300.0,1788389454.979714,1788389734.398341,1788389727.133339,i-07bbc1455104581e3
1788389742.617175,5,1,ghcr.io/talmolab/lablink-client-base-image:linux-amd64-test@sha256:1ec2fde6860186b3d45ac83890167258f83512955dbce65f072d4e8c310cb9de,0.2799713611602783,sleap-lablink-client-prod-vm-4,running,Healthy,0,1788389430.0,1788389454.0,1788389512.0,1788389717.0,1788389654.0,1788389730.0,305.0,1788389454.980496,1788389734.394014,1788389731.811276,i-0c92ab1873f5417ba
1788389742.617175,5,1,ghcr.io/talmolab/lablink-client-base-image:linux-amd64-test@sha256:1ec2fde6860186b3d45ac83890167258f83512955dbce65f072d4e8c310cb9de,0.2799713611602783,sleap-lablink-client-prod-vm-5,running,Healthy,0,1788389430.0,1788389454.0,1788389512.0,1788389719.0,1788389656.0,1788389731.0,306.0,1788389454.981285,1788389734.414189,1788389733.176984,i-02edbce051de8200a
1788389747.6672058,5,1,ghcr.io/talmolab/lablink-client-base-image:linux-amd64-test@sha256:1ec2fde6860186b3d45ac83890167258f83512955dbce65f072d4e8c310cb9de,0.2799713611602783,sleap-lablink-client-prod-vm-1,running,Healthy,0,1788389430.0,1788389454.0,1788389512.0,1788389719.0,1788389656.0,1788389729.0,304.0,1788389454.97747,1788389734.394763,1788389731.554536,i-0d0a8b81177a50dcd
1788389747.6672058,5,1,ghcr.io/talmolab/lablink-client-base-image:linux-amd64-test@sha256:1ec2fde6860186b3d45ac83890167258f83512955dbce65f072d4e8c310cb9de,0.2799713611602783,sleap-lablink-client-prod-vm-2,running,Healthy,0,1788389430.0,1788389454.0,1788389512.0,1788389718.0,1788389655.0,1788389730.0,305.0,1788389454.978876,1788389734.412472,1788389731.650275,i-075d1655ae16149db
1788389747.6672058,5,1,ghcr.io/talmolab/lablink-client-base-image:linux-amd64-test@sha256:1ec2fde6860186b3d45ac83890167258f83512955dbce65f072d4e8c310cb9de,0.2799713611602783,sleap-lablink-client-prod-vm-3,running,Healthy,0,1788389430.0,1788389454.0,1788389512.0,1788389718.0,1788389655.0,1788389725.0,300.0,1788389454.979714,1788389734.398341,1788389727.133339,i-07bbc1455104581e3
1788389747.6672058,5,1,ghcr.io/talmolab/lablink-client-base-image:linux-amd64-test@sha256:1ec2fde6860186b3d45ac83890167258f83512955dbce65f072d4e8c310cb9de,0.2799713611602783,sleap-lablink-client-prod-vm-4,running,Healthy,0,1788389430.0,1788389454.0,1788389512.0,1788389717.0,1788389654.0,1788389730.0,305.0,1788389454.980496,1788389734.394014,1788389731.811276,i-0c92ab1873f5417ba
1788389747.6672058,5,1,ghcr.io/talmolab/lablink-client-base-image:linux-amd64-test@sha256:1ec2fde6860186b3d45ac83890167258f83512955dbce65f072d4e8c310cb9de,0.2799713611602783,sleap-lablink-client-prod-vm-5,running,Healthy,0,1788389430.0,1788389454.0,1788389512.0,1788389719.0,1788389656.0,1788389731.0,306.0,1788389454.981285,1788389734.414189,1788389733.176984,i-02edbce051de8200a
1788389752.7146828,5,1,ghcr.io/talmolab/lablink-client-base-image:linux-amd64-test@sha256:1ec2fde6860186b3d45ac83890167258f83512955dbce65f072d4e8c310cb9de,0.2799713611602783,sleap-lablink-client-prod-vm-1,running,Healthy,0,1788389430.0,1788389454.0,1788389512.0,1788389719.0,1788389656.0,1788389729.0,304.0,1788389454.97747,1788389734.394763,1788389731.554536,i-0d0a8b81177a50dcd
1788389752.7146828,5,1,ghcr.io/talmolab/lablink-client-base-image:linux-amd64-test@sha256:1ec2fde6860186b3d45ac83890167258f83512955dbce65f072d4e8c310cb9de,0.2799713611602783,sleap-lablink-client-prod-vm-2,running,Healthy,0,1788389430.0,1788389454.0,1788389512.0,1788389718.0,1788389655.0,1788389730.0,305.0,1788389454.978876,1788389734.412472,1788389731.650275,i-075d1655ae16149db
1788389752.7146828,5,1,ghcr.io/talmolab/lablink-client-base-image:linux-amd64-test@sha256:1ec2fde6860186b3d45ac83890167258f83512955dbce65f072d4e8c310cb9de,0.2799713611602783,sleap-lablink-client-prod-vm-3,running,Healthy,0,1788389430.0,1788389454.0,1788389512.0,1788389718.0,1788389655.0,1788389725.0,300.0,1788389454.979714,1788389734.398341,1788389727.133339,i-07bbc1455104581e3
1788389752.7146828,5,1,ghcr.io/talmolab/lablink-client-base-image:linux-amd64-test@sha256:1ec2fde6860186b3d45ac83890167258f83512955dbce65f072d4e8c310cb9de,0.2799713611602783,sleap-lablink-client-prod-vm-4,running,Healthy,0,1788389430.0,1788389454.0,1788389512.0,1788389717.0,1788389654.0,1788389730.0,305.0,1788389454.980496,1788389734.394014,1788389731.811276,i-0c92ab1873f5417ba
1788389752.7146828,5,1,ghcr.io/talmolab/lablink-client-base-image:linux-amd64-test@sha256:1ec2fde6860186b3d45ac83890167258f83512955dbce65f072d4e8c310cb9de,0.2799713611602783,sleap-lablink-client-prod-vm-5,running,Healthy,0,1788389430.0,1788389454.0,1788389512.0,1788389719.0,1788389656.0,1788389731.0,306.0,1788389454.981285,1788389734.414189,1788389733.176984,i-02edbce051de8200a
1788389757.694633,5,1,ghcr.io/talmolab/lablink-client-base-image:linux-amd64-test@sha256:1ec2fde6860186b3d45ac83890167258f83512955dbce65f072d4e8c310cb9de,0.2799713611602783,sleap-lablink-client-prod-vm-1,running,Healthy,0,1788389430.0,1788389454.0,1788389512.0,1788389719.0,1788389656.0,1788389729.0,304.0,1788389454.97747,1788389734.394763,1788389731.554536,i-0d0a8b81177a50dcd
1788389757.694633,5,1,ghcr.io/talmolab/lablink-client-base-image:linux-amd64-test@sha256:1ec2fde6860186b3d45ac83890167258f83512955dbce65f072d4e8c310cb9de,0.2799713611602783,sleap-lablink-client-prod-vm-2,running,Healthy,0,1788389430.0,1788389454.0,1788389512.0,1788389718.0,1788389655.0,1788389730.0,305.0,1788389454.978876,1788389734.412472,1788389731.650275,i-075d1655ae16149db
1788389757.694633,5,1,ghcr.io/talmolab/lablink-client-base-image:linux-amd64-test@sha256:1ec2fde6860186b3d45ac83890167258f83512955dbce65f072d4e8c310cb9de,0.2799713611602783,sleap-lablink-client-prod-vm-3,running,Healthy,0,1788389430.0,1788389454.0,1788389512.0,1788389718.0,1788389655.0,1788389725.0,300.0,1788389454.979714,1788389734.398341,1788389757.156116,i-07bbc1455104581e3
1788389757.694633,5,1,ghcr.io/talmolab/lablink-client-base-image:linux-amd64-test@sha256:1ec2fde6860186b3d45ac83890167258f83512955dbce65f072d4e8c310cb9de,0.2799713611602783,sleap-lablink-client-prod-vm-4,running,Healthy,0,1788389430.0,1788389454.0,1788389512.0,1788389717.0,1788389654.0,1788389730.0,305.0,1788389454.980496,1788389734.394014,1788389731.811276,i-0c92ab1873f5417ba
1788389757.694633,5,1,ghcr.io/talmolab/lablink-client-base-image:linux-amd64-test@sha256:1ec2fde6860186b3d45ac83890167258f83512955dbce65f072d4e8c310cb9de,0.2799713611602783,sleap-lablink-client-prod-vm-5,running,Healthy,0,1788389430.0,1788389454.0,1788389512.0,1788389719.0,1788389656.0,1788389731.0,306.0,1788389454.981285,1788389734.414189,1788389733.176984,i-02edbce051de8200a
1788389762.671377,5,1,ghcr.io/talmolab/lablink-client-base-image:linux-amd64-test@sha256:1ec2fde6860186b3d45ac83890167258f83512955dbce65f072d4e8c310cb9de,0.2799713611602783,sleap-lablink-client-prod-vm-1,running,Healthy,0,1788389430.0,1788389454.0,1788389512.0,1788389719.0,1788389656.0,1788389729.0,304.0,1788389454.97747,1788389734.394763,1788389761.573946,i-0d0a8b81177a50dcd
1788389762.671377,5,1,ghcr.io/talmolab/lablink-client-base-image:linux-amd64-test@sha256:1ec2fde6860186b3d45ac83890167258f83512955dbce65f072d4e8c310cb9de,0.2799713611602783,sleap-lablink-client-prod-vm-2,running,Healthy,0,1788389430.0,1788389454.0,1788389512.0,1788389718.0,1788389655.0,1788389730.0,305.0,1788389454.978876,1788389734.412472,1788389761.675735,i-075d1655ae16149db
1788389762.671377,5,1,ghcr.io/talmolab/lablink-client-base-image:linux-amd64-test@sha256:1ec2fde6860186b3d45ac83890167258f83512955dbce65f072d4e8c310cb9de,0.2799713611602783,sleap-lablink-client-prod-vm-3,running,Healthy,0,1788389430.0,1788389454.0,1788389512.0,1788389718.0,1788389655.0,1788389725.0,300.0,1788389454.979714,1788389734.398341,1788389757.156116,i-07bbc1455104581e3
1788389762.671377,5,1,ghcr.io/talmolab/lablink-client-base-image:linux-amd64-test@sha256:1ec2fde6860186b3d45ac83890167258f83512955dbce65f072d4e8c310cb9de,0.2799713611602783,sleap-lablink-client-prod-vm-4,running,Healthy,0,1788389430.0,1788389454.0,1788389512.0,1788389717.0,1788389654.0,1788389730.0,305.0,1788389454.980496,1788389734.394014,1788389761.831543,i-0c92ab1873f5417ba
1788389762.671377,5,1,ghcr.io/talmolab/lablink-client-base-image:linux-amd64-test@sha256:1ec2fde6860186b3d45ac83890167258f83512955dbce65f072d4e8c310cb9de,0.2799713611602783,sleap-lablink-client-prod-vm-5,running,Healthy,0,1788389430.0,1788389454.0,1788389512.0,1788389719.0,1788389656.0,1788389731.0,306.0,1788389454.981285,1788389734.414189,1788389733.176984,i-02edbce051de8200a
1788389767.767056,5,1,ghcr.io/talmolab/lablink-client-base-image:linux-amd64-test@sha256:1ec2fde6860186b3d45ac83890167258f83512955dbce65f072d4e8c310cb9de,0.2799713611602783,sleap-lablink-client-prod-vm-1,running,Healthy,0,1788389430.0,1788389454.0,1788389512.0,1788389719.0,1788389656.0,1788389729.0,304.0,1788389454.97747,1788389734.394763,1788389761.573946,i-0d0a8b81177a50dcd
1788389767.767056,5,1,ghcr.io/talmolab/lablink-client-base-image:linux-amd64-test@sha256:1ec2fde6860186b3d45ac83890167258f83512955dbce65f072d4e8c310cb9de,0.2799713611602783,sleap-lablink-client-prod-vm-2,running,Healthy,0,1788389430.0,1788389454.0,1788389512.0,1788389718.0,1788389655.0,1788389730.0,305.0,1788389454.978876,1788389734.412472,1788389761.675735,i-075d1655ae16149db
1788389767.767056,5,1,ghcr.io/talmolab/lablink-client-base-image:linux-amd64-test@sha256:1ec2fde6860186b3d45ac83890167258f83512955dbce65f072d4e8c310cb9de,0.2799713611602783,sleap-lablink-client-prod-vm-3,running,Healthy,0,1788389430.0,1788389454.0,1788389512.0,1788389718.0,1788389655.0,1788389725.0,300.0,1788389454.979714,1788389734.398341,1788389757.156116,i-07bbc1455104581e3
1788389767.767056,5,1,ghcr.io/talmolab/lablink-client-base-image:linux-amd64-test@sha256:1ec2fde6860186b3d45ac83890167258f83512955dbce65f072d4e8c310cb9de,0.2799713611602783,sleap-lablink-client-prod-vm-4,running,Healthy,0,1788389430.0,1788389454.0,1788389512.0,1788389717.0,1788389654.0,1788389730.0,305.0,1788389454.980496,1788389734.394014,1788389761.831543,i-0c92ab1873f5417ba
1788389767.767056,5,1,ghcr.io/talmolab/lablink-client-base-image:linux-amd64-test@sha256:1ec2fde6860186b3d45ac83890167258f83512955dbce65f072d4e8c310cb9de,0.2799713611602783,sleap-lablink-client-prod-vm-5,running,Healthy,0,1788389430.0,1788389454.0,1788389512.0,1788389719.0,1788389656.0,1788389731.0,306.0,1788389454.981285,1788389734.414189,1788389763.19782,i-02edbce051de8200a
1788389772.705195,5,1,ghcr.io/talmolab/lablink-client-base-image:linux-amd64-test@sha256:1ec2fde6860186b3d45ac83890167258f83512955dbce65f072d4e8c310cb9de,0.2799713611602783,sleap-lablink-client-prod-vm-1,running,Healthy,0,1788389430.0,1788389454.0,1788389512.0,1788389719.0,1788389656.0,1788389729.0,304.0,1788389454.97747,1788389734.394763,1788389761.573946,i-0d0a8b81177a50dcd
1788389772.705195,5,1,ghcr.io/talmolab/lablink-client-base-image:linux-amd64-test@sha256:1ec2fde6860186b3d45ac83890167258f83512955dbce65f072d4e8c310cb9de,0.2799713611602783,sleap-lablink-client-prod-vm-2,running,Healthy,0,1788389430.0,1788389454.0,1788389512.0,1788389718.0,1788389655.0,1788389730.0,305.0,1788389454.978876,1788389734.412472,1788389761.675735,i-075d1655ae16149db
1788389772.705195,5,1,ghcr.io/talmolab/lablink-client-base-image:linux-amd64-test@sha256:1ec2fde6860186b3d45ac83890167258f83512955dbce65f072d4e8c310cb9de,0.2799713611602783,sleap-lablink-client-prod-vm-3,running,Healthy,0,1788389430.0,1788389454.0,1788389512.0,1788389718.0,1788389655.0,1788389725.0,300.0,1788389454.979714,1788389734.398341,1788389757.156116,i-07bbc1455104581e3
1788389772.705195,5,1,ghcr.io/talmolab/lablink-client-base-image:linux-amd64-test@sha256:1ec2fde6860186b3d45ac83890167258f83512955dbce65f072d4e8c310cb9de,0.2799713611602783,sleap-lablink-client-prod-vm-4,running,Healthy,0,1788389430.0,1788389454.0,1788389512.0,1788389717.0,1788389654.0,1788389730.0,305.0,1788389454.980496,1788389734.394014,1788389761.831543,i-0c92ab1873f5417ba
1788389772.705195,5,1,ghcr.io/talmolab/lablink-client-base-image:linux-amd64-test@sha256:1ec2fde6860186b3d45ac83890167258f83512955dbce65f072d4e8c310cb9de,0.2799713611602783,sleap-lablink-client-prod-vm-5,running,Healthy,0,1788389430.0,1788389454.0,1788389512.0,1788389719.0,1788389656.0,1788389731.0,306.0,1788389454.981285,1788389734.414189,1788389763.19782,i-02edbce051de8200a
1788389777.7564778,5,1,ghcr.io/talmolab/lablink-client-base-image:linux-amd64-test@sha256:1ec2fde6860186b3d45ac83890167258f83512955dbce65f072d4e8c310cb9de,0.2799713611602783,sleap-lablink-client-prod-vm-1,running,Healthy,0,1788389430.0,1788389454.0,1788389512.0,1788389719.0,1788389656.0,1788389729.0,304.0,1788389454.97747,1788389734.394763,1788389761.573946,i-0d0a8b81177a50dcd
1788389777.7564778,5,1,ghcr.io/talmolab/lablink-client-base-image:linux-amd64-test@sha256:1ec2fde6860186b3d45ac83890167258f83512955dbce65f072d4e8c310cb9de,0.2799713611602783,sleap-lablink-client-prod-vm-2,running,Healthy,0,1788389430.0,1788389454.0,1788389512.0,1788389718.0,1788389655.0,1788389730.0,305.0,1788389454.978876,1788389734.412472,1788389761.675735,i-075d1655ae16149db
1788389777.7564778,5,1,ghcr.io/talmolab/lablink-client-base-image:linux-amd64-test@sha256:1ec2fde6860186b3d45ac83890167258f83512955dbce65f072d4e8c310cb9de,0.2799713611602783,sleap-lablink-client-prod-vm-3,running,Healthy,0,1788389430.0,1788389454.0,1788389512.0,1788389718.0,1788389655.0,1788389725.0,300.0,1788389454.979714,1788389734.398341,1788389757.156116,i-07bbc1455104581e3
1788389777.7564778,5,1,ghcr.io/talmolab/lablink-client-base-image:linux-amd64-test@sha256:1ec2fde6860186b3d45ac83890167258f83512955dbce65f072d4e8c310cb9de,0.2799713611602783,sleap-lablink-client-prod-vm-4,running,Healthy,0,1788389430.0,1788389454.0,1788389512.0,1788389717.0,1788389654.0,1788389730.0,305.0,1788389454.980496,1788389734.394014,1788389761.831543,i-0c92ab1873f5417ba
1788389777.7564778,5,1,ghcr.io/talmolab/lablink-client-base-image:linux-amd64-test@sha256:1ec2fde6860186b3d45ac83890167258f83512955dbce65f072d4e8c310cb9de,0.2799713611602783,sleap-lablink-client-prod-vm-5,running,Healthy,0,1788389430.0,1788389454.0,1788389512.0,1788389719.0,1788389656.0,1788389731.0,306.0,1788389454.981285,1788389734.414189,1788389763.19782,i-02edbce051de8200a
1788389782.6751628,5,1,ghcr.io/talmolab/lablink-client-base-image:linux-amd64-test@sha256:1ec2fde6860186b3d45ac83890167258f83512955dbce65f072d4e8c310cb9de,0.2799713611602783,sleap-lablink-client-prod-vm-1,running,Healthy,0,1788389430.0,1788389454.0,1788389512.0,1788389719.0,1788389656.0,1788389729.0,304.0,1788389454.97747,1788389734.394763,1788389761.573946,i-0d0a8b81177a50dcd
1788389782.6751628,5,1,ghcr.io/talmolab/lablink-client-base-image:linux-amd64-test@sha256:1ec2fde6860186b3d45ac83890167258f83512955dbce65f072d4e8c310cb9de,0.2799713611602783,sleap-lablink-client-prod-vm-2,running,Healthy,0,1788389430.0,1788389454.0,1788389512.0,1788389718.0,1788389655.0,1788389730.0,305.0,1788389454.978876,1788389734.412472,1788389761.675735,i-075d1655ae16149db
1788389782.6751628,5,1,ghcr.io/talmolab/lablink-client-base-image:linux-amd64-test@sha256:1ec2fde6860186b3d45ac83890167258f83512955dbce65f072d4e8c310cb9de,0.2799713611602783,sleap-lablink-client-prod-vm-3,running,Healthy,0,1788389430.0,1788389454.0,1788389512.0,1788389718.0,1788389655.0,1788389725.0,300.0,1788389454.979714,1788389734.398341,1788389757.156116,i-07bbc1455104581e3
1788389782.6751628,5,1,ghcr.io/talmolab/lablink-client-base-image:linux-amd64-test@sha256:1ec2fde6860186b3d45ac83890167258f83512955dbce65f072d4e8c310cb9de,0.2799713611602783,sleap-lablink-client-prod-vm-4,running,Healthy,0,1788389430.0,1788389454.0,1788389512.0,1788389717.0,1788389654.0,1788389730.0,305.0,1788389454.980496,1788389734.394014,1788389761.831543,i-0c92ab1873f5417ba
1788389782.6751628,5,1,ghcr.io/talmolab/lablink-client-base-image:linux-amd64-test@sha256:1ec2fde6860186b3d45ac83890167258f83512955dbce65f072d4e8c310cb9de,0.2799713611602783,sleap-lablink-client-prod-vm-5,running,Healthy,0,1788389430.0,1788389454.0,1788389512.0,1788389719.0,1788389656.0,1788389731.0,306.0,1788389454.981285,1788389734.414189,1788389763.19782,i-02edbce051de8200a
1788389787.690005,5,1,ghcr.io/talmolab/lablink-client-base-image:linux-amd64-test@sha256:1ec2fde6860186b3d45ac83890167258f83512955dbce65f072d4e8c310cb9de,0.2799713611602783,sleap-lablink-client-prod-vm-1,running,Healthy,0,1788389430.0,1788389454.0,1788389512.0,1788389719.0,1788389656.0,1788389729.0,304.0,1788389454.97747,1788389734.394763,1788389761.573946,i-0d0a8b81177a50dcd
1788389787.690005,5,1,ghcr.io/talmolab/lablink-client-base-image:linux-amd64-test@sha256:1ec2fde6860186b3d45ac83890167258f83512955dbce65f072d4e8c310cb9de,0.2799713611602783,sleap-lablink-client-prod-vm-2,running,Healthy,0,1788389430.0,1788389454.0,1788389512.0,1788389718.0,1788389655.0,1788389730.0,305.0,1788389454.978876,1788389734.412472,1788389761.675735,i-075d1655ae16149db
1788389787.690005,5,1,ghcr.io/talmolab/lablink-client-base-image:linux-amd64-test@sha256:1ec2fde6860186b3d45ac83890167258f83512955dbce65f072d4e8c310cb9de,0.2799713611602783,sleap-lablink-client-prod-vm-3,running,Healthy,0,1788389430.0,1788389454.0,1788389512.0,1788389718.0,1788389655.0,1788389725.0,300.0,1788389454.979714,1788389734.398341,1788389787.334605,i-07bbc1455104581e3
1788389787.690005,5,1,ghcr.io/talmolab/lablink-client-base-image:linux-amd64-test@sha256:1ec2fde6860186b3d45ac83890167258f83512955dbce65f072d4e8c310cb9de,0.2799713611602783,sleap-lablink-client-prod-vm-4,running,Healthy,0,1788389430.0,1788389454.0,1788389512.0,1788389717.0,1788389654.0,1788389730.0,305.0,1788389454.980496,1788389734.394014,1788389761.831543,i-0c92ab1873f5417ba
1788389787.690005,5,1,ghcr.io/talmolab/lablink-client-base-image:linux-amd64-test@sha256:1ec2fde6860186b3d45ac83890167258f83512955dbce65f072d4e8c310cb9de,0.2799713611602783,sleap-lablink-client-prod-vm-5,running,Healthy,0,1788389430.0,1788389454.0,1788389512.0,1788389719.0,1788389656.0,1788389731.0,306.0,1788389454.981285,1788389734.414189,1788389763.19782,i-02edbce051de8200a
1788389792.7411578,5,1,ghcr.io/talmolab/lablink-client-base-image:linux-amd64-test@sha256:1ec2fde6860186b3d45ac83890167258f83512955dbce65f072d4e8c310cb9de,0.2799713611602783,sleap-lablink-client-prod-vm-1,running,Healthy,0,1788389430.0,1788389454.0,1788389512.0,1788389719.0,1788389656.0,1788389729.0,304.0,1788389454.97747,1788389734.394763,1788389791.788321,i-0d0a8b81177a50dcd
1788389792.7411578,5,1,ghcr.io/talmolab/lablink-client-base-image:linux-amd64-test@sha256:1ec2fde6860186b3d45ac83890167258f83512955dbce65f072d4e8c310cb9de,0.2799713611602783,sleap-lablink-client-prod-vm-2,running,Healthy,0,1788389430.0,1788389454.0,1788389512.0,1788389718.0,1788389655.0,1788389730.0,305.0,1788389454.978876,1788389734.412472,1788389791.919775,i-075d1655ae16149db
1788389792.7411578,5,1,ghcr.io/talmolab/lablink-client-base-image:linux-amd64-test@sha256:1ec2fde6860186b3d45ac83890167258f83512955dbce65f072d4e8c310cb9de,0.2799713611602783,sleap-lablink-client-prod-vm-3,running,Healthy,0,1788389430.0,1788389454.0,1788389512.0,1788389718.0,1788389655.0,1788389725.0,300.0,1788389454.979714,1788389734.398341,1788389787.334605,i-07bbc1455104581e3
1788389792.7411578,5,1,ghcr.io/talmolab/lablink-client-base-image:linux-amd64-test@sha256:1ec2fde6860186b3d45ac83890167258f83512955dbce65f072d4e8c310cb9de,0.2799713611602783,sleap-lablink-client-prod-vm-4,running,Healthy,0,1788389430.0,1788389454.0,1788389512.0,1788389717.0,1788389654.0,1788389730.0,305.0,1788389454.980496,1788389734.394014,1788389792.046463,i-0c92ab1873f5417ba
1788389792.7411578,5,1,ghcr.io/talmolab/lablink-client-base-image:linux-amd64-test@sha256:1ec2fde6860186b3d45ac83890167258f83512955dbce65f072d4e8c310cb9de,0.2799713611602783,sleap-lablink-client-prod-vm-5,running,Healthy,0,1788389430.0,1788389454.0,1788389512.0,1788389719.0,1788389656.0,1788389731.0,306.0,1788389454.981285,1788389734.414189,1788389763.19782,i-02edbce051de8200a
1788389797.708114,5,1,ghcr.io/talmolab/lablink-client-base-image:linux-amd64-test@sha256:1ec2fde6860186b3d45ac83890167258f83512955dbce65f072d4e8c310cb9de,0.2799713611602783,sleap-lablink-client-prod-vm-1,running,Healthy,0,1788389430.0,1788389454.0,1788389512.0,1788389719.0,1788389656.0,1788389729.0,304.0,1788389454.97747,1788389734.394763,1788389791.788321,i-0d0a8b81177a50dcd
1788389797.708114,5,1,ghcr.io/talmolab/lablink-client-base-image:linux-amd64-test@sha256:1ec2fde6860186b3d45ac83890167258f83512955dbce65f072d4e8c310cb9de,0.2799713611602783,sleap-lablink-client-prod-vm-2,running,Healthy,0,1788389430.0,1788389454.0,1788389512.0,1788389718.0,1788389655.0,1788389730.0,305.0,1788389454.978876,1788389734.412472,1788389791.919775,i-075d1655ae16149db
1788389797.708114,5,1,ghcr.io/talmolab/lablink-client-base-image:linux-amd64-test@sha256:1ec2fde6860186b3d45ac83890167258f83512955dbce65f072d4e8c310cb9de,0.2799713611602783,sleap-lablink-client-prod-vm-3,running,Healthy,0,1788389430.0,1788389454.0,1788389512.0,1788389718.0,1788389655.0,1788389725.0,300.0,1788389454.979714,1788389734.398341,1788389787.334605,i-07bbc1455104581e3
1788389797.708114,5,1,ghcr.io/talmolab/lablink-client-base-image:linux-amd64-test@sha256:1ec2fde6860186b3d45ac83890167258f83512955dbce65f072d4e8c310cb9de,0.2799713611602783,sleap-lablink-client-prod-vm-4,running,Healthy,0,1788389430.0,1788389454.0,1788389512.0,1788389717.0,1788389654.0,1788389730.0,305.0,1788389454.980496,1788389734.394014,1788389792.046463,i-0c92ab1873f5417ba
1788389797.708114,5,1,ghcr.io/talmolab/lablink-client-base-image:linux-amd64-test@sha256:1ec2fde6860186b3d45ac83890167258f83512955dbce65f072d4e8c310cb9de,0.2799713611602783,sleap-lablink-client-prod-vm-5,running,Healthy,0,1788389430.0,1788389454.0,1788389512.0,1788389719.0,1788389656.0,1788389731.0,306.0,1788389454.981285,1788389734.414189,1788389793.416965,i-02edbce051de8200a
1788389802.7195551,5,1,ghcr.io/talmolab/lablink-client-base-image:linux-amd64-test@sha256:1ec2fde6860186b3d45ac83890167258f83512955dbce65f072d4e8c310cb9de,0.2799713611602783,sleap-lablink-client-prod-vm-1,running,Healthy,0,1788389430.0,1788389454.0,1788389512.0,1788389719.0,1788389656.0,1788389729.0,304.0,1788389454.97747,1788389734.394763,1788389791.788321,i-0d0a8b81177a50dcd
1788389802.7195551,5,1,ghcr.io/talmolab/lablink-client-base-image:linux-amd64-test@sha256:1ec2fde6860186b3d45ac83890167258f83512955dbce65f072d4e8c310cb9de,0.2799713611602783,sleap-lablink-client-prod-vm-2,running,Healthy,0,1788389430.0,1788389454.0,1788389512.0,1788389718.0,1788389655.0,1788389730.0,305.0,1788389454.978876,1788389734.412472,1788389791.919775,i-075d1655ae16149db
1788389802.7195551,5,1,ghcr.io/talmolab/lablink-client-base-image:linux-amd64-test@sha256:1ec2fde6860186b3d45ac83890167258f83512955dbce65f072d4e8c310cb9de,0.2799713611602783,sleap-lablink-client-prod-vm-3,running,Healthy,0,1788389430.0,1788389454.0,1788389512.0,1788389718.0,1788389655.0,1788389725.0,300.0,1788389454.979714,1788389734.398341,1788389787.334605,i-07bbc1455104581e3
1788389802.7195551,5,1,ghcr.io/talmolab/lablink-client-base-image:linux-amd64-test@sha256:1ec2fde6860186b3d45ac83890167258f83512955dbce65f072d4e8c310cb9de,0.2799713611602783,sleap-lablink-client-prod-vm-4,running,Healthy,0,1788389430.0,1788389454.0,1788389512.0,1788389717.0,1788389654.0,1788389730.0,305.0,1788389454.980496,1788389734.394014,1788389792.046463,i-0c92ab1873f5417ba
1788389802.7195551,5,1,ghcr.io/talmolab/lablink-client-base-image:linux-amd64-test@sha256:1ec2fde6860186b3d45ac83890167258f83512955dbce65f072d4e8c310cb9de,0.2799713611602783,sleap-lablink-client-prod-vm-5,running,Healthy,0,1788389430.0,1788389454.0,1788389512.0,1788389719.0,1788389656.0,1788389731.0,306.0,1788389454.981285,1788389734.414189,1788389793.416965,i-02edbce051de8200a
1788389807.676169,5,1,ghcr.io/talmolab/lablink-client-base-image:linux-amd64-test@sha256:1ec2fde6860186b3d45ac83890167258f83512955dbce65f072d4e8c310cb9de,0.2799713611602783,sleap-lablink-client-prod-vm-1,running,Healthy,0,1788389430.0,1788389454.0,1788389512.0,1788389719.0,1788389656.0,1788389729.0,304.0,1788389454.97747,1788389734.394763,1788389791.788321,i-0d0a8b81177a50dcd
1788389807.676169,5,1,ghcr.io/talmolab/lablink-client-base-image:linux-amd64-test@sha256:1ec2fde6860186b3d45ac83890167258f83512955dbce65f072d4e8c310cb9de,0.2799713611602783,sleap-lablink-client-prod-vm-2,running,Healthy,0,1788389430.0,1788389454.0,1788389512.0,1788389718.0,1788389655.0,1788389730.0,305.0,1788389454.978876,1788389734.412472,1788389791.919775,i-075d1655ae16149db
1788389807.676169,5,1,ghcr.io/talmolab/lablink-client-base-image:linux-amd64-test@sha256:1ec2fde6860186b3d45ac83890167258f83512955dbce65f072d4e8c310cb9de,0.2799713611602783,sleap-lablink-client-prod-vm-3,running,Healthy,0,1788389430.0,1788389454.0,1788389512.0,1788389718.0,1788389655.0,1788389725.0,300.0,1788389454.979714,1788389734.398341,1788389787.334605,i-07bbc1455104581e3
1788389807.676169,5,1,ghcr.io/talmolab/lablink-client-base-image:linux-amd64-test@sha256:1ec2fde6860186b3d45ac83890167258f83512955dbce65f072d4e8c310cb9de,0.2799713611602783,sleap-lablink-client-prod-vm-4,running,Healthy,0,1788389430.0,1788389454.0,1788389512.0,1788389717.0,1788389654.0,1788389730.0,305.0,1788389454.980496,1788389734.394014,1788389792.046463,i-0c92ab1873f5417ba
1788389807.676169,5,1,ghcr.io/talmolab/lablink-client-base-image:linux-amd64-test@sha256:1ec2fde6860186b3d45ac83890167258f83512955dbce65f072d4e8c310cb9de,0.2799713611602783,sleap-lablink-client-prod-vm-5,running,Healthy,0,1788389430.0,1788389454.0,1788389512.0,1788389719.0,1788389656.0,1788389731.0,306.0,1788389454.981285,1788389734.414189,1788389793.416965,i-02edbce051de8200a
1788389812.848344,5,1,ghcr.io/talmolab/lablink-client-base-image:linux-amd64-test@sha256:1ec2fde6860186b3d45ac83890167258f83512955dbce65f072d4e8c310cb9de,0.2799713611602783,sleap-lablink-client-prod-vm-1,running,Healthy,0,1788389430.0,1788389454.0,1788389512.0,1788389719.0,1788389656.0,1788389729.0,304.0,1788389454.97747,1788389734.394763,1788389791.788321,i-0d0a8b81177a50dcd
1788389812.848344,5,1,ghcr.io/talmolab/lablink-client-base-image:linux-amd64-test@sha256:1ec2fde6860186b3d45ac83890167258f83512955dbce65f072d4e8c310cb9de,0.2799713611602783,sleap-lablink-client-prod-vm-2,running,Healthy,0,1788389430.0,1788389454.0,1788389512.0,1788389718.0,1788389655.0,1788389730.0,305.0,1788389454.978876,1788389734.412472,1788389791.919775,i-075d1655ae16149db
1788389812.848344,5,1,ghcr.io/talmolab/lablink-client-base-image:linux-amd64-test@sha256:1ec2fde6860186b3d45ac83890167258f83512955dbce65f072d4e8c310cb9de,0.2799713611602783,sleap-lablink-client-prod-vm-3,running,Healthy,0,1788389430.0,1788389454.0,1788389512.0,1788389718.0,1788389655.0,1788389725.0,300.0,1788389454.979714,1788389734.398341,1788389787.334605,i-07bbc1455104581e3
1788389812.848344,5,1,ghcr.io/talmolab/lablink-client-base-image:linux-amd64-test@sha256:1ec2fde6860186b3d45ac83890167258f83512955dbce65f072d4e8c310cb9de,0.2799713611602783,sleap-lablink-client-prod-vm-4,running,Healthy,0,1788389430.0,1788389454.0,1788389512.0,1788389717.0,1788389654.0,1788389730.0,305.0,1788389454.980496,1788389734.394014,1788389792.046463,i-0c92ab1873f5417ba
1788389812.848344,5,1,ghcr.io/talmolab/lablink-client-base-image:linux-amd64-test@sha256:1ec2fde6860186b3d45ac83890167258f83512955dbce65f072d4e8c310cb9de,0.2799713611602783,sleap-lablink-client-prod-vm-5,running,Healthy,0,1788389430.0,1788389454.0,1788389512.0,1788389719.0,1788389656.0,1788389731.0,306.0,1788389454.981285,1788389734.414189,1788389793.416965,i-02edbce051de8200a
1788389817.726031,5,1,ghcr.io/talmolab/lablink-client-base-image:linux-amd64-test@sha256:1ec2fde6860186b3d45ac83890167258f83512955dbce65f072d4e8c310cb9de,0.2799713611602783,sleap-lablink-client-prod-vm-1,running,Healthy,0,1788389430.0,1788389454.0,1788389512.0,1788389719.0,1788389656.0,1788389729.0,304.0,1788389454.97747,1788389734.394763,1788389791.788321,i-0d0a8b81177a50dcd
1788389817.726031,5,1,ghcr.io/talmolab/lablink-client-base-image:linux-amd64-test@sha256:1ec2fde6860186b3d45ac83890167258f83512955dbce65f072d4e8c310cb9de,0.2799713611602783,sleap-lablink-client-prod-vm-2,running,Healthy,0,1788389430.0,1788389454.0,1788389512.0,1788389718.0,1788389655.0,1788389730.0,305.0,1788389454.978876,1788389734.412472,1788389791.919775,i-075d1655ae16149db
1788389817.726031,5,1,ghcr.io/talmolab/lablink-client-base-image:linux-amd64-test@sha256:1ec2fde6860186b3d45ac83890167258f83512955dbce65f072d4e8c310cb9de,0.2799713611602783,sleap-lablink-client-prod-vm-3,running,Healthy,0,1788389430.0,1788389454.0,1788389512.0,1788389718.0,1788389655.0,1788389725.0,300.0,1788389454.979714,1788389734.398341,1788389817.39508,i-07bbc1455104581e3
1788389817.726031,5,1,ghcr.io/talmolab/lablink-client-base-image:linux-amd64-test@sha256:1ec2fde6860186b3d45ac83890167258f83512955dbce65f072d4e8c310cb9de,0.2799713611602783,sleap-lablink-client-prod-vm-4,running,Healthy,0,1788389430.0,1788389454.0,1788389512.0,1788389717.0,1788389654.0,1788389730.0,305.0,1788389454.980496,1788389734.394014,1788389792.046463,i-0c92ab1873f5417ba
1788389817.726031,5,1,ghcr.io/talmolab/lablink-client-base-image:linux-amd64-test@sha256:1ec2fde6860186b3d45ac83890167258f83512955dbce65f072d4e8c310cb9de,0.2799713611602783,sleap-lablink-client-prod-vm-5,running,Healthy,0,1788389430.0,1788389454.0,1788389512.0,1788389719.0,1788389656.0,1788389731.0,306.0,1788389454.981285,1788389734.414189,1788389793.416965,i-02edbce051de8200a
1788389822.8462012,5,1,ghcr.io/talmolab/lablink-client-base-image:linux-amd64-test@sha256:1ec2fde6860186b3d45ac83890167258f83512955dbce65f072d4e8c310cb9de,0.2799713611602783,sleap-lablink-client-prod-vm-1,running,Healthy,0,1788389430.0,1788389454.0,1788389512.0,1788389719.0,1788389656.0,1788389729.0,304.0,1788389454.97747,1788389734.394763,1788389821.854084,i-0d0a8b81177a50dcd
1788389822.8462012,5,1,ghcr.io/talmolab/lablink-client-base-image:linux-amd64-test@sha256:1ec2fde6860186b3d45ac83890167258f83512955dbce65f072d4e8c310cb9de,0.2799713611602783,sleap-lablink-client-prod-vm-2,running,Healthy,0,1788389430.0,1788389454.0,1788389512.0,1788389718.0,1788389655.0,1788389730.0,305.0,1788389454.978876,1788389734.412472,1788389822.008997,i-075d1655ae16149db
1788389822.8462012,5,1,ghcr.io/talmolab/lablink-client-base-image:linux-amd64-test@sha256:1ec2fde6860186b3d45ac83890167258f83512955dbce65f072d4e8c310cb9de,0.2799713611602783,sleap-lablink-client-prod-vm-3,running,Healthy,0,1788389430.0,1788389454.0,1788389512.0,1788389718.0,1788389655.0,1788389725.0,300.0,1788389454.979714,1788389734.398341,1788389817.39508,i-07bbc1455104581e3
1788389822.8462012,5,1,ghcr.io/talmolab/lablink-client-base-image:linux-amd64-test@sha256:1ec2fde6860186b3d45ac83890167258f83512955dbce65f072d4e8c310cb9de,0.2799713611602783,sleap-lablink-client-prod-vm-4,running,Healthy,0,1788389430.0,1788389454.0,1788389512.0,1788389717.0,1788389654.0,1788389730.0,305.0,1788389454.980496,1788389734.394014,1788389822.093982,i-0c92ab1873f5417ba
1788389822.8462012,5,1,ghcr.io/talmolab/lablink-client-base-image:linux-amd64-test@sha256:1ec2fde6860186b3d45ac83890167258f83512955dbce65f072d4e8c310cb9de,0.2799713611602783,sleap-lablink-client-prod-vm-5,running,Healthy,0,1788389430.0,1788389454.0,1788389512.0,1788389719.0,1788389656.0,1788389731.0,306.0,1788389454.981285,1788389734.414189,1788389793.416965,i-02edbce051de8200a
1788389827.7136781,5,1,ghcr.io/talmolab/lablink-client-base-image:linux-amd64-test@sha256:1ec2fde6860186b3d45ac83890167258f83512955dbce65f072d4e8c310cb9de,0.2799713611602783,sleap-lablink-client-prod-vm-1,running,Healthy,0,1788389430.0,1788389454.0,1788389512.0,1788389719.0,1788389656.0,1788389729.0,304.0,1788389454.97747,1788389734.394763,1788389821.854084,i-0d0a8b81177a50dcd
1788389827.7136781,5,1,ghcr.io/talmolab/lablink-client-base-image:linux-amd64-test@sha256:1ec2fde6860186b3d45ac83890167258f83512955dbce65f072d4e8c310cb9de,0.2799713611602783,sleap-lablink-client-prod-vm-2,running,Healthy,0,1788389430.0,1788389454.0,1788389512.0,1788389718.0,1788389655.0,1788389730.0,305.0,1788389454.978876,1788389734.412472,1788389822.008997,i-075d1655ae16149db
1788389827.7136781,5,1,ghcr.io/talmolab/lablink-client-base-image:linux-amd64-test@sha256:1ec2fde6860186b3d45ac83890167258f83512955dbce65f072d4e8c310cb9de,0.2799713611602783,sleap-lablink-client-prod-vm-3,running,Healthy,0,1788389430.0,1788389454.0,1788389512.0,1788389718.0,1788389655.0,1788389725.0,300.0,1788389454.979714,1788389734.398341,1788389817.39508,i-07bbc1455104581e3
1788389827.7136781,5,1,ghcr.io/talmolab/lablink-client-base-image:linux-amd64-test@sha256:1ec2fde6860186b3d45ac83890167258f83512955dbce65f072d4e8c310cb9de,0.2799713611602783,sleap-lablink-client-prod-vm-4,running,Healthy,0,1788389430.0,1788389454.0,1788389512.0,1788389717.0,1788389654.0,1788389730.0,305.0,1788389454.980496,1788389734.394014,1788389822.093982,i-0c92ab1873f5417ba
1788389827.7136781,5,1,ghcr.io/talmolab/lablink-client-base-image:linux-amd64-test@sha256:1ec2fde6860186b3d45ac83890167258f83512955dbce65f072d4e8c310cb9de,0.2799713611602783,sleap-lablink-client-prod-vm-5,running,Healthy,0,1788389430.0,1788389454.0,1788389512.0,1788389719.0,1788389656.0,1788389731.0,306.0,1788389454.981285,1788389734.414189,1788389823.441079,i-02edbce051de8200a
1788389832.814223,5,1,ghcr.io/talmolab/lablink-client-base-image:linux-amd64-test@sha256:1ec2fde6860186b3d45ac83890167258f83512955dbce65f072d4e8c310cb9de,0.2799713611602783,sleap-lablink-client-prod-vm-1,running,Healthy,0,1788389430.0,1788389454.0,1788389512.0,1788389719.0,1788389656.0,1788389729.0,304.0,1788389454.97747,1788389734.394763,1788389821.854084,i-0d0a8b81177a50dcd
1788389832.814223,5,1,ghcr.io/talmolab/lablink-client-base-image:linux-amd64-test@sha256:1ec2fde6860186b3d45ac83890167258f83512955dbce65f072d4e8c310cb9de,0.2799713611602783,sleap-lablink-client-prod-vm-2,running,Healthy,0,1788389430.0,1788389454.0,1788389512.0,1788389718.0,1788389655.0,1788389730.0,305.0,1788389454.978876,1788389734.412472,1788389822.008997,i-075d1655ae16149db
1788389832.814223,5,1,ghcr.io/talmolab/lablink-client-base-image:linux-amd64-test@sha256:1ec2fde6860186b3d45ac83890167258f83512955dbce65f072d4e8c310cb9de,0.2799713611602783,sleap-lablink-client-prod-vm-3,running,Healthy,0,1788389430.0,1788389454.0,1788389512.0,1788389718.0,1788389655.0,1788389725.0,300.0,1788389454.979714,1788389734.398341,1788389817.39508,i-07bbc1455104581e3
1788389832.814223,5,1,ghcr.io/talmolab/lablink-client-base-image:linux-amd64-test@sha256:1ec2fde6860186b3d45ac83890167258f83512955dbce65f072d4e8c310cb9de,0.2799713611602783,sleap-lablink-client-prod-vm-4,running,Healthy,0,1788389430.0,1788389454.0,1788389512.0,1788389717.0,1788389654.0,1788389730.0,305.0,1788389454.980496,1788389734.394014,1788389822.093982,i-0c92ab1873f5417ba
1788389832.814223,5,1,ghcr.io/talmolab/lablink-client-base-image:linux-amd64-test@sha256:1ec2fde6860186b3d45ac83890167258f83512955dbce65f072d4e8c310cb9de,0.2799713611602783,sleap-lablink-client-prod-vm-5,running,Healthy,0,1788389430.0,1788389454.0,1788389512.0,1788389719.0,1788389656.0,1788389731.0,306.0,1788389454.981285,1788389734.414189,1788389823.441079,i-02edbce051de8200a
1788389837.833471,5,1,ghcr.io/talmolab/lablink-client-base-image:linux-amd64-test@sha256:1ec2fde6860186b3d45ac83890167258f83512955dbce65f072d4e8c310cb9de,0.2799713611602783,sleap-lablink-client-prod-vm-1,running,Healthy,0,1788389430.0,1788389454.0,1788389512.0,1788389719.0,1788389656.0,1788389729.0,304.0,1788389454.97747,1788389734.394763,1788389821.854084,i-0d0a8b81177a50dcd
1788389837.833471,5,1,ghcr.io/talmolab/lablink-client-base-image:linux-amd64-test@sha256:1ec2fde6860186b3d45ac83890167258f83512955dbce65f072d4e8c310cb9de,0.2799713611602783,sleap-lablink-client-prod-vm-2,running,Healthy,0,1788389430.0,1788389454.0,1788389512.0,1788389718.0,1788389655.0,1788389730.0,305.0,1788389454.978876,1788389734.412472,1788389822.008997,i-075d1655ae16149db
1788389837.833471,5,1,ghcr.io/talmolab/lablink-client-base-image:linux-amd64-test@sha256:1ec2fde6860186b3d45ac83890167258f83512955dbce65f072d4e8c310cb9de,0.2799713611602783,sleap-lablink-client-prod-vm-3,running,Healthy,0,1788389430.0,1788389454.0,1788389512.0,1788389718.0,1788389655.0,1788389725.0,300.0,1788389454.979714,1788389734.398341,1788389817.39508,i-07bbc1455104581e3
1788389837.833471,5,1,ghcr.io/talmolab/lablink-client-base-image:linux-amd64-test@sha256:1ec2fde6860186b3d45ac83890167258f83512955dbce65f072d4e8c310cb9de,0.2799713611602783,sleap-lablink-client-prod-vm-4,running,Healthy,0,1788389430.0,1788389454.0,1788389512.0,1788389717.0,1788389654.0,1788389730.0,305.0,1788389454.980496,1788389734.394014,1788389822.093982,i-0c92ab1873f5417ba
1788389837.833471,5,1,ghcr.io/talmolab/lablink-client-base-image:linux-amd64-test@sha256:1ec2fde6860186b3d45ac83890167258f83512955dbce65f072d4e8c310cb9de,0.2799713611602783,sleap-lablink-client-prod-vm-5,running,Healthy,0,1788389430.0,1788389454.0,1788389512.0,1788389719.0,1788389656.0,1788389731.0,306.0,1788389454.981285,1788389734.414189,1788389823.441079,i-02edbce051de8200a
1788389843.076143,5,1,ghcr.io/talmolab/lablink-client-base-image:linux-amd64-test@sha256:1ec2fde6860186b3d45ac83890167258f83512955dbce65f072d4e8c310cb9de,0.2799713611602783,sleap-lablink-client-prod-vm-1,running,Healthy,0,1788389430.0,1788389454.0,1788389512.0,1788389719.0,1788389656.0,1788389729.0,304.0,1788389454.97747,1788389734.394763,1788389821.854084,i-0d0a8b81177a50dcd
1788389843.076143,5,1,ghcr.io/talmolab/lablink-client-base-image:linux-amd64-test@sha256:1ec2fde6860186b3d45ac83890167258f83512955dbce65f072d4e8c310cb9de,0.2799713611602783,sleap-lablink-client-prod-vm-2,running,Healthy,0,1788389430.0,1788389454.0,1788389512.0,1788389718.0,1788389655.0,1788389730.0,305.0,1788389454.978876,1788389734.412472,1788389822.008997,i-075d1655ae16149db
1788389843.076143,5,1,ghcr.io/talmolab/lablink-client-base-image:linux-amd64-test@sha256:1ec2fde6860186b3d45ac83890167258f83512955dbce65f072d4e8c310cb9de,0.2799713611602783,sleap-lablink-client-prod-vm-3,running,Healthy,0,1788389430.0,1788389454.0,1788389512.0,1788389718.0,1788389655.0,1788389725.0,300.0,1788389454.979714,1788389734.398341,1788389817.39508,i-07bbc1455104581e3
1788389843.076143,5,1,ghcr.io/talmolab/lablink-client-base-image:linux-amd64-test@sha256:1ec2fde6860186b3d45ac83890167258f83512955dbce65f072d4e8c310cb9de,0.2799713611602783,sleap-lablink-client-prod-vm-4,running,Healthy,0,1788389430.0,1788389454.0,1788389512.0,1788389717.0,1788389654.0,1788389730.0,305.0,1788389454.980496,1788389734.394014,1788389822.093982,i-0c92ab1873f5417ba
1788389843.076143,5,1,ghcr.io/talmolab/lablink-client-base-image:linux-amd64-test@sha256:1ec2fde6860186b3d45ac83890167258f83512955dbce65f072d4e8c310cb9de,0.2799713611602783,sleap-lablink-client-prod-vm-5,running,Healthy,0,1788389430.0,1788389454.0,1788389512.0,1788389719.0,1788389656.0,1788389731.0,306.0,1788389454.981285,1788389734.414189,1788389823.441079,i-02edbce051de8200a
1788389847.79372,5,1,ghcr.io/talmolab/lablink-client-base-image:linux-amd64-test@sha256:1ec2fde6860186b3d45ac83890167258f83512955dbce65f072d4e8c310cb9de,0.2799713611602783,sleap-lablink-client-prod-vm-1,running,Healthy,0,1788389430.0,1788389454.0,1788389512.0,1788389719.0,1788389656.0,1788389729.0,304.0,1788389454.97747,1788389734.394763,1788389821.854084,i-0d0a8b81177a50dcd
1788389847.79372,5,1,ghcr.io/talmolab/lablink-client-base-image:linux-amd64-test@sha256:1ec2fde6860186b3d45ac83890167258f83512955dbce65f072d4e8c310cb9de,0.2799713611602783,sleap-lablink-client-prod-vm-2,running,Healthy,0,1788389430.0,1788389454.0,1788389512.0,1788389718.0,1788389655.0,1788389730.0,305.0,1788389454.978876,1788389734.412472,1788389822.008997,i-075d1655ae16149db
1788389847.79372,5,1,ghcr.io/talmolab/lablink-client-base-image:linux-amd64-test@sha256:1ec2fde6860186b3d45ac83890167258f83512955dbce65f072d4e8c310cb9de,0.2799713611602783,sleap-lablink-client-prod-vm-3,running,Healthy,0,1788389430.0,1788389454.0,1788389512.0,1788389718.0,1788389655.0,1788389725.0,300.0,1788389454.979714,1788389734.398341,1788389847.61952,i-07bbc1455104581e3
1788389847.79372,5,1,ghcr.io/talmolab/lablink-client-base-image:linux-amd64-test@sha256:1ec2fde6860186b3d45ac83890167258f83512955dbce65f072d4e8c310cb9de,0.2799713611602783,sleap-lablink-client-prod-vm-4,running,Healthy,0,1788389430.0,1788389454.0,1788389512.0,1788389717.0,1788389654.0,1788389730.0,305.0,1788389454.980496,1788389734.394014,1788389822.093982,i-0c92ab1873f5417ba
1788389847.79372,5,1,ghcr.io/talmolab/lablink-client-base-image:linux-amd64-test@sha256:1ec2fde6860186b3d45ac83890167258f83512955dbce65f072d4e8c310cb9de,0.2799713611602783,sleap-lablink-client-prod-vm-5,running,Healthy,0,1788389430.0,1788389454.0,1788389512.0,1788389719.0,1788389656.0,1788389731.0,306.0,1788389454.981285,1788389734.414189,1788389823.441079,i-02edbce051de8200a
1788389852.7371242,5,1,ghcr.io/talmolab/lablink-client-base-image:linux-amd64-test@sha256:1ec2fde6860186b3d45ac83890167258f83512955dbce65f072d4e8c310cb9de,0.2799713611602783,sleap-lablink-client-prod-vm-1,running,Healthy,0,1788389430.0,1788389454.0,1788389512.0,1788389719.0,1788389656.0,1788389729.0,304.0,1788389454.97747,1788389734.394763,1788389852.024218,i-0d0a8b81177a50dcd
1788389852.7371242,5,1,ghcr.io/talmolab/lablink-client-base-image:linux-amd64-test@sha256:1ec2fde6860186b3d45ac83890167258f83512955dbce65f072d4e8c310cb9de,0.2799713611602783,sleap-lablink-client-prod-vm-2,running,Healthy,0,1788389430.0,1788389454.0,1788389512.0,1788389718.0,1788389655.0,1788389730.0,305.0,1788389454.978876,1788389734.412472,1788389852.254872,i-075d1655ae16149db
1788389852.7371242,5,1,ghcr.io/talmolab/lablink-client-base-image:linux-amd64-test@sha256:1ec2fde6860186b3d45ac83890167258f83512955dbce65f072d4e8c310cb9de,0.2799713611602783,sleap-lablink-client-prod-vm-3,running,Healthy,0,1788389430.0,1788389454.0,1788389512.0,1788389718.0,1788389655.0,1788389725.0,300.0,1788389454.979714,1788389734.398341,1788389847.61952,i-07bbc1455104581e3
1788389852.7371242,5,1,ghcr.io/talmolab/lablink-client-base-image:linux-amd64-test@sha256:1ec2fde6860186b3d45ac83890167258f83512955dbce65f072d4e8c310cb9de,0.2799713611602783,sleap-lablink-client-prod-vm-4,running,Healthy,0,1788389430.0,1788389454.0,1788389512.0,1788389717.0,1788389654.0,1788389730.0,305.0,1788389454.980496,1788389734.394014,1788389852.34507,i-0c92ab1873f5417ba
1788389852.7371242,5,1,ghcr.io/talmolab/lablink-client-base-image:linux-amd64-test@sha256:1ec2fde6860186b3d45ac83890167258f83512955dbce65f072d4e8c310cb9de,0.2799713611602783,sleap-lablink-client-prod-vm-5,running,Healthy,0,1788389430.0,1788389454.0,1788389512.0,1788389719.0,1788389656.0,1788389731.0,306.0,1788389454.981285,1788389734.414189,1788389823.441079,i-02edbce051de8200a
1788389857.775747,5,1,ghcr.io/talmolab/lablink-client-base-image:linux-amd64-test@sha256:1ec2fde6860186b3d45ac83890167258f83512955dbce65f072d4e8c310cb9de,0.2799713611602783,sleap-lablink-client-prod-vm-1,running,Healthy,0,1788389430.0,1788389454.0,1788389512.0,1788389719.0,1788389656.0,1788389729.0,304.0,1788389454.97747,1788389734.394763,1788389852.024218,i-0d0a8b81177a50dcd
1788389857.775747,5,1,ghcr.io/talmolab/lablink-client-base-image:linux-amd64-test@sha256:1ec2fde6860186b3d45ac83890167258f83512955dbce65f072d4e8c310cb9de,0.2799713611602783,sleap-lablink-client-prod-vm-2,running,Healthy,0,1788389430.0,1788389454.0,1788389512.0,1788389718.0,1788389655.0,1788389730.0,305.0,1788389454.978876,1788389734.412472,1788389852.254872,i-075d1655ae16149db
1788389857.775747,5,1,ghcr.io/talmolab/lablink-client-base-image:linux-amd64-test@sha256:1ec2fde6860186b3d45ac83890167258f83512955dbce65f072d4e8c310cb9de,0.2799713611602783,sleap-lablink-client-prod-vm-3,running,Healthy,0,1788389430.0,1788389454.0,1788389512.0,1788389718.0,1788389655.0,1788389725.0,300.0,1788389454.979714,1788389734.398341,1788389847.61952,i-07bbc1455104581e3
1788389857.775747,5,1,ghcr.io/talmolab/lablink-client-base-image:linux-amd64-test@sha256:1ec2fde6860186b3d45ac83890167258f83512955dbce65f072d4e8c310cb9de,0.2799713611602783,sleap-lablink-client-prod-vm-4,running,Healthy,0,1788389430.0,1788389454.0,1788389512.0,1788389717.0,1788389654.0,1788389730.0,305.0,1788389454.980496,1788389734.394014,1788389852.34507,i-0c92ab1873f5417ba
1788389857.775747,5,1,ghcr.io/talmolab/lablink-client-base-image:linux-amd64-test@sha256:1ec2fde6860186b3d45ac83890167258f83512955dbce65f072d4e8c310cb9de,0.2799713611602783,sleap-lablink-client-prod-vm-5,running,Healthy,0,1788389430.0,1788389454.0,1788389512.0,1788389719.0,1788389656.0,1788389731.0,306.0,1788389454.981285,1788389734.414189,1788389853.613514,i-02edbce051de8200a
1788389862.783835,5,1,ghcr.io/talmolab/lablink-client-base-image:linux-amd64-test@sha256:1ec2fde6860186b3d45ac83890167258f83512955dbce65f072d4e8c310cb9de,0.2799713611602783,sleap-lablink-client-prod-vm-1,running,Healthy,0,1788389430.0,1788389454.0,1788389512.0,1788389719.0,1788389656.0,1788389729.0,304.0,1788389454.97747,1788389734.394763,1788389852.024218,i-0d0a8b81177a50dcd
1788389862.783835,5,1,ghcr.io/talmolab/lablink-client-base-image:linux-amd64-test@sha256:1ec2fde6860186b3d45ac83890167258f83512955dbce65f072d4e8c310cb9de,0.2799713611602783,sleap-lablink-client-prod-vm-2,running,Healthy,0,1788389430.0,1788389454.0,1788389512.0,1788389718.0,1788389655.0,1788389730.0,305.0,1788389454.978876,1788389734.412472,1788389852.254872,i-075d1655ae16149db
1788389862.783835,5,1,ghcr.io/talmolab/lablink-client-base-image:linux-amd64-test@sha256:1ec2fde6860186b3d45ac83890167258f83512955dbce65f072d4e8c310cb9de,0.2799713611602783,sleap-lablink-client-prod-vm-3,running,Healthy,0,1788389430.0,1788389454.0,1788389512.0,1788389718.0,1788389655.0,1788389725.0,300.0,1788389454.979714,1788389734.398341,1788389847.61952,i-07bbc1455104581e3
1788389862.783835,5,1,ghcr.io/talmolab/lablink-client-base-image:linux-amd64-test@sha256:1ec2fde6860186b3d45ac83890167258f83512955dbce65f072d4e8c310cb9de,0.2799713611602783,sleap-lablink-client-prod-vm-4,running,Healthy,0,1788389430.0,1788389454.0,1788389512.0,1788389717.0,1788389654.0,1788389730.0,305.0,1788389454.980496,1788389734.394014,1788389852.34507,i-0c92ab1873f5417ba
1788389862.783835,5,1,ghcr.io/talmolab/lablink-client-base-image:linux-amd64-test@sha256:1ec2fde6860186b3d45ac83890167258f83512955dbce65f072d4e8c310cb9de,0.2799713611602783,sleap-lablink-client-prod-vm-5,running,Healthy,0,1788389430.0,1788389454.0,1788389512.0,1788389719.0,1788389656.0,1788389731.0,306.0,1788389454.981285,1788389734.414189,1788389853.613514,i-02edbce051de8200a
1788389867.8012218,5,1,ghcr.io/talmolab/lablink-client-base-image:linux-amd64-test@sha256:1ec2fde6860186b3d45ac83890167258f83512955dbce65f072d4e8c310cb9de,0.2799713611602783,sleap-lablink-client-prod-vm-1,running,Healthy,0,1788389430.0,1788389454.0,1788389512.0,1788389719.0,1788389656.0,1788389729.0,304.0,1788389454.97747,1788389734.394763,1788389852.024218,i-0d0a8b81177a50dcd
1788389867.8012218,5,1,ghcr.io/talmolab/lablink-client-base-image:linux-amd64-test@sha256:1ec2fde6860186b3d45ac83890167258f83512955dbce65f072d4e8c310cb9de,0.2799713611602783,sleap-lablink-client-prod-vm-2,running,Healthy,0,1788389430.0,1788389454.0,1788389512.0,1788389718.0,1788389655.0,1788389730.0,305.0,1788389454.978876,1788389734.412472,1788389852.254872,i-075d1655ae16149db
1788389867.8012218,5,1,ghcr.io/talmolab/lablink-client-base-image:linux-amd64-test@sha256:1ec2fde6860186b3d45ac83890167258f83512955dbce65f072d4e8c310cb9de,0.2799713611602783,sleap-lablink-client-prod-vm-3,running,Healthy,0,1788389430.0,1788389454.0,1788389512.0,1788389718.0,1788389655.0,1788389725.0,300.0,1788389454.979714,1788389734.398341,1788389847.61952,i-07bbc1455104581e3
1788389867.8012218,5,1,ghcr.io/talmolab/lablink-client-base-image:linux-amd64-test@sha256:1ec2fde6860186b3d45ac83890167258f83512955dbce65f072d4e8c310cb9de,0.2799713611602783,sleap-lablink-client-prod-vm-4,running,Healthy,0,1788389430.0,1788389454.0,1788389512.0,1788389717.0,1788389654.0,1788389730.0,305.0,1788389454.980496,1788389734.394014,1788389852.34507,i-0c92ab1873f5417ba
1788389867.8012218,5,1,ghcr.io/talmolab/lablink-client-base-image:linux-amd64-test@sha256:1ec2fde6860186b3d45ac83890167258f83512955dbce65f072d4e8c310cb9de,0.2799713611602783,sleap-lablink-client-prod-vm-5,running,Healthy,0,1788389430.0,1788389454.0,1788389512.0,1788389719.0,1788389656.0,1788389731.0,306.0,1788389454.981285,1788389734.414189,1788389853.613514,i-02edbce051de8200a
1788389872.794133,5,1,ghcr.io/talmolab/lablink-client-base-image:linux-amd64-test@sha256:1ec2fde6860186b3d45ac83890167258f83512955dbce65f072d4e8c310cb9de,0.2799713611602783,sleap-lablink-client-prod-vm-1,running,Healthy,0,1788389430.0,1788389454.0,1788389512.0,1788389719.0,1788389656.0,1788389729.0,304.0,1788389454.97747,1788389734.394763,1788389852.024218,i-0d0a8b81177a50dcd
1788389872.794133,5,1,ghcr.io/talmolab/lablink-client-base-image:linux-amd64-test@sha256:1ec2fde6860186b3d45ac83890167258f83512955dbce65f072d4e8c310cb9de,0.2799713611602783,sleap-lablink-client-prod-vm-2,running,Healthy,0,1788389430.0,1788389454.0,1788389512.0,1788389718.0,1788389655.0,1788389730.0,305.0,1788389454.978876,1788389734.412472,1788389852.254872,i-075d1655ae16149db
1788389872.794133,5,1,ghcr.io/talmolab/lablink-client-base-image:linux-amd64-test@sha256:1ec2fde6860186b3d45ac83890167258f83512955dbce65f072d4e8c310cb9de,0.2799713611602783,sleap-lablink-client-prod-vm-3,running,Healthy,0,1788389430.0,1788389454.0,1788389512.0,1788389718.0,1788389655.0,1788389725.0,300.0,1788389454.979714,1788389734.398341,1788389847.61952,i-07bbc1455104581e3
1788389872.794133,5,1,ghcr.io/talmolab/lablink-client-base-image:linux-amd64-test@sha256:1ec2fde6860186b3d45ac83890167258f83512955dbce65f072d4e8c310cb9de,0.2799713611602783,sleap-lablink-client-prod-vm-4,running,Healthy,0,1788389430.0,1788389454.0,1788389512.0,1788389717.0,1788389654.0,1788389730.0,305.0,1788389454.980496,1788389734.394014,1788389852.34507,i-0c92ab1873f5417ba
1788389872.794133,5,1,ghcr.io/talmolab/lablink-client-base-image:linux-amd64-test@sha256:1ec2fde6860186b3d45ac83890167258f83512955dbce65f072d4e8c310cb9de,0.2799713611602783,sleap-lablink-client-prod-vm-5,running,Healthy,0,1788389430.0,1788389454.0,1788389512.0,1788389719.0,1788389656.0,1788389731.0,306.0,1788389454.981285,1788389734.414189,1788389853.613514,i-02edbce051de8200a
1788389877.867743,5,1,ghcr.io/talmolab/lablink-client-base-image:linux-amd64-test@sha256:1ec2fde6860186b3d45ac83890167258f83512955dbce65f072d4e8c310cb9de,0.2799713611602783,sleap-lablink-client-prod-vm-1,running,Healthy,0,1788389430.0,1788389454.0,1788389512.0,1788389719.0,1788389656.0,1788389729.0,304.0,1788389454.97747,1788389734.394763,1788389852.024218,i-0d0a8b81177a50dcd
1788389877.867743,5,1,ghcr.io/talmolab/lablink-client-base-image:linux-amd64-test@sha256:1ec2fde6860186b3d45ac83890167258f83512955dbce65f072d4e8c310cb9de,0.2799713611602783,sleap-lablink-client-prod-vm-2,running,Healthy,0,1788389430.0,1788389454.0,1788389512.0,1788389718.0,1788389655.0,1788389730.0,305.0,1788389454.978876,1788389734.412472,1788389852.254872,i-075d1655ae16149db
1788389877.867743,5,1,ghcr.io/talmolab/lablink-client-base-image:linux-amd64-test@sha256:1ec2fde6860186b3d45ac83890167258f83512955dbce65f072d4e8c310cb9de,0.2799713611602783,sleap-lablink-client-prod-vm-3,running,Healthy,0,1788389430.0,1788389454.0,1788389512.0,1788389718.0,1788389655.0,1788389725.0,300.0,1788389454.979714,1788389734.398341,1788389877.639604,i-07bbc1455104581e3
1788389877.867743,5,1,ghcr.io/talmolab/lablink-client-base-image:linux-amd64-test@sha256:1ec2fde6860186b3d45ac83890167258f83512955dbce65f072d4e8c310cb9de,0.2799713611602783,sleap-lablink-client-prod-vm-4,running,Healthy,0,1788389430.0,1788389454.0,1788389512.0,1788389717.0,1788389654.0,1788389730.0,305.0,1788389454.980496,1788389734.394014,1788389852.34507,i-0c92ab1873f5417ba
1788389877.867743,5,1,ghcr.io/talmolab/lablink-client-base-image:linux-amd64-test@sha256:1ec2fde6860186b3d45ac83890167258f83512955dbce65f072d4e8c310cb9de,0.2799713611602783,sleap-lablink-client-prod-vm-5,running,Healthy,0,1788389430.0,1788389454.0,1788389512.0,1788389719.0,1788389656.0,1788389731.0,306.0,1788389454.981285,1788389734.414189,1788389853.613514,i-02edbce051de8200a
1788389882.811151,5,1,ghcr.io/talmolab/lablink-client-base-image:linux-amd64-test@sha256:1ec2fde6860186b3d45ac83890167258f83512955dbce65f072d4e8c310cb9de,0.2799713611602783,sleap-lablink-client-prod-vm-1,running,Healthy,0,1788389430.0,1788389454.0,1788389512.0,1788389719.0,1788389656.0,1788389729.0,304.0,1788389454.97747,1788389734.394763,1788389882.044888,i-0d0a8b81177a50dcd
1788389882.811151,5,1,ghcr.io/talmolab/lablink-client-base-image:linux-amd64-test@sha256:1ec2fde6860186b3d45ac83890167258f83512955dbce65f072d4e8c310cb9de,0.2799713611602783,sleap-lablink-client-prod-vm-2,running,Healthy,0,1788389430.0,1788389454.0,1788389512.0,1788389718.0,1788389655.0,1788389730.0,305.0,1788389454.978876,1788389734.412472,1788389882.27539,i-075d1655ae16149db
1788389882.811151,5,1,ghcr.io/talmolab/lablink-client-base-image:linux-amd64-test@sha256:1ec2fde6860186b3d45ac83890167258f83512955dbce65f072d4e8c310cb9de,0.2799713611602783,sleap-lablink-client-prod-vm-3,running,Healthy,0,1788389430.0,1788389454.0,1788389512.0,1788389718.0,1788389655.0,1788389725.0,300.0,1788389454.979714,1788389734.398341,1788389877.639604,i-07bbc1455104581e3
1788389882.811151,5,1,ghcr.io/talmolab/lablink-client-base-image:linux-amd64-test@sha256:1ec2fde6860186b3d45ac83890167258f83512955dbce65f072d4e8c310cb9de,0.2799713611602783,sleap-lablink-client-prod-vm-4,running,Healthy,0,1788389430.0,1788389454.0,1788389512.0,1788389717.0,1788389654.0,1788389730.0,305.0,1788389454.980496,1788389734.394014,1788389882.366073,i-0c92ab1873f5417ba
1788389882.811151,5,1,ghcr.io/talmolab/lablink-client-base-image:linux-amd64-test@sha256:1ec2fde6860186b3d45ac83890167258f83512955dbce65f072d4e8c310cb9de,0.2799713611602783,sleap-lablink-client-prod-vm-5,running,Healthy,0,1788389430.0,1788389454.0,1788389512.0,1788389719.0,1788389656.0,1788389731.0,306.0,1788389454.981285,1788389734.414189,1788389853.613514,i-02edbce051de8200a
1788389887.858017,5,1,ghcr.io/talmolab/lablink-client-base-image:linux-amd64-test@sha256:1ec2fde6860186b3d45ac83890167258f83512955dbce65f072d4e8c310cb9de,0.2799713611602783,sleap-lablink-client-prod-vm-1,running,Healthy,0,1788389430.0,1788389454.0,1788389512.0,1788389719.0,1788389656.0,1788389729.0,304.0,1788389454.97747,1788389734.394763,1788389882.044888,i-0d0a8b81177a50dcd
1788389887.858017,5,1,ghcr.io/talmolab/lablink-client-base-image:linux-amd64-test@sha256:1ec2fde6860186b3d45ac83890167258f83512955dbce65f072d4e8c310cb9de,0.2799713611602783,sleap-lablink-client-prod-vm-2,running,Healthy,0,1788389430.0,1788389454.0,1788389512.0,1788389718.0,1788389655.0,1788389730.0,305.0,1788389454.978876,1788389734.412472,1788389882.27539,i-075d1655ae16149db
1788389887.858017,5,1,ghcr.io/talmolab/lablink-client-base-image:linux-amd64-test@sha256:1ec2fde6860186b3d45ac83890167258f83512955dbce65f072d4e8c310cb9de,0.2799713611602783,sleap-lablink-client-prod-vm-3,running,Healthy,0,1788389430.0,1788389454.0,1788389512.0,1788389718.0,1788389655.0,1788389725.0,300.0,1788389454.979714,1788389734.398341,1788389877.639604,i-07bbc1455104581e3
1788389887.858017,5,1,ghcr.io/talmolab/lablink-client-base-image:linux-amd64-test@sha256:1ec2fde6860186b3d45ac83890167258f83512955dbce65f072d4e8c310cb9de,0.2799713611602783,sleap-lablink-client-prod-vm-4,running,Healthy,0,1788389430.0,1788389454.0,1788389512.0,1788389717.0,1788389654.0,1788389730.0,305.0,1788389454.980496,1788389734.394014,1788389882.366073,i-0c92ab1873f5417ba
1788389887.858017,5,1,ghcr.io/talmolab/lablink-client-base-image:linux-amd64-test@sha256:1ec2fde6860186b3d45ac83890167258f83512955dbce65f072d4e8c310cb9de,0.2799713611602783,sleap-lablink-client-prod-vm-5,running,Healthy,0,1788389430.0,1788389454.0,1788389512.0,1788389719.0,1788389656.0,1788389731.0,306.0,1788389454.981285,1788389734.414189,1788389883.634642,i-02edbce051de8200a
1788389892.8886771,5,1,ghcr.io/talmolab/lablink-client-base-image:linux-amd64-test@sha256:1ec2fde6860186b3d45ac83890167258f83512955dbce65f072d4e8c310cb9de,0.2799713611602783,sleap-lablink-client-prod-vm-1,running,Healthy,0,1788389430.0,1788389454.0,1788389512.0,1788389719.0,1788389656.0,1788389729.0,304.0,1788389454.97747,1788389734.394763,1788389882.044888,i-0d0a8b81177a50dcd
1788389892.8886771,5,1,ghcr.io/talmolab/lablink-client-base-image:linux-amd64-test@sha256:1ec2fde6860186b3d45ac83890167258f83512955dbce65f072d4e8c310cb9de,0.2799713611602783,sleap-lablink-client-prod-vm-2,running,Healthy,0,1788389430.0,1788389454.0,1788389512.0,1788389718.0,1788389655.0,1788389730.0,305.0,1788389454.978876,1788389734.412472,1788389882.27539,i-075d1655ae16149db
1788389892.8886771,5,1,ghcr.io/talmolab/lablink-client-base-image:linux-amd64-test@sha256:1ec2fde6860186b3d45ac83890167258f83512955dbce65f072d4e8c310cb9de,0.2799713611602783,sleap-lablink-client-prod-vm-3,running,Healthy,0,1788389430.0,1788389454.0,1788389512.0,1788389718.0,1788389655.0,1788389725.0,300.0,1788389454.979714,1788389734.398341,1788389877.639604,i-07bbc1455104581e3
1788389892.8886771,5,1,ghcr.io/talmolab/lablink-client-base-image:linux-amd64-test@sha256:1ec2fde6860186b3d45ac83890167258f83512955dbce65f072d4e8c310cb9de,0.2799713611602783,sleap-lablink-client-prod-vm-4,running,Healthy,0,1788389430.0,1788389454.0,1788389512.0,1788389717.0,1788389654.0,1788389730.0,305.0,1788389454.980496,1788389734.394014,1788389882.366073,i-0c92ab1873f5417ba
1788389892.8886771,5,1,ghcr.io/talmolab/lablink-client-base-image:linux-amd64-test@sha256:1ec2fde6860186b3d45ac83890167258f83512955dbce65f072d4e8c310cb9de,0.2799713611602783,sleap-lablink-client-prod-vm-5,running,Healthy,0,1788389430.0,1788389454.0,1788389512.0,1788389719.0,1788389656.0,1788389731.0,306.0,1788389454.981285,1788389734.414189,1788389883.634642,i-02edbce051de8200a
1788389897.817577,5,1,ghcr.io/talmolab/lablink-client-base-image:linux-amd64-test@sha256:1ec2fde6860186b3d45ac83890167258f83512955dbce65f072d4e8c310cb9de,0.2799713611602783,sleap-lablink-client-prod-vm-1,running,Healthy,0,1788389430.0,1788389454.0,1788389512.0,1788389719.0,1788389656.0,1788389729.0,304.0,1788389454.97747,1788389734.394763,1788389882.044888,i-0d0a8b81177a50dcd
1788389897.817577,5,1,ghcr.io/talmolab/lablink-client-base-image:linux-amd64-test@sha256:1ec2fde6860186b3d45ac83890167258f83512955dbce65f072d4e8c310cb9de,0.2799713611602783,sleap-lablink-client-prod-vm-2,running,Healthy,0,1788389430.0,1788389454.0,1788389512.0,1788389718.0,1788389655.0,1788389730.0,305.0,1788389454.978876,1788389734.412472,1788389882.27539,i-075d1655ae16149db
1788389897.817577,5,1,ghcr.io/talmolab/lablink-client-base-image:linux-amd64-test@sha256:1ec2fde6860186b3d45ac83890167258f83512955dbce65f072d4e8c310cb9de,0.2799713611602783,sleap-lablink-client-prod-vm-3,running,Healthy,0,1788389430.0,1788389454.0,1788389512.0,1788389718.0,1788389655.0,1788389725.0,300.0,1788389454.979714,1788389734.398341,1788389877.639604,i-07bbc1455104581e3
1788389897.817577,5,1,ghcr.io/talmolab/lablink-client-base-image:linux-amd64-test@sha256:1ec2fde6860186b3d45ac83890167258f83512955dbce65f072d4e8c310cb9de,0.2799713611602783,sleap-lablink-client-prod-vm-4,running,Healthy,0,1788389430.0,1788389454.0,1788389512.0,1788389717.0,1788389654.0,1788389730.0,305.0,1788389454.980496,1788389734.394014,1788389882.366073,i-0c92ab1873f5417ba
1788389897.817577,5,1,ghcr.io/talmolab/lablink-client-base-image:linux-amd64-test@sha256:1ec2fde6860186b3d45ac83890167258f83512955dbce65f072d4e8c310cb9de,0.2799713611602783,sleap-lablink-client-prod-vm-5,running,Healthy,0,1788389430.0,1788389454.0,1788389512.0,1788389719.0,1788389656.0,1788389731.0,306.0,1788389454.981285,1788389734.414189,1788389883.634642,i-02edbce051de8200a
1788389902.739029,5,1,ghcr.io/talmolab/lablink-client-base-image:linux-amd64-test@sha256:1ec2fde6860186b3d45ac83890167258f83512955dbce65f072d4e8c310cb9de,0.2799713611602783,sleap-lablink-client-prod-vm-1,running,Healthy,0,1788389430.0,1788389454.0,1788389512.0,1788389719.0,1788389656.0,1788389729.0,304.0,1788389454.97747,1788389734.394763,1788389882.044888,i-0d0a8b81177a50dcd
1788389902.739029,5,1,ghcr.io/talmolab/lablink-client-base-image:linux-amd64-test@sha256:1ec2fde6860186b3d45ac83890167258f83512955dbce65f072d4e8c310cb9de,0.2799713611602783,sleap-lablink-client-prod-vm-2,running,Healthy,0,1788389430.0,1788389454.0,1788389512.0,1788389718.0,1788389655.0,1788389730.0,305.0,1788389454.978876,1788389734.412472,1788389882.27539,i-075d1655ae16149db
1788389902.739029,5,1,ghcr.io/talmolab/lablink-client-base-image:linux-amd64-test@sha256:1ec2fde6860186b3d45ac83890167258f83512955dbce65f072d4e8c310cb9de,0.2799713611602783,sleap-lablink-client-prod-vm-3,running,Healthy,0,1788389430.0,1788389454.0,1788389512.0,1788389718.0,1788389655.0,1788389725.0,300.0,1788389454.979714,1788389734.398341,1788389877.639604,i-07bbc1455104581e3
1788389902.739029,5,1,ghcr.io/talmolab/lablink-client-base-image:linux-amd64-test@sha256:1ec2fde6860186b3d45ac83890167258f83512955dbce65f072d4e8c310cb9de,0.2799713611602783,sleap-lablink-client-prod-vm-4,running,Healthy,0,1788389430.0,1788389454.0,1788389512.0,1788389717.0,1788389654.0,1788389730.0,305.0,1788389454.980496,1788389734.394014,1788389882.366073,i-0c92ab1873f5417ba
1788389902.739029,5,1,ghcr.io/talmolab/lablink-client-base-image:linux-amd64-test@sha256:1ec2fde6860186b3d45ac83890167258f83512955dbce65f072d4e8c310cb9de,0.2799713611602783,sleap-lablink-client-prod-vm-5,running,Healthy,0,1788389430.0,1788389454.0,1788389512.0,1788389719.0,1788389656.0,1788389731.0,306.0,1788389454.981285,1788389734.414189,1788389883.634642,i-02edbce051de8200a
1788389907.8785112,5,1,ghcr.io/talmolab/lablink-client-base-image:linux-amd64-test@sha256:1ec2fde6860186b3d45ac83890167258f83512955dbce65f072d4e8c310cb9de,0.2799713611602783,sleap-lablink-client-prod-vm-1,running,Healthy,0,1788389430.0,1788389454.0,1788389512.0,1788389719.0,1788389656.0,1788389729.0,304.0,1788389454.97747,1788389734.394763,1788389882.044888,i-0d0a8b81177a50dcd
1788389907.8785112,5,1,ghcr.io/talmolab/lablink-client-base-image:linux-amd64-test@sha256:1ec2fde6860186b3d45ac83890167258f83512955dbce65f072d4e8c310cb9de,0.2799713611602783,sleap-lablink-client-prod-vm-2,running,Healthy,0,1788389430.0,1788389454.0,1788389512.0,1788389718.0,1788389655.0,1788389730.0,305.0,1788389454.978876,1788389734.412472,1788389882.27539,i-075d1655ae16149db
1788389907.8785112,5,1,ghcr.io/talmolab/lablink-client-base-image:linux-amd64-test@sha256:1ec2fde6860186b3d45ac83890167258f83512955dbce65f072d4e8c310cb9de,0.2799713611602783,sleap-lablink-client-prod-vm-3,running,Healthy,0,1788389430.0,1788389454.0,1788389512.0,1788389718.0,1788389655.0,1788389725.0,300.0,1788389454.979714,1788389734.398341,1788389877.639604,i-07bbc1455104581e3
1788389907.8785112,5,1,ghcr.io/talmolab/lablink-client-base-image:linux-amd64-test@sha256:1ec2fde6860186b3d45ac83890167258f83512955dbce65f072d4e8c310cb9de,0.2799713611602783,sleap-lablink-client-prod-vm-4,running,Healthy,0,1788389430.0,1788389454.0,1788389512.0,1788389717.0,1788389654.0,1788389730.0,305.0,1788389454.980496,1788389734.394014,1788389882.366073,i-0c92ab1873f5417ba
1788389907.8785112,5,1,ghcr.io/talmolab/lablink-client-base-image:linux-amd64-test@sha256:1ec2fde6860186b3d45ac83890167258f83512955dbce65f072d4e8c310cb9de,0.2799713611602783,sleap-lablink-client-prod-vm-5,running,Healthy,0,1788389430.0,1788389454.0,1788389512.0,1788389719.0,1788389656.0,1788389731.0,306.0,1788389454.981285,1788389734.414189,1788389883.634642,i-02edbce051de8200a
1788389912.9051971,5,1,ghcr.io/talmolab/lablink-client-base-image:linux-amd64-test@sha256:1ec2fde6860186b3d45ac83890167258f83512955dbce65f072d4e8c310cb9de,0.2799713611602783,sleap-lablink-client-prod-vm-1,running,Healthy,0,1788389430.0,1788389454.0,1788389512.0,1788389719.0,1788389656.0,1788389729.0,304.0,1788389454.97747,1788389734.394763,1788389912.226294,i-0d0a8b81177a50dcd
1788389912.9051971,5,1,ghcr.io/talmolab/lablink-client-base-image:linux-amd64-test@sha256:1ec2fde6860186b3d45ac83890167258f83512955dbce65f072d4e8c310cb9de,0.2799713611602783,sleap-lablink-client-prod-vm-2,running,Healthy,0,1788389430.0,1788389454.0,1788389512.0,1788389718.0,1788389655.0,1788389730.0,305.0,1788389454.978876,1788389734.412472,1788389912.512473,i-075d1655ae16149db
1788389912.9051971,5,1,ghcr.io/talmolab/lablink-client-base-image:linux-amd64-test@sha256:1ec2fde6860186b3d45ac83890167258f83512955dbce65f072d4e8c310cb9de,0.2799713611602783,sleap-lablink-client-prod-vm-3,running,Healthy,0,1788389430.0,1788389454.0,1788389512.0,1788389718.0,1788389655.0,1788389725.0,300.0,1788389454.979714,1788389734.398341,1788389907.882664,i-07bbc1455104581e3
1788389912.9051971,5,1,ghcr.io/talmolab/lablink-client-base-image:linux-amd64-test@sha256:1ec2fde6860186b3d45ac83890167258f83512955dbce65f072d4e8c310cb9de,0.2799713611602783,sleap-lablink-client-prod-vm-4,running,Healthy,0,1788389430.0,1788389454.0,1788389512.0,1788389717.0,1788389654.0,1788389730.0,305.0,1788389454.980496,1788389734.394014,1788389912.619403,i-0c92ab1873f5417ba
1788389912.9051971,5,1,ghcr.io/talmolab/lablink-client-base-image:linux-amd64-test@sha256:1ec2fde6860186b3d45ac83890167258f83512955dbce65f072d4e8c310cb9de,0.2799713611602783,sleap-lablink-client-prod-vm-5,running,Healthy,0,1788389430.0,1788389454.0,1788389512.0,1788389719.0,1788389656.0,1788389731.0,306.0,1788389454.981285,1788389734.414189,1788389883.634642,i-02edbce051de8200a
1788389917.8381069,5,1,ghcr.io/talmolab/lablink-client-base-image:linux-amd64-test@sha256:1ec2fde6860186b3d45ac83890167258f83512955dbce65f072d4e8c310cb9de,0.2799713611602783,sleap-lablink-client-prod-vm-1,running,Healthy,0,1788389430.0,1788389454.0,1788389512.0,1788389719.0,1788389656.0,1788389729.0,304.0,1788389454.97747,1788389734.394763,1788389912.226294,i-0d0a8b81177a50dcd
1788389917.8381069,5,1,ghcr.io/talmolab/lablink-client-base-image:linux-amd64-test@sha256:1ec2fde6860186b3d45ac83890167258f83512955dbce65f072d4e8c310cb9de,0.2799713611602783,sleap-lablink-client-prod-vm-2,running,Healthy,0,1788389430.0,1788389454.0,1788389512.0,1788389718.0,1788389655.0,1788389730.0,305.0,1788389454.978876,1788389734.412472,1788389912.512473,i-075d1655ae16149db
1788389917.8381069,5,1,ghcr.io/talmolab/lablink-client-base-image:linux-amd64-test@sha256:1ec2fde6860186b3d45ac83890167258f83512955dbce65f072d4e8c310cb9de,0.2799713611602783,sleap-lablink-client-prod-vm-3,running,Healthy,0,1788389430.0,1788389454.0,1788389512.0,1788389718.0,1788389655.0,1788389725.0,300.0,1788389454.979714,1788389734.398341,1788389907.882664,i-07bbc1455104581e3
1788389917.8381069,5,1,ghcr.io/talmolab/lablink-client-base-image:linux-amd64-test@sha256:1ec2fde6860186b3d45ac83890167258f83512955dbce65f072d4e8c310cb9de,0.2799713611602783,sleap-lablink-client-prod-vm-4,running,Healthy,0,1788389430.0,1788389454.0,1788389512.0,1788389717.0,1788389654.0,1788389730.0,305.0,1788389454.980496,1788389734.394014,1788389912.619403,i-0c92ab1873f5417ba
1788389917.8381069,5,1,ghcr.io/talmolab/lablink-client-base-image:linux-amd64-test@sha256:1ec2fde6860186b3d45ac83890167258f83512955dbce65f072d4e8c310cb9de,0.2799713611602783,sleap-lablink-client-prod-vm-5,running,Healthy,0,1788389430.0,1788389454.0,1788389512.0,1788389719.0,1788389656.0,1788389731.0,306.0,1788389454.981285,1788389734.414189,1788389913.813538,i-02edbce051de8200a
1788389922.8335118,5,1,ghcr.io/talmolab/lablink-client-base-image:linux-amd64-test@sha256:1ec2fde6860186b3d45ac83890167258f83512955dbce65f072d4e8c310cb9de,0.2799713611602783,sleap-lablink-client-prod-vm-1,running,Healthy,0,1788389430.0,1788389454.0,1788389512.0,1788389719.0,1788389656.0,1788389729.0,304.0,1788389454.97747,1788389734.394763,1788389912.226294,i-0d0a8b81177a50dcd
1788389922.8335118,5,1,ghcr.io/talmolab/lablink-client-base-image:linux-amd64-test@sha256:1ec2fde6860186b3d45ac83890167258f83512955dbce65f072d4e8c310cb9de,0.2799713611602783,sleap-lablink-client-prod-vm-2,running,Healthy,0,1788389430.0,1788389454.0,1788389512.0,1788389718.0,1788389655.0,1788389730.0,305.0,1788389454.978876,1788389734.412472,1788389912.512473,i-075d1655ae16149db
1788389922.8335118,5,1,ghcr.io/talmolab/lablink-client-base-image:linux-amd64-test@sha256:1ec2fde6860186b3d45ac83890167258f83512955dbce65f072d4e8c310cb9de,0.2799713611602783,sleap-lablink-client-prod-vm-3,running,Healthy,0,1788389430.0,1788389454.0,1788389512.0,1788389718.0,1788389655.0,1788389725.0,300.0,1788389454.979714,1788389734.398341,1788389907.882664,i-07bbc1455104581e3
1788389922.8335118,5,1,ghcr.io/talmolab/lablink-client-base-image:linux-amd64-test@sha256:1ec2fde6860186b3d45ac83890167258f83512955dbce65f072d4e8c310cb9de,0.2799713611602783,sleap-lablink-client-prod-vm-4,running,Healthy,0,1788389430.0,1788389454.0,1788389512.0,1788389717.0,1788389654.0,1788389730.0,305.0,1788389454.980496,1788389734.394014,1788389912.619403,i-0c92ab1873f5417ba
1788389922.8335118,5,1,ghcr.io/talmolab/lablink-client-base-image:linux-amd64-test@sha256:1ec2fde6860186b3d45ac83890167258f83512955dbce65f072d4e8c310cb9de,0.2799713611602783,sleap-lablink-client-prod-vm-5,running,Healthy,0,1788389430.0,1788389454.0,1788389512.0,1788389719.0,1788389656.0,1788389731.0,306.0,1788389454.981285,1788389734.414189,1788389913.813538,i-02edbce051de8200a
1788389928.0320792,5,1,ghcr.io/talmolab/lablink-client-base-image:linux-amd64-test@sha256:1ec2fde6860186b3d45ac83890167258f83512955dbce65f072d4e8c310cb9de,0.2799713611602783,sleap-lablink-client-prod-vm-1,running,Healthy,0,1788389430.0,1788389454.0,1788389512.0,1788389719.0,1788389656.0,1788389729.0,304.0,1788389454.97747,1788389734.394763,1788389912.226294,i-0d0a8b81177a50dcd
1788389928.0320792,5,1,ghcr.io/talmolab/lablink-client-base-image:linux-amd64-test@sha256:1ec2fde6860186b3d45ac83890167258f83512955dbce65f072d4e8c310cb9de,0.2799713611602783,sleap-lablink-client-prod-vm-2,running,Healthy,0,1788389430.0,1788389454.0,1788389512.0,1788389718.0,1788389655.0,1788389730.0,305.0,1788389454.978876,1788389734.412472,1788389912.512473,i-075d1655ae16149db
1788389928.0320792,5,1,ghcr.io/talmolab/lablink-client-base-image:linux-amd64-test@sha256:1ec2fde6860186b3d45ac83890167258f83512955dbce65f072d4e8c310cb9de,0.2799713611602783,sleap-lablink-client-prod-vm-3,running,Healthy,0,1788389430.0,1788389454.0,1788389512.0,1788389718.0,1788389655.0,1788389725.0,300.0,1788389454.979714,1788389734.398341,1788389907.882664,i-07bbc1455104581e3
1788389928.0320792,5,1,ghcr.io/talmolab/lablink-client-base-image:linux-amd64-test@sha256:1ec2fde6860186b3d45ac83890167258f83512955dbce65f072d4e8c310cb9de,0.2799713611602783,sleap-lablink-client-prod-vm-4,running,Healthy,0,1788389430.0,1788389454.0,1788389512.0,1788389717.0,1788389654.0,1788389730.0,305.0,1788389454.980496,1788389734.394014,1788389912.619403,i-0c92ab1873f5417ba
1788389928.0320792,5,1,ghcr.io/talmolab/lablink-client-base-image:linux-amd64-test@sha256:1ec2fde6860186b3d45ac83890167258f83512955dbce65f072d4e8c310cb9de,0.2799713611602783,sleap-lablink-client-prod-vm-5,running,Healthy,0,1788389430.0,1788389454.0,1788389512.0,1788389719.0,1788389656.0,1788389731.0,306.0,1788389454.981285,1788389734.414189,1788389913.813538,i-02edbce051de8200a
1788389932.8100429,5,1,ghcr.io/talmolab/lablink-client-base-image:linux-amd64-test@sha256:1ec2fde6860186b3d45ac83890167258f83512955dbce65f072d4e8c310cb9de,0.2799713611602783,sleap-lablink-client-prod-vm-1,running,Healthy,0,1788389430.0,1788389454.0,1788389512.0,1788389719.0,1788389656.0,1788389729.0,304.0,1788389454.97747,1788389734.394763,1788389912.226294,i-0d0a8b81177a50dcd
1788389932.8100429,5,1,ghcr.io/talmolab/lablink-client-base-image:linux-amd64-test@sha256:1ec2fde6860186b3d45ac83890167258f83512955dbce65f072d4e8c310cb9de,0.2799713611602783,sleap-lablink-client-prod-vm-2,running,Healthy,0,1788389430.0,1788389454.0,1788389512.0,1788389718.0,1788389655.0,1788389730.0,305.0,1788389454.978876,1788389734.412472,1788389912.512473,i-075d1655ae16149db
1788389932.8100429,5,1,ghcr.io/talmolab/lablink-client-base-image:linux-amd64-test@sha256:1ec2fde6860186b3d45ac83890167258f83512955dbce65f072d4e8c310cb9de,0.2799713611602783,sleap-lablink-client-prod-vm-3,running,Healthy,0,1788389430.0,1788389454.0,1788389512.0,1788389718.0,1788389655.0,1788389725.0,300.0,1788389454.979714,1788389734.398341,1788389907.882664,i-07bbc1455104581e3
1788389932.8100429,5,1,ghcr.io/talmolab/lablink-client-base-image:linux-amd64-test@sha256:1ec2fde6860186b3d45ac83890167258f83512955dbce65f072d4e8c310cb9de,0.2799713611602783,sleap-lablink-client-prod-vm-4,running,Healthy,0,1788389430.0,1788389454.0,1788389512.0,1788389717.0,1788389654.0,1788389730.0,305.0,1788389454.980496,1788389734.394014,1788389912.619403,i-0c92ab1873f5417ba
1788389932.8100429,5,1,ghcr.io/talmolab/lablink-client-base-image:linux-amd64-test@sha256:1ec2fde6860186b3d45ac83890167258f83512955dbce65f072d4e8c310cb9de,0.2799713611602783,sleap-lablink-client-prod-vm-5,running,Healthy,0,1788389430.0,1788389454.0,1788389512.0,1788389719.0,1788389656.0,1788389731.0,306.0,1788389454.981285,1788389734.414189,1788389913.813538,i-02edbce051de8200a
1788389937.828341,5,1,ghcr.io/talmolab/lablink-client-base-image:linux-amd64-test@sha256:1ec2fde6860186b3d45ac83890167258f83512955dbce65f072d4e8c310cb9de,0.2799713611602783,sleap-lablink-client-prod-vm-1,running,Healthy,0,1788389430.0,1788389454.0,1788389512.0,1788389719.0,1788389656.0,1788389729.0,304.0,1788389454.97747,1788389734.394763,1788389912.226294,i-0d0a8b81177a50dcd
1788389937.828341,5,1,ghcr.io/talmolab/lablink-client-base-image:linux-amd64-test@sha256:1ec2fde6860186b3d45ac83890167258f83512955dbce65f072d4e8c310cb9de,0.2799713611602783,sleap-lablink-client-prod-vm-2,running,Healthy,0,1788389430.0,1788389454.0,1788389512.0,1788389718.0,1788389655.0,1788389730.0,305.0,1788389454.978876,1788389734.412472,1788389912.512473,i-075d1655ae16149db
1788389937.828341,5,1,ghcr.io/talmolab/lablink-client-base-image:linux-amd64-test@sha256:1ec2fde6860186b3d45ac83890167258f83512955dbce65f072d4e8c310cb9de,0.2799713611602783,sleap-lablink-client-prod-vm-3,running,Healthy,0,1788389430.0,1788389454.0,1788389512.0,1788389718.0,1788389655.0,1788389725.0,300.0,1788389454.979714,1788389734.398341,1788389907.882664,i-07bbc1455104581e3
1788389937.828341,5,1,ghcr.io/talmolab/lablink-client-base-image:linux-amd64-test@sha256:1ec2fde6860186b3d45ac83890167258f83512955dbce65f072d4e8c310cb9de,0.2799713611602783,sleap-lablink-client-prod-vm-4,running,Healthy,0,1788389430.0,1788389454.0,1788389512.0,1788389717.0,1788389654.0,1788389730.0,305.0,1788389454.980496,1788389734.394014,1788389912.619403,i-0c92ab1873f5417ba
1788389937.828341,5,1,ghcr.io/talmolab/lablink-client-base-image:linux-amd64-test@sha256:1ec2fde6860186b3d45ac83890167258f83512955dbce65f072d4e8c310cb9de,0.2799713611602783,sleap-lablink-client-prod-vm-5,running,Healthy,0,1788389430.0,1788389454.0,1788389512.0,1788389719.0,1788389656.0,1788389731.0,306.0,1788389454.981285,1788389734.414189,1788389913.813538,i-02edbce051de8200a
1788389942.9107919,5,1,ghcr.io/talmolab/lablink-client-base-image:linux-amd64-test@sha256:1ec2fde6860186b3d45ac83890167258f83512955dbce65f072d4e8c310cb9de,0.2799713611602783,sleap-lablink-client-prod-vm-1,running,Healthy,0,1788389430.0,1788389454.0,1788389512.0,1788389719.0,1788389656.0,1788389729.0,304.0,1788389454.97747,1788389734.394763,1788389942.245636,i-0d0a8b81177a50dcd
1788389942.9107919,5,1,ghcr.io/talmolab/lablink-client-base-image:linux-amd64-test@sha256:1ec2fde6860186b3d45ac83890167258f83512955dbce65f072d4e8c310cb9de,0.2799713611602783,sleap-lablink-client-prod-vm-2,running,Healthy,0,1788389430.0,1788389454.0,1788389512.0,1788389718.0,1788389655.0,1788389730.0,305.0,1788389454.978876,1788389734.412472,1788389942.535098,i-075d1655ae16149db
1788389942.9107919,5,1,ghcr.io/talmolab/lablink-client-base-image:linux-amd64-test@sha256:1ec2fde6860186b3d45ac83890167258f83512955dbce65f072d4e8c310cb9de,0.2799713611602783,sleap-lablink-client-prod-vm-3,running,Healthy,0,1788389430.0,1788389454.0,1788389512.0,1788389718.0,1788389655.0,1788389725.0,300.0,1788389454.979714,1788389734.398341,1788389937.904844,i-07bbc1455104581e3
1788389942.9107919,5,1,ghcr.io/talmolab/lablink-client-base-image:linux-amd64-test@sha256:1ec2fde6860186b3d45ac83890167258f83512955dbce65f072d4e8c310cb9de,0.2799713611602783,sleap-lablink-client-prod-vm-4,running,Healthy,0,1788389430.0,1788389454.0,1788389512.0,1788389717.0,1788389654.0,1788389730.0,305.0,1788389454.980496,1788389734.394014,1788389942.640017,i-0c92ab1873f5417ba
1788389942.9107919,5,1,ghcr.io/talmolab/lablink-client-base-image:linux-amd64-test@sha256:1ec2fde6860186b3d45ac83890167258f83512955dbce65f072d4e8c310cb9de,0.2799713611602783,sleap-lablink-client-prod-vm-5,running,Healthy,0,1788389430.0,1788389454.0,1788389512.0,1788389719.0,1788389656.0,1788389731.0,306.0,1788389454.981285,1788389734.414189,1788389913.813538,i-02edbce051de8200a
1788389947.834388,5,1,ghcr.io/talmolab/lablink-client-base-image:linux-amd64-test@sha256:1ec2fde6860186b3d45ac83890167258f83512955dbce65f072d4e8c310cb9de,0.2799713611602783,sleap-lablink-client-prod-vm-1,running,Healthy,0,1788389430.0,1788389454.0,1788389512.0,1788389719.0,1788389656.0,1788389729.0,304.0,1788389454.97747,1788389734.394763,1788389942.245636,i-0d0a8b81177a50dcd
1788389947.834388,5,1,ghcr.io/talmolab/lablink-client-base-image:linux-amd64-test@sha256:1ec2fde6860186b3d45ac83890167258f83512955dbce65f072d4e8c310cb9de,0.2799713611602783,sleap-lablink-client-prod-vm-2,running,Healthy,0,1788389430.0,1788389454.0,1788389512.0,1788389718.0,1788389655.0,1788389730.0,305.0,1788389454.978876,1788389734.412472,1788389942.535098,i-075d1655ae16149db
1788389947.834388,5,1,ghcr.io/talmolab/lablink-client-base-image:linux-amd64-test@sha256:1ec2fde6860186b3d45ac83890167258f83512955dbce65f072d4e8c310cb9de,0.2799713611602783,sleap-lablink-client-prod-vm-3,running,Healthy,0,1788389430.0,1788389454.0,1788389512.0,1788389718.0,1788389655.0,1788389725.0,300.0,1788389454.979714,1788389734.398341,1788389937.904844,i-07bbc1455104581e3
1788389947.834388,5,1,ghcr.io/talmolab/lablink-client-base-image:linux-amd64-test@sha256:1ec2fde6860186b3d45ac83890167258f83512955dbce65f072d4e8c310cb9de,0.2799713611602783,sleap-lablink-client-prod-vm-4,running,Healthy,0,1788389430.0,1788389454.0,1788389512.0,1788389717.0,1788389654.0,1788389730.0,305.0,1788389454.980496,1788389734.394014,1788389942.640017,i-0c92ab1873f5417ba
1788389947.834388,5,1,ghcr.io/talmolab/lablink-client-base-image:linux-amd64-test@sha256:1ec2fde6860186b3d45ac83890167258f83512955dbce65f072d4e8c310cb9de,0.2799713611602783,sleap-lablink-client-prod-vm-5,running,Healthy,0,1788389430.0,1788389454.0,1788389512.0,1788389719.0,1788389656.0,1788389731.0,306.0,1788389454.981285,1788389734.414189,1788389943.833374,i-02edbce051de8200a
1788389952.8846312,5,1,ghcr.io/talmolab/lablink-client-base-image:linux-amd64-test@sha256:1ec2fde6860186b3d45ac83890167258f83512955dbce65f072d4e8c310cb9de,0.2799713611602783,sleap-lablink-client-prod-vm-1,running,Healthy,0,1788389430.0,1788389454.0,1788389512.0,1788389719.0,1788389656.0,1788389729.0,304.0,1788389454.97747,1788389734.394763,1788389942.245636,i-0d0a8b81177a50dcd
1788389952.8846312,5,1,ghcr.io/talmolab/lablink-client-base-image:linux-amd64-test@sha256:1ec2fde6860186b3d45ac83890167258f83512955dbce65f072d4e8c310cb9de,0.2799713611602783,sleap-lablink-client-prod-vm-2,running,Healthy,0,1788389430.0,1788389454.0,1788389512.0,1788389718.0,1788389655.0,1788389730.0,305.0,1788389454.978876,1788389734.412472,1788389942.535098,i-075d1655ae16149db
1788389952.8846312,5,1,ghcr.io/talmolab/lablink-client-base-image:linux-amd64-test@sha256:1ec2fde6860186b3d45ac83890167258f83512955dbce65f072d4e8c310cb9de,0.2799713611602783,sleap-lablink-client-prod-vm-3,running,Healthy,0,1788389430.0,1788389454.0,1788389512.0,1788389718.0,1788389655.0,1788389725.0,300.0,1788389454.979714,1788389734.398341,1788389937.904844,i-07bbc1455104581e3
1788389952.8846312,5,1,ghcr.io/talmolab/lablink-client-base-image:linux-amd64-test@sha256:1ec2fde6860186b3d45ac83890167258f83512955dbce65f072d4e8c310cb9de,0.2799713611602783,sleap-lablink-client-prod-vm-4,running,Healthy,0,1788389430.0,1788389454.0,1788389512.0,1788389717.0,1788389654.0,1788389730.0,305.0,1788389454.980496,1788389734.394014,1788389942.640017,i-0c92ab1873f5417ba
1788389952.8846312,5,1,ghcr.io/talmolab/lablink-client-base-image:linux-amd64-test@sha256:1ec2fde6860186b3d45ac83890167258f83512955dbce65f072d4e8c310cb9de,0.2799713611602783,sleap-lablink-client-prod-vm-5,running,Healthy,0,1788389430.0,1788389454.0,1788389512.0,1788389719.0,1788389656.0,1788389731.0,306.0,1788389454.981285,1788389734.414189,1788389943.833374,i-02edbce051de8200a
1788389957.787494,5,1,ghcr.io/talmolab/lablink-client-base-image:linux-amd64-test@sha256:1ec2fde6860186b3d45ac83890167258f83512955dbce65f072d4e8c310cb9de,0.2799713611602783,sleap-lablink-client-prod-vm-1,running,Healthy,0,1788389430.0,1788389454.0,1788389512.0,1788389719.0,1788389656.0,1788389729.0,304.0,1788389454.97747,1788389734.394763,1788389942.245636,i-0d0a8b81177a50dcd
1788389957.787494,5,1,ghcr.io/talmolab/lablink-client-base-image:linux-amd64-test@sha256:1ec2fde6860186b3d45ac83890167258f83512955dbce65f072d4e8c310cb9de,0.2799713611602783,sleap-lablink-client-prod-vm-2,running,Healthy,0,1788389430.0,1788389454.0,1788389512.0,1788389718.0,1788389655.0,1788389730.0,305.0,1788389454.978876,1788389734.412472,1788389942.535098,i-075d1655ae16149db
1788389957.787494,5,1,ghcr.io/talmolab/lablink-client-base-image:linux-amd64-test@sha256:1ec2fde6860186b3d45ac83890167258f83512955dbce65f072d4e8c310cb9de,0.2799713611602783,sleap-lablink-client-prod-vm-3,running,Healthy,0,1788389430.0,1788389454.0,1788389512.0,1788389718.0,1788389655.0,1788389725.0,300.0,1788389454.979714,1788389734.398341,1788389937.904844,i-07bbc1455104581e3
1788389957.787494,5,1,ghcr.io/talmolab/lablink-client-base-image:linux-amd64-test@sha256:1ec2fde6860186b3d45ac83890167258f83512955dbce65f072d4e8c310cb9de,0.2799713611602783,sleap-lablink-client-prod-vm-4,running,Healthy,0,1788389430.0,1788389454.0,1788389512.0,1788389717.0,1788389654.0,1788389730.0,305.0,1788389454.980496,1788389734.394014,1788389942.640017,i-0c92ab1873f5417ba
1788389957.787494,5,1,ghcr.io/talmolab/lablink-client-base-image:linux-amd64-test@sha256:1ec2fde6860186b3d45ac83890167258f83512955dbce65f072d4e8c310cb9de,0.2799713611602783,sleap-lablink-client-prod-vm-5,running,Healthy,0,1788389430.0,1788389454.0,1788389512.0,1788389719.0,1788389656.0,1788389731.0,306.0,1788389454.981285,1788389734.414189,1788389943.833374,i-02edbce051de8200a
1788389962.869888,5,1,ghcr.io/talmolab/lablink-client-base-image:linux-amd64-test@sha256:1ec2fde6860186b3d45ac83890167258f83512955dbce65f072d4e8c310cb9de,0.2799713611602783,sleap-lablink-client-prod-vm-1,running,Healthy,0,1788389430.0,1788389454.0,1788389512.0,1788389719.0,1788389656.0,1788389729.0,304.0,1788389454.97747,1788389734.394763,1788389942.245636,i-0d0a8b81177a50dcd
1788389962.869888,5,1,ghcr.io/talmolab/lablink-client-base-image:linux-amd64-test@sha256:1ec2fde6860186b3d45ac83890167258f83512955dbce65f072d4e8c310cb9de,0.2799713611602783,sleap-lablink-client-prod-vm-2,running,Healthy,0,1788389430.0,1788389454.0,1788389512.0,1788389718.0,1788389655.0,1788389730.0,305.0,1788389454.978876,1788389734.412472,1788389942.535098,i-075d1655ae16149db
1788389962.869888,5,1,ghcr.io/talmolab/lablink-client-base-image:linux-amd64-test@sha256:1ec2fde6860186b3d45ac83890167258f83512955dbce65f072d4e8c310cb9de,0.2799713611602783,sleap-lablink-client-prod-vm-3,running,Healthy,0,1788389430.0,1788389454.0,1788389512.0,1788389718.0,1788389655.0,1788389725.0,300.0,1788389454.979714,1788389734.398341,1788389937.904844,i-07bbc1455104581e3
1788389962.869888,5,1,ghcr.io/talmolab/lablink-client-base-image:linux-amd64-test@sha256:1ec2fde6860186b3d45ac83890167258f83512955dbce65f072d4e8c310cb9de,0.2799713611602783,sleap-lablink-client-prod-vm-4,running,Healthy,0,1788389430.0,1788389454.0,1788389512.0,1788389717.0,1788389654.0,1788389730.0,305.0,1788389454.980496,1788389734.394014,1788389942.640017,i-0c92ab1873f5417ba
1788389962.869888,5,1,ghcr.io/talmolab/lablink-client-base-image:linux-amd64-test@sha256:1ec2fde6860186b3d45ac83890167258f83512955dbce65f072d4e8c310cb9de,0.2799713611602783,sleap-lablink-client-prod-vm-5,running,Healthy,0,1788389430.0,1788389454.0,1788389512.0,1788389719.0,1788389656.0,1788389731.0,306.0,1788389454.981285,1788389734.414189,1788389943.833374,i-02edbce051de8200a
1788389968.23958,5,1,ghcr.io/talmolab/lablink-client-base-image:linux-amd64-test@sha256:1ec2fde6860186b3d45ac83890167258f83512955dbce65f072d4e8c310cb9de,0.2799713611602783,sleap-lablink-client-prod-vm-1,running,Healthy,0,1788389430.0,1788389454.0,1788389512.0,1788389719.0,1788389656.0,1788389729.0,304.0,1788389454.97747,1788389734.394763,1788389942.245636,i-0d0a8b81177a50dcd
1788389968.23958,5,1,ghcr.io/talmolab/lablink-client-base-image:linux-amd64-test@sha256:1ec2fde6860186b3d45ac83890167258f83512955dbce65f072d4e8c310cb9de,0.2799713611602783,sleap-lablink-client-prod-vm-2,running,Healthy,0,1788389430.0,1788389454.0,1788389512.0,1788389718.0,1788389655.0,1788389730.0,305.0,1788389454.978876,1788389734.412472,1788389942.535098,i-075d1655ae16149db
1788389968.23958,5,1,ghcr.io/talmolab/lablink-client-base-image:linux-amd64-test@sha256:1ec2fde6860186b3d45ac83890167258f83512955dbce65f072d4e8c310cb9de,0.2799713611602783,sleap-lablink-client-prod-vm-3,running,Healthy,0,1788389430.0,1788389454.0,1788389512.0,1788389718.0,1788389655.0,1788389725.0,300.0,1788389454.979714,1788389734.398341,1788389968.118011,i-07bbc1455104581e3
1788389968.23958,5,1,ghcr.io/talmolab/lablink-client-base-image:linux-amd64-test@sha256:1ec2fde6860186b3d45ac83890167258f83512955dbce65f072d4e8c310cb9de,0.2799713611602783,sleap-lablink-client-prod-vm-4,running,Healthy,0,1788389430.0,1788389454.0,1788389512.0,1788389717.0,1788389654.0,1788389730.0,305.0,1788389454.980496,1788389734.394014,1788389942.640017,i-0c92ab1873f5417ba
1788389968.23958,5,1,ghcr.io/talmolab/lablink-client-base-image:linux-amd64-test@sha256:1ec2fde6860186b3d45ac83890167258f83512955dbce65f072d4e8c310cb9de,0.2799713611602783,sleap-lablink-client-prod-vm-5,running,Healthy,0,1788389430.0,1788389454.0,1788389512.0,1788389719.0,1788389656.0,1788389731.0,306.0,1788389454.981285,1788389734.414189,1788389943.833374,i-02edbce051de8200a
1788389972.970724,5,1,ghcr.io/talmolab/lablink-client-base-image:linux-amd64-test@sha256:1ec2fde6860186b3d45ac83890167258f83512955dbce65f072d4e8c310cb9de,0.2799713611602783,sleap-lablink-client-prod-vm-1,running,Healthy,0,1788389430.0,1788389454.0,1788389512.0,1788389719.0,1788389656.0,1788389729.0,304.0,1788389454.97747,1788389734.394763,1788389972.418397,i-0d0a8b81177a50dcd
1788389972.970724,5,1,ghcr.io/talmolab/lablink-client-base-image:linux-amd64-test@sha256:1ec2fde6860186b3d45ac83890167258f83512955dbce65f072d4e8c310cb9de,0.2799713611602783,sleap-lablink-client-prod-vm-2,running,Healthy,0,1788389430.0,1788389454.0,1788389512.0,1788389718.0,1788389655.0,1788389730.0,305.0,1788389454.978876,1788389734.412472,1788389972.804996,i-075d1655ae16149db
1788389972.970724,5,1,ghcr.io/talmolab/lablink-client-base-image:linux-amd64-test@sha256:1ec2fde6860186b3d45ac83890167258f83512955dbce65f072d4e8c310cb9de,0.2799713611602783,sleap-lablink-client-prod-vm-3,running,Healthy,0,1788389430.0,1788389454.0,1788389512.0,1788389718.0,1788389655.0,1788389725.0,300.0,1788389454.979714,1788389734.398341,1788389968.118011,i-07bbc1455104581e3
1788389972.970724,5,1,ghcr.io/talmolab/lablink-client-base-image:linux-amd64-test@sha256:1ec2fde6860186b3d45ac83890167258f83512955dbce65f072d4e8c310cb9de,0.2799713611602783,sleap-lablink-client-prod-vm-4,running,Healthy,0,1788389430.0,1788389454.0,1788389512.0,1788389717.0,1788389654.0,1788389730.0,305.0,1788389454.980496,1788389734.394014,1788389942.640017,i-0c92ab1873f5417ba
1788389972.970724,5,1,ghcr.io/talmolab/lablink-client-base-image:linux-amd64-test@sha256:1ec2fde6860186b3d45ac83890167258f83512955dbce65f072d4e8c310cb9de,0.2799713611602783,sleap-lablink-client-prod-vm-5,running,Healthy,0,1788389430.0,1788389454.0,1788389512.0,1788389719.0,1788389656.0,1788389731.0,306.0,1788389454.981285,1788389734.414189,1788389943.833374,i-02edbce051de8200a
1788389977.852897,5,1,ghcr.io/talmolab/lablink-client-base-image:linux-amd64-test@sha256:1ec2fde6860186b3d45ac83890167258f83512955dbce65f072d4e8c310cb9de,0.2799713611602783,sleap-lablink-client-prod-vm-1,running,Healthy,0,1788389430.0,1788389454.0,1788389512.0,1788389719.0,1788389656.0,1788389729.0,304.0,1788389454.97747,1788389734.394763,1788389972.418397,i-0d0a8b81177a50dcd
1788389977.852897,5,1,ghcr.io/talmolab/lablink-client-base-image:linux-amd64-test@sha256:1ec2fde6860186b3d45ac83890167258f83512955dbce65f072d4e8c310cb9de,0.2799713611602783,sleap-lablink-client-prod-vm-2,running,Healthy,0,1788389430.0,1788389454.0,1788389512.0,1788389718.0,1788389655.0,1788389730.0,305.0,1788389454.978876,1788389734.412472,1788389972.804996,i-075d1655ae16149db
1788389977.852897,5,1,ghcr.io/talmolab/lablink-client-base-image:linux-amd64-test@sha256:1ec2fde6860186b3d45ac83890167258f83512955dbce65f072d4e8c310cb9de,0.2799713611602783,sleap-lablink-client-prod-vm-3,running,Healthy,0,1788389430.0,1788389454.0,1788389512.0,1788389718.0,1788389655.0,1788389725.0,300.0,1788389454.979714,1788389734.398341,1788389968.118011,i-07bbc1455104581e3
1788389977.852897,5,1,ghcr.io/talmolab/lablink-client-base-image:linux-amd64-test@sha256:1ec2fde6860186b3d45ac83890167258f83512955dbce65f072d4e8c310cb9de,0.2799713611602783,sleap-lablink-client-prod-vm-4,running,Healthy,0,1788389430.0,1788389454.0,1788389512.0,1788389717.0,1788389654.0,1788389730.0,305.0,1788389454.980496,1788389734.394014,1788389972.970205,i-0c92ab1873f5417ba
1788389977.852897,5,1,ghcr.io/talmolab/lablink-client-base-image:linux-amd64-test@sha256:1ec2fde6860186b3d45ac83890167258f83512955dbce65f072d4e8c310cb9de,0.2799713611602783,sleap-lablink-client-prod-vm-5,running,Healthy,0,1788389430.0,1788389454.0,1788389512.0,1788389719.0,1788389656.0,1788389731.0,306.0,1788389454.981285,1788389734.414189,1788389974.009124,i-02edbce051de8200a
1788389982.84499,5,1,ghcr.io/talmolab/lablink-client-base-image:linux-amd64-test@sha256:1ec2fde6860186b3d45ac83890167258f83512955dbce65f072d4e8c310cb9de,0.2799713611602783,sleap-lablink-client-prod-vm-1,running,Healthy,0,1788389430.0,1788389454.0,1788389512.0,1788389719.0,1788389656.0,1788389729.0,304.0,1788389454.97747,1788389734.394763,1788389972.418397,i-0d0a8b81177a50dcd
1788389982.84499,5,1,ghcr.io/talmolab/lablink-client-base-image:linux-amd64-test@sha256:1ec2fde6860186b3d45ac83890167258f83512955dbce65f072d4e8c310cb9de,0.2799713611602783,sleap-lablink-client-prod-vm-2,running,Healthy,0,1788389430.0,1788389454.0,1788389512.0,1788389718.0,1788389655.0,1788389730.0,305.0,1788389454.978876,1788389734.412472,1788389972.804996,i-075d1655ae16149db
1788389982.84499,5,1,ghcr.io/talmolab/lablink-client-base-image:linux-amd64-test@sha256:1ec2fde6860186b3d45ac83890167258f83512955dbce65f072d4e8c310cb9de,0.2799713611602783,sleap-lablink-client-prod-vm-3,running,Healthy,0,1788389430.0,1788389454.0,1788389512.0,1788389718.0,1788389655.0,1788389725.0,300.0,1788389454.979714,1788389734.398341,1788389968.118011,i-07bbc1455104581e3
1788389982.84499,5,1,ghcr.io/talmolab/lablink-client-base-image:linux-amd64-test@sha256:1ec2fde6860186b3d45ac83890167258f83512955dbce65f072d4e8c310cb9de,0.2799713611602783,sleap-lablink-client-prod-vm-4,running,Healthy,0,1788389430.0,1788389454.0,1788389512.0,1788389717.0,1788389654.0,1788389730.0,305.0,1788389454.980496,1788389734.394014,1788389972.970205,i-0c92ab1873f5417ba
1788389982.84499,5,1,ghcr.io/talmolab/lablink-client-base-image:linux-amd64-test@sha256:1ec2fde6860186b3d45ac83890167258f83512955dbce65f072d4e8c310cb9de,0.2799713611602783,sleap-lablink-client-prod-vm-5,running,Healthy,0,1788389430.0,1788389454.0,1788389512.0,1788389719.0,1788389656.0,1788389731.0,306.0,1788389454.981285,1788389734.414189,1788389974.009124,i-02edbce051de8200a
1788389987.859599,5,1,ghcr.io/talmolab/lablink-client-base-image:linux-amd64-test@sha256:1ec2fde6860186b3d45ac83890167258f83512955dbce65f072d4e8c310cb9de,0.2799713611602783,sleap-lablink-client-prod-vm-1,running,Healthy,0,1788389430.0,1788389454.0,1788389512.0,1788389719.0,1788389656.0,1788389729.0,304.0,1788389454.97747,1788389734.394763,1788389972.418397,i-0d0a8b81177a50dcd
1788389987.859599,5,1,ghcr.io/talmolab/lablink-client-base-image:linux-amd64-test@sha256:1ec2fde6860186b3d45ac83890167258f83512955dbce65f072d4e8c310cb9de,0.2799713611602783,sleap-lablink-client-prod-vm-2,running,Healthy,0,1788389430.0,1788389454.0,1788389512.0,1788389718.0,1788389655.0,1788389730.0,305.0,1788389454.978876,1788389734.412472,1788389972.804996,i-075d1655ae16149db
1788389987.859599,5,1,ghcr.io/talmolab/lablink-client-base-image:linux-amd64-test@sha256:1ec2fde6860186b3d45ac83890167258f83512955dbce65f072d4e8c310cb9de,0.2799713611602783,sleap-lablink-client-prod-vm-3,running,Healthy,0,1788389430.0,1788389454.0,1788389512.0,1788389718.0,1788389655.0,1788389725.0,300.0,1788389454.979714,1788389734.398341,1788389968.118011,i-07bbc1455104581e3
1788389987.859599,5,1,ghcr.io/talmolab/lablink-client-base-image:linux-amd64-test@sha256:1ec2fde6860186b3d45ac83890167258f83512955dbce65f072d4e8c310cb9de,0.2799713611602783,sleap-lablink-client-prod-vm-4,running,Healthy,0,1788389430.0,1788389454.0,1788389512.0,1788389717.0,1788389654.0,1788389730.0,305.0,1788389454.980496,1788389734.394014,1788389972.970205,i-0c92ab1873f5417ba
1788389987.859599,5,1,ghcr.io/talmolab/lablink-client-base-image:linux-amd64-test@sha256:1ec2fde6860186b3d45ac83890167258f83512955dbce65f072d4e8c310cb9de,0.2799713611602783,sleap-lablink-client-prod-vm-5,running,Healthy,0,1788389430.0,1788389454.0,1788389512.0,1788389719.0,1788389656.0,1788389731.0,306.0,1788389454.981285,1788389734.414189,1788389974.009124,i-02edbce051de8200a
1788389992.848449,5,1,ghcr.io/talmolab/lablink-client-base-image:linux-amd64-test@sha256:1ec2fde6860186b3d45ac83890167258f83512955dbce65f072d4e8c310cb9de,0.2799713611602783,sleap-lablink-client-prod-vm-1,running,Healthy,0,1788389430.0,1788389454.0,1788389512.0,1788389719.0,1788389656.0,1788389729.0,304.0,1788389454.97747,1788389734.394763,1788389972.418397,i-0d0a8b81177a50dcd
1788389992.848449,5,1,ghcr.io/talmolab/lablink-client-base-image:linux-amd64-test@sha256:1ec2fde6860186b3d45ac83890167258f83512955dbce65f072d4e8c310cb9de,0.2799713611602783,sleap-lablink-client-prod-vm-2,running,Healthy,0,1788389430.0,1788389454.0,1788389512.0,1788389718.0,1788389655.0,1788389730.0,305.0,1788389454.978876,1788389734.412472,1788389972.804996,i-075d1655ae16149db
1788389992.848449,5,1,ghcr.io/talmolab/lablink-client-base-image:linux-amd64-test@sha256:1ec2fde6860186b3d45ac83890167258f83512955dbce65f072d4e8c310cb9de,0.2799713611602783,sleap-lablink-client-prod-vm-3,running,Healthy,0,1788389430.0,1788389454.0,1788389512.0,1788389718.0,1788389655.0,1788389725.0,300.0,1788389454.979714,1788389734.398341,1788389968.118011,i-07bbc1455104581e3
1788389992.848449,5,1,ghcr.io/talmolab/lablink-client-base-image:linux-amd64-test@sha256:1ec2fde6860186b3d45ac83890167258f83512955dbce65f072d4e8c310cb9de,0.2799713611602783,sleap-lablink-client-prod-vm-4,running,Healthy,0,1788389430.0,1788389454.0,1788389512.0,1788389717.0,1788389654.0,1788389730.0,305.0,1788389454.980496,1788389734.394014,1788389972.970205,i-0c92ab1873f5417ba
1788389992.848449,5,1,ghcr.io/talmolab/lablink-client-base-image:linux-amd64-test@sha256:1ec2fde6860186b3d45ac83890167258f83512955dbce65f072d4e8c310cb9de,0.2799713611602783,sleap-lablink-client-prod-vm-5,running,Healthy,0,1788389430.0,1788389454.0,1788389512.0,1788389719.0,1788389656.0,1788389731.0,306.0,1788389454.981285,1788389734.414189,1788389974.009124,i-02edbce051de8200a
1788389997.93628,5,1,ghcr.io/talmolab/lablink-client-base-image:linux-amd64-test@sha256:1ec2fde6860186b3d45ac83890167258f83512955dbce65f072d4e8c310cb9de,0.2799713611602783,sleap-lablink-client-prod-vm-1,running,Healthy,0,1788389430.0,1788389454.0,1788389512.0,1788389719.0,1788389656.0,1788389729.0,304.0,1788389454.97747,1788389734.394763,1788389972.418397,i-0d0a8b81177a50dcd
1788389997.93628,5,1,ghcr.io/talmolab/lablink-client-base-image:linux-amd64-test@sha256:1ec2fde6860186b3d45ac83890167258f83512955dbce65f072d4e8c310cb9de,0.2799713611602783,sleap-lablink-client-prod-vm-2,running,Healthy,0,1788389430.0,1788389454.0,1788389512.0,1788389718.0,1788389655.0,1788389730.0,305.0,1788389454.978876,1788389734.412472,1788389972.804996,i-075d1655ae16149db
1788389997.93628,5,1,ghcr.io/talmolab/lablink-client-base-image:linux-amd64-test@sha256:1ec2fde6860186b3d45ac83890167258f83512955dbce65f072d4e8c310cb9de,0.2799713611602783,sleap-lablink-client-prod-vm-3,running,Healthy,0,1788389430.0,1788389454.0,1788389512.0,1788389718.0,1788389655.0,1788389725.0,300.0,1788389454.979714,1788389734.398341,1788389968.118011,i-07bbc1455104581e3
1788389997.93628,5,1,ghcr.io/talmolab/lablink-client-base-image:linux-amd64-test@sha256:1ec2fde6860186b3d45ac83890167258f83512955dbce65f072d4e8c310cb9de,0.2799713611602783,sleap-lablink-client-prod-vm-4,running,Healthy,0,1788389430.0,1788389454.0,1788389512.0,1788389717.0,1788389654.0,1788389730.0,305.0,1788389454.980496,1788389734.394014,1788389972.970205,i-0c92ab1873f5417ba
1788389997.93628,5,1,ghcr.io/talmolab/lablink-client-base-image:linux-amd64-test@sha256:1ec2fde6860186b3d45ac83890167258f83512955dbce65f072d4e8c310cb9de,0.2799713611602783,sleap-lablink-client-prod-vm-5,running,Healthy,0,1788389430.0,1788389454.0,1788389512.0,1788389719.0,1788389656.0,1788389731.0,306.0,1788389454.981285,1788389734.414189,1788389974.009124,i-02edbce051de8200a
1788390002.893523,5,1,ghcr.io/talmolab/lablink-client-base-image:linux-amd64-test@sha256:1ec2fde6860186b3d45ac83890167258f83512955dbce65f072d4e8c310cb9de,0.2799713611602783,sleap-lablink-client-prod-vm-1,running,Healthy,0,1788389430.0,1788389454.0,1788389512.0,1788389719.0,1788389656.0,1788389729.0,304.0,1788389454.97747,1788389734.394763,1788390002.438651,i-0d0a8b81177a50dcd
1788390002.893523,5,1,ghcr.io/talmolab/lablink-client-base-image:linux-amd64-test@sha256:1ec2fde6860186b3d45ac83890167258f83512955dbce65f072d4e8c310cb9de,0.2799713611602783,sleap-lablink-client-prod-vm-2,running,Healthy,0,1788389430.0,1788389454.0,1788389512.0,1788389718.0,1788389655.0,1788389730.0,305.0,1788389454.978876,1788389734.412472,1788390002.826531,i-075d1655ae16149db
1788390002.893523,5,1,ghcr.io/talmolab/lablink-client-base-image:linux-amd64-test@sha256:1ec2fde6860186b3d45ac83890167258f83512955dbce65f072d4e8c310cb9de,0.2799713611602783,sleap-lablink-client-prod-vm-3,running,Healthy,0,1788389430.0,1788389454.0,1788389512.0,1788389718.0,1788389655.0,1788389725.0,300.0,1788389454.979714,1788389734.398341,1788389998.137878,i-07bbc1455104581e3
1788390002.893523,5,1,ghcr.io/talmolab/lablink-client-base-image:linux-amd64-test@sha256:1ec2fde6860186b3d45ac83890167258f83512955dbce65f072d4e8c310cb9de,0.2799713611602783,sleap-lablink-client-prod-vm-4,running,Healthy,0,1788389430.0,1788389454.0,1788389512.0,1788389717.0,1788389654.0,1788389730.0,305.0,1788389454.980496,1788389734.394014,1788389972.970205,i-0c92ab1873f5417ba
1788390002.893523,5,1,ghcr.io/talmolab/lablink-client-base-image:linux-amd64-test@sha256:1ec2fde6860186b3d45ac83890167258f83512955dbce65f072d4e8c310cb9de,0.2799713611602783,sleap-lablink-client-prod-vm-5,running,Healthy,0,1788389430.0,1788389454.0,1788389512.0,1788389719.0,1788389656.0,1788389731.0,306.0,1788389454.981285,1788389734.414189,1788389974.009124,i-02edbce051de8200a
1788390007.89168,5,1,ghcr.io/talmolab/lablink-client-base-image:linux-amd64-test@sha256:1ec2fde6860186b3d45ac83890167258f83512955dbce65f072d4e8c310cb9de,0.2799713611602783,sleap-lablink-client-prod-vm-1,running,Healthy,0,1788389430.0,1788389454.0,1788389512.0,1788389719.0,1788389656.0,1788389729.0,304.0,1788389454.97747,1788389734.394763,1788390002.438651,i-0d0a8b81177a50dcd
1788390007.89168,5,1,ghcr.io/talmolab/lablink-client-base-image:linux-amd64-test@sha256:1ec2fde6860186b3d45ac83890167258f83512955dbce65f072d4e8c310cb9de,0.2799713611602783,sleap-lablink-client-prod-vm-2,running,Healthy,0,1788389430.0,1788389454.0,1788389512.0,1788389718.0,1788389655.0,1788389730.0,305.0,1788389454.978876,1788389734.412472,1788390002.826531,i-075d1655ae16149db
1788390007.89168,5,1,ghcr.io/talmolab/lablink-client-base-image:linux-amd64-test@sha256:1ec2fde6860186b3d45ac83890167258f83512955dbce65f072d4e8c310cb9de,0.2799713611602783,sleap-lablink-client-prod-vm-3,running,Healthy,0,1788389430.0,1788389454.0,1788389512.0,1788389718.0,1788389655.0,1788389725.0,300.0,1788389454.979714,1788389734.398341,1788389998.137878,i-07bbc1455104581e3
1788390007.89168,5,1,ghcr.io/talmolab/lablink-client-base-image:linux-amd64-test@sha256:1ec2fde6860186b3d45ac83890167258f83512955dbce65f072d4e8c310cb9de,0.2799713611602783,sleap-lablink-client-prod-vm-4,running,Healthy,0,1788389430.0,1788389454.0,1788389512.0,1788389717.0,1788389654.0,1788389730.0,305.0,1788389454.980496,1788389734.394014,1788390002.99175,i-0c92ab1873f5417ba
1788390007.89168,5,1,ghcr.io/talmolab/lablink-client-base-image:linux-amd64-test@sha256:1ec2fde6860186b3d45ac83890167258f83512955dbce65f072d4e8c310cb9de,0.2799713611602783,sleap-lablink-client-prod-vm-5,running,Healthy,0,1788389430.0,1788389454.0,1788389512.0,1788389719.0,1788389656.0,1788389731.0,306.0,1788389454.981285,1788389734.414189,1788390004.029152,i-02edbce051de8200a
1788390012.817156,5,1,ghcr.io/talmolab/lablink-client-base-image:linux-amd64-test@sha256:1ec2fde6860186b3d45ac83890167258f83512955dbce65f072d4e8c310cb9de,0.2799713611602783,sleap-lablink-client-prod-vm-1,running,Healthy,0,1788389430.0,1788389454.0,1788389512.0,1788389719.0,1788389656.0,1788389729.0,304.0,1788389454.97747,1788389734.394763,1788390002.438651,i-0d0a8b81177a50dcd
1788390012.817156,5,1,ghcr.io/talmolab/lablink-client-base-image:linux-amd64-test@sha256:1ec2fde6860186b3d45ac83890167258f83512955dbce65f072d4e8c310cb9de,0.2799713611602783,sleap-lablink-client-prod-vm-2,running,Healthy,0,1788389430.0,1788389454.0,1788389512.0,1788389718.0,1788389655.0,1788389730.0,305.0,1788389454.978876,1788389734.412472,1788390002.826531,i-075d1655ae16149db
1788390012.817156,5,1,ghcr.io/talmolab/lablink-client-base-image:linux-amd64-test@sha256:1ec2fde6860186b3d45ac83890167258f83512955dbce65f072d4e8c310cb9de,0.2799713611602783,sleap-lablink-client-prod-vm-3,running,Healthy,0,1788389430.0,1788389454.0,1788389512.0,1788389718.0,1788389655.0,1788389725.0,300.0,1788389454.979714,1788389734.398341,1788389998.137878,i-07bbc1455104581e3
1788390012.817156,5,1,ghcr.io/talmolab/lablink-client-base-image:linux-amd64-test@sha256:1ec2fde6860186b3d45ac83890167258f83512955dbce65f072d4e8c310cb9de,0.2799713611602783,sleap-lablink-client-prod-vm-4,running,Healthy,0,1788389430.0,1788389454.0,1788389512.0,1788389717.0,1788389654.0,1788389730.0,305.0,1788389454.980496,1788389734.394014,1788390002.99175,i-0c92ab1873f5417ba
1788390012.817156,5,1,ghcr.io/talmolab/lablink-client-base-image:linux-amd64-test@sha256:1ec2fde6860186b3d45ac83890167258f83512955dbce65f072d4e8c310cb9de,0.2799713611602783,sleap-lablink-client-prod-vm-5,running,Healthy,0,1788389430.0,1788389454.0,1788389512.0,1788389719.0,1788389656.0,1788389731.0,306.0,1788389454.981285,1788389734.414189,1788390004.029152,i-02edbce051de8200a
1788390017.892713,5,1,ghcr.io/talmolab/lablink-client-base-image:linux-amd64-test@sha256:1ec2fde6860186b3d45ac83890167258f83512955dbce65f072d4e8c310cb9de,0.2799713611602783,sleap-lablink-client-prod-vm-1,running,Healthy,0,1788389430.0,1788389454.0,1788389512.0,1788389719.0,1788389656.0,1788389729.0,304.0,1788389454.97747,1788389734.394763,1788390002.438651,i-0d0a8b81177a50dcd
1788390017.892713,5,1,ghcr.io/talmolab/lablink-client-base-image:linux-amd64-test@sha256:1ec2fde6860186b3d45ac83890167258f83512955dbce65f072d4e8c310cb9de,0.2799713611602783,sleap-lablink-client-prod-vm-2,running,Healthy,0,1788389430.0,1788389454.0,1788389512.0,1788389718.0,1788389655.0,1788389730.0,305.0,1788389454.978876,1788389734.412472,1788390002.826531,i-075d1655ae16149db
1788390017.892713,5,1,ghcr.io/talmolab/lablink-client-base-image:linux-amd64-test@sha256:1ec2fde6860186b3d45ac83890167258f83512955dbce65f072d4e8c310cb9de,0.2799713611602783,sleap-lablink-client-prod-vm-3,running,Healthy,0,1788389430.0,1788389454.0,1788389512.0,1788389718.0,1788389655.0,1788389725.0,300.0,1788389454.979714,1788389734.398341,1788389998.137878,i-07bbc1455104581e3
1788390017.892713,5,1,ghcr.io/talmolab/lablink-client-base-image:linux-amd64-test@sha256:1ec2fde6860186b3d45ac83890167258f83512955dbce65f072d4e8c310cb9de,0.2799713611602783,sleap-lablink-client-prod-vm-4,running,Healthy,0,1788389430.0,1788389454.0,1788389512.0,1788389717.0,1788389654.0,1788389730.0,305.0,1788389454.980496,1788389734.394014,1788390002.99175,i-0c92ab1873f5417ba
1788390017.892713,5,1,ghcr.io/talmolab/lablink-client-base-image:linux-amd64-test@sha256:1ec2fde6860186b3d45ac83890167258f83512955dbce65f072d4e8c310cb9de,0.2799713611602783,sleap-lablink-client-prod-vm-5,running,Healthy,0,1788389430.0,1788389454.0,1788389512.0,1788389719.0,1788389656.0,1788389731.0,306.0,1788389454.981285,1788389734.414189,1788390004.029152,i-02edbce051de8200a
1788390022.908869,5,1,ghcr.io/talmolab/lablink-client-base-image:linux-amd64-test@sha256:1ec2fde6860186b3d45ac83890167258f83512955dbce65f072d4e8c310cb9de,0.2799713611602783,sleap-lablink-client-prod-vm-1,running,Healthy,0,1788389430.0,1788389454.0,1788389512.0,1788389719.0,1788389656.0,1788389729.0,304.0,1788389454.97747,1788389734.394763,1788390002.438651,i-0d0a8b81177a50dcd
1788390022.908869,5,1,ghcr.io/talmolab/lablink-client-base-image:linux-amd64-test@sha256:1ec2fde6860186b3d45ac83890167258f83512955dbce65f072d4e8c310cb9de,0.2799713611602783,sleap-lablink-client-prod-vm-2,running,Healthy,0,1788389430.0,1788389454.0,1788389512.0,1788389718.0,1788389655.0,1788389730.0,305.0,1788389454.978876,1788389734.412472,1788390002.826531,i-075d1655ae16149db
1788390022.908869,5,1,ghcr.io/talmolab/lablink-client-base-image:linux-amd64-test@sha256:1ec2fde6860186b3d45ac83890167258f83512955dbce65f072d4e8c310cb9de,0.2799713611602783,sleap-lablink-client-prod-vm-3,running,Healthy,0,1788389430.0,1788389454.0,1788389512.0,1788389718.0,1788389655.0,1788389725.0,300.0,1788389454.979714,1788389734.398341,1788389998.137878,i-07bbc1455104581e3
1788390022.908869,5,1,ghcr.io/talmolab/lablink-client-base-image:linux-amd64-test@sha256:1ec2fde6860186b3d45ac83890167258f83512955dbce65f072d4e8c310cb9de,0.2799713611602783,sleap-lablink-client-prod-vm-4,running,Healthy,0,1788389430.0,1788389454.0,1788389512.0,1788389717.0,1788389654.0,1788389730.0,305.0,1788389454.980496,1788389734.394014,1788390002.99175,i-0c92ab1873f5417ba
1788390022.908869,5,1,ghcr.io/talmolab/lablink-client-base-image:linux-amd64-test@sha256:1ec2fde6860186b3d45ac83890167258f83512955dbce65f072d4e8c310cb9de,0.2799713611602783,sleap-lablink-client-prod-vm-5,running,Healthy,0,1788389430.0,1788389454.0,1788389512.0,1788389719.0,1788389656.0,1788389731.0,306.0,1788389454.981285,1788389734.414189,1788390004.029152,i-02edbce051de8200a
1788390027.886132,5,1,ghcr.io/talmolab/lablink-client-base-image:linux-amd64-test@sha256:1ec2fde6860186b3d45ac83890167258f83512955dbce65f072d4e8c310cb9de,0.2799713611602783,sleap-lablink-client-prod-vm-1,running,Healthy,0,1788389430.0,1788389454.0,1788389512.0,1788389719.0,1788389656.0,1788389729.0,304.0,1788389454.97747,1788389734.394763,1788390002.438651,i-0d0a8b81177a50dcd
1788390027.886132,5,1,ghcr.io/talmolab/lablink-client-base-image:linux-amd64-test@sha256:1ec2fde6860186b3d45ac83890167258f83512955dbce65f072d4e8c310cb9de,0.2799713611602783,sleap-lablink-client-prod-vm-2,running,Healthy,0,1788389430.0,1788389454.0,1788389512.0,1788389718.0,1788389655.0,1788389730.0,305.0,1788389454.978876,1788389734.412472,1788390002.826531,i-075d1655ae16149db
1788390027.886132,5,1,ghcr.io/talmolab/lablink-client-base-image:linux-amd64-test@sha256:1ec2fde6860186b3d45ac83890167258f83512955dbce65f072d4e8c310cb9de,0.2799713611602783,sleap-lablink-client-prod-vm-3,running,Healthy,0,1788389430.0,1788389454.0,1788389512.0,1788389718.0,1788389655.0,1788389725.0,300.0,1788389454.979714,1788389734.398341,1788389998.137878,i-07bbc1455104581e3
1788390027.886132,5,1,ghcr.io/talmolab/lablink-client-base-image:linux-amd64-test@sha256:1ec2fde6860186b3d45ac83890167258f83512955dbce65f072d4e8c310cb9de,0.2799713611602783,sleap-lablink-client-prod-vm-4,running,Healthy,0,1788389430.0,1788389454.0,1788389512.0,1788389717.0,1788389654.0,1788389730.0,305.0,1788389454.980496,1788389734.394014,1788390002.99175,i-0c92ab1873f5417ba
1788390027.886132,5,1,ghcr.io/talmolab/lablink-client-base-image:linux-amd64-test@sha256:1ec2fde6860186b3d45ac83890167258f83512955dbce65f072d4e8c310cb9de,0.2799713611602783,sleap-lablink-client-prod-vm-5,running,Healthy,0,1788389430.0,1788389454.0,1788389512.0,1788389719.0,1788389656.0,1788389731.0,306.0,1788389454.981285,1788389734.414189,1788390004.029152,i-02edbce051de8200a
1788390032.9989078,5,1,ghcr.io/talmolab/lablink-client-base-image:linux-amd64-test@sha256:1ec2fde6860186b3d45ac83890167258f83512955dbce65f072d4e8c310cb9de,0.2799713611602783,sleap-lablink-client-prod-vm-1,running,Healthy,0,1788389430.0,1788389454.0,1788389512.0,1788389719.0,1788389656.0,1788389729.0,304.0,1788389454.97747,1788389734.394763,1788390032.611157,i-0d0a8b81177a50dcd
1788390032.9989078,5,1,ghcr.io/talmolab/lablink-client-base-image:linux-amd64-test@sha256:1ec2fde6860186b3d45ac83890167258f83512955dbce65f072d4e8c310cb9de,0.2799713611602783,sleap-lablink-client-prod-vm-2,running,Healthy,0,1788389430.0,1788389454.0,1788389512.0,1788389718.0,1788389655.0,1788389730.0,305.0,1788389454.978876,1788389734.412472,1788390002.826531,i-075d1655ae16149db
1788390032.9989078,5,1,ghcr.io/talmolab/lablink-client-base-image:linux-amd64-test@sha256:1ec2fde6860186b3d45ac83890167258f83512955dbce65f072d4e8c310cb9de,0.2799713611602783,sleap-lablink-client-prod-vm-3,running,Healthy,0,1788389430.0,1788389454.0,1788389512.0,1788389718.0,1788389655.0,1788389725.0,300.0,1788389454.979714,1788389734.398341,1788390028.311358,i-07bbc1455104581e3
1788390032.9989078,5,1,ghcr.io/talmolab/lablink-client-base-image:linux-amd64-test@sha256:1ec2fde6860186b3d45ac83890167258f83512955dbce65f072d4e8c310cb9de,0.2799713611602783,sleap-lablink-client-prod-vm-4,running,Healthy,0,1788389430.0,1788389454.0,1788389512.0,1788389717.0,1788389654.0,1788389730.0,305.0,1788389454.980496,1788389734.394014,1788390002.99175,i-0c92ab1873f5417ba
1788390032.9989078,5,1,ghcr.io/talmolab/lablink-client-base-image:linux-amd64-test@sha256:1ec2fde6860186b3d45ac83890167258f83512955dbce65f072d4e8c310cb9de,0.2799713611602783,sleap-lablink-client-prod-vm-5,running,Healthy,0,1788389430.0,1788389454.0,1788389512.0,1788389719.0,1788389656.0,1788389731.0,306.0,1788389454.981285,1788389734.414189,1788390004.029152,i-02edbce051de8200a
1788390037.9107049,5,1,ghcr.io/talmolab/lablink-client-base-image:linux-amd64-test@sha256:1ec2fde6860186b3d45ac83890167258f83512955dbce65f072d4e8c310cb9de,0.2799713611602783,sleap-lablink-client-prod-vm-1,running,Healthy,0,1788389430.0,1788389454.0,1788389512.0,1788389719.0,1788389656.0,1788389729.0,304.0,1788389454.97747,1788389734.394763,1788390032.611157,i-0d0a8b81177a50dcd
1788390037.9107049,5,1,ghcr.io/talmolab/lablink-client-base-image:linux-amd64-test@sha256:1ec2fde6860186b3d45ac83890167258f83512955dbce65f072d4e8c310cb9de,0.2799713611602783,sleap-lablink-client-prod-vm-2,running,Healthy,0,1788389430.0,1788389454.0,1788389512.0,1788389718.0,1788389655.0,1788389730.0,305.0,1788389454.978876,1788389734.412472,1788390033.083189,i-075d1655ae16149db
1788390037.9107049,5,1,ghcr.io/talmolab/lablink-client-base-image:linux-amd64-test@sha256:1ec2fde6860186b3d45ac83890167258f83512955dbce65f072d4e8c310cb9de,0.2799713611602783,sleap-lablink-client-prod-vm-3,running,Healthy,0,1788389430.0,1788389454.0,1788389512.0,1788389718.0,1788389655.0,1788389725.0,300.0,1788389454.979714,1788389734.398341,1788390028.311358,i-07bbc1455104581e3
1788390037.9107049,5,1,ghcr.io/talmolab/lablink-client-base-image:linux-amd64-test@sha256:1ec2fde6860186b3d45ac83890167258f83512955dbce65f072d4e8c310cb9de,0.2799713611602783,sleap-lablink-client-prod-vm-4,running,Healthy,0,1788389430.0,1788389454.0,1788389512.0,1788389717.0,1788389654.0,1788389730.0,305.0,1788389454.980496,1788389734.394014,1788390033.211705,i-0c92ab1873f5417ba
1788390037.9107049,5,1,ghcr.io/talmolab/lablink-client-base-image:linux-amd64-test@sha256:1ec2fde6860186b3d45ac83890167258f83512955dbce65f072d4e8c310cb9de,0.2799713611602783,sleap-lablink-client-prod-vm-5,running,Healthy,0,1788389430.0,1788389454.0,1788389512.0,1788389719.0,1788389656.0,1788389731.0,306.0,1788389454.981285,1788389734.414189,1788390034.199542,i-02edbce051de8200a
1788390042.869364,5,1,ghcr.io/talmolab/lablink-client-base-image:linux-amd64-test@sha256:1ec2fde6860186b3d45ac83890167258f83512955dbce65f072d4e8c310cb9de,0.2799713611602783,sleap-lablink-client-prod-vm-1,running,Healthy,0,1788389430.0,1788389454.0,1788389512.0,1788389719.0,1788389656.0,1788389729.0,304.0,1788389454.97747,1788389734.394763,1788390032.611157,i-0d0a8b81177a50dcd
1788390042.869364,5,1,ghcr.io/talmolab/lablink-client-base-image:linux-amd64-test@sha256:1ec2fde6860186b3d45ac83890167258f83512955dbce65f072d4e8c310cb9de,0.2799713611602783,sleap-lablink-client-prod-vm-2,running,Healthy,0,1788389430.0,1788389454.0,1788389512.0,1788389718.0,1788389655.0,1788389730.0,305.0,1788389454.978876,1788389734.412472,1788390033.083189,i-075d1655ae16149db
1788390042.869364,5,1,ghcr.io/talmolab/lablink-client-base-image:linux-amd64-test@sha256:1ec2fde6860186b3d45ac83890167258f83512955dbce65f072d4e8c310cb9de,0.2799713611602783,sleap-lablink-client-prod-vm-3,running,Healthy,0,1788389430.0,1788389454.0,1788389512.0,1788389718.0,1788389655.0,1788389725.0,300.0,1788389454.979714,1788389734.398341,1788390028.311358,i-07bbc1455104581e3
1788390042.869364,5,1,ghcr.io/talmolab/lablink-client-base-image:linux-amd64-test@sha256:1ec2fde6860186b3d45ac83890167258f83512955dbce65f072d4e8c310cb9de,0.2799713611602783,sleap-lablink-client-prod-vm-4,running,Healthy,0,1788389430.0,1788389454.0,1788389512.0,1788389717.0,1788389654.0,1788389730.0,305.0,1788389454.980496,1788389734.394014,1788390033.211705,i-0c92ab1873f5417ba
1788390042.869364,5,1,ghcr.io/talmolab/lablink-client-base-image:linux-amd64-test@sha256:1ec2fde6860186b3d45ac83890167258f83512955dbce65f072d4e8c310cb9de,0.2799713611602783,sleap-lablink-client-prod-vm-5,running,Healthy,0,1788389430.0,1788389454.0,1788389512.0,1788389719.0,1788389656.0,1788389731.0,306.0,1788389454.981285,1788389734.414189,1788390034.199542,i-02edbce051de8200a
1788390047.890267,5,1,ghcr.io/talmolab/lablink-client-base-image:linux-amd64-test@sha256:1ec2fde6860186b3d45ac83890167258f83512955dbce65f072d4e8c310cb9de,0.2799713611602783,sleap-lablink-client-prod-vm-1,running,Healthy,0,1788389430.0,1788389454.0,1788389512.0,1788389719.0,1788389656.0,1788389729.0,304.0,1788389454.97747,1788389734.394763,1788390032.611157,i-0d0a8b81177a50dcd
1788390047.890267,5,1,ghcr.io/talmolab/lablink-client-base-image:linux-amd64-test@sha256:1ec2fde6860186b3d45ac83890167258f83512955dbce65f072d4e8c310cb9de,0.2799713611602783,sleap-lablink-client-prod-vm-2,running,Healthy,0,1788389430.0,1788389454.0,1788389512.0,1788389718.0,1788389655.0,1788389730.0,305.0,1788389454.978876,1788389734.412472,1788390033.083189,i-075d1655ae16149db
1788390047.890267,5,1,ghcr.io/talmolab/lablink-client-base-image:linux-amd64-test@sha256:1ec2fde6860186b3d45ac83890167258f83512955dbce65f072d4e8c310cb9de,0.2799713611602783,sleap-lablink-client-prod-vm-3,running,Healthy,0,1788389430.0,1788389454.0,1788389512.0,1788389718.0,1788389655.0,1788389725.0,300.0,1788389454.979714,1788389734.398341,1788390028.311358,i-07bbc1455104581e3
1788390047.890267,5,1,ghcr.io/talmolab/lablink-client-base-image:linux-amd64-test@sha256:1ec2fde6860186b3d45ac83890167258f83512955dbce65f072d4e8c310cb9de,0.2799713611602783,sleap-lablink-client-prod-vm-4,running,Healthy,0,1788389430.0,1788389454.0,1788389512.0,1788389717.0,1788389654.0,1788389730.0,305.0,1788389454.980496,1788389734.394014,1788390033.211705,i-0c92ab1873f5417ba
1788390047.890267,5,1,ghcr.io/talmolab/lablink-client-base-image:linux-amd64-test@sha256:1ec2fde6860186b3d45ac83890167258f83512955dbce65f072d4e8c310cb9de,0.2799713611602783,sleap-lablink-client-prod-vm-5,running,Healthy,0,1788389430.0,1788389454.0,1788389512.0,1788389719.0,1788389656.0,1788389731.0,306.0,1788389454.981285,1788389734.414189,1788390034.199542,i-02edbce051de8200a
1788390053.017568,5,1,ghcr.io/talmolab/lablink-client-base-image:linux-amd64-test@sha256:1ec2fde6860186b3d45ac83890167258f83512955dbce65f072d4e8c310cb9de,0.2799713611602783,sleap-lablink-client-prod-vm-1,running,Healthy,0,1788389430.0,1788389454.0,1788389512.0,1788389719.0,1788389656.0,1788389729.0,304.0,1788389454.97747,1788389734.394763,1788390032.611157,i-0d0a8b81177a50dcd
1788390053.017568,5,1,ghcr.io/talmolab/lablink-client-base-image:linux-amd64-test@sha256:1ec2fde6860186b3d45ac83890167258f83512955dbce65f072d4e8c310cb9de,0.2799713611602783,sleap-lablink-client-prod-vm-2,running,Healthy,0,1788389430.0,1788389454.0,1788389512.0,1788389718.0,1788389655.0,1788389730.0,305.0,1788389454.978876,1788389734.412472,1788390033.083189,i-075d1655ae16149db
1788390053.017568,5,1,ghcr.io/talmolab/lablink-client-base-image:linux-amd64-test@sha256:1ec2fde6860186b3d45ac83890167258f83512955dbce65f072d4e8c310cb9de,0.2799713611602783,sleap-lablink-client-prod-vm-3,running,Healthy,0,1788389430.0,1788389454.0,1788389512.0,1788389718.0,1788389655.0,1788389725.0,300.0,1788389454.979714,1788389734.398341,1788390028.311358,i-07bbc1455104581e3
1788390053.017568,5,1,ghcr.io/talmolab/lablink-client-base-image:linux-amd64-test@sha256:1ec2fde6860186b3d45ac83890167258f83512955dbce65f072d4e8c310cb9de,0.2799713611602783,sleap-lablink-client-prod-vm-4,running,Healthy,0,1788389430.0,1788389454.0,1788389512.0,1788389717.0,1788389654.0,1788389730.0,305.0,1788389454.980496,1788389734.394014,1788390033.211705,i-0c92ab1873f5417ba
1788390053.017568,5,1,ghcr.io/talmolab/lablink-client-base-image:linux-amd64-test@sha256:1ec2fde6860186b3d45ac83890167258f83512955dbce65f072d4e8c310cb9de,0.2799713611602783,sleap-lablink-client-prod-vm-5,running,Healthy,0,1788389430.0,1788389454.0,1788389512.0,1788389719.0,1788389656.0,1788389731.0,306.0,1788389454.981285,1788389734.414189,1788390034.199542,i-02edbce051de8200a
1788390058.037419,5,1,ghcr.io/talmolab/lablink-client-base-image:linux-amd64-test@sha256:1ec2fde6860186b3d45ac83890167258f83512955dbce65f072d4e8c310cb9de,0.2799713611602783,sleap-lablink-client-prod-vm-1,running,Healthy,0,1788389430.0,1788389454.0,1788389512.0,1788389719.0,1788389656.0,1788389729.0,304.0,1788389454.97747,1788389734.394763,1788390032.611157,i-0d0a8b81177a50dcd
1788390058.037419,5,1,ghcr.io/talmolab/lablink-client-base-image:linux-amd64-test@sha256:1ec2fde6860186b3d45ac83890167258f83512955dbce65f072d4e8c310cb9de,0.2799713611602783,sleap-lablink-client-prod-vm-2,running,Healthy,0,1788389430.0,1788389454.0,1788389512.0,1788389718.0,1788389655.0,1788389730.0,305.0,1788389454.978876,1788389734.412472,1788390033.083189,i-075d1655ae16149db
1788390058.037419,5,1,ghcr.io/talmolab/lablink-client-base-image:linux-amd64-test@sha256:1ec2fde6860186b3d45ac83890167258f83512955dbce65f072d4e8c310cb9de,0.2799713611602783,sleap-lablink-client-prod-vm-3,running,Healthy,0,1788389430.0,1788389454.0,1788389512.0,1788389718.0,1788389655.0,1788389725.0,300.0,1788389454.979714,1788389734.398341,1788390028.311358,i-07bbc1455104581e3
1788390058.037419,5,1,ghcr.io/talmolab/lablink-client-base-image:linux-amd64-test@sha256:1ec2fde6860186b3d45ac83890167258f83512955dbce65f072d4e8c310cb9de,0.2799713611602783,sleap-lablink-client-prod-vm-4,running,Healthy,0,1788389430.0,1788389454.0,1788389512.0,1788389717.0,1788389654.0,1788389730.0,305.0,1788389454.980496,1788389734.394014,1788390033.211705,i-0c92ab1873f5417ba
1788390058.037419,5,1,ghcr.io/talmolab/lablink-client-base-image:linux-amd64-test@sha256:1ec2fde6860186b3d45ac83890167258f83512955dbce65f072d4e8c310cb9de,0.2799713611602783,sleap-lablink-client-prod-vm-5,running,Healthy,0,1788389430.0,1788389454.0,1788389512.0,1788389719.0,1788389656.0,1788389731.0,306.0,1788389454.981285,1788389734.414189,1788390034.199542,i-02edbce051de8200a
1788390062.974601,5,1,ghcr.io/talmolab/lablink-client-base-image:linux-amd64-test@sha256:1ec2fde6860186b3d45ac83890167258f83512955dbce65f072d4e8c310cb9de,0.2799713611602783,sleap-lablink-client-prod-vm-1,running,Healthy,0,1788389430.0,1788389454.0,1788389512.0,1788389719.0,1788389656.0,1788389729.0,304.0,1788389454.97747,1788389734.394763,1788390062.631274,i-0d0a8b81177a50dcd
1788390062.974601,5,1,ghcr.io/talmolab/lablink-client-base-image:linux-amd64-test@sha256:1ec2fde6860186b3d45ac83890167258f83512955dbce65f072d4e8c310cb9de,0.2799713611602783,sleap-lablink-client-prod-vm-2,running,Healthy,0,1788389430.0,1788389454.0,1788389512.0,1788389718.0,1788389655.0,1788389730.0,305.0,1788389454.978876,1788389734.412472,1788390033.083189,i-075d1655ae16149db
1788390062.974601,5,1,ghcr.io/talmolab/lablink-client-base-image:linux-amd64-test@sha256:1ec2fde6860186b3d45ac83890167258f83512955dbce65f072d4e8c310cb9de,0.2799713611602783,sleap-lablink-client-prod-vm-3,running,Healthy,0,1788389430.0,1788389454.0,1788389512.0,1788389718.0,1788389655.0,1788389725.0,300.0,1788389454.979714,1788389734.398341,1788390058.330297,i-07bbc1455104581e3
1788390062.974601,5,1,ghcr.io/talmolab/lablink-client-base-image:linux-amd64-test@sha256:1ec2fde6860186b3d45ac83890167258f83512955dbce65f072d4e8c310cb9de,0.2799713611602783,sleap-lablink-client-prod-vm-4,running,Healthy,0,1788389430.0,1788389454.0,1788389512.0,1788389717.0,1788389654.0,1788389730.0,305.0,1788389454.980496,1788389734.394014,1788390033.211705,i-0c92ab1873f5417ba
1788390062.974601,5,1,ghcr.io/talmolab/lablink-client-base-image:linux-amd64-test@sha256:1ec2fde6860186b3d45ac83890167258f83512955dbce65f072d4e8c310cb9de,0.2799713611602783,sleap-lablink-client-prod-vm-5,running,Healthy,0,1788389430.0,1788389454.0,1788389512.0,1788389719.0,1788389656.0,1788389731.0,306.0,1788389454.981285,1788389734.414189,1788390034.199542,i-02edbce051de8200a
1788390067.866931,5,1,ghcr.io/talmolab/lablink-client-base-image:linux-amd64-test@sha256:1ec2fde6860186b3d45ac83890167258f83512955dbce65f072d4e8c310cb9de,0.2799713611602783,sleap-lablink-client-prod-vm-1,running,Healthy,0,1788389430.0,1788389454.0,1788389512.0,1788389719.0,1788389656.0,1788389729.0,304.0,1788389454.97747,1788389734.394763,1788390062.631274,i-0d0a8b81177a50dcd
1788390067.866931,5,1,ghcr.io/talmolab/lablink-client-base-image:linux-amd64-test@sha256:1ec2fde6860186b3d45ac83890167258f83512955dbce65f072d4e8c310cb9de,0.2799713611602783,sleap-lablink-client-prod-vm-2,running,Healthy,0,1788389430.0,1788389454.0,1788389512.0,1788389718.0,1788389655.0,1788389730.0,305.0,1788389454.978876,1788389734.412472,1788390063.106099,i-075d1655ae16149db
1788390067.866931,5,1,ghcr.io/talmolab/lablink-client-base-image:linux-amd64-test@sha256:1ec2fde6860186b3d45ac83890167258f83512955dbce65f072d4e8c310cb9de,0.2799713611602783,sleap-lablink-client-prod-vm-3,running,Healthy,0,1788389430.0,1788389454.0,1788389512.0,1788389718.0,1788389655.0,1788389725.0,300.0,1788389454.979714,1788389734.398341,1788390058.330297,i-07bbc1455104581e3
1788390067.866931,5,1,ghcr.io/talmolab/lablink-client-base-image:linux-amd64-test@sha256:1ec2fde6860186b3d45ac83890167258f83512955dbce65f072d4e8c310cb9de,0.2799713611602783,sleap-lablink-client-prod-vm-4,running,Healthy,0,1788389430.0,1788389454.0,1788389512.0,1788389717.0,1788389654.0,1788389730.0,305.0,1788389454.980496,1788389734.394014,1788390063.231477,i-0c92ab1873f5417ba
1788390067.866931,5,1,ghcr.io/talmolab/lablink-client-base-image:linux-amd64-test@sha256:1ec2fde6860186b3d45ac83890167258f83512955dbce65f072d4e8c310cb9de,0.2799713611602783,sleap-lablink-client-prod-vm-5,running,Healthy,0,1788389430.0,1788389454.0,1788389512.0,1788389719.0,1788389656.0,1788389731.0,306.0,1788389454.981285,1788389734.414189,1788390064.219249,i-02edbce051de8200a
1788390072.941324,5,1,ghcr.io/talmolab/lablink-client-base-image:linux-amd64-test@sha256:1ec2fde6860186b3d45ac83890167258f83512955dbce65f072d4e8c310cb9de,0.2799713611602783,sleap-lablink-client-prod-vm-1,running,Healthy,0,1788389430.0,1788389454.0,1788389512.0,1788389719.0,1788389656.0,1788389729.0,304.0,1788389454.97747,1788389734.394763,1788390062.631274,i-0d0a8b81177a50dcd
1788390072.941324,5,1,ghcr.io/talmolab/lablink-client-base-image:linux-amd64-test@sha256:1ec2fde6860186b3d45ac83890167258f83512955dbce65f072d4e8c310cb9de,0.2799713611602783,sleap-lablink-client-prod-vm-2,running,Healthy,0,1788389430.0,1788389454.0,1788389512.0,1788389718.0,1788389655.0,1788389730.0,305.0,1788389454.978876,1788389734.412472,1788390063.106099,i-075d1655ae16149db
1788390072.941324,5,1,ghcr.io/talmolab/lablink-client-base-image:linux-amd64-test@sha256:1ec2fde6860186b3d45ac83890167258f83512955dbce65f072d4e8c310cb9de,0.2799713611602783,sleap-lablink-client-prod-vm-3,running,Healthy,0,1788389430.0,1788389454.0,1788389512.0,1788389718.0,1788389655.0,1788389725.0,300.0,1788389454.979714,1788389734.398341,1788390058.330297,i-07bbc1455104581e3
1788390072.941324,5,1,ghcr.io/talmolab/lablink-client-base-image:linux-amd64-test@sha256:1ec2fde6860186b3d45ac83890167258f83512955dbce65f072d4e8c310cb9de,0.2799713611602783,sleap-lablink-client-prod-vm-4,running,Healthy,0,1788389430.0,1788389454.0,1788389512.0,1788389717.0,1788389654.0,1788389730.0,305.0,1788389454.980496,1788389734.394014,1788390063.231477,i-0c92ab1873f5417ba
1788390072.941324,5,1,ghcr.io/talmolab/lablink-client-base-image:linux-amd64-test@sha256:1ec2fde6860186b3d45ac83890167258f83512955dbce65f072d4e8c310cb9de,0.2799713611602783,sleap-lablink-client-prod-vm-5,running,Healthy,0,1788389430.0,1788389454.0,1788389512.0,1788389719.0,1788389656.0,1788389731.0,306.0,1788389454.981285,1788389734.414189,1788390064.219249,i-02edbce051de8200a
1788390078.017663,5,1,ghcr.io/talmolab/lablink-client-base-image:linux-amd64-test@sha256:1ec2fde6860186b3d45ac83890167258f83512955dbce65f072d4e8c310cb9de,0.2799713611602783,sleap-lablink-client-prod-vm-1,running,Healthy,0,1788389430.0,1788389454.0,1788389512.0,1788389719.0,1788389656.0,1788389729.0,304.0,1788389454.97747,1788389734.394763,1788390062.631274,i-0d0a8b81177a50dcd
1788390078.017663,5,1,ghcr.io/talmolab/lablink-client-base-image:linux-amd64-test@sha256:1ec2fde6860186b3d45ac83890167258f83512955dbce65f072d4e8c310cb9de,0.2799713611602783,sleap-lablink-client-prod-vm-2,running,Healthy,0,1788389430.0,1788389454.0,1788389512.0,1788389718.0,1788389655.0,1788389730.0,305.0,1788389454.978876,1788389734.412472,1788390063.106099,i-075d1655ae16149db
1788390078.017663,5,1,ghcr.io/talmolab/lablink-client-base-image:linux-amd64-test@sha256:1ec2fde6860186b3d45ac83890167258f83512955dbce65f072d4e8c310cb9de,0.2799713611602783,sleap-lablink-client-prod-vm-3,running,Healthy,0,1788389430.0,1788389454.0,1788389512.0,1788389718.0,1788389655.0,1788389725.0,300.0,1788389454.979714,1788389734.398341,1788390058.330297,i-07bbc1455104581e3
1788390078.017663,5,1,ghcr.io/talmolab/lablink-client-base-image:linux-amd64-test@sha256:1ec2fde6860186b3d45ac83890167258f83512955dbce65f072d4e8c310cb9de,0.2799713611602783,sleap-lablink-client-prod-vm-4,running,Healthy,0,1788389430.0,1788389454.0,1788389512.0,1788389717.0,1788389654.0,1788389730.0,305.0,1788389454.980496,1788389734.394014,1788390063.231477,i-0c92ab1873f5417ba
1788390078.017663,5,1,ghcr.io/talmolab/lablink-client-base-image:linux-amd64-test@sha256:1ec2fde6860186b3d45ac83890167258f83512955dbce65f072d4e8c310cb9de,0.2799713611602783,sleap-lablink-client-prod-vm-5,running,Healthy,0,1788389430.0,1788389454.0,1788389512.0,1788389719.0,1788389656.0,1788389731.0,306.0,1788389454.981285,1788389734.414189,1788390064.219249,i-02edbce051de8200a
1788390082.95222,5,1,ghcr.io/talmolab/lablink-client-base-image:linux-amd64-test@sha256:1ec2fde6860186b3d45ac83890167258f83512955dbce65f072d4e8c310cb9de,0.2799713611602783,sleap-lablink-client-prod-vm-1,running,Healthy,0,1788389430.0,1788389454.0,1788389512.0,1788389719.0,1788389656.0,1788389729.0,304.0,1788389454.97747,1788389734.394763,1788390062.631274,i-0d0a8b81177a50dcd
1788390082.95222,5,1,ghcr.io/talmolab/lablink-client-base-image:linux-amd64-test@sha256:1ec2fde6860186b3d45ac83890167258f83512955dbce65f072d4e8c310cb9de,0.2799713611602783,sleap-lablink-client-prod-vm-2,running,Healthy,0,1788389430.0,1788389454.0,1788389512.0,1788389718.0,1788389655.0,1788389730.0,305.0,1788389454.978876,1788389734.412472,1788390063.106099,i-075d1655ae16149db
1788390082.95222,5,1,ghcr.io/talmolab/lablink-client-base-image:linux-amd64-test@sha256:1ec2fde6860186b3d45ac83890167258f83512955dbce65f072d4e8c310cb9de,0.2799713611602783,sleap-lablink-client-prod-vm-3,running,Healthy,0,1788389430.0,1788389454.0,1788389512.0,1788389718.0,1788389655.0,1788389725.0,300.0,1788389454.979714,1788389734.398341,1788390058.330297,i-07bbc1455104581e3
1788390082.95222,5,1,ghcr.io/talmolab/lablink-client-base-image:linux-amd64-test@sha256:1ec2fde6860186b3d45ac83890167258f83512955dbce65f072d4e8c310cb9de,0.2799713611602783,sleap-lablink-client-prod-vm-4,running,Healthy,0,1788389430.0,1788389454.0,1788389512.0,1788389717.0,1788389654.0,1788389730.0,305.0,1788389454.980496,1788389734.394014,1788390063.231477,i-0c92ab1873f5417ba
1788390082.95222,5,1,ghcr.io/talmolab/lablink-client-base-image:linux-amd64-test@sha256:1ec2fde6860186b3d45ac83890167258f83512955dbce65f072d4e8c310cb9de,0.2799713611602783,sleap-lablink-client-prod-vm-5,running,Healthy,0,1788389430.0,1788389454.0,1788389512.0,1788389719.0,1788389656.0,1788389731.0,306.0,1788389454.981285,1788389734.414189,1788390064.219249,i-02edbce051de8200a
1788390087.9780018,5,1,ghcr.io/talmolab/lablink-client-base-image:linux-amd64-test@sha256:1ec2fde6860186b3d45ac83890167258f83512955dbce65f072d4e8c310cb9de,0.2799713611602783,sleap-lablink-client-prod-vm-1,running,Healthy,0,1788389430.0,1788389454.0,1788389512.0,1788389719.0,1788389656.0,1788389729.0,304.0,1788389454.97747,1788389734.394763,1788390062.631274,i-0d0a8b81177a50dcd
1788390087.9780018,5,1,ghcr.io/talmolab/lablink-client-base-image:linux-amd64-test@sha256:1ec2fde6860186b3d45ac83890167258f83512955dbce65f072d4e8c310cb9de,0.2799713611602783,sleap-lablink-client-prod-vm-2,running,Healthy,0,1788389430.0,1788389454.0,1788389512.0,1788389718.0,1788389655.0,1788389730.0,305.0,1788389454.978876,1788389734.412472,1788390063.106099,i-075d1655ae16149db
1788390087.9780018,5,1,ghcr.io/talmolab/lablink-client-base-image:linux-amd64-test@sha256:1ec2fde6860186b3d45ac83890167258f83512955dbce65f072d4e8c310cb9de,0.2799713611602783,sleap-lablink-client-prod-vm-3,running,Healthy,0,1788389430.0,1788389454.0,1788389512.0,1788389718.0,1788389655.0,1788389725.0,300.0,1788389454.979714,1788389734.398341,1788390058.330297,i-07bbc1455104581e3
1788390087.9780018,5,1,ghcr.io/talmolab/lablink-client-base-image:linux-amd64-test@sha256:1ec2fde6860186b3d45ac83890167258f83512955dbce65f072d4e8c310cb9de,0.2799713611602783,sleap-lablink-client-prod-vm-4,running,Healthy,0,1788389430.0,1788389454.0,1788389512.0,1788389717.0,1788389654.0,1788389730.0,305.0,1788389454.980496,1788389734.394014,1788390063.231477,i-0c92ab1873f5417ba
1788390087.9780018,5,1,ghcr.io/talmolab/lablink-client-base-image:linux-amd64-test@sha256:1ec2fde6860186b3d45ac83890167258f83512955dbce65f072d4e8c310cb9de,0.2799713611602783,sleap-lablink-client-prod-vm-5,running,Healthy,0,1788389430.0,1788389454.0,1788389512.0,1788389719.0,1788389656.0,1788389731.0,306.0,1788389454.981285,1788389734.414189,1788390064.219249,i-02edbce051de8200a
1788390093.522897,5,1,ghcr.io/talmolab/lablink-client-base-image:linux-amd64-test@sha256:1ec2fde6860186b3d45ac83890167258f83512955dbce65f072d4e8c310cb9de,0.2799713611602783,sleap-lablink-client-prod-vm-1,running,Healthy,0,1788389430.0,1788389454.0,1788389512.0,1788389719.0,1788389656.0,1788389729.0,304.0,1788389454.97747,1788389734.394763,1788390092.889017,i-0d0a8b81177a50dcd
1788390093.522897,5,1,ghcr.io/talmolab/lablink-client-base-image:linux-amd64-test@sha256:1ec2fde6860186b3d45ac83890167258f83512955dbce65f072d4e8c310cb9de,0.2799713611602783,sleap-lablink-client-prod-vm-2,running,Healthy,0,1788389430.0,1788389454.0,1788389512.0,1788389718.0,1788389655.0,1788389730.0,305.0,1788389454.978876,1788389734.412472,1788390093.371975,i-075d1655ae16149db
1788390093.522897,5,1,ghcr.io/talmolab/lablink-client-base-image:linux-amd64-test@sha256:1ec2fde6860186b3d45ac83890167258f83512955dbce65f072d4e8c310cb9de,0.2799713611602783,sleap-lablink-client-prod-vm-3,running,Healthy,0,1788389430.0,1788389454.0,1788389512.0,1788389718.0,1788389655.0,1788389725.0,300.0,1788389454.979714,1788389734.398341,1788390088.504344,i-07bbc1455104581e3
1788390093.522897,5,1,ghcr.io/talmolab/lablink-client-base-image:linux-amd64-test@sha256:1ec2fde6860186b3d45ac83890167258f83512955dbce65f072d4e8c310cb9de,0.2799713611602783,sleap-lablink-client-prod-vm-4,running,Healthy,0,1788389430.0,1788389454.0,1788389512.0,1788389717.0,1788389654.0,1788389730.0,305.0,1788389454.980496,1788389734.394014,1788390063.231477,i-0c92ab1873f5417ba
1788390093.522897,5,1,ghcr.io/talmolab/lablink-client-base-image:linux-amd64-test@sha256:1ec2fde6860186b3d45ac83890167258f83512955dbce65f072d4e8c310cb9de,0.2799713611602783,sleap-lablink-client-prod-vm-5,running,Healthy,0,1788389430.0,1788389454.0,1788389512.0,1788389719.0,1788389656.0,1788389731.0,306.0,1788389454.981285,1788389734.414189,1788390064.219249,i-02edbce051de8200a
1788390097.969432,5,1,ghcr.io/talmolab/lablink-client-base-image:linux-amd64-test@sha256:1ec2fde6860186b3d45ac83890167258f83512955dbce65f072d4e8c310cb9de,0.2799713611602783,sleap-lablink-client-prod-vm-1,running,Healthy,0,1788389430.0,1788389454.0,1788389512.0,1788389719.0,1788389656.0,1788389729.0,304.0,1788389454.97747,1788389734.394763,1788390092.889017,i-0d0a8b81177a50dcd
1788390097.969432,5,1,ghcr.io/talmolab/lablink-client-base-image:linux-amd64-test@sha256:1ec2fde6860186b3d45ac83890167258f83512955dbce65f072d4e8c310cb9de,0.2799713611602783,sleap-lablink-client-prod-vm-2,running,Healthy,0,1788389430.0,1788389454.0,1788389512.0,1788389718.0,1788389655.0,1788389730.0,305.0,1788389454.978876,1788389734.412472,1788390093.371975,i-075d1655ae16149db
1788390097.969432,5,1,ghcr.io/talmolab/lablink-client-base-image:linux-amd64-test@sha256:1ec2fde6860186b3d45ac83890167258f83512955dbce65f072d4e8c310cb9de,0.2799713611602783,sleap-lablink-client-prod-vm-3,running,Healthy,0,1788389430.0,1788389454.0,1788389512.0,1788389718.0,1788389655.0,1788389725.0,300.0,1788389454.979714,1788389734.398341,1788390088.504344,i-07bbc1455104581e3
1788390097.969432,5,1,ghcr.io/talmolab/lablink-client-base-image:linux-amd64-test@sha256:1ec2fde6860186b3d45ac83890167258f83512955dbce65f072d4e8c310cb9de,0.2799713611602783,sleap-lablink-client-prod-vm-4,running,Healthy,0,1788389430.0,1788389454.0,1788389512.0,1788389717.0,1788389654.0,1788389730.0,305.0,1788389454.980496,1788389734.394014,1788390093.532438,i-0c92ab1873f5417ba
1788390097.969432,5,1,ghcr.io/talmolab/lablink-client-base-image:linux-amd64-test@sha256:1ec2fde6860186b3d45ac83890167258f83512955dbce65f072d4e8c310cb9de,0.2799713611602783,sleap-lablink-client-prod-vm-5,running,Healthy,0,1788389430.0,1788389454.0,1788389512.0,1788389719.0,1788389656.0,1788389731.0,306.0,1788389454.981285,1788389734.414189,1788390094.416105,i-02edbce051de8200a
1788390102.93956,5,1,ghcr.io/talmolab/lablink-client-base-image:linux-amd64-test@sha256:1ec2fde6860186b3d45ac83890167258f83512955dbce65f072d4e8c310cb9de,0.2799713611602783,sleap-lablink-client-prod-vm-1,running,Healthy,0,1788389430.0,1788389454.0,1788389512.0,1788389719.0,1788389656.0,1788389729.0,304.0,1788389454.97747,1788389734.394763,1788390092.889017,i-0d0a8b81177a50dcd
1788390102.93956,5,1,ghcr.io/talmolab/lablink-client-base-image:linux-amd64-test@sha256:1ec2fde6860186b3d45ac83890167258f83512955dbce65f072d4e8c310cb9de,0.2799713611602783,sleap-lablink-client-prod-vm-2,running,Healthy,0,1788389430.0,1788389454.0,1788389512.0,1788389718.0,1788389655.0,1788389730.0,305.0,1788389454.978876,1788389734.412472,1788390093.371975,i-075d1655ae16149db
1788390102.93956,5,1,ghcr.io/talmolab/lablink-client-base-image:linux-amd64-test@sha256:1ec2fde6860186b3d45ac83890167258f83512955dbce65f072d4e8c310cb9de,0.2799713611602783,sleap-lablink-client-prod-vm-3,running,Healthy,0,1788389430.0,1788389454.0,1788389512.0,1788389718.0,1788389655.0,1788389725.0,300.0,1788389454.979714,1788389734.398341,1788390088.504344,i-07bbc1455104581e3
1788390102.93956,5,1,ghcr.io/talmolab/lablink-client-base-image:linux-amd64-test@sha256:1ec2fde6860186b3d45ac83890167258f83512955dbce65f072d4e8c310cb9de,0.2799713611602783,sleap-lablink-client-prod-vm-4,running,Healthy,0,1788389430.0,1788389454.0,1788389512.0,1788389717.0,1788389654.0,1788389730.0,305.0,1788389454.980496,1788389734.394014,1788390093.532438,i-0c92ab1873f5417ba
1788390102.93956,5,1,ghcr.io/talmolab/lablink-client-base-image:linux-amd64-test@sha256:1ec2fde6860186b3d45ac83890167258f83512955dbce65f072d4e8c310cb9de,0.2799713611602783,sleap-lablink-client-prod-vm-5,running,Healthy,0,1788389430.0,1788389454.0,1788389512.0,1788389719.0,1788389656.0,1788389731.0,306.0,1788389454.981285,1788389734.414189,1788390094.416105,i-02edbce051de8200a
1788390107.927216,5,1,ghcr.io/talmolab/lablink-client-base-image:linux-amd64-test@sha256:1ec2fde6860186b3d45ac83890167258f83512955dbce65f072d4e8c310cb9de,0.2799713611602783,sleap-lablink-client-prod-vm-1,running,Healthy,0,1788389430.0,1788389454.0,1788389512.0,1788389719.0,1788389656.0,1788389729.0,304.0,1788389454.97747,1788389734.394763,1788390092.889017,i-0d0a8b81177a50dcd
1788390107.927216,5,1,ghcr.io/talmolab/lablink-client-base-image:linux-amd64-test@sha256:1ec2fde6860186b3d45ac83890167258f83512955dbce65f072d4e8c310cb9de,0.2799713611602783,sleap-lablink-client-prod-vm-2,running,Healthy,0,1788389430.0,1788389454.0,1788389512.0,1788389718.0,1788389655.0,1788389730.0,305.0,1788389454.978876,1788389734.412472,1788390093.371975,i-075d1655ae16149db
1788390107.927216,5,1,ghcr.io/talmolab/lablink-client-base-image:linux-amd64-test@sha256:1ec2fde6860186b3d45ac83890167258f83512955dbce65f072d4e8c310cb9de,0.2799713611602783,sleap-lablink-client-prod-vm-3,running,Healthy,0,1788389430.0,1788389454.0,1788389512.0,1788389718.0,1788389655.0,1788389725.0,300.0,1788389454.979714,1788389734.398341,1788390088.504344,i-07bbc1455104581e3
1788390107.927216,5,1,ghcr.io/talmolab/lablink-client-base-image:linux-amd64-test@sha256:1ec2fde6860186b3d45ac83890167258f83512955dbce65f072d4e8c310cb9de,0.2799713611602783,sleap-lablink-client-prod-vm-4,running,Healthy,0,1788389430.0,1788389454.0,1788389512.0,1788389717.0,1788389654.0,1788389730.0,305.0,1788389454.980496,1788389734.394014,1788390093.532438,i-0c92ab1873f5417ba
1788390107.927216,5,1,ghcr.io/talmolab/lablink-client-base-image:linux-amd64-test@sha256:1ec2fde6860186b3d45ac83890167258f83512955dbce65f072d4e8c310cb9de,0.2799713611602783,sleap-lablink-client-prod-vm-5,running,Healthy,0,1788389430.0,1788389454.0,1788389512.0,1788389719.0,1788389656.0,1788389731.0,306.0,1788389454.981285,1788389734.414189,1788390094.416105,i-02edbce051de8200a
1788390112.928849,5,1,ghcr.io/talmolab/lablink-client-base-image:linux-amd64-test@sha256:1ec2fde6860186b3d45ac83890167258f83512955dbce65f072d4e8c310cb9de,0.2799713611602783,sleap-lablink-client-prod-vm-1,running,Healthy,0,1788389430.0,1788389454.0,1788389512.0,1788389719.0,1788389656.0,1788389729.0,304.0,1788389454.97747,1788389734.394763,1788390092.889017,i-0d0a8b81177a50dcd
1788390112.928849,5,1,ghcr.io/talmolab/lablink-client-base-image:linux-amd64-test@sha256:1ec2fde6860186b3d45ac83890167258f83512955dbce65f072d4e8c310cb9de,0.2799713611602783,sleap-lablink-client-prod-vm-2,running,Healthy,0,1788389430.0,1788389454.0,1788389512.0,1788389718.0,1788389655.0,1788389730.0,305.0,1788389454.978876,1788389734.412472,1788390093.371975,i-075d1655ae16149db
1788390112.928849,5,1,ghcr.io/talmolab/lablink-client-base-image:linux-amd64-test@sha256:1ec2fde6860186b3d45ac83890167258f83512955dbce65f072d4e8c310cb9de,0.2799713611602783,sleap-lablink-client-prod-vm-3,running,Healthy,0,1788389430.0,1788389454.0,1788389512.0,1788389718.0,1788389655.0,1788389725.0,300.0,1788389454.979714,1788389734.398341,1788390088.504344,i-07bbc1455104581e3
1788390112.928849,5,1,ghcr.io/talmolab/lablink-client-base-image:linux-amd64-test@sha256:1ec2fde6860186b3d45ac83890167258f83512955dbce65f072d4e8c310cb9de,0.2799713611602783,sleap-lablink-client-prod-vm-4,running,Healthy,0,1788389430.0,1788389454.0,1788389512.0,1788389717.0,1788389654.0,1788389730.0,305.0,1788389454.980496,1788389734.394014,1788390093.532438,i-0c92ab1873f5417ba
1788390112.928849,5,1,ghcr.io/talmolab/lablink-client-base-image:linux-amd64-test@sha256:1ec2fde6860186b3d45ac83890167258f83512955dbce65f072d4e8c310cb9de,0.2799713611602783,sleap-lablink-client-prod-vm-5,running,Healthy,0,1788389430.0,1788389454.0,1788389512.0,1788389719.0,1788389656.0,1788389731.0,306.0,1788389454.981285,1788389734.414189,1788390094.416105,i-02edbce051de8200a
1788390118.032316,5,1,ghcr.io/talmolab/lablink-client-base-image:linux-amd64-test@sha256:1ec2fde6860186b3d45ac83890167258f83512955dbce65f072d4e8c310cb9de,0.2799713611602783,sleap-lablink-client-prod-vm-1,running,Healthy,0,1788389430.0,1788389454.0,1788389512.0,1788389719.0,1788389656.0,1788389729.0,304.0,1788389454.97747,1788389734.394763,1788390092.889017,i-0d0a8b81177a50dcd
1788390118.032316,5,1,ghcr.io/talmolab/lablink-client-base-image:linux-amd64-test@sha256:1ec2fde6860186b3d45ac83890167258f83512955dbce65f072d4e8c310cb9de,0.2799713611602783,sleap-lablink-client-prod-vm-2,running,Healthy,0,1788389430.0,1788389454.0,1788389512.0,1788389718.0,1788389655.0,1788389730.0,305.0,1788389454.978876,1788389734.412472,1788390093.371975,i-075d1655ae16149db
1788390118.032316,5,1,ghcr.io/talmolab/lablink-client-base-image:linux-amd64-test@sha256:1ec2fde6860186b3d45ac83890167258f83512955dbce65f072d4e8c310cb9de,0.2799713611602783,sleap-lablink-client-prod-vm-3,running,Healthy,0,1788389430.0,1788389454.0,1788389512.0,1788389718.0,1788389655.0,1788389725.0,300.0,1788389454.979714,1788389734.398341,1788390088.504344,i-07bbc1455104581e3
1788390118.032316,5,1,ghcr.io/talmolab/lablink-client-base-image:linux-amd64-test@sha256:1ec2fde6860186b3d45ac83890167258f83512955dbce65f072d4e8c310cb9de,0.2799713611602783,sleap-lablink-client-prod-vm-4,running,Healthy,0,1788389430.0,1788389454.0,1788389512.0,1788389717.0,1788389654.0,1788389730.0,305.0,1788389454.980496,1788389734.394014,1788390093.532438,i-0c92ab1873f5417ba
1788390118.032316,5,1,ghcr.io/talmolab/lablink-client-base-image:linux-amd64-test@sha256:1ec2fde6860186b3d45ac83890167258f83512955dbce65f072d4e8c310cb9de,0.2799713611602783,sleap-lablink-client-prod-vm-5,running,Healthy,0,1788389430.0,1788389454.0,1788389512.0,1788389719.0,1788389656.0,1788389731.0,306.0,1788389454.981285,1788389734.414189,1788390094.416105,i-02edbce051de8200a
1788390123.047086,5,1,ghcr.io/talmolab/lablink-client-base-image:linux-amd64-test@sha256:1ec2fde6860186b3d45ac83890167258f83512955dbce65f072d4e8c310cb9de,0.2799713611602783,sleap-lablink-client-prod-vm-1,running,Healthy,0,1788389430.0,1788389454.0,1788389512.0,1788389719.0,1788389656.0,1788389729.0,304.0,1788389454.97747,1788389734.394763,1788390092.889017,i-0d0a8b81177a50dcd
1788390123.047086,5,1,ghcr.io/talmolab/lablink-client-base-image:linux-amd64-test@sha256:1ec2fde6860186b3d45ac83890167258f83512955dbce65f072d4e8c310cb9de,0.2799713611602783,sleap-lablink-client-prod-vm-2,running,Healthy,0,1788389430.0,1788389454.0,1788389512.0,1788389718.0,1788389655.0,1788389730.0,305.0,1788389454.978876,1788389734.412472,1788390093.371975,i-075d1655ae16149db
1788390123.047086,5,1,ghcr.io/talmolab/lablink-client-base-image:linux-amd64-test@sha256:1ec2fde6860186b3d45ac83890167258f83512955dbce65f072d4e8c310cb9de,0.2799713611602783,sleap-lablink-client-prod-vm-3,running,Healthy,0,1788389430.0,1788389454.0,1788389512.0,1788389718.0,1788389655.0,1788389725.0,300.0,1788389454.979714,1788389734.398341,1788390118.551323,i-07bbc1455104581e3
1788390123.047086,5,1,ghcr.io/talmolab/lablink-client-base-image:linux-amd64-test@sha256:1ec2fde6860186b3d45ac83890167258f83512955dbce65f072d4e8c310cb9de,0.2799713611602783,sleap-lablink-client-prod-vm-4,running,Healthy,0,1788389430.0,1788389454.0,1788389512.0,1788389717.0,1788389654.0,1788389730.0,305.0,1788389454.980496,1788389734.394014,1788390093.532438,i-0c92ab1873f5417ba
1788390123.047086,5,1,ghcr.io/talmolab/lablink-client-base-image:linux-amd64-test@sha256:1ec2fde6860186b3d45ac83890167258f83512955dbce65f072d4e8c310cb9de,0.2799713611602783,sleap-lablink-client-prod-vm-5,running,Healthy,0,1788389430.0,1788389454.0,1788389512.0,1788389719.0,1788389656.0,1788389731.0,306.0,1788389454.981285,1788389734.414189,1788390094.416105,i-02edbce051de8200a
1788390127.995649,5,1,ghcr.io/talmolab/lablink-client-base-image:linux-amd64-test@sha256:1ec2fde6860186b3d45ac83890167258f83512955dbce65f072d4e8c310cb9de,0.2799713611602783,sleap-lablink-client-prod-vm-1,running,Healthy,0,1788389430.0,1788389454.0,1788389512.0,1788389719.0,1788389656.0,1788389729.0,304.0,1788389454.97747,1788389734.394763,1788390122.959188,i-0d0a8b81177a50dcd
1788390127.995649,5,1,ghcr.io/talmolab/lablink-client-base-image:linux-amd64-test@sha256:1ec2fde6860186b3d45ac83890167258f83512955dbce65f072d4e8c310cb9de,0.2799713611602783,sleap-lablink-client-prod-vm-2,running,Healthy,0,1788389430.0,1788389454.0,1788389512.0,1788389718.0,1788389655.0,1788389730.0,305.0,1788389454.978876,1788389734.412472,1788390123.4393,i-075d1655ae16149db
1788390127.995649,5,1,ghcr.io/talmolab/lablink-client-base-image:linux-amd64-test@sha256:1ec2fde6860186b3d45ac83890167258f83512955dbce65f072d4e8c310cb9de,0.2799713611602783,sleap-lablink-client-prod-vm-3,running,Healthy,0,1788389430.0,1788389454.0,1788389512.0,1788389718.0,1788389655.0,1788389725.0,300.0,1788389454.979714,1788389734.398341,1788390118.551323,i-07bbc1455104581e3
1788390127.995649,5,1,ghcr.io/talmolab/lablink-client-base-image:linux-amd64-test@sha256:1ec2fde6860186b3d45ac83890167258f83512955dbce65f072d4e8c310cb9de,0.2799713611602783,sleap-lablink-client-prod-vm-4,running,Healthy,0,1788389430.0,1788389454.0,1788389512.0,1788389717.0,1788389654.0,1788389730.0,305.0,1788389454.980496,1788389734.394014,1788390123.55363,i-0c92ab1873f5417ba
1788390127.995649,5,1,ghcr.io/talmolab/lablink-client-base-image:linux-amd64-test@sha256:1ec2fde6860186b3d45ac83890167258f83512955dbce65f072d4e8c310cb9de,0.2799713611602783,sleap-lablink-client-prod-vm-5,running,Healthy,0,1788389430.0,1788389454.0,1788389512.0,1788389719.0,1788389656.0,1788389731.0,306.0,1788389454.981285,1788389734.414189,1788390124.436569,i-02edbce051de8200a
1788390133.010884,5,1,ghcr.io/talmolab/lablink-client-base-image:linux-amd64-test@sha256:1ec2fde6860186b3d45ac83890167258f83512955dbce65f072d4e8c310cb9de,0.2799713611602783,sleap-lablink-client-prod-vm-1,running,Healthy,0,1788389430.0,1788389454.0,1788389512.0,1788389719.0,1788389656.0,1788389729.0,304.0,1788389454.97747,1788389734.394763,1788390122.959188,i-0d0a8b81177a50dcd
1788390133.010884,5,1,ghcr.io/talmolab/lablink-client-base-image:linux-amd64-test@sha256:1ec2fde6860186b3d45ac83890167258f83512955dbce65f072d4e8c310cb9de,0.2799713611602783,sleap-lablink-client-prod-vm-2,running,Healthy,0,1788389430.0,1788389454.0,1788389512.0,1788389718.0,1788389655.0,1788389730.0,305.0,1788389454.978876,1788389734.412472,1788390123.4393,i-075d1655ae16149db
1788390133.010884,5,1,ghcr.io/talmolab/lablink-client-base-image:linux-amd64-test@sha256:1ec2fde6860186b3d45ac83890167258f83512955dbce65f072d4e8c310cb9de,0.2799713611602783,sleap-lablink-client-prod-vm-3,running,Healthy,0,1788389430.0,1788389454.0,1788389512.0,1788389718.0,1788389655.0,1788389725.0,300.0,1788389454.979714,1788389734.398341,1788390118.551323,i-07bbc1455104581e3
1788390133.010884,5,1,ghcr.io/talmolab/lablink-client-base-image:linux-amd64-test@sha256:1ec2fde6860186b3d45ac83890167258f83512955dbce65f072d4e8c310cb9de,0.2799713611602783,sleap-lablink-client-prod-vm-4,running,Healthy,0,1788389430.0,1788389454.0,1788389512.0,1788389717.0,1788389654.0,1788389730.0,305.0,1788389454.980496,1788389734.394014,1788390123.55363,i-0c92ab1873f5417ba
1788390133.010884,5,1,ghcr.io/talmolab/lablink-client-base-image:linux-amd64-test@sha256:1ec2fde6860186b3d45ac83890167258f83512955dbce65f072d4e8c310cb9de,0.2799713611602783,sleap-lablink-client-prod-vm-5,running,Healthy,0,1788389430.0,1788389454.0,1788389512.0,1788389719.0,1788389656.0,1788389731.0,306.0,1788389454.981285,1788389734.414189,1788390124.436569,i-02edbce051de8200a
1788390137.952139,5,1,ghcr.io/talmolab/lablink-client-base-image:linux-amd64-test@sha256:1ec2fde6860186b3d45ac83890167258f83512955dbce65f072d4e8c310cb9de,0.2799713611602783,sleap-lablink-client-prod-vm-1,running,Healthy,0,1788389430.0,1788389454.0,1788389512.0,1788389719.0,1788389656.0,1788389729.0,304.0,1788389454.97747,1788389734.394763,1788390122.959188,i-0d0a8b81177a50dcd
1788390137.952139,5,1,ghcr.io/talmolab/lablink-client-base-image:linux-amd64-test@sha256:1ec2fde6860186b3d45ac83890167258f83512955dbce65f072d4e8c310cb9de,0.2799713611602783,sleap-lablink-client-prod-vm-2,running,Healthy,0,1788389430.0,1788389454.0,1788389512.0,1788389718.0,1788389655.0,1788389730.0,305.0,1788389454.978876,1788389734.412472,1788390123.4393,i-075d1655ae16149db
1788390137.952139,5,1,ghcr.io/talmolab/lablink-client-base-image:linux-amd64-test@sha256:1ec2fde6860186b3d45ac83890167258f83512955dbce65f072d4e8c310cb9de,0.2799713611602783,sleap-lablink-client-prod-vm-3,running,Healthy,0,1788389430.0,1788389454.0,1788389512.0,1788389718.0,1788389655.0,1788389725.0,300.0,1788389454.979714,1788389734.398341,1788390118.551323,i-07bbc1455104581e3
1788390137.952139,5,1,ghcr.io/talmolab/lablink-client-base-image:linux-amd64-test@sha256:1ec2fde6860186b3d45ac83890167258f83512955dbce65f072d4e8c310cb9de,0.2799713611602783,sleap-lablink-client-prod-vm-4,running,Healthy,0,1788389430.0,1788389454.0,1788389512.0,1788389717.0,1788389654.0,1788389730.0,305.0,1788389454.980496,1788389734.394014,1788390123.55363,i-0c92ab1873f5417ba
1788390137.952139,5,1,ghcr.io/talmolab/lablink-client-base-image:linux-amd64-test@sha256:1ec2fde6860186b3d45ac83890167258f83512955dbce65f072d4e8c310cb9de,0.2799713611602783,sleap-lablink-client-prod-vm-5,running,Healthy,0,1788389430.0,1788389454.0,1788389512.0,1788389719.0,1788389656.0,1788389731.0,306.0,1788389454.981285,1788389734.414189,1788390124.436569,i-02edbce051de8200a
1788390142.994097,5,1,ghcr.io/talmolab/lablink-client-base-image:linux-amd64-test@sha256:1ec2fde6860186b3d45ac83890167258f83512955dbce65f072d4e8c310cb9de,0.2799713611602783,sleap-lablink-client-prod-vm-1,running,Healthy,0,1788389430.0,1788389454.0,1788389512.0,1788389719.0,1788389656.0,1788389729.0,304.0,1788389454.97747,1788389734.394763,1788390122.959188,i-0d0a8b81177a50dcd
1788390142.994097,5,1,ghcr.io/talmolab/lablink-client-base-image:linux-amd64-test@sha256:1ec2fde6860186b3d45ac83890167258f83512955dbce65f072d4e8c310cb9de,0.2799713611602783,sleap-lablink-client-prod-vm-2,running,Healthy,0,1788389430.0,1788389454.0,1788389512.0,1788389718.0,1788389655.0,1788389730.0,305.0,1788389454.978876,1788389734.412472,1788390123.4393,i-075d1655ae16149db
1788390142.994097,5,1,ghcr.io/talmolab/lablink-client-base-image:linux-amd64-test@sha256:1ec2fde6860186b3d45ac83890167258f83512955dbce65f072d4e8c310cb9de,0.2799713611602783,sleap-lablink-client-prod-vm-3,running,Healthy,0,1788389430.0,1788389454.0,1788389512.0,1788389718.0,1788389655.0,1788389725.0,300.0,1788389454.979714,1788389734.398341,1788390118.551323,i-07bbc1455104581e3
1788390142.994097,5,1,ghcr.io/talmolab/lablink-client-base-image:linux-amd64-test@sha256:1ec2fde6860186b3d45ac83890167258f83512955dbce65f072d4e8c310cb9de,0.2799713611602783,sleap-lablink-client-prod-vm-4,running,Healthy,0,1788389430.0,1788389454.0,1788389512.0,1788389717.0,1788389654.0,1788389730.0,305.0,1788389454.980496,1788389734.394014,1788390123.55363,i-0c92ab1873f5417ba
1788390142.994097,5,1,ghcr.io/talmolab/lablink-client-base-image:linux-amd64-test@sha256:1ec2fde6860186b3d45ac83890167258f83512955dbce65f072d4e8c310cb9de,0.2799713611602783,sleap-lablink-client-prod-vm-5,running,Healthy,0,1788389430.0,1788389454.0,1788389512.0,1788389719.0,1788389656.0,1788389731.0,306.0,1788389454.981285,1788389734.414189,1788390124.436569,i-02edbce051de8200a
1788390147.985465,5,1,ghcr.io/talmolab/lablink-client-base-image:linux-amd64-test@sha256:1ec2fde6860186b3d45ac83890167258f83512955dbce65f072d4e8c310cb9de,0.2799713611602783,sleap-lablink-client-prod-vm-1,running,Healthy,0,1788389430.0,1788389454.0,1788389512.0,1788389719.0,1788389656.0,1788389729.0,304.0,1788389454.97747,1788389734.394763,1788390122.959188,i-0d0a8b81177a50dcd
1788390147.985465,5,1,ghcr.io/talmolab/lablink-client-base-image:linux-amd64-test@sha256:1ec2fde6860186b3d45ac83890167258f83512955dbce65f072d4e8c310cb9de,0.2799713611602783,sleap-lablink-client-prod-vm-2,running,Healthy,0,1788389430.0,1788389454.0,1788389512.0,1788389718.0,1788389655.0,1788389730.0,305.0,1788389454.978876,1788389734.412472,1788390123.4393,i-075d1655ae16149db
1788390147.985465,5,1,ghcr.io/talmolab/lablink-client-base-image:linux-amd64-test@sha256:1ec2fde6860186b3d45ac83890167258f83512955dbce65f072d4e8c310cb9de,0.2799713611602783,sleap-lablink-client-prod-vm-3,running,Healthy,0,1788389430.0,1788389454.0,1788389512.0,1788389718.0,1788389655.0,1788389725.0,300.0,1788389454.979714,1788389734.398341,1788390118.551323,i-07bbc1455104581e3
1788390147.985465,5,1,ghcr.io/talmolab/lablink-client-base-image:linux-amd64-test@sha256:1ec2fde6860186b3d45ac83890167258f83512955dbce65f072d4e8c310cb9de,0.2799713611602783,sleap-lablink-client-prod-vm-4,running,Healthy,0,1788389430.0,1788389454.0,1788389512.0,1788389717.0,1788389654.0,1788389730.0,305.0,1788389454.980496,1788389734.394014,1788390123.55363,i-0c92ab1873f5417ba
1788390147.985465,5,1,ghcr.io/talmolab/lablink-client-base-image:linux-amd64-test@sha256:1ec2fde6860186b3d45ac83890167258f83512955dbce65f072d4e8c310cb9de,0.2799713611602783,sleap-lablink-client-prod-vm-5,running,Healthy,0,1788389430.0,1788389454.0,1788389512.0,1788389719.0,1788389656.0,1788389731.0,306.0,1788389454.981285,1788389734.414189,1788390124.436569,i-02edbce051de8200a
1788390153.004968,5,1,ghcr.io/talmolab/lablink-client-base-image:linux-amd64-test@sha256:1ec2fde6860186b3d45ac83890167258f83512955dbce65f072d4e8c310cb9de,0.2799713611602783,sleap-lablink-client-prod-vm-1,running,Healthy,0,1788389430.0,1788389454.0,1788389512.0,1788389719.0,1788389656.0,1788389729.0,304.0,1788389454.97747,1788389734.394763,1788390122.959188,i-0d0a8b81177a50dcd
1788390153.004968,5,1,ghcr.io/talmolab/lablink-client-base-image:linux-amd64-test@sha256:1ec2fde6860186b3d45ac83890167258f83512955dbce65f072d4e8c310cb9de,0.2799713611602783,sleap-lablink-client-prod-vm-2,running,Healthy,0,1788389430.0,1788389454.0,1788389512.0,1788389718.0,1788389655.0,1788389730.0,305.0,1788389454.978876,1788389734.412472,1788390123.4393,i-075d1655ae16149db
1788390153.004968,5,1,ghcr.io/talmolab/lablink-client-base-image:linux-amd64-test@sha256:1ec2fde6860186b3d45ac83890167258f83512955dbce65f072d4e8c310cb9de,0.2799713611602783,sleap-lablink-client-prod-vm-3,running,Healthy,0,1788389430.0,1788389454.0,1788389512.0,1788389718.0,1788389655.0,1788389725.0,300.0,1788389454.979714,1788389734.398341,1788390148.772167,i-07bbc1455104581e3
1788390153.004968,5,1,ghcr.io/talmolab/lablink-client-base-image:linux-amd64-test@sha256:1ec2fde6860186b3d45ac83890167258f83512955dbce65f072d4e8c310cb9de,0.2799713611602783,sleap-lablink-client-prod-vm-4,running,Healthy,0,1788389430.0,1788389454.0,1788389512.0,1788389717.0,1788389654.0,1788389730.0,305.0,1788389454.980496,1788389734.394014,1788390123.55363,i-0c92ab1873f5417ba
1788390153.004968,5,1,ghcr.io/talmolab/lablink-client-base-image:linux-amd64-test@sha256:1ec2fde6860186b3d45ac83890167258f83512955dbce65f072d4e8c310cb9de,0.2799713611602783,sleap-lablink-client-prod-vm-5,running,Healthy,0,1788389430.0,1788389454.0,1788389512.0,1788389719.0,1788389656.0,1788389731.0,306.0,1788389454.981285,1788389734.414189,1788390124.436569,i-02edbce051de8200a
1788390157.980272,5,1,ghcr.io/talmolab/lablink-client-base-image:linux-amd64-test@sha256:1ec2fde6860186b3d45ac83890167258f83512955dbce65f072d4e8c310cb9de,0.2799713611602783,sleap-lablink-client-prod-vm-1,running,Healthy,0,1788389430.0,1788389454.0,1788389512.0,1788389719.0,1788389656.0,1788389729.0,304.0,1788389454.97747,1788389734.394763,1788390153.16139,i-0d0a8b81177a50dcd
1788390157.980272,5,1,ghcr.io/talmolab/lablink-client-base-image:linux-amd64-test@sha256:1ec2fde6860186b3d45ac83890167258f83512955dbce65f072d4e8c310cb9de,0.2799713611602783,sleap-lablink-client-prod-vm-2,running,Healthy,0,1788389430.0,1788389454.0,1788389512.0,1788389718.0,1788389655.0,1788389730.0,305.0,1788389454.978876,1788389734.412472,1788390153.671904,i-075d1655ae16149db
1788390157.980272,5,1,ghcr.io/talmolab/lablink-client-base-image:linux-amd64-test@sha256:1ec2fde6860186b3d45ac83890167258f83512955dbce65f072d4e8c310cb9de,0.2799713611602783,sleap-lablink-client-prod-vm-3,running,Healthy,0,1788389430.0,1788389454.0,1788389512.0,1788389718.0,1788389655.0,1788389725.0,300.0,1788389454.979714,1788389734.398341,1788390148.772167,i-07bbc1455104581e3
1788390157.980272,5,1,ghcr.io/talmolab/lablink-client-base-image:linux-amd64-test@sha256:1ec2fde6860186b3d45ac83890167258f83512955dbce65f072d4e8c310cb9de,0.2799713611602783,sleap-lablink-client-prod-vm-4,running,Healthy,0,1788389430.0,1788389454.0,1788389512.0,1788389717.0,1788389654.0,1788389730.0,305.0,1788389454.980496,1788389734.394014,1788390153.887688,i-0c92ab1873f5417ba
1788390157.980272,5,1,ghcr.io/talmolab/lablink-client-base-image:linux-amd64-test@sha256:1ec2fde6860186b3d45ac83890167258f83512955dbce65f072d4e8c310cb9de,0.2799713611602783,sleap-lablink-client-prod-vm-5,running,Healthy,0,1788389430.0,1788389454.0,1788389512.0,1788389719.0,1788389656.0,1788389731.0,306.0,1788389454.981285,1788389734.414189,1788390154.607308,i-02edbce051de8200a
1788390163.067384,5,1,ghcr.io/talmolab/lablink-client-base-image:linux-amd64-test@sha256:1ec2fde6860186b3d45ac83890167258f83512955dbce65f072d4e8c310cb9de,0.2799713611602783,sleap-lablink-client-prod-vm-1,running,Healthy,0,1788389430.0,1788389454.0,1788389512.0,1788389719.0,1788389656.0,1788389729.0,304.0,1788389454.97747,1788389734.394763,1788390153.16139,i-0d0a8b81177a50dcd
1788390163.067384,5,1,ghcr.io/talmolab/lablink-client-base-image:linux-amd64-test@sha256:1ec2fde6860186b3d45ac83890167258f83512955dbce65f072d4e8c310cb9de,0.2799713611602783,sleap-lablink-client-prod-vm-2,running,Healthy,0,1788389430.0,1788389454.0,1788389512.0,1788389718.0,1788389655.0,1788389730.0,305.0,1788389454.978876,1788389734.412472,1788390153.671904,i-075d1655ae16149db
1788390163.067384,5,1,ghcr.io/talmolab/lablink-client-base-image:linux-amd64-test@sha256:1ec2fde6860186b3d45ac83890167258f83512955dbce65f072d4e8c310cb9de,0.2799713611602783,sleap-lablink-client-prod-vm-3,running,Healthy,0,1788389430.0,1788389454.0,1788389512.0,1788389718.0,1788389655.0,1788389725.0,300.0,1788389454.979714,1788389734.398341,1788390148.772167,i-07bbc1455104581e3
1788390163.067384,5,1,ghcr.io/talmolab/lablink-client-base-image:linux-amd64-test@sha256:1ec2fde6860186b3d45ac83890167258f83512955dbce65f072d4e8c310cb9de,0.2799713611602783,sleap-lablink-client-prod-vm-4,running,Healthy,0,1788389430.0,1788389454.0,1788389512.0,1788389717.0,1788389654.0,1788389730.0,305.0,1788389454.980496,1788389734.394014,1788390153.887688,i-0c92ab1873f5417ba
1788390163.067384,5,1,ghcr.io/talmolab/lablink-client-base-image:linux-amd64-test@sha256:1ec2fde6860186b3d45ac83890167258f83512955dbce65f072d4e8c310cb9de,0.2799713611602783,sleap-lablink-client-prod-vm-5,running,Healthy,0,1788389430.0,1788389454.0,1788389512.0,1788389719.0,1788389656.0,1788389731.0,306.0,1788389454.981285,1788389734.414189,1788390154.607308,i-02edbce051de8200a
1788390167.9904058,5,1,ghcr.io/talmolab/lablink-client-base-image:linux-amd64-test@sha256:1ec2fde6860186b3d45ac83890167258f83512955dbce65f072d4e8c310cb9de,0.2799713611602783,sleap-lablink-client-prod-vm-1,running,Healthy,0,1788389430.0,1788389454.0,1788389512.0,1788389719.0,1788389656.0,1788389729.0,304.0,1788389454.97747,1788389734.394763,1788390153.16139,i-0d0a8b81177a50dcd
1788390167.9904058,5,1,ghcr.io/talmolab/lablink-client-base-image:linux-amd64-test@sha256:1ec2fde6860186b3d45ac83890167258f83512955dbce65f072d4e8c310cb9de,0.2799713611602783,sleap-lablink-client-prod-vm-2,running,Healthy,0,1788389430.0,1788389454.0,1788389512.0,1788389718.0,1788389655.0,1788389730.0,305.0,1788389454.978876,1788389734.412472,1788390153.671904,i-075d1655ae16149db
1788390167.9904058,5,1,ghcr.io/talmolab/lablink-client-base-image:linux-amd64-test@sha256:1ec2fde6860186b3d45ac83890167258f83512955dbce65f072d4e8c310cb9de,0.2799713611602783,sleap-lablink-client-prod-vm-3,running,Healthy,0,1788389430.0,1788389454.0,1788389512.0,1788389718.0,1788389655.0,1788389725.0,300.0,1788389454.979714,1788389734.398341,1788390148.772167,i-07bbc1455104581e3
1788390167.9904058,5,1,ghcr.io/talmolab/lablink-client-base-image:linux-amd64-test@sha256:1ec2fde6860186b3d45ac83890167258f83512955dbce65f072d4e8c310cb9de,0.2799713611602783,sleap-lablink-client-prod-vm-4,running,Healthy,0,1788389430.0,1788389454.0,1788389512.0,1788389717.0,1788389654.0,1788389730.0,305.0,1788389454.980496,1788389734.394014,1788390153.887688,i-0c92ab1873f5417ba
1788390167.9904058,5,1,ghcr.io/talmolab/lablink-client-base-image:linux-amd64-test@sha256:1ec2fde6860186b3d45ac83890167258f83512955dbce65f072d4e8c310cb9de,0.2799713611602783,sleap-lablink-client-prod-vm-5,running,Healthy,0,1788389430.0,1788389454.0,1788389512.0,1788389719.0,1788389656.0,1788389731.0,306.0,1788389454.981285,1788389734.414189,1788390154.607308,i-02edbce051de8200a
1788390173.02795,5,1,ghcr.io/talmolab/lablink-client-base-image:linux-amd64-test@sha256:1ec2fde6860186b3d45ac83890167258f83512955dbce65f072d4e8c310cb9de,0.2799713611602783,sleap-lablink-client-prod-vm-1,running,Healthy,0,1788389430.0,1788389454.0,1788389512.0,1788389719.0,1788389656.0,1788389729.0,304.0,1788389454.97747,1788389734.394763,1788390153.16139,i-0d0a8b81177a50dcd
1788390173.02795,5,1,ghcr.io/talmolab/lablink-client-base-image:linux-amd64-test@sha256:1ec2fde6860186b3d45ac83890167258f83512955dbce65f072d4e8c310cb9de,0.2799713611602783,sleap-lablink-client-prod-vm-2,running,Healthy,0,1788389430.0,1788389454.0,1788389512.0,1788389718.0,1788389655.0,1788389730.0,305.0,1788389454.978876,1788389734.412472,1788390153.671904,i-075d1655ae16149db
1788390173.02795,5,1,ghcr.io/talmolab/lablink-client-base-image:linux-amd64-test@sha256:1ec2fde6860186b3d45ac83890167258f83512955dbce65f072d4e8c310cb9de,0.2799713611602783,sleap-lablink-client-prod-vm-3,running,Healthy,0,1788389430.0,1788389454.0,1788389512.0,1788389718.0,1788389655.0,1788389725.0,300.0,1788389454.979714,1788389734.398341,1788390148.772167,i-07bbc1455104581e3
1788390173.02795,5,1,ghcr.io/talmolab/lablink-client-base-image:linux-amd64-test@sha256:1ec2fde6860186b3d45ac83890167258f83512955dbce65f072d4e8c310cb9de,0.2799713611602783,sleap-lablink-client-prod-vm-4,running,Healthy,0,1788389430.0,1788389454.0,1788389512.0,1788389717.0,1788389654.0,1788389730.0,305.0,1788389454.980496,1788389734.394014,1788390153.887688,i-0c92ab1873f5417ba
1788390173.02795,5,1,ghcr.io/talmolab/lablink-client-base-image:linux-amd64-test@sha256:1ec2fde6860186b3d45ac83890167258f83512955dbce65f072d4e8c310cb9de,0.2799713611602783,sleap-lablink-client-prod-vm-5,running,Healthy,0,1788389430.0,1788389454.0,1788389512.0,1788389719.0,1788389656.0,1788389731.0,306.0,1788389454.981285,1788389734.414189,1788390154.607308,i-02edbce051de8200a
1788390178.058495,5,1,ghcr.io/talmolab/lablink-client-base-image:linux-amd64-test@sha256:1ec2fde6860186b3d45ac83890167258f83512955dbce65f072d4e8c310cb9de,0.2799713611602783,sleap-lablink-client-prod-vm-1,running,Healthy,0,1788389430.0,1788389454.0,1788389512.0,1788389719.0,1788389656.0,1788389729.0,304.0,1788389454.97747,1788389734.394763,1788390153.16139,i-0d0a8b81177a50dcd
1788390178.058495,5,1,ghcr.io/talmolab/lablink-client-base-image:linux-amd64-test@sha256:1ec2fde6860186b3d45ac83890167258f83512955dbce65f072d4e8c310cb9de,0.2799713611602783,sleap-lablink-client-prod-vm-2,running,Healthy,0,1788389430.0,1788389454.0,1788389512.0,1788389718.0,1788389655.0,1788389730.0,305.0,1788389454.978876,1788389734.412472,1788390153.671904,i-075d1655ae16149db
1788390178.058495,5,1,ghcr.io/talmolab/lablink-client-base-image:linux-amd64-test@sha256:1ec2fde6860186b3d45ac83890167258f83512955dbce65f072d4e8c310cb9de,0.2799713611602783,sleap-lablink-client-prod-vm-3,running,Healthy,0,1788389430.0,1788389454.0,1788389512.0,1788389718.0,1788389655.0,1788389725.0,300.0,1788389454.979714,1788389734.398341,1788390148.772167,i-07bbc1455104581e3
1788390178.058495,5,1,ghcr.io/talmolab/lablink-client-base-image:linux-amd64-test@sha256:1ec2fde6860186b3d45ac83890167258f83512955dbce65f072d4e8c310cb9de,0.2799713611602783,sleap-lablink-client-prod-vm-4,running,Healthy,0,1788389430.0,1788389454.0,1788389512.0,1788389717.0,1788389654.0,1788389730.0,305.0,1788389454.980496,1788389734.394014,1788390153.887688,i-0c92ab1873f5417ba
1788390178.058495,5,1,ghcr.io/talmolab/lablink-client-base-image:linux-amd64-test@sha256:1ec2fde6860186b3d45ac83890167258f83512955dbce65f072d4e8c310cb9de,0.2799713611602783,sleap-lablink-client-prod-vm-5,running,Healthy,0,1788389430.0,1788389454.0,1788389512.0,1788389719.0,1788389656.0,1788389731.0,306.0,1788389454.981285,1788389734.414189,1788390154.607308,i-02edbce051de8200a
1788390182.994059,5,1,ghcr.io/talmolab/lablink-client-base-image:linux-amd64-test@sha256:1ec2fde6860186b3d45ac83890167258f83512955dbce65f072d4e8c310cb9de,0.2799713611602783,sleap-lablink-client-prod-vm-1,running,Healthy,0,1788389430.0,1788389454.0,1788389512.0,1788389719.0,1788389656.0,1788389729.0,304.0,1788389454.97747,1788389734.394763,1788390153.16139,i-0d0a8b81177a50dcd
1788390182.994059,5,1,ghcr.io/talmolab/lablink-client-base-image:linux-amd64-test@sha256:1ec2fde6860186b3d45ac83890167258f83512955dbce65f072d4e8c310cb9de,0.2799713611602783,sleap-lablink-client-prod-vm-2,running,Healthy,0,1788389430.0,1788389454.0,1788389512.0,1788389718.0,1788389655.0,1788389730.0,305.0,1788389454.978876,1788389734.412472,1788390153.671904,i-075d1655ae16149db
1788390182.994059,5,1,ghcr.io/talmolab/lablink-client-base-image:linux-amd64-test@sha256:1ec2fde6860186b3d45ac83890167258f83512955dbce65f072d4e8c310cb9de,0.2799713611602783,sleap-lablink-client-prod-vm-3,running,Healthy,0,1788389430.0,1788389454.0,1788389512.0,1788389718.0,1788389655.0,1788389725.0,300.0,1788389454.979714,1788389734.398341,1788390178.793242,i-07bbc1455104581e3
1788390182.994059,5,1,ghcr.io/talmolab/lablink-client-base-image:linux-amd64-test@sha256:1ec2fde6860186b3d45ac83890167258f83512955dbce65f072d4e8c310cb9de,0.2799713611602783,sleap-lablink-client-prod-vm-4,running,Healthy,0,1788389430.0,1788389454.0,1788389512.0,1788389717.0,1788389654.0,1788389730.0,305.0,1788389454.980496,1788389734.394014,1788390153.887688,i-0c92ab1873f5417ba
1788390182.994059,5,1,ghcr.io/talmolab/lablink-client-base-image:linux-amd64-test@sha256:1ec2fde6860186b3d45ac83890167258f83512955dbce65f072d4e8c310cb9de,0.2799713611602783,sleap-lablink-client-prod-vm-5,running,Healthy,0,1788389430.0,1788389454.0,1788389512.0,1788389719.0,1788389656.0,1788389731.0,306.0,1788389454.981285,1788389734.414189,1788390154.607308,i-02edbce051de8200a
1788390188.03392,5,1,ghcr.io/talmolab/lablink-client-base-image:linux-amd64-test@sha256:1ec2fde6860186b3d45ac83890167258f83512955dbce65f072d4e8c310cb9de,0.2799713611602783,sleap-lablink-client-prod-vm-1,running,Healthy,0,1788389430.0,1788389454.0,1788389512.0,1788389719.0,1788389656.0,1788389729.0,304.0,1788389454.97747,1788389734.394763,1788390183.180696,i-0d0a8b81177a50dcd
1788390188.03392,5,1,ghcr.io/talmolab/lablink-client-base-image:linux-amd64-test@sha256:1ec2fde6860186b3d45ac83890167258f83512955dbce65f072d4e8c310cb9de,0.2799713611602783,sleap-lablink-client-prod-vm-2,running,Healthy,0,1788389430.0,1788389454.0,1788389512.0,1788389718.0,1788389655.0,1788389730.0,305.0,1788389454.978876,1788389734.412472,1788390183.706325,i-075d1655ae16149db
1788390188.03392,5,1,ghcr.io/talmolab/lablink-client-base-image:linux-amd64-test@sha256:1ec2fde6860186b3d45ac83890167258f83512955dbce65f072d4e8c310cb9de,0.2799713611602783,sleap-lablink-client-prod-vm-3,running,Healthy,0,1788389430.0,1788389454.0,1788389512.0,1788389718.0,1788389655.0,1788389725.0,300.0,1788389454.979714,1788389734.398341,1788390178.793242,i-07bbc1455104581e3
1788390188.03392,5,1,ghcr.io/talmolab/lablink-client-base-image:linux-amd64-test@sha256:1ec2fde6860186b3d45ac83890167258f83512955dbce65f072d4e8c310cb9de,0.2799713611602783,sleap-lablink-client-prod-vm-4,running,Healthy,0,1788389430.0,1788389454.0,1788389512.0,1788389717.0,1788389654.0,1788389730.0,305.0,1788389454.980496,1788389734.394014,1788390183.907925,i-0c92ab1873f5417ba
1788390188.03392,5,1,ghcr.io/talmolab/lablink-client-base-image:linux-amd64-test@sha256:1ec2fde6860186b3d45ac83890167258f83512955dbce65f072d4e8c310cb9de,0.2799713611602783,sleap-lablink-client-prod-vm-5,running,Healthy,0,1788389430.0,1788389454.0,1788389512.0,1788389719.0,1788389656.0,1788389731.0,306.0,1788389454.981285,1788389734.414189,1788390184.62659,i-02edbce051de8200a
1788390192.9807,5,1,ghcr.io/talmolab/lablink-client-base-image:linux-amd64-test@sha256:1ec2fde6860186b3d45ac83890167258f83512955dbce65f072d4e8c310cb9de,0.2799713611602783,sleap-lablink-client-prod-vm-1,running,Healthy,0,1788389430.0,1788389454.0,1788389512.0,1788389719.0,1788389656.0,1788389729.0,304.0,1788389454.97747,1788389734.394763,1788390183.180696,i-0d0a8b81177a50dcd
1788390192.9807,5,1,ghcr.io/talmolab/lablink-client-base-image:linux-amd64-test@sha256:1ec2fde6860186b3d45ac83890167258f83512955dbce65f072d4e8c310cb9de,0.2799713611602783,sleap-lablink-client-prod-vm-2,running,Healthy,0,1788389430.0,1788389454.0,1788389512.0,1788389718.0,1788389655.0,1788389730.0,305.0,1788389454.978876,1788389734.412472,1788390183.706325,i-075d1655ae16149db
1788390192.9807,5,1,ghcr.io/talmolab/lablink-client-base-image:linux-amd64-test@sha256:1ec2fde6860186b3d45ac83890167258f83512955dbce65f072d4e8c310cb9de,0.2799713611602783,sleap-lablink-client-prod-vm-3,running,Healthy,0,1788389430.0,1788389454.0,1788389512.0,1788389718.0,1788389655.0,1788389725.0,300.0,1788389454.979714,1788389734.398341,1788390178.793242,i-07bbc1455104581e3
1788390192.9807,5,1,ghcr.io/talmolab/lablink-client-base-image:linux-amd64-test@sha256:1ec2fde6860186b3d45ac83890167258f83512955dbce65f072d4e8c310cb9de,0.2799713611602783,sleap-lablink-client-prod-vm-4,running,Healthy,0,1788389430.0,1788389454.0,1788389512.0,1788389717.0,1788389654.0,1788389730.0,305.0,1788389454.980496,1788389734.394014,1788390183.907925,i-0c92ab1873f5417ba
1788390192.9807,5,1,ghcr.io/talmolab/lablink-client-base-image:linux-amd64-test@sha256:1ec2fde6860186b3d45ac83890167258f83512955dbce65f072d4e8c310cb9de,0.2799713611602783,sleap-lablink-client-prod-vm-5,running,Healthy,0,1788389430.0,1788389454.0,1788389512.0,1788389719.0,1788389656.0,1788389731.0,306.0,1788389454.981285,1788389734.414189,1788390184.62659,i-02edbce051de8200a
1788390198.0174348,5,1,ghcr.io/talmolab/lablink-client-base-image:linux-amd64-test@sha256:1ec2fde6860186b3d45ac83890167258f83512955dbce65f072d4e8c310cb9de,0.2799713611602783,sleap-lablink-client-prod-vm-1,running,Healthy,0,1788389430.0,1788389454.0,1788389512.0,1788389719.0,1788389656.0,1788389729.0,304.0,1788389454.97747,1788389734.394763,1788390183.180696,i-0d0a8b81177a50dcd
1788390198.0174348,5,1,ghcr.io/talmolab/lablink-client-base-image:linux-amd64-test@sha256:1ec2fde6860186b3d45ac83890167258f83512955dbce65f072d4e8c310cb9de,0.2799713611602783,sleap-lablink-client-prod-vm-2,running,Healthy,0,1788389430.0,1788389454.0,1788389512.0,1788389718.0,1788389655.0,1788389730.0,305.0,1788389454.978876,1788389734.412472,1788390183.706325,i-075d1655ae16149db
1788390198.0174348,5,1,ghcr.io/talmolab/lablink-client-base-image:linux-amd64-test@sha256:1ec2fde6860186b3d45ac83890167258f83512955dbce65f072d4e8c310cb9de,0.2799713611602783,sleap-lablink-client-prod-vm-3,running,Healthy,0,1788389430.0,1788389454.0,1788389512.0,1788389718.0,1788389655.0,1788389725.0,300.0,1788389454.979714,1788389734.398341,1788390178.793242,i-07bbc1455104581e3
1788390198.0174348,5,1,ghcr.io/talmolab/lablink-client-base-image:linux-amd64-test@sha256:1ec2fde6860186b3d45ac83890167258f83512955dbce65f072d4e8c310cb9de,0.2799713611602783,sleap-lablink-client-prod-vm-4,running,Healthy,0,1788389430.0,1788389454.0,1788389512.0,1788389717.0,1788389654.0,1788389730.0,305.0,1788389454.980496,1788389734.394014,1788390183.907925,i-0c92ab1873f5417ba
1788390198.0174348,5,1,ghcr.io/talmolab/lablink-client-base-image:linux-amd64-test@sha256:1ec2fde6860186b3d45ac83890167258f83512955dbce65f072d4e8c310cb9de,0.2799713611602783,sleap-lablink-client-prod-vm-5,running,Healthy,0,1788389430.0,1788389454.0,1788389512.0,1788389719.0,1788389656.0,1788389731.0,306.0,1788389454.981285,1788389734.414189,1788390184.62659,i-02edbce051de8200a
1788390203.006542,5,1,ghcr.io/talmolab/lablink-client-base-image:linux-amd64-test@sha256:1ec2fde6860186b3d45ac83890167258f83512955dbce65f072d4e8c310cb9de,0.2799713611602783,sleap-lablink-client-prod-vm-1,running,Healthy,0,1788389430.0,1788389454.0,1788389512.0,1788389719.0,1788389656.0,1788389729.0,304.0,1788389454.97747,1788389734.394763,1788390183.180696,i-0d0a8b81177a50dcd
1788390203.006542,5,1,ghcr.io/talmolab/lablink-client-base-image:linux-amd64-test@sha256:1ec2fde6860186b3d45ac83890167258f83512955dbce65f072d4e8c310cb9de,0.2799713611602783,sleap-lablink-client-prod-vm-2,running,Healthy,0,1788389430.0,1788389454.0,1788389512.0,1788389718.0,1788389655.0,1788389730.0,305.0,1788389454.978876,1788389734.412472,1788390183.706325,i-075d1655ae16149db
1788390203.006542,5,1,ghcr.io/talmolab/lablink-client-base-image:linux-amd64-test@sha256:1ec2fde6860186b3d45ac83890167258f83512955dbce65f072d4e8c310cb9de,0.2799713611602783,sleap-lablink-client-prod-vm-3,running,Healthy,0,1788389430.0,1788389454.0,1788389512.0,1788389718.0,1788389655.0,1788389725.0,300.0,1788389454.979714,1788389734.398341,1788390178.793242,i-07bbc1455104581e3
1788390203.006542,5,1,ghcr.io/talmolab/lablink-client-base-image:linux-amd64-test@sha256:1ec2fde6860186b3d45ac83890167258f83512955dbce65f072d4e8c310cb9de,0.2799713611602783,sleap-lablink-client-prod-vm-4,running,Healthy,0,1788389430.0,1788389454.0,1788389512.0,1788389717.0,1788389654.0,1788389730.0,305.0,1788389454.980496,1788389734.394014,1788390183.907925,i-0c92ab1873f5417ba
1788390203.006542,5,1,ghcr.io/talmolab/lablink-client-base-image:linux-amd64-test@sha256:1ec2fde6860186b3d45ac83890167258f83512955dbce65f072d4e8c310cb9de,0.2799713611602783,sleap-lablink-client-prod-vm-5,running,Healthy,0,1788389430.0,1788389454.0,1788389512.0,1788389719.0,1788389656.0,1788389731.0,306.0,1788389454.981285,1788389734.414189,1788390184.62659,i-02edbce051de8200a
1788390208.0222101,5,1,ghcr.io/talmolab/lablink-client-base-image:linux-amd64-test@sha256:1ec2fde6860186b3d45ac83890167258f83512955dbce65f072d4e8c310cb9de,0.2799713611602783,sleap-lablink-client-prod-vm-1,running,Healthy,0,1788389430.0,1788389454.0,1788389512.0,1788389719.0,1788389656.0,1788389729.0,304.0,1788389454.97747,1788389734.394763,1788390183.180696,i-0d0a8b81177a50dcd
1788390208.0222101,5,1,ghcr.io/talmolab/lablink-client-base-image:linux-amd64-test@sha256:1ec2fde6860186b3d45ac83890167258f83512955dbce65f072d4e8c310cb9de,0.2799713611602783,sleap-lablink-client-prod-vm-2,running,Healthy,0,1788389430.0,1788389454.0,1788389512.0,1788389718.0,1788389655.0,1788389730.0,305.0,1788389454.978876,1788389734.412472,1788390183.706325,i-075d1655ae16149db
1788390208.0222101,5,1,ghcr.io/talmolab/lablink-client-base-image:linux-amd64-test@sha256:1ec2fde6860186b3d45ac83890167258f83512955dbce65f072d4e8c310cb9de,0.2799713611602783,sleap-lablink-client-prod-vm-3,running,Healthy,0,1788389430.0,1788389454.0,1788389512.0,1788389718.0,1788389655.0,1788389725.0,300.0,1788389454.979714,1788389734.398341,1788390178.793242,i-07bbc1455104581e3
1788390208.0222101,5,1,ghcr.io/talmolab/lablink-client-base-image:linux-amd64-test@sha256:1ec2fde6860186b3d45ac83890167258f83512955dbce65f072d4e8c310cb9de,0.2799713611602783,sleap-lablink-client-prod-vm-4,running,Healthy,0,1788389430.0,1788389454.0,1788389512.0,1788389717.0,1788389654.0,1788389730.0,305.0,1788389454.980496,1788389734.394014,1788390183.907925,i-0c92ab1873f5417ba
1788390208.0222101,5,1,ghcr.io/talmolab/lablink-client-base-image:linux-amd64-test@sha256:1ec2fde6860186b3d45ac83890167258f83512955dbce65f072d4e8c310cb9de,0.2799713611602783,sleap-lablink-client-prod-vm-5,running,Healthy,0,1788389430.0,1788389454.0,1788389512.0,1788389719.0,1788389656.0,1788389731.0,306.0,1788389454.981285,1788389734.414189,1788390184.62659,i-02edbce051de8200a
1788390213.01035,5,1,ghcr.io/talmolab/lablink-client-base-image:linux-amd64-test@sha256:1ec2fde6860186b3d45ac83890167258f83512955dbce65f072d4e8c310cb9de,0.2799713611602783,sleap-lablink-client-prod-vm-1,running,Healthy,0,1788389430.0,1788389454.0,1788389512.0,1788389719.0,1788389656.0,1788389729.0,304.0,1788389454.97747,1788389734.394763,1788390183.180696,i-0d0a8b81177a50dcd
1788390213.01035,5,1,ghcr.io/talmolab/lablink-client-base-image:linux-amd64-test@sha256:1ec2fde6860186b3d45ac83890167258f83512955dbce65f072d4e8c310cb9de,0.2799713611602783,sleap-lablink-client-prod-vm-2,running,Healthy,0,1788389430.0,1788389454.0,1788389512.0,1788389718.0,1788389655.0,1788389730.0,305.0,1788389454.978876,1788389734.412472,1788390183.706325,i-075d1655ae16149db
1788390213.01035,5,1,ghcr.io/talmolab/lablink-client-base-image:linux-amd64-test@sha256:1ec2fde6860186b3d45ac83890167258f83512955dbce65f072d4e8c310cb9de,0.2799713611602783,sleap-lablink-client-prod-vm-3,running,Healthy,0,1788389430.0,1788389454.0,1788389512.0,1788389718.0,1788389655.0,1788389725.0,300.0,1788389454.979714,1788389734.398341,1788390208.981981,i-07bbc1455104581e3
1788390213.01035,5,1,ghcr.io/talmolab/lablink-client-base-image:linux-amd64-test@sha256:1ec2fde6860186b3d45ac83890167258f83512955dbce65f072d4e8c310cb9de,0.2799713611602783,sleap-lablink-client-prod-vm-4,running,Healthy,0,1788389430.0,1788389454.0,1788389512.0,1788389717.0,1788389654.0,1788389730.0,305.0,1788389454.980496,1788389734.394014,1788390183.907925,i-0c92ab1873f5417ba
1788390213.01035,5,1,ghcr.io/talmolab/lablink-client-base-image:linux-amd64-test@sha256:1ec2fde6860186b3d45ac83890167258f83512955dbce65f072d4e8c310cb9de,0.2799713611602783,sleap-lablink-client-prod-vm-5,running,Healthy,0,1788389430.0,1788389454.0,1788389512.0,1788389719.0,1788389656.0,1788389731.0,306.0,1788389454.981285,1788389734.414189,1788390184.62659,i-02edbce051de8200a
1788390218.453797,5,1,ghcr.io/talmolab/lablink-client-base-image:linux-amd64-test@sha256:1ec2fde6860186b3d45ac83890167258f83512955dbce65f072d4e8c310cb9de,0.2799713611602783,sleap-lablink-client-prod-vm-1,running,Healthy,0,1788389430.0,1788389454.0,1788389512.0,1788389719.0,1788389656.0,1788389729.0,304.0,1788389454.97747,1788389734.394763,1788390213.363039,i-0d0a8b81177a50dcd
1788390218.453797,5,1,ghcr.io/talmolab/lablink-client-base-image:linux-amd64-test@sha256:1ec2fde6860186b3d45ac83890167258f83512955dbce65f072d4e8c310cb9de,0.2799713611602783,sleap-lablink-client-prod-vm-2,running,Healthy,0,1788389430.0,1788389454.0,1788389512.0,1788389718.0,1788389655.0,1788389730.0,305.0,1788389454.978876,1788389734.412472,1788390213.929541,i-075d1655ae16149db
1788390218.453797,5,1,ghcr.io/talmolab/lablink-client-base-image:linux-amd64-test@sha256:1ec2fde6860186b3d45ac83890167258f83512955dbce65f072d4e8c310cb9de,0.2799713611602783,sleap-lablink-client-prod-vm-3,running,Healthy,0,1788389430.0,1788389454.0,1788389512.0,1788389718.0,1788389655.0,1788389725.0,300.0,1788389454.979714,1788389734.398341,1788390208.981981,i-07bbc1455104581e3
1788390218.453797,5,1,ghcr.io/talmolab/lablink-client-base-image:linux-amd64-test@sha256:1ec2fde6860186b3d45ac83890167258f83512955dbce65f072d4e8c310cb9de,0.2799713611602783,sleap-lablink-client-prod-vm-4,running,Healthy,0,1788389430.0,1788389454.0,1788389512.0,1788389717.0,1788389654.0,1788389730.0,305.0,1788389454.980496,1788389734.394014,1788390214.082462,i-0c92ab1873f5417ba
1788390218.453797,5,1,ghcr.io/talmolab/lablink-client-base-image:linux-amd64-test@sha256:1ec2fde6860186b3d45ac83890167258f83512955dbce65f072d4e8c310cb9de,0.2799713611602783,sleap-lablink-client-prod-vm-5,running,Healthy,0,1788389430.0,1788389454.0,1788389512.0,1788389719.0,1788389656.0,1788389731.0,306.0,1788389454.981285,1788389734.414189,1788390214.798417,i-02edbce051de8200a
1788390223.046976,5,1,ghcr.io/talmolab/lablink-client-base-image:linux-amd64-test@sha256:1ec2fde6860186b3d45ac83890167258f83512955dbce65f072d4e8c310cb9de,0.2799713611602783,sleap-lablink-client-prod-vm-1,running,Healthy,0,1788389430.0,1788389454.0,1788389512.0,1788389719.0,1788389656.0,1788389729.0,304.0,1788389454.97747,1788389734.394763,1788390213.363039,i-0d0a8b81177a50dcd
1788390223.046976,5,1,ghcr.io/talmolab/lablink-client-base-image:linux-amd64-test@sha256:1ec2fde6860186b3d45ac83890167258f83512955dbce65f072d4e8c310cb9de,0.2799713611602783,sleap-lablink-client-prod-vm-2,running,Healthy,0,1788389430.0,1788389454.0,1788389512.0,1788389718.0,1788389655.0,1788389730.0,305.0,1788389454.978876,1788389734.412472,1788390213.929541,i-075d1655ae16149db
1788390223.046976,5,1,ghcr.io/talmolab/lablink-client-base-image:linux-amd64-test@sha256:1ec2fde6860186b3d45ac83890167258f83512955dbce65f072d4e8c310cb9de,0.2799713611602783,sleap-lablink-client-prod-vm-3,running,Healthy,0,1788389430.0,1788389454.0,1788389512.0,1788389718.0,1788389655.0,1788389725.0,300.0,1788389454.979714,1788389734.398341,1788390208.981981,i-07bbc1455104581e3
1788390223.046976,5,1,ghcr.io/talmolab/lablink-client-base-image:linux-amd64-test@sha256:1ec2fde6860186b3d45ac83890167258f83512955dbce65f072d4e8c310cb9de,0.2799713611602783,sleap-lablink-client-prod-vm-4,running,Healthy,0,1788389430.0,1788389454.0,1788389512.0,1788389717.0,1788389654.0,1788389730.0,305.0,1788389454.980496,1788389734.394014,1788390214.082462,i-0c92ab1873f5417ba
1788390223.046976,5,1,ghcr.io/talmolab/lablink-client-base-image:linux-amd64-test@sha256:1ec2fde6860186b3d45ac83890167258f83512955dbce65f072d4e8c310cb9de,0.2799713611602783,sleap-lablink-client-prod-vm-5,running,Healthy,0,1788389430.0,1788389454.0,1788389512.0,1788389719.0,1788389656.0,1788389731.0,306.0,1788389454.981285,1788389734.414189,1788390214.798417,i-02edbce051de8200a
1788390228.079648,5,1,ghcr.io/talmolab/lablink-client-base-image:linux-amd64-test@sha256:1ec2fde6860186b3d45ac83890167258f83512955dbce65f072d4e8c310cb9de,0.2799713611602783,sleap-lablink-client-prod-vm-1,running,Healthy,0,1788389430.0,1788389454.0,1788389512.0,1788389719.0,1788389656.0,1788389729.0,304.0,1788389454.97747,1788389734.394763,1788390213.363039,i-0d0a8b81177a50dcd
1788390228.079648,5,1,ghcr.io/talmolab/lablink-client-base-image:linux-amd64-test@sha256:1ec2fde6860186b3d45ac83890167258f83512955dbce65f072d4e8c310cb9de,0.2799713611602783,sleap-lablink-client-prod-vm-2,running,Healthy,0,1788389430.0,1788389454.0,1788389512.0,1788389718.0,1788389655.0,1788389730.0,305.0,1788389454.978876,1788389734.412472,1788390213.929541,i-075d1655ae16149db
1788390228.079648,5,1,ghcr.io/talmolab/lablink-client-base-image:linux-amd64-test@sha256:1ec2fde6860186b3d45ac83890167258f83512955dbce65f072d4e8c310cb9de,0.2799713611602783,sleap-lablink-client-prod-vm-3,running,Healthy,0,1788389430.0,1788389454.0,1788389512.0,1788389718.0,1788389655.0,1788389725.0,300.0,1788389454.979714,1788389734.398341,1788390208.981981,i-07bbc1455104581e3
1788390228.079648,5,1,ghcr.io/talmolab/lablink-client-base-image:linux-amd64-test@sha256:1ec2fde6860186b3d45ac83890167258f83512955dbce65f072d4e8c310cb9de,0.2799713611602783,sleap-lablink-client-prod-vm-4,running,Healthy,0,1788389430.0,1788389454.0,1788389512.0,1788389717.0,1788389654.0,1788389730.0,305.0,1788389454.980496,1788389734.394014,1788390214.082462,i-0c92ab1873f5417ba
1788390228.079648,5,1,ghcr.io/talmolab/lablink-client-base-image:linux-amd64-test@sha256:1ec2fde6860186b3d45ac83890167258f83512955dbce65f072d4e8c310cb9de,0.2799713611602783,sleap-lablink-client-prod-vm-5,running,Healthy,0,1788389430.0,1788389454.0,1788389512.0,1788389719.0,1788389656.0,1788389731.0,306.0,1788389454.981285,1788389734.414189,1788390214.798417,i-02edbce051de8200a
1788390232.980337,5,1,ghcr.io/talmolab/lablink-client-base-image:linux-amd64-test@sha256:1ec2fde6860186b3d45ac83890167258f83512955dbce65f072d4e8c310cb9de,0.2799713611602783,sleap-lablink-client-prod-vm-1,running,Healthy,0,1788389430.0,1788389454.0,1788389512.0,1788389719.0,1788389656.0,1788389729.0,304.0,1788389454.97747,1788389734.394763,1788390213.363039,i-0d0a8b81177a50dcd
1788390232.980337,5,1,ghcr.io/talmolab/lablink-client-base-image:linux-amd64-test@sha256:1ec2fde6860186b3d45ac83890167258f83512955dbce65f072d4e8c310cb9de,0.2799713611602783,sleap-lablink-client-prod-vm-2,running,Healthy,0,1788389430.0,1788389454.0,1788389512.0,1788389718.0,1788389655.0,1788389730.0,305.0,1788389454.978876,1788389734.412472,1788390213.929541,i-075d1655ae16149db
1788390232.980337,5,1,ghcr.io/talmolab/lablink-client-base-image:linux-amd64-test@sha256:1ec2fde6860186b3d45ac83890167258f83512955dbce65f072d4e8c310cb9de,0.2799713611602783,sleap-lablink-client-prod-vm-3,running,Healthy,0,1788389430.0,1788389454.0,1788389512.0,1788389718.0,1788389655.0,1788389725.0,300.0,1788389454.979714,1788389734.398341,1788390208.981981,i-07bbc1455104581e3
1788390232.980337,5,1,ghcr.io/talmolab/lablink-client-base-image:linux-amd64-test@sha256:1ec2fde6860186b3d45ac83890167258f83512955dbce65f072d4e8c310cb9de,0.2799713611602783,sleap-lablink-client-prod-vm-4,running,Healthy,0,1788389430.0,1788389454.0,1788389512.0,1788389717.0,1788389654.0,1788389730.0,305.0,1788389454.980496,1788389734.394014,1788390214.082462,i-0c92ab1873f5417ba
1788390232.980337,5,1,ghcr.io/talmolab/lablink-client-base-image:linux-amd64-test@sha256:1ec2fde6860186b3d45ac83890167258f83512955dbce65f072d4e8c310cb9de,0.2799713611602783,sleap-lablink-client-prod-vm-5,running,Healthy,0,1788389430.0,1788389454.0,1788389512.0,1788389719.0,1788389656.0,1788389731.0,306.0,1788389454.981285,1788389734.414189,1788390214.798417,i-02edbce051de8200a
1788390238.035226,5,1,ghcr.io/talmolab/lablink-client-base-image:linux-amd64-test@sha256:1ec2fde6860186b3d45ac83890167258f83512955dbce65f072d4e8c310cb9de,0.2799713611602783,sleap-lablink-client-prod-vm-1,running,Healthy,0,1788389430.0,1788389454.0,1788389512.0,1788389719.0,1788389656.0,1788389729.0,304.0,1788389454.97747,1788389734.394763,1788390213.363039,i-0d0a8b81177a50dcd
1788390238.035226,5,1,ghcr.io/talmolab/lablink-client-base-image:linux-amd64-test@sha256:1ec2fde6860186b3d45ac83890167258f83512955dbce65f072d4e8c310cb9de,0.2799713611602783,sleap-lablink-client-prod-vm-2,running,Healthy,0,1788389430.0,1788389454.0,1788389512.0,1788389718.0,1788389655.0,1788389730.0,305.0,1788389454.978876,1788389734.412472,1788390213.929541,i-075d1655ae16149db
1788390238.035226,5,1,ghcr.io/talmolab/lablink-client-base-image:linux-amd64-test@sha256:1ec2fde6860186b3d45ac83890167258f83512955dbce65f072d4e8c310cb9de,0.2799713611602783,sleap-lablink-client-prod-vm-3,running,Healthy,0,1788389430.0,1788389454.0,1788389512.0,1788389718.0,1788389655.0,1788389725.0,300.0,1788389454.979714,1788389734.398341,1788390208.981981,i-07bbc1455104581e3
1788390238.035226,5,1,ghcr.io/talmolab/lablink-client-base-image:linux-amd64-test@sha256:1ec2fde6860186b3d45ac83890167258f83512955dbce65f072d4e8c310cb9de,0.2799713611602783,sleap-lablink-client-prod-vm-4,running,Healthy,0,1788389430.0,1788389454.0,1788389512.0,1788389717.0,1788389654.0,1788389730.0,305.0,1788389454.980496,1788389734.394014,1788390214.082462,i-0c92ab1873f5417ba
1788390238.035226,5,1,ghcr.io/talmolab/lablink-client-base-image:linux-amd64-test@sha256:1ec2fde6860186b3d45ac83890167258f83512955dbce65f072d4e8c310cb9de,0.2799713611602783,sleap-lablink-client-prod-vm-5,running,Healthy,0,1788389430.0,1788389454.0,1788389512.0,1788389719.0,1788389656.0,1788389731.0,306.0,1788389454.981285,1788389734.414189,1788390214.798417,i-02edbce051de8200a
1788390243.062036,5,1,ghcr.io/talmolab/lablink-client-base-image:linux-amd64-test@sha256:1ec2fde6860186b3d45ac83890167258f83512955dbce65f072d4e8c310cb9de,0.2799713611602783,sleap-lablink-client-prod-vm-1,running,Healthy,0,1788389430.0,1788389454.0,1788389512.0,1788389719.0,1788389656.0,1788389729.0,304.0,1788389454.97747,1788389734.394763,1788390213.363039,i-0d0a8b81177a50dcd
1788390243.062036,5,1,ghcr.io/talmolab/lablink-client-base-image:linux-amd64-test@sha256:1ec2fde6860186b3d45ac83890167258f83512955dbce65f072d4e8c310cb9de,0.2799713611602783,sleap-lablink-client-prod-vm-2,running,Healthy,0,1788389430.0,1788389454.0,1788389512.0,1788389718.0,1788389655.0,1788389730.0,305.0,1788389454.978876,1788389734.412472,1788390213.929541,i-075d1655ae16149db
1788390243.062036,5,1,ghcr.io/talmolab/lablink-client-base-image:linux-amd64-test@sha256:1ec2fde6860186b3d45ac83890167258f83512955dbce65f072d4e8c310cb9de,0.2799713611602783,sleap-lablink-client-prod-vm-3,running,Healthy,0,1788389430.0,1788389454.0,1788389512.0,1788389718.0,1788389655.0,1788389725.0,300.0,1788389454.979714,1788389734.398341,1788390239.001576,i-07bbc1455104581e3
1788390243.062036,5,1,ghcr.io/talmolab/lablink-client-base-image:linux-amd64-test@sha256:1ec2fde6860186b3d45ac83890167258f83512955dbce65f072d4e8c310cb9de,0.2799713611602783,sleap-lablink-client-prod-vm-4,running,Healthy,0,1788389430.0,1788389454.0,1788389512.0,1788389717.0,1788389654.0,1788389730.0,305.0,1788389454.980496,1788389734.394014,1788390214.082462,i-0c92ab1873f5417ba
1788390243.062036,5,1,ghcr.io/talmolab/lablink-client-base-image:linux-amd64-test@sha256:1ec2fde6860186b3d45ac83890167258f83512955dbce65f072d4e8c310cb9de,0.2799713611602783,sleap-lablink-client-prod-vm-5,running,Healthy,0,1788389430.0,1788389454.0,1788389512.0,1788389719.0,1788389656.0,1788389731.0,306.0,1788389454.981285,1788389734.414189,1788390214.798417,i-02edbce051de8200a
1788390248.045088,5,1,ghcr.io/talmolab/lablink-client-base-image:linux-amd64-test@sha256:1ec2fde6860186b3d45ac83890167258f83512955dbce65f072d4e8c310cb9de,0.2799713611602783,sleap-lablink-client-prod-vm-1,running,Healthy,0,1788389430.0,1788389454.0,1788389512.0,1788389719.0,1788389656.0,1788389729.0,304.0,1788389454.97747,1788389734.394763,1788390243.382925,i-0d0a8b81177a50dcd
1788390248.045088,5,1,ghcr.io/talmolab/lablink-client-base-image:linux-amd64-test@sha256:1ec2fde6860186b3d45ac83890167258f83512955dbce65f072d4e8c310cb9de,0.2799713611602783,sleap-lablink-client-prod-vm-2,running,Healthy,0,1788389430.0,1788389454.0,1788389512.0,1788389718.0,1788389655.0,1788389730.0,305.0,1788389454.978876,1788389734.412472,1788390243.951064,i-075d1655ae16149db
1788390248.045088,5,1,ghcr.io/talmolab/lablink-client-base-image:linux-amd64-test@sha256:1ec2fde6860186b3d45ac83890167258f83512955dbce65f072d4e8c310cb9de,0.2799713611602783,sleap-lablink-client-prod-vm-3,running,Healthy,0,1788389430.0,1788389454.0,1788389512.0,1788389718.0,1788389655.0,1788389725.0,300.0,1788389454.979714,1788389734.398341,1788390239.001576,i-07bbc1455104581e3
1788390248.045088,5,1,ghcr.io/talmolab/lablink-client-base-image:linux-amd64-test@sha256:1ec2fde6860186b3d45ac83890167258f83512955dbce65f072d4e8c310cb9de,0.2799713611602783,sleap-lablink-client-prod-vm-4,running,Healthy,0,1788389430.0,1788389454.0,1788389512.0,1788389717.0,1788389654.0,1788389730.0,305.0,1788389454.980496,1788389734.394014,1788390244.10295,i-0c92ab1873f5417ba
1788390248.045088,5,1,ghcr.io/talmolab/lablink-client-base-image:linux-amd64-test@sha256:1ec2fde6860186b3d45ac83890167258f83512955dbce65f072d4e8c310cb9de,0.2799713611602783,sleap-lablink-client-prod-vm-5,running,Healthy,0,1788389430.0,1788389454.0,1788389512.0,1788389719.0,1788389656.0,1788389731.0,306.0,1788389454.981285,1788389734.414189,1788390244.817708,i-02edbce051de8200a
1788390253.042012,5,1,ghcr.io/talmolab/lablink-client-base-image:linux-amd64-test@sha256:1ec2fde6860186b3d45ac83890167258f83512955dbce65f072d4e8c310cb9de,0.2799713611602783,sleap-lablink-client-prod-vm-1,running,Healthy,0,1788389430.0,1788389454.0,1788389512.0,1788389719.0,1788389656.0,1788389729.0,304.0,1788389454.97747,1788389734.394763,1788390243.382925,i-0d0a8b81177a50dcd
1788390253.042012,5,1,ghcr.io/talmolab/lablink-client-base-image:linux-amd64-test@sha256:1ec2fde6860186b3d45ac83890167258f83512955dbce65f072d4e8c310cb9de,0.2799713611602783,sleap-lablink-client-prod-vm-2,running,Healthy,0,1788389430.0,1788389454.0,1788389512.0,1788389718.0,1788389655.0,1788389730.0,305.0,1788389454.978876,1788389734.412472,1788390243.951064,i-075d1655ae16149db
1788390253.042012,5,1,ghcr.io/talmolab/lablink-client-base-image:linux-amd64-test@sha256:1ec2fde6860186b3d45ac83890167258f83512955dbce65f072d4e8c310cb9de,0.2799713611602783,sleap-lablink-client-prod-vm-3,running,Healthy,0,1788389430.0,1788389454.0,1788389512.0,1788389718.0,1788389655.0,1788389725.0,300.0,1788389454.979714,1788389734.398341,1788390239.001576,i-07bbc1455104581e3
1788390253.042012,5,1,ghcr.io/talmolab/lablink-client-base-image:linux-amd64-test@sha256:1ec2fde6860186b3d45ac83890167258f83512955dbce65f072d4e8c310cb9de,0.2799713611602783,sleap-lablink-client-prod-vm-4,running,Healthy,0,1788389430.0,1788389454.0,1788389512.0,1788389717.0,1788389654.0,1788389730.0,305.0,1788389454.980496,1788389734.394014,1788390244.10295,i-0c92ab1873f5417ba
1788390253.042012,5,1,ghcr.io/talmolab/lablink-client-base-image:linux-amd64-test@sha256:1ec2fde6860186b3d45ac83890167258f83512955dbce65f072d4e8c310cb9de,0.2799713611602783,sleap-lablink-client-prod-vm-5,running,Healthy,0,1788389430.0,1788389454.0,1788389512.0,1788389719.0,1788389656.0,1788389731.0,306.0,1788389454.981285,1788389734.414189,1788390244.817708,i-02edbce051de8200a
1788390257.992974,5,1,ghcr.io/talmolab/lablink-client-base-image:linux-amd64-test@sha256:1ec2fde6860186b3d45ac83890167258f83512955dbce65f072d4e8c310cb9de,0.2799713611602783,sleap-lablink-client-prod-vm-1,running,Healthy,0,1788389430.0,1788389454.0,1788389512.0,1788389719.0,1788389656.0,1788389729.0,304.0,1788389454.97747,1788389734.394763,1788390243.382925,i-0d0a8b81177a50dcd
1788390257.992974,5,1,ghcr.io/talmolab/lablink-client-base-image:linux-amd64-test@sha256:1ec2fde6860186b3d45ac83890167258f83512955dbce65f072d4e8c310cb9de,0.2799713611602783,sleap-lablink-client-prod-vm-2,running,Healthy,0,1788389430.0,1788389454.0,1788389512.0,1788389718.0,1788389655.0,1788389730.0,305.0,1788389454.978876,1788389734.412472,1788390243.951064,i-075d1655ae16149db
1788390257.992974,5,1,ghcr.io/talmolab/lablink-client-base-image:linux-amd64-test@sha256:1ec2fde6860186b3d45ac83890167258f83512955dbce65f072d4e8c310cb9de,0.2799713611602783,sleap-lablink-client-prod-vm-3,running,Healthy,0,1788389430.0,1788389454.0,1788389512.0,1788389718.0,1788389655.0,1788389725.0,300.0,1788389454.979714,1788389734.398341,1788390239.001576,i-07bbc1455104581e3
1788390257.992974,5,1,ghcr.io/talmolab/lablink-client-base-image:linux-amd64-test@sha256:1ec2fde6860186b3d45ac83890167258f83512955dbce65f072d4e8c310cb9de,0.2799713611602783,sleap-lablink-client-prod-vm-4,running,Healthy,0,1788389430.0,1788389454.0,1788389512.0,1788389717.0,1788389654.0,1788389730.0,305.0,1788389454.980496,1788389734.394014,1788390244.10295,i-0c92ab1873f5417ba
1788390257.992974,5,1,ghcr.io/talmolab/lablink-client-base-image:linux-amd64-test@sha256:1ec2fde6860186b3d45ac83890167258f83512955dbce65f072d4e8c310cb9de,0.2799713611602783,sleap-lablink-client-prod-vm-5,running,Healthy,0,1788389430.0,1788389454.0,1788389512.0,1788389719.0,1788389656.0,1788389731.0,306.0,1788389454.981285,1788389734.414189,1788390244.817708,i-02edbce051de8200a
1788390263.062119,5,1,ghcr.io/talmolab/lablink-client-base-image:linux-amd64-test@sha256:1ec2fde6860186b3d45ac83890167258f83512955dbce65f072d4e8c310cb9de,0.2799713611602783,sleap-lablink-client-prod-vm-1,running,Healthy,0,1788389430.0,1788389454.0,1788389512.0,1788389719.0,1788389656.0,1788389729.0,304.0,1788389454.97747,1788389734.394763,1788390243.382925,i-0d0a8b81177a50dcd
1788390263.062119,5,1,ghcr.io/talmolab/lablink-client-base-image:linux-amd64-test@sha256:1ec2fde6860186b3d45ac83890167258f83512955dbce65f072d4e8c310cb9de,0.2799713611602783,sleap-lablink-client-prod-vm-2,running,Healthy,0,1788389430.0,1788389454.0,1788389512.0,1788389718.0,1788389655.0,1788389730.0,305.0,1788389454.978876,1788389734.412472,1788390243.951064,i-075d1655ae16149db
1788390263.062119,5,1,ghcr.io/talmolab/lablink-client-base-image:linux-amd64-test@sha256:1ec2fde6860186b3d45ac83890167258f83512955dbce65f072d4e8c310cb9de,0.2799713611602783,sleap-lablink-client-prod-vm-3,running,Healthy,0,1788389430.0,1788389454.0,1788389512.0,1788389718.0,1788389655.0,1788389725.0,300.0,1788389454.979714,1788389734.398341,1788390239.001576,i-07bbc1455104581e3
1788390263.062119,5,1,ghcr.io/talmolab/lablink-client-base-image:linux-amd64-test@sha256:1ec2fde6860186b3d45ac83890167258f83512955dbce65f072d4e8c310cb9de,0.2799713611602783,sleap-lablink-client-prod-vm-4,running,Healthy,0,1788389430.0,1788389454.0,1788389512.0,1788389717.0,1788389654.0,1788389730.0,305.0,1788389454.980496,1788389734.394014,1788390244.10295,i-0c92ab1873f5417ba
1788390263.062119,5,1,ghcr.io/talmolab/lablink-client-base-image:linux-amd64-test@sha256:1ec2fde6860186b3d45ac83890167258f83512955dbce65f072d4e8c310cb9de,0.2799713611602783,sleap-lablink-client-prod-vm-5,running,Healthy,0,1788389430.0,1788389454.0,1788389512.0,1788389719.0,1788389656.0,1788389731.0,306.0,1788389454.981285,1788389734.414189,1788390244.817708,i-02edbce051de8200a
1788390268.059813,5,1,ghcr.io/talmolab/lablink-client-base-image:linux-amd64-test@sha256:1ec2fde6860186b3d45ac83890167258f83512955dbce65f072d4e8c310cb9de,0.2799713611602783,sleap-lablink-client-prod-vm-1,running,Healthy,0,1788389430.0,1788389454.0,1788389512.0,1788389719.0,1788389656.0,1788389729.0,304.0,1788389454.97747,1788389734.394763,1788390243.382925,i-0d0a8b81177a50dcd
1788390268.059813,5,1,ghcr.io/talmolab/lablink-client-base-image:linux-amd64-test@sha256:1ec2fde6860186b3d45ac83890167258f83512955dbce65f072d4e8c310cb9de,0.2799713611602783,sleap-lablink-client-prod-vm-2,running,Healthy,0,1788389430.0,1788389454.0,1788389512.0,1788389718.0,1788389655.0,1788389730.0,305.0,1788389454.978876,1788389734.412472,1788390243.951064,i-075d1655ae16149db
1788390268.059813,5,1,ghcr.io/talmolab/lablink-client-base-image:linux-amd64-test@sha256:1ec2fde6860186b3d45ac83890167258f83512955dbce65f072d4e8c310cb9de,0.2799713611602783,sleap-lablink-client-prod-vm-3,running,Healthy,0,1788389430.0,1788389454.0,1788389512.0,1788389718.0,1788389655.0,1788389725.0,300.0,1788389454.979714,1788389734.398341,1788390239.001576,i-07bbc1455104581e3
1788390268.059813,5,1,ghcr.io/talmolab/lablink-client-base-image:linux-amd64-test@sha256:1ec2fde6860186b3d45ac83890167258f83512955dbce65f072d4e8c310cb9de,0.2799713611602783,sleap-lablink-client-prod-vm-4,running,Healthy,0,1788389430.0,1788389454.0,1788389512.0,1788389717.0,1788389654.0,1788389730.0,305.0,1788389454.980496,1788389734.394014,1788390244.10295,i-0c92ab1873f5417ba
1788390268.059813,5,1,ghcr.io/talmolab/lablink-client-base-image:linux-amd64-test@sha256:1ec2fde6860186b3d45ac83890167258f83512955dbce65f072d4e8c310cb9de,0.2799713611602783,sleap-lablink-client-prod-vm-5,running,Healthy,0,1788389430.0,1788389454.0,1788389512.0,1788389719.0,1788389656.0,1788389731.0,306.0,1788389454.981285,1788389734.414189,1788390244.817708,i-02edbce051de8200a
1788390273.173524,5,1,ghcr.io/talmolab/lablink-client-base-image:linux-amd64-test@sha256:1ec2fde6860186b3d45ac83890167258f83512955dbce65f072d4e8c310cb9de,0.2799713611602783,sleap-lablink-client-prod-vm-1,running,Healthy,0,1788389430.0,1788389454.0,1788389512.0,1788389719.0,1788389656.0,1788389729.0,304.0,1788389454.97747,1788389734.394763,1788390243.382925,i-0d0a8b81177a50dcd
1788390273.173524,5,1,ghcr.io/talmolab/lablink-client-base-image:linux-amd64-test@sha256:1ec2fde6860186b3d45ac83890167258f83512955dbce65f072d4e8c310cb9de,0.2799713611602783,sleap-lablink-client-prod-vm-2,running,Healthy,0,1788389430.0,1788389454.0,1788389512.0,1788389718.0,1788389655.0,1788389730.0,305.0,1788389454.978876,1788389734.412472,1788390243.951064,i-075d1655ae16149db
1788390273.173524,5,1,ghcr.io/talmolab/lablink-client-base-image:linux-amd64-test@sha256:1ec2fde6860186b3d45ac83890167258f83512955dbce65f072d4e8c310cb9de,0.2799713611602783,sleap-lablink-client-prod-vm-3,running,Healthy,0,1788389430.0,1788389454.0,1788389512.0,1788389718.0,1788389655.0,1788389725.0,300.0,1788389454.979714,1788389734.398341,1788390269.169445,i-07bbc1455104581e3
1788390273.173524,5,1,ghcr.io/talmolab/lablink-client-base-image:linux-amd64-test@sha256:1ec2fde6860186b3d45ac83890167258f83512955dbce65f072d4e8c310cb9de,0.2799713611602783,sleap-lablink-client-prod-vm-4,running,Healthy,0,1788389430.0,1788389454.0,1788389512.0,1788389717.0,1788389654.0,1788389730.0,305.0,1788389454.980496,1788389734.394014,1788390244.10295,i-0c92ab1873f5417ba
1788390273.173524,5,1,ghcr.io/talmolab/lablink-client-base-image:linux-amd64-test@sha256:1ec2fde6860186b3d45ac83890167258f83512955dbce65f072d4e8c310cb9de,0.2799713611602783,sleap-lablink-client-prod-vm-5,running,Healthy,0,1788389430.0,1788389454.0,1788389512.0,1788389719.0,1788389656.0,1788389731.0,306.0,1788389454.981285,1788389734.414189,1788390244.817708,i-02edbce051de8200a
1788390278.070394,5,1,ghcr.io/talmolab/lablink-client-base-image:linux-amd64-test@sha256:1ec2fde6860186b3d45ac83890167258f83512955dbce65f072d4e8c310cb9de,0.2799713611602783,sleap-lablink-client-prod-vm-1,running,Healthy,0,1788389430.0,1788389454.0,1788389512.0,1788389719.0,1788389656.0,1788389729.0,304.0,1788389454.97747,1788389734.394763,1788390273.55962,i-0d0a8b81177a50dcd
1788390278.070394,5,1,ghcr.io/talmolab/lablink-client-base-image:linux-amd64-test@sha256:1ec2fde6860186b3d45ac83890167258f83512955dbce65f072d4e8c310cb9de,0.2799713611602783,sleap-lablink-client-prod-vm-2,running,Healthy,0,1788389430.0,1788389454.0,1788389512.0,1788389718.0,1788389655.0,1788389730.0,305.0,1788389454.978876,1788389734.412472,1788390274.171514,i-075d1655ae16149db
1788390278.070394,5,1,ghcr.io/talmolab/lablink-client-base-image:linux-amd64-test@sha256:1ec2fde6860186b3d45ac83890167258f83512955dbce65f072d4e8c310cb9de,0.2799713611602783,sleap-lablink-client-prod-vm-3,running,Healthy,0,1788389430.0,1788389454.0,1788389512.0,1788389718.0,1788389655.0,1788389725.0,300.0,1788389454.979714,1788389734.398341,1788390269.169445,i-07bbc1455104581e3
1788390278.070394,5,1,ghcr.io/talmolab/lablink-client-base-image:linux-amd64-test@sha256:1ec2fde6860186b3d45ac83890167258f83512955dbce65f072d4e8c310cb9de,0.2799713611602783,sleap-lablink-client-prod-vm-4,running,Healthy,0,1788389430.0,1788389454.0,1788389512.0,1788389717.0,1788389654.0,1788389730.0,305.0,1788389454.980496,1788389734.394014,1788390274.293289,i-0c92ab1873f5417ba
1788390278.070394,5,1,ghcr.io/talmolab/lablink-client-base-image:linux-amd64-test@sha256:1ec2fde6860186b3d45ac83890167258f83512955dbce65f072d4e8c310cb9de,0.2799713611602783,sleap-lablink-client-prod-vm-5,running,Healthy,0,1788389430.0,1788389454.0,1788389512.0,1788389719.0,1788389656.0,1788389731.0,306.0,1788389454.981285,1788389734.414189,1788390274.990191,i-02edbce051de8200a
1788390283.127976,5,1,ghcr.io/talmolab/lablink-client-base-image:linux-amd64-test@sha256:1ec2fde6860186b3d45ac83890167258f83512955dbce65f072d4e8c310cb9de,0.2799713611602783,sleap-lablink-client-prod-vm-1,running,Healthy,0,1788389430.0,1788389454.0,1788389512.0,1788389719.0,1788389656.0,1788389729.0,304.0,1788389454.97747,1788389734.394763,1788390273.55962,i-0d0a8b81177a50dcd
1788390283.127976,5,1,ghcr.io/talmolab/lablink-client-base-image:linux-amd64-test@sha256:1ec2fde6860186b3d45ac83890167258f83512955dbce65f072d4e8c310cb9de,0.2799713611602783,sleap-lablink-client-prod-vm-2,running,Healthy,0,1788389430.0,1788389454.0,1788389512.0,1788389718.0,1788389655.0,1788389730.0,305.0,1788389454.978876,1788389734.412472,1788390274.171514,i-075d1655ae16149db
1788390283.127976,5,1,ghcr.io/talmolab/lablink-client-base-image:linux-amd64-test@sha256:1ec2fde6860186b3d45ac83890167258f83512955dbce65f072d4e8c310cb9de,0.2799713611602783,sleap-lablink-client-prod-vm-3,running,Healthy,0,1788389430.0,1788389454.0,1788389512.0,1788389718.0,1788389655.0,1788389725.0,300.0,1788389454.979714,1788389734.398341,1788390269.169445,i-07bbc1455104581e3
1788390283.127976,5,1,ghcr.io/talmolab/lablink-client-base-image:linux-amd64-test@sha256:1ec2fde6860186b3d45ac83890167258f83512955dbce65f072d4e8c310cb9de,0.2799713611602783,sleap-lablink-client-prod-vm-4,running,Healthy,0,1788389430.0,1788389454.0,1788389512.0,1788389717.0,1788389654.0,1788389730.0,305.0,1788389454.980496,1788389734.394014,1788390274.293289,i-0c92ab1873f5417ba
1788390283.127976,5,1,ghcr.io/talmolab/lablink-client-base-image:linux-amd64-test@sha256:1ec2fde6860186b3d45ac83890167258f83512955dbce65f072d4e8c310cb9de,0.2799713611602783,sleap-lablink-client-prod-vm-5,running,Healthy,0,1788389430.0,1788389454.0,1788389512.0,1788389719.0,1788389656.0,1788389731.0,306.0,1788389454.981285,1788389734.414189,1788390274.990191,i-02edbce051de8200a
1788390288.0400598,5,1,ghcr.io/talmolab/lablink-client-base-image:linux-amd64-test@sha256:1ec2fde6860186b3d45ac83890167258f83512955dbce65f072d4e8c310cb9de,0.2799713611602783,sleap-lablink-client-prod-vm-1,running,Healthy,0,1788389430.0,1788389454.0,1788389512.0,1788389719.0,1788389656.0,1788389729.0,304.0,1788389454.97747,1788389734.394763,1788390273.55962,i-0d0a8b81177a50dcd
1788390288.0400598,5,1,ghcr.io/talmolab/lablink-client-base-image:linux-amd64-test@sha256:1ec2fde6860186b3d45ac83890167258f83512955dbce65f072d4e8c310cb9de,0.2799713611602783,sleap-lablink-client-prod-vm-2,running,Healthy,0,1788389430.0,1788389454.0,1788389512.0,1788389718.0,1788389655.0,1788389730.0,305.0,1788389454.978876,1788389734.412472,1788390274.171514,i-075d1655ae16149db
1788390288.0400598,5,1,ghcr.io/talmolab/lablink-client-base-image:linux-amd64-test@sha256:1ec2fde6860186b3d45ac83890167258f83512955dbce65f072d4e8c310cb9de,0.2799713611602783,sleap-lablink-client-prod-vm-3,running,Healthy,0,1788389430.0,1788389454.0,1788389512.0,1788389718.0,1788389655.0,1788389725.0,300.0,1788389454.979714,1788389734.398341,1788390269.169445,i-07bbc1455104581e3
1788390288.0400598,5,1,ghcr.io/talmolab/lablink-client-base-image:linux-amd64-test@sha256:1ec2fde6860186b3d45ac83890167258f83512955dbce65f072d4e8c310cb9de,0.2799713611602783,sleap-lablink-client-prod-vm-4,running,Healthy,0,1788389430.0,1788389454.0,1788389512.0,1788389717.0,1788389654.0,1788389730.0,305.0,1788389454.980496,1788389734.394014,1788390274.293289,i-0c92ab1873f5417ba
1788390288.0400598,5,1,ghcr.io/talmolab/lablink-client-base-image:linux-amd64-test@sha256:1ec2fde6860186b3d45ac83890167258f83512955dbce65f072d4e8c310cb9de,0.2799713611602783,sleap-lablink-client-prod-vm-5,running,Healthy,0,1788389430.0,1788389454.0,1788389512.0,1788389719.0,1788389656.0,1788389731.0,306.0,1788389454.981285,1788389734.414189,1788390274.990191,i-02edbce051de8200a
1788390293.091296,5,1,ghcr.io/talmolab/lablink-client-base-image:linux-amd64-test@sha256:1ec2fde6860186b3d45ac83890167258f83512955dbce65f072d4e8c310cb9de,0.2799713611602783,sleap-lablink-client-prod-vm-1,running,Healthy,0,1788389430.0,1788389454.0,1788389512.0,1788389719.0,1788389656.0,1788389729.0,304.0,1788389454.97747,1788389734.394763,1788390273.55962,i-0d0a8b81177a50dcd
1788390293.091296,5,1,ghcr.io/talmolab/lablink-client-base-image:linux-amd64-test@sha256:1ec2fde6860186b3d45ac83890167258f83512955dbce65f072d4e8c310cb9de,0.2799713611602783,sleap-lablink-client-prod-vm-2,running,Healthy,0,1788389430.0,1788389454.0,1788389512.0,1788389718.0,1788389655.0,1788389730.0,305.0,1788389454.978876,1788389734.412472,1788390274.171514,i-075d1655ae16149db
1788390293.091296,5,1,ghcr.io/talmolab/lablink-client-base-image:linux-amd64-test@sha256:1ec2fde6860186b3d45ac83890167258f83512955dbce65f072d4e8c310cb9de,0.2799713611602783,sleap-lablink-client-prod-vm-3,running,Healthy,0,1788389430.0,1788389454.0,1788389512.0,1788389718.0,1788389655.0,1788389725.0,300.0,1788389454.979714,1788389734.398341,1788390269.169445,i-07bbc1455104581e3
1788390293.091296,5,1,ghcr.io/talmolab/lablink-client-base-image:linux-amd64-test@sha256:1ec2fde6860186b3d45ac83890167258f83512955dbce65f072d4e8c310cb9de,0.2799713611602783,sleap-lablink-client-prod-vm-4,running,Healthy,0,1788389430.0,1788389454.0,1788389512.0,1788389717.0,1788389654.0,1788389730.0,305.0,1788389454.980496,1788389734.394014,1788390274.293289,i-0c92ab1873f5417ba
1788390293.091296,5,1,ghcr.io/talmolab/lablink-client-base-image:linux-amd64-test@sha256:1ec2fde6860186b3d45ac83890167258f83512955dbce65f072d4e8c310cb9de,0.2799713611602783,sleap-lablink-client-prod-vm-5,running,Healthy,0,1788389430.0,1788389454.0,1788389512.0,1788389719.0,1788389656.0,1788389731.0,306.0,1788389454.981285,1788389734.414189,1788390274.990191,i-02edbce051de8200a
1788390298.112182,5,1,ghcr.io/talmolab/lablink-client-base-image:linux-amd64-test@sha256:1ec2fde6860186b3d45ac83890167258f83512955dbce65f072d4e8c310cb9de,0.2799713611602783,sleap-lablink-client-prod-vm-1,running,Healthy,0,1788389430.0,1788389454.0,1788389512.0,1788389719.0,1788389656.0,1788389729.0,304.0,1788389454.97747,1788389734.394763,1788390273.55962,i-0d0a8b81177a50dcd
1788390298.112182,5,1,ghcr.io/talmolab/lablink-client-base-image:linux-amd64-test@sha256:1ec2fde6860186b3d45ac83890167258f83512955dbce65f072d4e8c310cb9de,0.2799713611602783,sleap-lablink-client-prod-vm-2,running,Healthy,0,1788389430.0,1788389454.0,1788389512.0,1788389718.0,1788389655.0,1788389730.0,305.0,1788389454.978876,1788389734.412472,1788390274.171514,i-075d1655ae16149db
1788390298.112182,5,1,ghcr.io/talmolab/lablink-client-base-image:linux-amd64-test@sha256:1ec2fde6860186b3d45ac83890167258f83512955dbce65f072d4e8c310cb9de,0.2799713611602783,sleap-lablink-client-prod-vm-3,running,Healthy,0,1788389430.0,1788389454.0,1788389512.0,1788389718.0,1788389655.0,1788389725.0,300.0,1788389454.979714,1788389734.398341,1788390269.169445,i-07bbc1455104581e3
1788390298.112182,5,1,ghcr.io/talmolab/lablink-client-base-image:linux-amd64-test@sha256:1ec2fde6860186b3d45ac83890167258f83512955dbce65f072d4e8c310cb9de,0.2799713611602783,sleap-lablink-client-prod-vm-4,running,Healthy,0,1788389430.0,1788389454.0,1788389512.0,1788389717.0,1788389654.0,1788389730.0,305.0,1788389454.980496,1788389734.394014,1788390274.293289,i-0c92ab1873f5417ba
1788390298.112182,5,1,ghcr.io/talmolab/lablink-client-base-image:linux-amd64-test@sha256:1ec2fde6860186b3d45ac83890167258f83512955dbce65f072d4e8c310cb9de,0.2799713611602783,sleap-lablink-client-prod-vm-5,running,Healthy,0,1788389430.0,1788389454.0,1788389512.0,1788389719.0,1788389656.0,1788389731.0,306.0,1788389454.981285,1788389734.414189,1788390274.990191,i-02edbce051de8200a
1788390303.0603719,5,1,ghcr.io/talmolab/lablink-client-base-image:linux-amd64-test@sha256:1ec2fde6860186b3d45ac83890167258f83512955dbce65f072d4e8c310cb9de,0.2799713611602783,sleap-lablink-client-prod-vm-1,running,Healthy,0,1788389430.0,1788389454.0,1788389512.0,1788389719.0,1788389656.0,1788389729.0,304.0,1788389454.97747,1788389734.394763,1788390273.55962,i-0d0a8b81177a50dcd
1788390303.0603719,5,1,ghcr.io/talmolab/lablink-client-base-image:linux-amd64-test@sha256:1ec2fde6860186b3d45ac83890167258f83512955dbce65f072d4e8c310cb9de,0.2799713611602783,sleap-lablink-client-prod-vm-2,running,Healthy,0,1788389430.0,1788389454.0,1788389512.0,1788389718.0,1788389655.0,1788389730.0,305.0,1788389454.978876,1788389734.412472,1788390274.171514,i-075d1655ae16149db
1788390303.0603719,5,1,ghcr.io/talmolab/lablink-client-base-image:linux-amd64-test@sha256:1ec2fde6860186b3d45ac83890167258f83512955dbce65f072d4e8c310cb9de,0.2799713611602783,sleap-lablink-client-prod-vm-3,running,Healthy,0,1788389430.0,1788389454.0,1788389512.0,1788389718.0,1788389655.0,1788389725.0,300.0,1788389454.979714,1788389734.398341,1788390299.188747,i-07bbc1455104581e3
1788390303.0603719,5,1,ghcr.io/talmolab/lablink-client-base-image:linux-amd64-test@sha256:1ec2fde6860186b3d45ac83890167258f83512955dbce65f072d4e8c310cb9de,0.2799713611602783,sleap-lablink-client-prod-vm-4,running,Healthy,0,1788389430.0,1788389454.0,1788389512.0,1788389717.0,1788389654.0,1788389730.0,305.0,1788389454.980496,1788389734.394014,1788390274.293289,i-0c92ab1873f5417ba
1788390303.0603719,5,1,ghcr.io/talmolab/lablink-client-base-image:linux-amd64-test@sha256:1ec2fde6860186b3d45ac83890167258f83512955dbce65f072d4e8c310cb9de,0.2799713611602783,sleap-lablink-client-prod-vm-5,running,Healthy,0,1788389430.0,1788389454.0,1788389512.0,1788389719.0,1788389656.0,1788389731.0,306.0,1788389454.981285,1788389734.414189,1788390274.990191,i-02edbce051de8200a
1788390308.071218,5,1,ghcr.io/talmolab/lablink-client-base-image:linux-amd64-test@sha256:1ec2fde6860186b3d45ac83890167258f83512955dbce65f072d4e8c310cb9de,0.2799713611602783,sleap-lablink-client-prod-vm-1,running,Healthy,0,1788389430.0,1788389454.0,1788389512.0,1788389719.0,1788389656.0,1788389729.0,304.0,1788389454.97747,1788389734.394763,1788390303.580783,i-0d0a8b81177a50dcd
1788390308.071218,5,1,ghcr.io/talmolab/lablink-client-base-image:linux-amd64-test@sha256:1ec2fde6860186b3d45ac83890167258f83512955dbce65f072d4e8c310cb9de,0.2799713611602783,sleap-lablink-client-prod-vm-2,running,Healthy,0,1788389430.0,1788389454.0,1788389512.0,1788389718.0,1788389655.0,1788389730.0,305.0,1788389454.978876,1788389734.412472,1788390304.193341,i-075d1655ae16149db
1788390308.071218,5,1,ghcr.io/talmolab/lablink-client-base-image:linux-amd64-test@sha256:1ec2fde6860186b3d45ac83890167258f83512955dbce65f072d4e8c310cb9de,0.2799713611602783,sleap-lablink-client-prod-vm-3,running,Healthy,0,1788389430.0,1788389454.0,1788389512.0,1788389718.0,1788389655.0,1788389725.0,300.0,1788389454.979714,1788389734.398341,1788390299.188747,i-07bbc1455104581e3
1788390308.071218,5,1,ghcr.io/talmolab/lablink-client-base-image:linux-amd64-test@sha256:1ec2fde6860186b3d45ac83890167258f83512955dbce65f072d4e8c310cb9de,0.2799713611602783,sleap-lablink-client-prod-vm-4,running,Healthy,0,1788389430.0,1788389454.0,1788389512.0,1788389717.0,1788389654.0,1788389730.0,305.0,1788389454.980496,1788389734.394014,1788390304.313912,i-0c92ab1873f5417ba
1788390308.071218,5,1,ghcr.io/talmolab/lablink-client-base-image:linux-amd64-test@sha256:1ec2fde6860186b3d45ac83890167258f83512955dbce65f072d4e8c310cb9de,0.2799713611602783,sleap-lablink-client-prod-vm-5,running,Healthy,0,1788389430.0,1788389454.0,1788389512.0,1788389719.0,1788389656.0,1788389731.0,306.0,1788389454.981285,1788389734.414189,1788390305.010547,i-02edbce051de8200a
1788390313.1402519,5,1,ghcr.io/talmolab/lablink-client-base-image:linux-amd64-test@sha256:1ec2fde6860186b3d45ac83890167258f83512955dbce65f072d4e8c310cb9de,0.2799713611602783,sleap-lablink-client-prod-vm-1,running,Healthy,0,1788389430.0,1788389454.0,1788389512.0,1788389719.0,1788389656.0,1788389729.0,304.0,1788389454.97747,1788389734.394763,1788390303.580783,i-0d0a8b81177a50dcd
1788390313.1402519,5,1,ghcr.io/talmolab/lablink-client-base-image:linux-amd64-test@sha256:1ec2fde6860186b3d45ac83890167258f83512955dbce65f072d4e8c310cb9de,0.2799713611602783,sleap-lablink-client-prod-vm-2,running,Healthy,0,1788389430.0,1788389454.0,1788389512.0,1788389718.0,1788389655.0,1788389730.0,305.0,1788389454.978876,1788389734.412472,1788390304.193341,i-075d1655ae16149db
1788390313.1402519,5,1,ghcr.io/talmolab/lablink-client-base-image:linux-amd64-test@sha256:1ec2fde6860186b3d45ac83890167258f83512955dbce65f072d4e8c310cb9de,0.2799713611602783,sleap-lablink-client-prod-vm-3,running,Healthy,0,1788389430.0,1788389454.0,1788389512.0,1788389718.0,1788389655.0,1788389725.0,300.0,1788389454.979714,1788389734.398341,1788390299.188747,i-07bbc1455104581e3
1788390313.1402519,5,1,ghcr.io/talmolab/lablink-client-base-image:linux-amd64-test@sha256:1ec2fde6860186b3d45ac83890167258f83512955dbce65f072d4e8c310cb9de,0.2799713611602783,sleap-lablink-client-prod-vm-4,running,Healthy,0,1788389430.0,1788389454.0,1788389512.0,1788389717.0,1788389654.0,1788389730.0,305.0,1788389454.980496,1788389734.394014,1788390304.313912,i-0c92ab1873f5417ba
1788390313.1402519,5,1,ghcr.io/talmolab/lablink-client-base-image:linux-amd64-test@sha256:1ec2fde6860186b3d45ac83890167258f83512955dbce65f072d4e8c310cb9de,0.2799713611602783,sleap-lablink-client-prod-vm-5,running,Healthy,0,1788389430.0,1788389454.0,1788389512.0,1788389719.0,1788389656.0,1788389731.0,306.0,1788389454.981285,1788389734.414189,1788390305.010547,i-02edbce051de8200a
1788390318.122,5,1,ghcr.io/talmolab/lablink-client-base-image:linux-amd64-test@sha256:1ec2fde6860186b3d45ac83890167258f83512955dbce65f072d4e8c310cb9de,0.2799713611602783,sleap-lablink-client-prod-vm-1,running,Healthy,0,1788389430.0,1788389454.0,1788389512.0,1788389719.0,1788389656.0,1788389729.0,304.0,1788389454.97747,1788389734.394763,1788390303.580783,i-0d0a8b81177a50dcd
1788390318.122,5,1,ghcr.io/talmolab/lablink-client-base-image:linux-amd64-test@sha256:1ec2fde6860186b3d45ac83890167258f83512955dbce65f072d4e8c310cb9de,0.2799713611602783,sleap-lablink-client-prod-vm-2,running,Healthy,0,1788389430.0,1788389454.0,1788389512.0,1788389718.0,1788389655.0,1788389730.0,305.0,1788389454.978876,1788389734.412472,1788390304.193341,i-075d1655ae16149db
1788390318.122,5,1,ghcr.io/talmolab/lablink-client-base-image:linux-amd64-test@sha256:1ec2fde6860186b3d45ac83890167258f83512955dbce65f072d4e8c310cb9de,0.2799713611602783,sleap-lablink-client-prod-vm-3,running,Healthy,0,1788389430.0,1788389454.0,1788389512.0,1788389718.0,1788389655.0,1788389725.0,300.0,1788389454.979714,1788389734.398341,1788390299.188747,i-07bbc1455104581e3
1788390318.122,5,1,ghcr.io/talmolab/lablink-client-base-image:linux-amd64-test@sha256:1ec2fde6860186b3d45ac83890167258f83512955dbce65f072d4e8c310cb9de,0.2799713611602783,sleap-lablink-client-prod-vm-4,running,Healthy,0,1788389430.0,1788389454.0,1788389512.0,1788389717.0,1788389654.0,1788389730.0,305.0,1788389454.980496,1788389734.394014,1788390304.313912,i-0c92ab1873f5417ba
1788390318.122,5,1,ghcr.io/talmolab/lablink-client-base-image:linux-amd64-test@sha256:1ec2fde6860186b3d45ac83890167258f83512955dbce65f072d4e8c310cb9de,0.2799713611602783,sleap-lablink-client-prod-vm-5,running,Healthy,0,1788389430.0,1788389454.0,1788389512.0,1788389719.0,1788389656.0,1788389731.0,306.0,1788389454.981285,1788389734.414189,1788390305.010547,i-02edbce051de8200a
1788390323.092588,5,1,ghcr.io/talmolab/lablink-client-base-image:linux-amd64-test@sha256:1ec2fde6860186b3d45ac83890167258f83512955dbce65f072d4e8c310cb9de,0.2799713611602783,sleap-lablink-client-prod-vm-1,running,Healthy,0,1788389430.0,1788389454.0,1788389512.0,1788389719.0,1788389656.0,1788389729.0,304.0,1788389454.97747,1788389734.394763,1788390303.580783,i-0d0a8b81177a50dcd
1788390323.092588,5,1,ghcr.io/talmolab/lablink-client-base-image:linux-amd64-test@sha256:1ec2fde6860186b3d45ac83890167258f83512955dbce65f072d4e8c310cb9de,0.2799713611602783,sleap-lablink-client-prod-vm-2,running,Healthy,0,1788389430.0,1788389454.0,1788389512.0,1788389718.0,1788389655.0,1788389730.0,305.0,1788389454.978876,1788389734.412472,1788390304.193341,i-075d1655ae16149db
1788390323.092588,5,1,ghcr.io/talmolab/lablink-client-base-image:linux-amd64-test@sha256:1ec2fde6860186b3d45ac83890167258f83512955dbce65f072d4e8c310cb9de,0.2799713611602783,sleap-lablink-client-prod-vm-3,running,Healthy,0,1788389430.0,1788389454.0,1788389512.0,1788389718.0,1788389655.0,1788389725.0,300.0,1788389454.979714,1788389734.398341,1788390299.188747,i-07bbc1455104581e3
1788390323.092588,5,1,ghcr.io/talmolab/lablink-client-base-image:linux-amd64-test@sha256:1ec2fde6860186b3d45ac83890167258f83512955dbce65f072d4e8c310cb9de,0.2799713611602783,sleap-lablink-client-prod-vm-4,running,Healthy,0,1788389430.0,1788389454.0,1788389512.0,1788389717.0,1788389654.0,1788389730.0,305.0,1788389454.980496,1788389734.394014,1788390304.313912,i-0c92ab1873f5417ba
1788390323.092588,5,1,ghcr.io/talmolab/lablink-client-base-image:linux-amd64-test@sha256:1ec2fde6860186b3d45ac83890167258f83512955dbce65f072d4e8c310cb9de,0.2799713611602783,sleap-lablink-client-prod-vm-5,running,Healthy,0,1788389430.0,1788389454.0,1788389512.0,1788389719.0,1788389656.0,1788389731.0,306.0,1788389454.981285,1788389734.414189,1788390305.010547,i-02edbce051de8200a
1788390328.2001321,5,1,ghcr.io/talmolab/lablink-client-base-image:linux-amd64-test@sha256:1ec2fde6860186b3d45ac83890167258f83512955dbce65f072d4e8c310cb9de,0.2799713611602783,sleap-lablink-client-prod-vm-1,running,Healthy,0,1788389430.0,1788389454.0,1788389512.0,1788389719.0,1788389656.0,1788389729.0,304.0,1788389454.97747,1788389734.394763,1788390303.580783,i-0d0a8b81177a50dcd
1788390328.2001321,5,1,ghcr.io/talmolab/lablink-client-base-image:linux-amd64-test@sha256:1ec2fde6860186b3d45ac83890167258f83512955dbce65f072d4e8c310cb9de,0.2799713611602783,sleap-lablink-client-prod-vm-2,running,Healthy,0,1788389430.0,1788389454.0,1788389512.0,1788389718.0,1788389655.0,1788389730.0,305.0,1788389454.978876,1788389734.412472,1788390304.193341,i-075d1655ae16149db
1788390328.2001321,5,1,ghcr.io/talmolab/lablink-client-base-image:linux-amd64-test@sha256:1ec2fde6860186b3d45ac83890167258f83512955dbce65f072d4e8c310cb9de,0.2799713611602783,sleap-lablink-client-prod-vm-3,running,Healthy,0,1788389430.0,1788389454.0,1788389512.0,1788389718.0,1788389655.0,1788389725.0,300.0,1788389454.979714,1788389734.398341,1788390299.188747,i-07bbc1455104581e3
1788390328.2001321,5,1,ghcr.io/talmolab/lablink-client-base-image:linux-amd64-test@sha256:1ec2fde6860186b3d45ac83890167258f83512955dbce65f072d4e8c310cb9de,0.2799713611602783,sleap-lablink-client-prod-vm-4,running,Healthy,0,1788389430.0,1788389454.0,1788389512.0,1788389717.0,1788389654.0,1788389730.0,305.0,1788389454.980496,1788389734.394014,1788390304.313912,i-0c92ab1873f5417ba
1788390328.2001321,5,1,ghcr.io/talmolab/lablink-client-base-image:linux-amd64-test@sha256:1ec2fde6860186b3d45ac83890167258f83512955dbce65f072d4e8c310cb9de,0.2799713611602783,sleap-lablink-client-prod-vm-5,running,Healthy,0,1788389430.0,1788389454.0,1788389512.0,1788389719.0,1788389656.0,1788389731.0,306.0,1788389454.981285,1788389734.414189,1788390305.010547,i-02edbce051de8200a
1788390333.0924768,5,1,ghcr.io/talmolab/lablink-client-base-image:linux-amd64-test@sha256:1ec2fde6860186b3d45ac83890167258f83512955dbce65f072d4e8c310cb9de,0.2799713611602783,sleap-lablink-client-prod-vm-1,running,Healthy,0,1788389430.0,1788389454.0,1788389512.0,1788389719.0,1788389656.0,1788389729.0,304.0,1788389454.97747,1788389734.394763,1788390303.580783,i-0d0a8b81177a50dcd
1788390333.0924768,5,1,ghcr.io/talmolab/lablink-client-base-image:linux-amd64-test@sha256:1ec2fde6860186b3d45ac83890167258f83512955dbce65f072d4e8c310cb9de,0.2799713611602783,sleap-lablink-client-prod-vm-2,running,Healthy,0,1788389430.0,1788389454.0,1788389512.0,1788389718.0,1788389655.0,1788389730.0,305.0,1788389454.978876,1788389734.412472,1788390304.193341,i-075d1655ae16149db
1788390333.0924768,5,1,ghcr.io/talmolab/lablink-client-base-image:linux-amd64-test@sha256:1ec2fde6860186b3d45ac83890167258f83512955dbce65f072d4e8c310cb9de,0.2799713611602783,sleap-lablink-client-prod-vm-3,running,Healthy,0,1788389430.0,1788389454.0,1788389512.0,1788389718.0,1788389655.0,1788389725.0,300.0,1788389454.979714,1788389734.398341,1788390329.360836,i-07bbc1455104581e3
1788390333.0924768,5,1,ghcr.io/talmolab/lablink-client-base-image:linux-amd64-test@sha256:1ec2fde6860186b3d45ac83890167258f83512955dbce65f072d4e8c310cb9de,0.2799713611602783,sleap-lablink-client-prod-vm-4,running,Healthy,0,1788389430.0,1788389454.0,1788389512.0,1788389717.0,1788389654.0,1788389730.0,305.0,1788389454.980496,1788389734.394014,1788390304.313912,i-0c92ab1873f5417ba
1788390333.0924768,5,1,ghcr.io/talmolab/lablink-client-base-image:linux-amd64-test@sha256:1ec2fde6860186b3d45ac83890167258f83512955dbce65f072d4e8c310cb9de,0.2799713611602783,sleap-lablink-client-prod-vm-5,running,Healthy,0,1788389430.0,1788389454.0,1788389512.0,1788389719.0,1788389656.0,1788389731.0,306.0,1788389454.981285,1788389734.414189,1788390305.010547,i-02edbce051de8200a
1788390338.249423,5,1,ghcr.io/talmolab/lablink-client-base-image:linux-amd64-test@sha256:1ec2fde6860186b3d45ac83890167258f83512955dbce65f072d4e8c310cb9de,0.2799713611602783,sleap-lablink-client-prod-vm-1,running,Healthy,0,1788389430.0,1788389454.0,1788389512.0,1788389719.0,1788389656.0,1788389729.0,304.0,1788389454.97747,1788389734.394763,1788390333.790377,i-0d0a8b81177a50dcd
1788390338.249423,5,1,ghcr.io/talmolab/lablink-client-base-image:linux-amd64-test@sha256:1ec2fde6860186b3d45ac83890167258f83512955dbce65f072d4e8c310cb9de,0.2799713611602783,sleap-lablink-client-prod-vm-2,running,Healthy,0,1788389430.0,1788389454.0,1788389512.0,1788389718.0,1788389655.0,1788389730.0,305.0,1788389454.978876,1788389734.412472,1788390334.398339,i-075d1655ae16149db
1788390338.249423,5,1,ghcr.io/talmolab/lablink-client-base-image:linux-amd64-test@sha256:1ec2fde6860186b3d45ac83890167258f83512955dbce65f072d4e8c310cb9de,0.2799713611602783,sleap-lablink-client-prod-vm-3,running,Healthy,0,1788389430.0,1788389454.0,1788389512.0,1788389718.0,1788389655.0,1788389725.0,300.0,1788389454.979714,1788389734.398341,1788390329.360836,i-07bbc1455104581e3
1788390338.249423,5,1,ghcr.io/talmolab/lablink-client-base-image:linux-amd64-test@sha256:1ec2fde6860186b3d45ac83890167258f83512955dbce65f072d4e8c310cb9de,0.2799713611602783,sleap-lablink-client-prod-vm-4,running,Healthy,0,1788389430.0,1788389454.0,1788389512.0,1788389717.0,1788389654.0,1788389730.0,305.0,1788389454.980496,1788389734.394014,1788390334.516358,i-0c92ab1873f5417ba
1788390338.249423,5,1,ghcr.io/talmolab/lablink-client-base-image:linux-amd64-test@sha256:1ec2fde6860186b3d45ac83890167258f83512955dbce65f072d4e8c310cb9de,0.2799713611602783,sleap-lablink-client-prod-vm-5,running,Healthy,0,1788389430.0,1788389454.0,1788389512.0,1788389719.0,1788389656.0,1788389731.0,306.0,1788389454.981285,1788389734.414189,1788390335.184385,i-02edbce051de8200a
1788390343.7752478,5,1,ghcr.io/talmolab/lablink-client-base-image:linux-amd64-test@sha256:1ec2fde6860186b3d45ac83890167258f83512955dbce65f072d4e8c310cb9de,0.2799713611602783,sleap-lablink-client-prod-vm-1,running,Healthy,0,1788389430.0,1788389454.0,1788389512.0,1788389719.0,1788389656.0,1788389729.0,304.0,1788389454.97747,1788389734.394763,1788390333.790377,i-0d0a8b81177a50dcd
1788390343.7752478,5,1,ghcr.io/talmolab/lablink-client-base-image:linux-amd64-test@sha256:1ec2fde6860186b3d45ac83890167258f83512955dbce65f072d4e8c310cb9de,0.2799713611602783,sleap-lablink-client-prod-vm-2,running,Healthy,0,1788389430.0,1788389454.0,1788389512.0,1788389718.0,1788389655.0,1788389730.0,305.0,1788389454.978876,1788389734.412472,1788390334.398339,i-075d1655ae16149db
1788390343.7752478,5,1,ghcr.io/talmolab/lablink-client-base-image:linux-amd64-test@sha256:1ec2fde6860186b3d45ac83890167258f83512955dbce65f072d4e8c310cb9de,0.2799713611602783,sleap-lablink-client-prod-vm-3,running,Healthy,0,1788389430.0,1788389454.0,1788389512.0,1788389718.0,1788389655.0,1788389725.0,300.0,1788389454.979714,1788389734.398341,1788390329.360836,i-07bbc1455104581e3
1788390343.7752478,5,1,ghcr.io/talmolab/lablink-client-base-image:linux-amd64-test@sha256:1ec2fde6860186b3d45ac83890167258f83512955dbce65f072d4e8c310cb9de,0.2799713611602783,sleap-lablink-client-prod-vm-4,running,Healthy,0,1788389430.0,1788389454.0,1788389512.0,1788389717.0,1788389654.0,1788389730.0,305.0,1788389454.980496,1788389734.394014,1788390334.516358,i-0c92ab1873f5417ba
1788390343.7752478,5,1,ghcr.io/talmolab/lablink-client-base-image:linux-amd64-test@sha256:1ec2fde6860186b3d45ac83890167258f83512955dbce65f072d4e8c310cb9de,0.2799713611602783,sleap-lablink-client-prod-vm-5,running,Healthy,0,1788389430.0,1788389454.0,1788389512.0,1788389719.0,1788389656.0,1788389731.0,306.0,1788389454.981285,1788389734.414189,1788390335.184385,i-02edbce051de8200a
1788390348.284584,5,1,ghcr.io/talmolab/lablink-client-base-image:linux-amd64-test@sha256:1ec2fde6860186b3d45ac83890167258f83512955dbce65f072d4e8c310cb9de,0.2799713611602783,sleap-lablink-client-prod-vm-1,running,Healthy,0,1788389430.0,1788389454.0,1788389512.0,1788389719.0,1788389656.0,1788389729.0,304.0,1788389454.97747,1788389734.394763,1788390333.790377,i-0d0a8b81177a50dcd
1788390348.284584,5,1,ghcr.io/talmolab/lablink-client-base-image:linux-amd64-test@sha256:1ec2fde6860186b3d45ac83890167258f83512955dbce65f072d4e8c310cb9de,0.2799713611602783,sleap-lablink-client-prod-vm-2,running,Healthy,0,1788389430.0,1788389454.0,1788389512.0,1788389718.0,1788389655.0,1788389730.0,305.0,1788389454.978876,1788389734.412472,1788390334.398339,i-075d1655ae16149db
1788390348.284584,5,1,ghcr.io/talmolab/lablink-client-base-image:linux-amd64-test@sha256:1ec2fde6860186b3d45ac83890167258f83512955dbce65f072d4e8c310cb9de,0.2799713611602783,sleap-lablink-client-prod-vm-3,running,Healthy,0,1788389430.0,1788389454.0,1788389512.0,1788389718.0,1788389655.0,1788389725.0,300.0,1788389454.979714,1788389734.398341,1788390329.360836,i-07bbc1455104581e3
1788390348.284584,5,1,ghcr.io/talmolab/lablink-client-base-image:linux-amd64-test@sha256:1ec2fde6860186b3d45ac83890167258f83512955dbce65f072d4e8c310cb9de,0.2799713611602783,sleap-lablink-client-prod-vm-4,running,Healthy,0,1788389430.0,1788389454.0,1788389512.0,1788389717.0,1788389654.0,1788389730.0,305.0,1788389454.980496,1788389734.394014,1788390334.516358,i-0c92ab1873f5417ba
1788390348.284584,5,1,ghcr.io/talmolab/lablink-client-base-image:linux-amd64-test@sha256:1ec2fde6860186b3d45ac83890167258f83512955dbce65f072d4e8c310cb9de,0.2799713611602783,sleap-lablink-client-prod-vm-5,running,Healthy,0,1788389430.0,1788389454.0,1788389512.0,1788389719.0,1788389656.0,1788389731.0,306.0,1788389454.981285,1788389734.414189,1788390335.184385,i-02edbce051de8200a
1788390353.280843,5,1,ghcr.io/talmolab/lablink-client-base-image:linux-amd64-test@sha256:1ec2fde6860186b3d45ac83890167258f83512955dbce65f072d4e8c310cb9de,0.2799713611602783,sleap-lablink-client-prod-vm-1,running,Healthy,0,1788389430.0,1788389454.0,1788389512.0,1788389719.0,1788389656.0,1788389729.0,304.0,1788389454.97747,1788389734.394763,1788390333.790377,i-0d0a8b81177a50dcd
1788390353.280843,5,1,ghcr.io/talmolab/lablink-client-base-image:linux-amd64-test@sha256:1ec2fde6860186b3d45ac83890167258f83512955dbce65f072d4e8c310cb9de,0.2799713611602783,sleap-lablink-client-prod-vm-2,running,Healthy,0,1788389430.0,1788389454.0,1788389512.0,1788389718.0,1788389655.0,1788389730.0,305.0,1788389454.978876,1788389734.412472,1788390334.398339,i-075d1655ae16149db
1788390353.280843,5,1,ghcr.io/talmolab/lablink-client-base-image:linux-amd64-test@sha256:1ec2fde6860186b3d45ac83890167258f83512955dbce65f072d4e8c310cb9de,0.2799713611602783,sleap-lablink-client-prod-vm-3,running,Healthy,0,1788389430.0,1788389454.0,1788389512.0,1788389718.0,1788389655.0,1788389725.0,300.0,1788389454.979714,1788389734.398341,1788390329.360836,i-07bbc1455104581e3
1788390353.280843,5,1,ghcr.io/talmolab/lablink-client-base-image:linux-amd64-test@sha256:1ec2fde6860186b3d45ac83890167258f83512955dbce65f072d4e8c310cb9de,0.2799713611602783,sleap-lablink-client-prod-vm-4,running,Healthy,0,1788389430.0,1788389454.0,1788389512.0,1788389717.0,1788389654.0,1788389730.0,305.0,1788389454.980496,1788389734.394014,1788390334.516358,i-0c92ab1873f5417ba
1788390353.280843,5,1,ghcr.io/talmolab/lablink-client-base-image:linux-amd64-test@sha256:1ec2fde6860186b3d45ac83890167258f83512955dbce65f072d4e8c310cb9de,0.2799713611602783,sleap-lablink-client-prod-vm-5,running,Healthy,0,1788389430.0,1788389454.0,1788389512.0,1788389719.0,1788389656.0,1788389731.0,306.0,1788389454.981285,1788389734.414189,1788390335.184385,i-02edbce051de8200a
1788390358.172881,5,1,ghcr.io/talmolab/lablink-client-base-image:linux-amd64-test@sha256:1ec2fde6860186b3d45ac83890167258f83512955dbce65f072d4e8c310cb9de,0.2799713611602783,sleap-lablink-client-prod-vm-1,running,Healthy,0,1788389430.0,1788389454.0,1788389512.0,1788389719.0,1788389656.0,1788389729.0,304.0,1788389454.97747,1788389734.394763,1788390333.790377,i-0d0a8b81177a50dcd
1788390358.172881,5,1,ghcr.io/talmolab/lablink-client-base-image:linux-amd64-test@sha256:1ec2fde6860186b3d45ac83890167258f83512955dbce65f072d4e8c310cb9de,0.2799713611602783,sleap-lablink-client-prod-vm-2,running,Healthy,0,1788389430.0,1788389454.0,1788389512.0,1788389718.0,1788389655.0,1788389730.0,305.0,1788389454.978876,1788389734.412472,1788390334.398339,i-075d1655ae16149db
1788390358.172881,5,1,ghcr.io/talmolab/lablink-client-base-image:linux-amd64-test@sha256:1ec2fde6860186b3d45ac83890167258f83512955dbce65f072d4e8c310cb9de,0.2799713611602783,sleap-lablink-client-prod-vm-3,running,Healthy,0,1788389430.0,1788389454.0,1788389512.0,1788389718.0,1788389655.0,1788389725.0,300.0,1788389454.979714,1788389734.398341,1788390329.360836,i-07bbc1455104581e3
1788390358.172881,5,1,ghcr.io/talmolab/lablink-client-base-image:linux-amd64-test@sha256:1ec2fde6860186b3d45ac83890167258f83512955dbce65f072d4e8c310cb9de,0.2799713611602783,sleap-lablink-client-prod-vm-4,running,Healthy,0,1788389430.0,1788389454.0,1788389512.0,1788389717.0,1788389654.0,1788389730.0,305.0,1788389454.980496,1788389734.394014,1788390334.516358,i-0c92ab1873f5417ba
1788390358.172881,5,1,ghcr.io/talmolab/lablink-client-base-image:linux-amd64-test@sha256:1ec2fde6860186b3d45ac83890167258f83512955dbce65f072d4e8c310cb9de,0.2799713611602783,sleap-lablink-client-prod-vm-5,running,Healthy,0,1788389430.0,1788389454.0,1788389512.0,1788389719.0,1788389656.0,1788389731.0,306.0,1788389454.981285,1788389734.414189,1788390335.184385,i-02edbce051de8200a
1788390363.138023,5,1,ghcr.io/talmolab/lablink-client-base-image:linux-amd64-test@sha256:1ec2fde6860186b3d45ac83890167258f83512955dbce65f072d4e8c310cb9de,0.2799713611602783,sleap-lablink-client-prod-vm-1,running,Healthy,0,1788389430.0,1788389454.0,1788389512.0,1788389719.0,1788389656.0,1788389729.0,304.0,1788389454.97747,1788389734.394763,1788390333.790377,i-0d0a8b81177a50dcd
1788390363.138023,5,1,ghcr.io/talmolab/lablink-client-base-image:linux-amd64-test@sha256:1ec2fde6860186b3d45ac83890167258f83512955dbce65f072d4e8c310cb9de,0.2799713611602783,sleap-lablink-client-prod-vm-2,running,Healthy,0,1788389430.0,1788389454.0,1788389512.0,1788389718.0,1788389655.0,1788389730.0,305.0,1788389454.978876,1788389734.412472,1788390334.398339,i-075d1655ae16149db
1788390363.138023,5,1,ghcr.io/talmolab/lablink-client-base-image:linux-amd64-test@sha256:1ec2fde6860186b3d45ac83890167258f83512955dbce65f072d4e8c310cb9de,0.2799713611602783,sleap-lablink-client-prod-vm-3,running,Healthy,0,1788389430.0,1788389454.0,1788389512.0,1788389718.0,1788389655.0,1788389725.0,300.0,1788389454.979714,1788389734.398341,1788390359.387175,i-07bbc1455104581e3
1788390363.138023,5,1,ghcr.io/talmolab/lablink-client-base-image:linux-amd64-test@sha256:1ec2fde6860186b3d45ac83890167258f83512955dbce65f072d4e8c310cb9de,0.2799713611602783,sleap-lablink-client-prod-vm-4,running,Healthy,0,1788389430.0,1788389454.0,1788389512.0,1788389717.0,1788389654.0,1788389730.0,305.0,1788389454.980496,1788389734.394014,1788390334.516358,i-0c92ab1873f5417ba
1788390363.138023,5,1,ghcr.io/talmolab/lablink-client-base-image:linux-amd64-test@sha256:1ec2fde6860186b3d45ac83890167258f83512955dbce65f072d4e8c310cb9de,0.2799713611602783,sleap-lablink-client-prod-vm-5,running,Healthy,0,1788389430.0,1788389454.0,1788389512.0,1788389719.0,1788389656.0,1788389731.0,306.0,1788389454.981285,1788389734.414189,1788390335.184385,i-02edbce051de8200a
1788390368.110966,5,1,ghcr.io/talmolab/lablink-client-base-image:linux-amd64-test@sha256:1ec2fde6860186b3d45ac83890167258f83512955dbce65f072d4e8c310cb9de,0.2799713611602783,sleap-lablink-client-prod-vm-1,running,Healthy,0,1788389430.0,1788389454.0,1788389512.0,1788389719.0,1788389656.0,1788389729.0,304.0,1788389454.97747,1788389734.394763,1788390333.790377,i-0d0a8b81177a50dcd
1788390368.110966,5,1,ghcr.io/talmolab/lablink-client-base-image:linux-amd64-test@sha256:1ec2fde6860186b3d45ac83890167258f83512955dbce65f072d4e8c310cb9de,0.2799713611602783,sleap-lablink-client-prod-vm-2,running,Healthy,0,1788389430.0,1788389454.0,1788389512.0,1788389718.0,1788389655.0,1788389730.0,305.0,1788389454.978876,1788389734.412472,1788390334.398339,i-075d1655ae16149db
1788390368.110966,5,1,ghcr.io/talmolab/lablink-client-base-image:linux-amd64-test@sha256:1ec2fde6860186b3d45ac83890167258f83512955dbce65f072d4e8c310cb9de,0.2799713611602783,sleap-lablink-client-prod-vm-3,running,Healthy,0,1788389430.0,1788389454.0,1788389512.0,1788389718.0,1788389655.0,1788389725.0,300.0,1788389454.979714,1788389734.398341,1788390359.387175,i-07bbc1455104581e3
1788390368.110966,5,1,ghcr.io/talmolab/lablink-client-base-image:linux-amd64-test@sha256:1ec2fde6860186b3d45ac83890167258f83512955dbce65f072d4e8c310cb9de,0.2799713611602783,sleap-lablink-client-prod-vm-4,running,Healthy,0,1788389430.0,1788389454.0,1788389512.0,1788389717.0,1788389654.0,1788389730.0,305.0,1788389454.980496,1788389734.394014,1788390334.516358,i-0c92ab1873f5417ba
1788390368.110966,5,1,ghcr.io/talmolab/lablink-client-base-image:linux-amd64-test@sha256:1ec2fde6860186b3d45ac83890167258f83512955dbce65f072d4e8c310cb9de,0.2799713611602783,sleap-lablink-client-prod-vm-5,running,Healthy,0,1788389430.0,1788389454.0,1788389512.0,1788389719.0,1788389656.0,1788389731.0,306.0,1788389454.981285,1788389734.414189,1788390335.184385,i-02edbce051de8200a
1788390373.129432,5,1,ghcr.io/talmolab/lablink-client-base-image:linux-amd64-test@sha256:1ec2fde6860186b3d45ac83890167258f83512955dbce65f072d4e8c310cb9de,0.2799713611602783,sleap-lablink-client-prod-vm-1,running,Healthy,0,1788389430.0,1788389454.0,1788389512.0,1788389719.0,1788389656.0,1788389729.0,304.0,1788389454.97747,1788389734.394763,1788390333.790377,i-0d0a8b81177a50dcd
1788390373.129432,5,1,ghcr.io/talmolab/lablink-client-base-image:linux-amd64-test@sha256:1ec2fde6860186b3d45ac83890167258f83512955dbce65f072d4e8c310cb9de,0.2799713611602783,sleap-lablink-client-prod-vm-2,running,Healthy,0,1788389430.0,1788389454.0,1788389512.0,1788389718.0,1788389655.0,1788389730.0,305.0,1788389454.978876,1788389734.412472,1788390334.398339,i-075d1655ae16149db
1788390373.129432,5,1,ghcr.io/talmolab/lablink-client-base-image:linux-amd64-test@sha256:1ec2fde6860186b3d45ac83890167258f83512955dbce65f072d4e8c310cb9de,0.2799713611602783,sleap-lablink-client-prod-vm-3,running,Healthy,0,1788389430.0,1788389454.0,1788389512.0,1788389718.0,1788389655.0,1788389725.0,300.0,1788389454.979714,1788389734.398341,1788390359.387175,i-07bbc1455104581e3
1788390373.129432,5,1,ghcr.io/talmolab/lablink-client-base-image:linux-amd64-test@sha256:1ec2fde6860186b3d45ac83890167258f83512955dbce65f072d4e8c310cb9de,0.2799713611602783,sleap-lablink-client-prod-vm-4,running,Healthy,0,1788389430.0,1788389454.0,1788389512.0,1788389717.0,1788389654.0,1788389730.0,305.0,1788389454.980496,1788389734.394014,1788390334.516358,i-0c92ab1873f5417ba
1788390373.129432,5,1,ghcr.io/talmolab/lablink-client-base-image:linux-amd64-test@sha256:1ec2fde6860186b3d45ac83890167258f83512955dbce65f072d4e8c310cb9de,0.2799713611602783,sleap-lablink-client-prod-vm-5,running,Healthy,0,1788389430.0,1788389454.0,1788389512.0,1788389719.0,1788389656.0,1788389731.0,306.0,1788389454.981285,1788389734.414189,1788390335.184385,i-02edbce051de8200a
1788390378.172831,5,1,ghcr.io/talmolab/lablink-client-base-image:linux-amd64-test@sha256:1ec2fde6860186b3d45ac83890167258f83512955dbce65f072d4e8c310cb9de,0.2799713611602783,sleap-lablink-client-prod-vm-1,running,Healthy,0,1788389430.0,1788389454.0,1788389512.0,1788389719.0,1788389656.0,1788389729.0,304.0,1788389454.97747,1788389734.394763,1788390333.790377,i-0d0a8b81177a50dcd
1788390378.172831,5,1,ghcr.io/talmolab/lablink-client-base-image:linux-amd64-test@sha256:1ec2fde6860186b3d45ac83890167258f83512955dbce65f072d4e8c310cb9de,0.2799713611602783,sleap-lablink-client-prod-vm-2,running,Healthy,0,1788389430.0,1788389454.0,1788389512.0,1788389718.0,1788389655.0,1788389730.0,305.0,1788389454.978876,1788389734.412472,1788390334.398339,i-075d1655ae16149db
1788390378.172831,5,1,ghcr.io/talmolab/lablink-client-base-image:linux-amd64-test@sha256:1ec2fde6860186b3d45ac83890167258f83512955dbce65f072d4e8c310cb9de,0.2799713611602783,sleap-lablink-client-prod-vm-3,running,Healthy,0,1788389430.0,1788389454.0,1788389512.0,1788389718.0,1788389655.0,1788389725.0,300.0,1788389454.979714,1788389734.398341,1788390359.387175,i-07bbc1455104581e3
1788390378.172831,5,1,ghcr.io/talmolab/lablink-client-base-image:linux-amd64-test@sha256:1ec2fde6860186b3d45ac83890167258f83512955dbce65f072d4e8c310cb9de,0.2799713611602783,sleap-lablink-client-prod-vm-4,running,Healthy,0,1788389430.0,1788389454.0,1788389512.0,1788389717.0,1788389654.0,1788389730.0,305.0,1788389454.980496,1788389734.394014,1788390334.516358,i-0c92ab1873f5417ba
1788390378.172831,5,1,ghcr.io/talmolab/lablink-client-base-image:linux-amd64-test@sha256:1ec2fde6860186b3d45ac83890167258f83512955dbce65f072d4e8c310cb9de,0.2799713611602783,sleap-lablink-client-prod-vm-5,running,Healthy,0,1788389430.0,1788389454.0,1788389512.0,1788389719.0,1788389656.0,1788389731.0,306.0,1788389454.981285,1788389734.414189,1788390335.184385,i-02edbce051de8200a
1788390383.119348,5,1,ghcr.io/talmolab/lablink-client-base-image:linux-amd64-test@sha256:1ec2fde6860186b3d45ac83890167258f83512955dbce65f072d4e8c310cb9de,0.2799713611602783,sleap-lablink-client-prod-vm-1,running,Healthy,0,1788389430.0,1788389454.0,1788389512.0,1788389719.0,1788389656.0,1788389729.0,304.0,1788389454.97747,1788389734.394763,1788390333.790377,i-0d0a8b81177a50dcd
1788390383.119348,5,1,ghcr.io/talmolab/lablink-client-base-image:linux-amd64-test@sha256:1ec2fde6860186b3d45ac83890167258f83512955dbce65f072d4e8c310cb9de,0.2799713611602783,sleap-lablink-client-prod-vm-2,running,Healthy,0,1788389430.0,1788389454.0,1788389512.0,1788389718.0,1788389655.0,1788389730.0,305.0,1788389454.978876,1788389734.412472,1788390334.398339,i-075d1655ae16149db
1788390383.119348,5,1,ghcr.io/talmolab/lablink-client-base-image:linux-amd64-test@sha256:1ec2fde6860186b3d45ac83890167258f83512955dbce65f072d4e8c310cb9de,0.2799713611602783,sleap-lablink-client-prod-vm-3,running,Healthy,0,1788389430.0,1788389454.0,1788389512.0,1788389718.0,1788389655.0,1788389725.0,300.0,1788389454.979714,1788389734.398341,1788390359.387175,i-07bbc1455104581e3
1788390383.119348,5,1,ghcr.io/talmolab/lablink-client-base-image:linux-amd64-test@sha256:1ec2fde6860186b3d45ac83890167258f83512955dbce65f072d4e8c310cb9de,0.2799713611602783,sleap-lablink-client-prod-vm-4,running,Healthy,0,1788389430.0,1788389454.0,1788389512.0,1788389717.0,1788389654.0,1788389730.0,305.0,1788389454.980496,1788389734.394014,1788390334.516358,i-0c92ab1873f5417ba
1788390383.119348,5,1,ghcr.io/talmolab/lablink-client-base-image:linux-amd64-test@sha256:1ec2fde6860186b3d45ac83890167258f83512955dbce65f072d4e8c310cb9de,0.2799713611602783,sleap-lablink-client-prod-vm-5,running,Healthy,0,1788389430.0,1788389454.0,1788389512.0,1788389719.0,1788389656.0,1788389731.0,306.0,1788389454.981285,1788389734.414189,1788390335.184385,i-02edbce051de8200a
1788390388.15412,5,1,ghcr.io/talmolab/lablink-client-base-image:linux-amd64-test@sha256:1ec2fde6860186b3d45ac83890167258f83512955dbce65f072d4e8c310cb9de,0.2799713611602783,sleap-lablink-client-prod-vm-1,running,Healthy,0,1788389430.0,1788389454.0,1788389512.0,1788389719.0,1788389656.0,1788389729.0,304.0,1788389454.97747,1788389734.394763,1788390333.790377,i-0d0a8b81177a50dcd
1788390388.15412,5,1,ghcr.io/talmolab/lablink-client-base-image:linux-amd64-test@sha256:1ec2fde6860186b3d45ac83890167258f83512955dbce65f072d4e8c310cb9de,0.2799713611602783,sleap-lablink-client-prod-vm-2,running,Healthy,0,1788389430.0,1788389454.0,1788389512.0,1788389718.0,1788389655.0,1788389730.0,305.0,1788389454.978876,1788389734.412472,1788390334.398339,i-075d1655ae16149db
1788390388.15412,5,1,ghcr.io/talmolab/lablink-client-base-image:linux-amd64-test@sha256:1ec2fde6860186b3d45ac83890167258f83512955dbce65f072d4e8c310cb9de,0.2799713611602783,sleap-lablink-client-prod-vm-3,running,Healthy,0,1788389430.0,1788389454.0,1788389512.0,1788389718.0,1788389655.0,1788389725.0,300.0,1788389454.979714,1788389734.398341,1788390359.387175,i-07bbc1455104581e3
1788390388.15412,5,1,ghcr.io/talmolab/lablink-client-base-image:linux-amd64-test@sha256:1ec2fde6860186b3d45ac83890167258f83512955dbce65f072d4e8c310cb9de,0.2799713611602783,sleap-lablink-client-prod-vm-4,running,Healthy,0,1788389430.0,1788389454.0,1788389512.0,1788389717.0,1788389654.0,1788389730.0,305.0,1788389454.980496,1788389734.394014,1788390334.516358,i-0c92ab1873f5417ba
1788390388.15412,5,1,ghcr.io/talmolab/lablink-client-base-image:linux-amd64-test@sha256:1ec2fde6860186b3d45ac83890167258f83512955dbce65f072d4e8c310cb9de,0.2799713611602783,sleap-lablink-client-prod-vm-5,running,Healthy,0,1788389430.0,1788389454.0,1788389512.0,1788389719.0,1788389656.0,1788389731.0,306.0,1788389454.981285,1788389734.414189,1788390335.184385,i-02edbce051de8200a
1788390393.195714,5,1,ghcr.io/talmolab/lablink-client-base-image:linux-amd64-test@sha256:1ec2fde6860186b3d45ac83890167258f83512955dbce65f072d4e8c310cb9de,0.2799713611602783,sleap-lablink-client-prod-vm-1,running,Healthy,0,1788389430.0,1788389454.0,1788389512.0,1788389719.0,1788389656.0,1788389729.0,304.0,1788389454.97747,1788389734.394763,1788390333.790377,i-0d0a8b81177a50dcd
1788390393.195714,5,1,ghcr.io/talmolab/lablink-client-base-image:linux-amd64-test@sha256:1ec2fde6860186b3d45ac83890167258f83512955dbce65f072d4e8c310cb9de,0.2799713611602783,sleap-lablink-client-prod-vm-2,running,Healthy,0,1788389430.0,1788389454.0,1788389512.0,1788389718.0,1788389655.0,1788389730.0,305.0,1788389454.978876,1788389734.412472,1788390334.398339,i-075d1655ae16149db
1788390393.195714,5,1,ghcr.io/talmolab/lablink-client-base-image:linux-amd64-test@sha256:1ec2fde6860186b3d45ac83890167258f83512955dbce65f072d4e8c310cb9de,0.2799713611602783,sleap-lablink-client-prod-vm-3,running,Healthy,0,1788389430.0,1788389454.0,1788389512.0,1788389718.0,1788389655.0,1788389725.0,300.0,1788389454.979714,1788389734.398341,1788390359.387175,i-07bbc1455104581e3
1788390393.195714,5,1,ghcr.io/talmolab/lablink-client-base-image:linux-amd64-test@sha256:1ec2fde6860186b3d45ac83890167258f83512955dbce65f072d4e8c310cb9de,0.2799713611602783,sleap-lablink-client-prod-vm-4,running,Healthy,0,1788389430.0,1788389454.0,1788389512.0,1788389717.0,1788389654.0,1788389730.0,305.0,1788389454.980496,1788389734.394014,1788390334.516358,i-0c92ab1873f5417ba
1788390393.195714,5,1,ghcr.io/talmolab/lablink-client-base-image:linux-amd64-test@sha256:1ec2fde6860186b3d45ac83890167258f83512955dbce65f072d4e8c310cb9de,0.2799713611602783,sleap-lablink-client-prod-vm-5,running,Healthy,0,1788389430.0,1788389454.0,1788389512.0,1788389719.0,1788389656.0,1788389731.0,306.0,1788389454.981285,1788389734.414189,1788390335.184385,i-02edbce051de8200a
1788390398.2528589,5,1,ghcr.io/talmolab/lablink-client-base-image:linux-amd64-test@sha256:1ec2fde6860186b3d45ac83890167258f83512955dbce65f072d4e8c310cb9de,0.2799713611602783,sleap-lablink-client-prod-vm-1,running,Healthy,0,1788389430.0,1788389454.0,1788389512.0,1788389719.0,1788389656.0,1788389729.0,304.0,1788389454.97747,1788389734.394763,1788390333.790377,i-0d0a8b81177a50dcd
1788390398.2528589,5,1,ghcr.io/talmolab/lablink-client-base-image:linux-amd64-test@sha256:1ec2fde6860186b3d45ac83890167258f83512955dbce65f072d4e8c310cb9de,0.2799713611602783,sleap-lablink-client-prod-vm-2,running,Healthy,0,1788389430.0,1788389454.0,1788389512.0,1788389718.0,1788389655.0,1788389730.0,305.0,1788389454.978876,1788389734.412472,1788390334.398339,i-075d1655ae16149db
1788390398.2528589,5,1,ghcr.io/talmolab/lablink-client-base-image:linux-amd64-test@sha256:1ec2fde6860186b3d45ac83890167258f83512955dbce65f072d4e8c310cb9de,0.2799713611602783,sleap-lablink-client-prod-vm-3,running,Healthy,0,1788389430.0,1788389454.0,1788389512.0,1788389718.0,1788389655.0,1788389725.0,300.0,1788389454.979714,1788389734.398341,1788390359.387175,i-07bbc1455104581e3
1788390398.2528589,5,1,ghcr.io/talmolab/lablink-client-base-image:linux-amd64-test@sha256:1ec2fde6860186b3d45ac83890167258f83512955dbce65f072d4e8c310cb9de,0.2799713611602783,sleap-lablink-client-prod-vm-4,running,Healthy,0,1788389430.0,1788389454.0,1788389512.0,1788389717.0,1788389654.0,1788389730.0,305.0,1788389454.980496,1788389734.394014,1788390334.516358,i-0c92ab1873f5417ba
1788390398.2528589,5,1,ghcr.io/talmolab/lablink-client-base-image:linux-amd64-test@sha256:1ec2fde6860186b3d45ac83890167258f83512955dbce65f072d4e8c310cb9de,0.2799713611602783,sleap-lablink-client-prod-vm-5,running,Healthy,0,1788389430.0,1788389454.0,1788389512.0,1788389719.0,1788389656.0,1788389731.0,306.0,1788389454.981285,1788389734.414189,1788390335.184385,i-02edbce051de8200a
1788390403.193354,5,1,ghcr.io/talmolab/lablink-client-base-image:linux-amd64-test@sha256:1ec2fde6860186b3d45ac83890167258f83512955dbce65f072d4e8c310cb9de,0.2799713611602783,sleap-lablink-client-prod-vm-1,running,Healthy,0,1788389430.0,1788389454.0,1788389512.0,1788389719.0,1788389656.0,1788389729.0,304.0,1788389454.97747,1788389734.394763,1788390333.790377,i-0d0a8b81177a50dcd
1788390403.193354,5,1,ghcr.io/talmolab/lablink-client-base-image:linux-amd64-test@sha256:1ec2fde6860186b3d45ac83890167258f83512955dbce65f072d4e8c310cb9de,0.2799713611602783,sleap-lablink-client-prod-vm-2,running,Healthy,0,1788389430.0,1788389454.0,1788389512.0,1788389718.0,1788389655.0,1788389730.0,305.0,1788389454.978876,1788389734.412472,1788390334.398339,i-075d1655ae16149db
1788390403.193354,5,1,ghcr.io/talmolab/lablink-client-base-image:linux-amd64-test@sha256:1ec2fde6860186b3d45ac83890167258f83512955dbce65f072d4e8c310cb9de,0.2799713611602783,sleap-lablink-client-prod-vm-3,running,Healthy,0,1788389430.0,1788389454.0,1788389512.0,1788389718.0,1788389655.0,1788389725.0,300.0,1788389454.979714,1788389734.398341,1788390359.387175,i-07bbc1455104581e3
1788390403.193354,5,1,ghcr.io/talmolab/lablink-client-base-image:linux-amd64-test@sha256:1ec2fde6860186b3d45ac83890167258f83512955dbce65f072d4e8c310cb9de,0.2799713611602783,sleap-lablink-client-prod-vm-4,running,Healthy,0,1788389430.0,1788389454.0,1788389512.0,1788389717.0,1788389654.0,1788389730.0,305.0,1788389454.980496,1788389734.394014,1788390334.516358,i-0c92ab1873f5417ba
1788390403.193354,5,1,ghcr.io/talmolab/lablink-client-base-image:linux-amd64-test@sha256:1ec2fde6860186b3d45ac83890167258f83512955dbce65f072d4e8c310cb9de,0.2799713611602783,sleap-lablink-client-prod-vm-5,running,Healthy,0,1788389430.0,1788389454.0,1788389512.0,1788389719.0,1788389656.0,1788389731.0,306.0,1788389454.981285,1788389734.414189,1788390335.184385,i-02edbce051de8200a
1788390408.210017,5,1,ghcr.io/talmolab/lablink-client-base-image:linux-amd64-test@sha256:1ec2fde6860186b3d45ac83890167258f83512955dbce65f072d4e8c310cb9de,0.2799713611602783,sleap-lablink-client-prod-vm-1,running,Healthy,0,1788389430.0,1788389454.0,1788389512.0,1788389719.0,1788389656.0,1788389729.0,304.0,1788389454.97747,1788389734.394763,1788390333.790377,i-0d0a8b81177a50dcd
1788390408.210017,5,1,ghcr.io/talmolab/lablink-client-base-image:linux-amd64-test@sha256:1ec2fde6860186b3d45ac83890167258f83512955dbce65f072d4e8c310cb9de,0.2799713611602783,sleap-lablink-client-prod-vm-2,running,Healthy,0,1788389430.0,1788389454.0,1788389512.0,1788389718.0,1788389655.0,1788389730.0,305.0,1788389454.978876,1788389734.412472,1788390334.398339,i-075d1655ae16149db
1788390408.210017,5,1,ghcr.io/talmolab/lablink-client-base-image:linux-amd64-test@sha256:1ec2fde6860186b3d45ac83890167258f83512955dbce65f072d4e8c310cb9de,0.2799713611602783,sleap-lablink-client-prod-vm-3,running,Healthy,0,1788389430.0,1788389454.0,1788389512.0,1788389718.0,1788389655.0,1788389725.0,300.0,1788389454.979714,1788389734.398341,1788390359.387175,i-07bbc1455104581e3
1788390408.210017,5,1,ghcr.io/talmolab/lablink-client-base-image:linux-amd64-test@sha256:1ec2fde6860186b3d45ac83890167258f83512955dbce65f072d4e8c310cb9de,0.2799713611602783,sleap-lablink-client-prod-vm-4,running,Healthy,0,1788389430.0,1788389454.0,1788389512.0,1788389717.0,1788389654.0,1788389730.0,305.0,1788389454.980496,1788389734.394014,1788390334.516358,i-0c92ab1873f5417ba
1788390408.210017,5,1,ghcr.io/talmolab/lablink-client-base-image:linux-amd64-test@sha256:1ec2fde6860186b3d45ac83890167258f83512955dbce65f072d4e8c310cb9de,0.2799713611602783,sleap-lablink-client-prod-vm-5,running,Healthy,0,1788389430.0,1788389454.0,1788389512.0,1788389719.0,1788389656.0,1788389731.0,306.0,1788389454.981285,1788389734.414189,1788390335.184385,i-02edbce051de8200a
1788390413.152574,5,1,ghcr.io/talmolab/lablink-client-base-image:linux-amd64-test@sha256:1ec2fde6860186b3d45ac83890167258f83512955dbce65f072d4e8c310cb9de,0.2799713611602783,sleap-lablink-client-prod-vm-1,running,Healthy,0,1788389430.0,1788389454.0,1788389512.0,1788389719.0,1788389656.0,1788389729.0,304.0,1788389454.97747,1788389734.394763,1788390333.790377,i-0d0a8b81177a50dcd
1788390413.152574,5,1,ghcr.io/talmolab/lablink-client-base-image:linux-amd64-test@sha256:1ec2fde6860186b3d45ac83890167258f83512955dbce65f072d4e8c310cb9de,0.2799713611602783,sleap-lablink-client-prod-vm-2,running,Healthy,0,1788389430.0,1788389454.0,1788389512.0,1788389718.0,1788389655.0,1788389730.0,305.0,1788389454.978876,1788389734.412472,1788390334.398339,i-075d1655ae16149db
1788390413.152574,5,1,ghcr.io/talmolab/lablink-client-base-image:linux-amd64-test@sha256:1ec2fde6860186b3d45ac83890167258f83512955dbce65f072d4e8c310cb9de,0.2799713611602783,sleap-lablink-client-prod-vm-3,running,Healthy,0,1788389430.0,1788389454.0,1788389512.0,1788389718.0,1788389655.0,1788389725.0,300.0,1788389454.979714,1788389734.398341,1788390359.387175,i-07bbc1455104581e3
1788390413.152574,5,1,ghcr.io/talmolab/lablink-client-base-image:linux-amd64-test@sha256:1ec2fde6860186b3d45ac83890167258f83512955dbce65f072d4e8c310cb9de,0.2799713611602783,sleap-lablink-client-prod-vm-4,running,Healthy,0,1788389430.0,1788389454.0,1788389512.0,1788389717.0,1788389654.0,1788389730.0,305.0,1788389454.980496,1788389734.394014,1788390334.516358,i-0c92ab1873f5417ba
1788390413.152574,5,1,ghcr.io/talmolab/lablink-client-base-image:linux-amd64-test@sha256:1ec2fde6860186b3d45ac83890167258f83512955dbce65f072d4e8c310cb9de,0.2799713611602783,sleap-lablink-client-prod-vm-5,running,Healthy,0,1788389430.0,1788389454.0,1788389512.0,1788389719.0,1788389656.0,1788389731.0,306.0,1788389454.981285,1788389734.414189,1788390335.184385,i-02edbce051de8200a
1788390418.1751318,5,1,ghcr.io/talmolab/lablink-client-base-image:linux-amd64-test@sha256:1ec2fde6860186b3d45ac83890167258f83512955dbce65f072d4e8c310cb9de,0.2799713611602783,sleap-lablink-client-prod-vm-1,running,Healthy,0,1788389430.0,1788389454.0,1788389512.0,1788389719.0,1788389656.0,1788389729.0,304.0,1788389454.97747,1788389734.394763,1788390333.790377,i-0d0a8b81177a50dcd
1788390418.1751318,5,1,ghcr.io/talmolab/lablink-client-base-image:linux-amd64-test@sha256:1ec2fde6860186b3d45ac83890167258f83512955dbce65f072d4e8c310cb9de,0.2799713611602783,sleap-lablink-client-prod-vm-2,running,Healthy,0,1788389430.0,1788389454.0,1788389512.0,1788389718.0,1788389655.0,1788389730.0,305.0,1788389454.978876,1788389734.412472,1788390334.398339,i-075d1655ae16149db
1788390418.1751318,5,1,ghcr.io/talmolab/lablink-client-base-image:linux-amd64-test@sha256:1ec2fde6860186b3d45ac83890167258f83512955dbce65f072d4e8c310cb9de,0.2799713611602783,sleap-lablink-client-prod-vm-3,running,Healthy,0,1788389430.0,1788389454.0,1788389512.0,1788389718.0,1788389655.0,1788389725.0,300.0,1788389454.979714,1788389734.398341,1788390359.387175,i-07bbc1455104581e3
1788390418.1751318,5,1,ghcr.io/talmolab/lablink-client-base-image:linux-amd64-test@sha256:1ec2fde6860186b3d45ac83890167258f83512955dbce65f072d4e8c310cb9de,0.2799713611602783,sleap-lablink-client-prod-vm-4,running,Healthy,0,1788389430.0,1788389454.0,1788389512.0,1788389717.0,1788389654.0,1788389730.0,305.0,1788389454.980496,1788389734.394014,1788390334.516358,i-0c92ab1873f5417ba
1788390418.1751318,5,1,ghcr.io/talmolab/lablink-client-base-image:linux-amd64-test@sha256:1ec2fde6860186b3d45ac83890167258f83512955dbce65f072d4e8c310cb9de,0.2799713611602783,sleap-lablink-client-prod-vm-5,running,Healthy,0,1788389430.0,1788389454.0,1788389512.0,1788389719.0,1788389656.0,1788389731.0,306.0,1788389454.981285,1788389734.414189,1788390335.184385,i-02edbce051de8200a
1788390423.1126919,5,1,ghcr.io/talmolab/lablink-client-base-image:linux-amd64-test@sha256:1ec2fde6860186b3d45ac83890167258f83512955dbce65f072d4e8c310cb9de,0.2799713611602783,sleap-lablink-client-prod-vm-1,running,Healthy,0,1788389430.0,1788389454.0,1788389512.0,1788389719.0,1788389656.0,1788389729.0,304.0,1788389454.97747,1788389734.394763,1788390333.790377,i-0d0a8b81177a50dcd
1788390423.1126919,5,1,ghcr.io/talmolab/lablink-client-base-image:linux-amd64-test@sha256:1ec2fde6860186b3d45ac83890167258f83512955dbce65f072d4e8c310cb9de,0.2799713611602783,sleap-lablink-client-prod-vm-2,running,Healthy,0,1788389430.0,1788389454.0,1788389512.0,1788389718.0,1788389655.0,1788389730.0,305.0,1788389454.978876,1788389734.412472,1788390334.398339,i-075d1655ae16149db
1788390423.1126919,5,1,ghcr.io/talmolab/lablink-client-base-image:linux-amd64-test@sha256:1ec2fde6860186b3d45ac83890167258f83512955dbce65f072d4e8c310cb9de,0.2799713611602783,sleap-lablink-client-prod-vm-3,running,Healthy,0,1788389430.0,1788389454.0,1788389512.0,1788389718.0,1788389655.0,1788389725.0,300.0,1788389454.979714,1788389734.398341,1788390359.387175,i-07bbc1455104581e3
1788390423.1126919,5,1,ghcr.io/talmolab/lablink-client-base-image:linux-amd64-test@sha256:1ec2fde6860186b3d45ac83890167258f83512955dbce65f072d4e8c310cb9de,0.2799713611602783,sleap-lablink-client-prod-vm-4,running,Healthy,0,1788389430.0,1788389454.0,1788389512.0,1788389717.0,1788389654.0,1788389730.0,305.0,1788389454.980496,1788389734.394014,1788390334.516358,i-0c92ab1873f5417ba
1788390423.1126919,5,1,ghcr.io/talmolab/lablink-client-base-image:linux-amd64-test@sha256:1ec2fde6860186b3d45ac83890167258f83512955dbce65f072d4e8c310cb9de,0.2799713611602783,sleap-lablink-client-prod-vm-5,running,Healthy,0,1788389430.0,1788389454.0,1788389512.0,1788389719.0,1788389656.0,1788389731.0,306.0,1788389454.981285,1788389734.414189,1788390335.184385,i-02edbce051de8200a
1788390428.145283,5,1,ghcr.io/talmolab/lablink-client-base-image:linux-amd64-test@sha256:1ec2fde6860186b3d45ac83890167258f83512955dbce65f072d4e8c310cb9de,0.2799713611602783,sleap-lablink-client-prod-vm-1,running,Healthy,0,1788389430.0,1788389454.0,1788389512.0,1788389719.0,1788389656.0,1788389729.0,304.0,1788389454.97747,1788389734.394763,1788390333.790377,i-0d0a8b81177a50dcd
1788390428.145283,5,1,ghcr.io/talmolab/lablink-client-base-image:linux-amd64-test@sha256:1ec2fde6860186b3d45ac83890167258f83512955dbce65f072d4e8c310cb9de,0.2799713611602783,sleap-lablink-client-prod-vm-2,running,Healthy,0,1788389430.0,1788389454.0,1788389512.0,1788389718.0,1788389655.0,1788389730.0,305.0,1788389454.978876,1788389734.412472,1788390334.398339,i-075d1655ae16149db
1788390428.145283,5,1,ghcr.io/talmolab/lablink-client-base-image:linux-amd64-test@sha256:1ec2fde6860186b3d45ac83890167258f83512955dbce65f072d4e8c310cb9de,0.2799713611602783,sleap-lablink-client-prod-vm-3,running,Healthy,0,1788389430.0,1788389454.0,1788389512.0,1788389718.0,1788389655.0,1788389725.0,300.0,1788389454.979714,1788389734.398341,1788390359.387175,i-07bbc1455104581e3
1788390428.145283,5,1,ghcr.io/talmolab/lablink-client-base-image:linux-amd64-test@sha256:1ec2fde6860186b3d45ac83890167258f83512955dbce65f072d4e8c310cb9de,0.2799713611602783,sleap-lablink-client-prod-vm-4,running,Healthy,0,1788389430.0,1788389454.0,1788389512.0,1788389717.0,1788389654.0,1788389730.0,305.0,1788389454.980496,1788389734.394014,1788390334.516358,i-0c92ab1873f5417ba
1788390428.145283,5,1,ghcr.io/talmolab/lablink-client-base-image:linux-amd64-test@sha256:1ec2fde6860186b3d45ac83890167258f83512955dbce65f072d4e8c310cb9de,0.2799713611602783,sleap-lablink-client-prod-vm-5,running,Healthy,0,1788389430.0,1788389454.0,1788389512.0,1788389719.0,1788389656.0,1788389731.0,306.0,1788389454.981285,1788389734.414189,1788390335.184385,i-02edbce051de8200a
1788390433.158057,5,1,ghcr.io/talmolab/lablink-client-base-image:linux-amd64-test@sha256:1ec2fde6860186b3d45ac83890167258f83512955dbce65f072d4e8c310cb9de,0.2799713611602783,sleap-lablink-client-prod-vm-1,running,Healthy,0,1788389430.0,1788389454.0,1788389512.0,1788389719.0,1788389656.0,1788389729.0,304.0,1788389454.97747,1788389734.394763,1788390333.790377,i-0d0a8b81177a50dcd
1788390433.158057,5,1,ghcr.io/talmolab/lablink-client-base-image:linux-amd64-test@sha256:1ec2fde6860186b3d45ac83890167258f83512955dbce65f072d4e8c310cb9de,0.2799713611602783,sleap-lablink-client-prod-vm-2,running,Healthy,0,1788389430.0,1788389454.0,1788389512.0,1788389718.0,1788389655.0,1788389730.0,305.0,1788389454.978876,1788389734.412472,1788390334.398339,i-075d1655ae16149db
1788390433.158057,5,1,ghcr.io/talmolab/lablink-client-base-image:linux-amd64-test@sha256:1ec2fde6860186b3d45ac83890167258f83512955dbce65f072d4e8c310cb9de,0.2799713611602783,sleap-lablink-client-prod-vm-3,running,Healthy,0,1788389430.0,1788389454.0,1788389512.0,1788389718.0,1788389655.0,1788389725.0,300.0,1788389454.979714,1788389734.398341,1788390359.387175,i-07bbc1455104581e3
1788390433.158057,5,1,ghcr.io/talmolab/lablink-client-base-image:linux-amd64-test@sha256:1ec2fde6860186b3d45ac83890167258f83512955dbce65f072d4e8c310cb9de,0.2799713611602783,sleap-lablink-client-prod-vm-4,running,Healthy,0,1788389430.0,1788389454.0,1788389512.0,1788389717.0,1788389654.0,1788389730.0,305.0,1788389454.980496,1788389734.394014,1788390334.516358,i-0c92ab1873f5417ba
1788390433.158057,5,1,ghcr.io/talmolab/lablink-client-base-image:linux-amd64-test@sha256:1ec2fde6860186b3d45ac83890167258f83512955dbce65f072d4e8c310cb9de,0.2799713611602783,sleap-lablink-client-prod-vm-5,running,Healthy,0,1788389430.0,1788389454.0,1788389512.0,1788389719.0,1788389656.0,1788389731.0,306.0,1788389454.981285,1788389734.414189,1788390335.184385,i-02edbce051de8200a
1788390438.282273,5,1,ghcr.io/talmolab/lablink-client-base-image:linux-amd64-test@sha256:1ec2fde6860186b3d45ac83890167258f83512955dbce65f072d4e8c310cb9de,0.2799713611602783,sleap-lablink-client-prod-vm-1,running,Healthy,0,1788389430.0,1788389454.0,1788389512.0,1788389719.0,1788389656.0,1788389729.0,304.0,1788389454.97747,1788389734.394763,1788390333.790377,i-0d0a8b81177a50dcd
1788390438.282273,5,1,ghcr.io/talmolab/lablink-client-base-image:linux-amd64-test@sha256:1ec2fde6860186b3d45ac83890167258f83512955dbce65f072d4e8c310cb9de,0.2799713611602783,sleap-lablink-client-prod-vm-2,running,Healthy,0,1788389430.0,1788389454.0,1788389512.0,1788389718.0,1788389655.0,1788389730.0,305.0,1788389454.978876,1788389734.412472,1788390334.398339,i-075d1655ae16149db
1788390438.282273,5,1,ghcr.io/talmolab/lablink-client-base-image:linux-amd64-test@sha256:1ec2fde6860186b3d45ac83890167258f83512955dbce65f072d4e8c310cb9de,0.2799713611602783,sleap-lablink-client-prod-vm-3,running,Healthy,0,1788389430.0,1788389454.0,1788389512.0,1788389718.0,1788389655.0,1788389725.0,300.0,1788389454.979714,1788389734.398341,1788390359.387175,i-07bbc1455104581e3
1788390438.282273,5,1,ghcr.io/talmolab/lablink-client-base-image:linux-amd64-test@sha256:1ec2fde6860186b3d45ac83890167258f83512955dbce65f072d4e8c310cb9de,0.2799713611602783,sleap-lablink-client-prod-vm-4,running,Healthy,0,1788389430.0,1788389454.0,1788389512.0,1788389717.0,1788389654.0,1788389730.0,305.0,1788389454.980496,1788389734.394014,1788390334.516358,i-0c92ab1873f5417ba
1788390438.282273,5,1,ghcr.io/talmolab/lablink-client-base-image:linux-amd64-test@sha256:1ec2fde6860186b3d45ac83890167258f83512955dbce65f072d4e8c310cb9de,0.2799713611602783,sleap-lablink-client-prod-vm-5,running,Healthy,0,1788389430.0,1788389454.0,1788389512.0,1788389719.0,1788389656.0,1788389731.0,306.0,1788389454.981285,1788389734.414189,1788390335.184385,i-02edbce051de8200a
1788390443.159779,5,1,ghcr.io/talmolab/lablink-client-base-image:linux-amd64-test@sha256:1ec2fde6860186b3d45ac83890167258f83512955dbce65f072d4e8c310cb9de,0.2799713611602783,sleap-lablink-client-prod-vm-1,running,Healthy,0,1788389430.0,1788389454.0,1788389512.0,1788389719.0,1788389656.0,1788389729.0,304.0,1788389454.97747,1788389734.394763,1788390333.790377,i-0d0a8b81177a50dcd
1788390443.159779,5,1,ghcr.io/talmolab/lablink-client-base-image:linux-amd64-test@sha256:1ec2fde6860186b3d45ac83890167258f83512955dbce65f072d4e8c310cb9de,0.2799713611602783,sleap-lablink-client-prod-vm-2,running,Healthy,0,1788389430.0,1788389454.0,1788389512.0,1788389718.0,1788389655.0,1788389730.0,305.0,1788389454.978876,1788389734.412472,1788390334.398339,i-075d1655ae16149db
1788390443.159779,5,1,ghcr.io/talmolab/lablink-client-base-image:linux-amd64-test@sha256:1ec2fde6860186b3d45ac83890167258f83512955dbce65f072d4e8c310cb9de,0.2799713611602783,sleap-lablink-client-prod-vm-3,running,Healthy,0,1788389430.0,1788389454.0,1788389512.0,1788389718.0,1788389655.0,1788389725.0,300.0,1788389454.979714,1788389734.398341,1788390359.387175,i-07bbc1455104581e3
1788390443.159779,5,1,ghcr.io/talmolab/lablink-client-base-image:linux-amd64-test@sha256:1ec2fde6860186b3d45ac83890167258f83512955dbce65f072d4e8c310cb9de,0.2799713611602783,sleap-lablink-client-prod-vm-4,running,Healthy,0,1788389430.0,1788389454.0,1788389512.0,1788389717.0,1788389654.0,1788389730.0,305.0,1788389454.980496,1788389734.394014,1788390334.516358,i-0c92ab1873f5417ba
1788390443.159779,5,1,ghcr.io/talmolab/lablink-client-base-image:linux-amd64-test@sha256:1ec2fde6860186b3d45ac83890167258f83512955dbce65f072d4e8c310cb9de,0.2799713611602783,sleap-lablink-client-prod-vm-5,running,Healthy,0,1788389430.0,1788389454.0,1788389512.0,1788389719.0,1788389656.0,1788389731.0,306.0,1788389454.981285,1788389734.414189,1788390335.184385,i-02edbce051de8200a
1788390448.286687,5,1,ghcr.io/talmolab/lablink-client-base-image:linux-amd64-test@sha256:1ec2fde6860186b3d45ac83890167258f83512955dbce65f072d4e8c310cb9de,0.2799713611602783,sleap-lablink-client-prod-vm-1,running,Healthy,0,1788389430.0,1788389454.0,1788389512.0,1788389719.0,1788389656.0,1788389729.0,304.0,1788389454.97747,1788389734.394763,1788390333.790377,i-0d0a8b81177a50dcd
1788390448.286687,5,1,ghcr.io/talmolab/lablink-client-base-image:linux-amd64-test@sha256:1ec2fde6860186b3d45ac83890167258f83512955dbce65f072d4e8c310cb9de,0.2799713611602783,sleap-lablink-client-prod-vm-2,running,Healthy,0,1788389430.0,1788389454.0,1788389512.0,1788389718.0,1788389655.0,1788389730.0,305.0,1788389454.978876,1788389734.412472,1788390334.398339,i-075d1655ae16149db
1788390448.286687,5,1,ghcr.io/talmolab/lablink-client-base-image:linux-amd64-test@sha256:1ec2fde6860186b3d45ac83890167258f83512955dbce65f072d4e8c310cb9de,0.2799713611602783,sleap-lablink-client-prod-vm-3,running,Healthy,0,1788389430.0,1788389454.0,1788389512.0,1788389718.0,1788389655.0,1788389725.0,300.0,1788389454.979714,1788389734.398341,1788390359.387175,i-07bbc1455104581e3
1788390448.286687,5,1,ghcr.io/talmolab/lablink-client-base-image:linux-amd64-test@sha256:1ec2fde6860186b3d45ac83890167258f83512955dbce65f072d4e8c310cb9de,0.2799713611602783,sleap-lablink-client-prod-vm-4,running,Healthy,0,1788389430.0,1788389454.0,1788389512.0,1788389717.0,1788389654.0,1788389730.0,305.0,1788389454.980496,1788389734.394014,1788390334.516358,i-0c92ab1873f5417ba
1788390448.286687,5,1,ghcr.io/talmolab/lablink-client-base-image:linux-amd64-test@sha256:1ec2fde6860186b3d45ac83890167258f83512955dbce65f072d4e8c310cb9de,0.2799713611602783,sleap-lablink-client-prod-vm-5,running,Healthy,0,1788389430.0,1788389454.0,1788389512.0,1788389719.0,1788389656.0,1788389731.0,306.0,1788389454.981285,1788389734.414189,1788390335.184385,i-02edbce051de8200a
1788390453.196602,5,1,ghcr.io/talmolab/lablink-client-base-image:linux-amd64-test@sha256:1ec2fde6860186b3d45ac83890167258f83512955dbce65f072d4e8c310cb9de,0.2799713611602783,sleap-lablink-client-prod-vm-1,running,Healthy,0,1788389430.0,1788389454.0,1788389512.0,1788389719.0,1788389656.0,1788389729.0,304.0,1788389454.97747,1788389734.394763,1788390333.790377,i-0d0a8b81177a50dcd
1788390453.196602,5,1,ghcr.io/talmolab/lablink-client-base-image:linux-amd64-test@sha256:1ec2fde6860186b3d45ac83890167258f83512955dbce65f072d4e8c310cb9de,0.2799713611602783,sleap-lablink-client-prod-vm-2,running,Healthy,0,1788389430.0,1788389454.0,1788389512.0,1788389718.0,1788389655.0,1788389730.0,305.0,1788389454.978876,1788389734.412472,1788390334.398339,i-075d1655ae16149db
1788390453.196602,5,1,ghcr.io/talmolab/lablink-client-base-image:linux-amd64-test@sha256:1ec2fde6860186b3d45ac83890167258f83512955dbce65f072d4e8c310cb9de,0.2799713611602783,sleap-lablink-client-prod-vm-3,running,Healthy,0,1788389430.0,1788389454.0,1788389512.0,1788389718.0,1788389655.0,1788389725.0,300.0,1788389454.979714,1788389734.398341,1788390359.387175,i-07bbc1455104581e3
1788390453.196602,5,1,ghcr.io/talmolab/lablink-client-base-image:linux-amd64-test@sha256:1ec2fde6860186b3d45ac83890167258f83512955dbce65f072d4e8c310cb9de,0.2799713611602783,sleap-lablink-client-prod-vm-4,running,Healthy,0,1788389430.0,1788389454.0,1788389512.0,1788389717.0,1788389654.0,1788389730.0,305.0,1788389454.980496,1788389734.394014,1788390334.516358,i-0c92ab1873f5417ba
1788390453.196602,5,1,ghcr.io/talmolab/lablink-client-base-image:linux-amd64-test@sha256:1ec2fde6860186b3d45ac83890167258f83512955dbce65f072d4e8c310cb9de,0.2799713611602783,sleap-lablink-client-prod-vm-5,running,Healthy,0,1788389430.0,1788389454.0,1788389512.0,1788389719.0,1788389656.0,1788389731.0,306.0,1788389454.981285,1788389734.414189,1788390335.184385,i-02edbce051de8200a
1788390458.2411132,5,1,ghcr.io/talmolab/lablink-client-base-image:linux-amd64-test@sha256:1ec2fde6860186b3d45ac83890167258f83512955dbce65f072d4e8c310cb9de,0.2799713611602783,sleap-lablink-client-prod-vm-1,running,Healthy,0,1788389430.0,1788389454.0,1788389512.0,1788389719.0,1788389656.0,1788389729.0,304.0,1788389454.97747,1788389734.394763,1788390333.790377,i-0d0a8b81177a50dcd
1788390458.2411132,5,1,ghcr.io/talmolab/lablink-client-base-image:linux-amd64-test@sha256:1ec2fde6860186b3d45ac83890167258f83512955dbce65f072d4e8c310cb9de,0.2799713611602783,sleap-lablink-client-prod-vm-2,running,Healthy,0,1788389430.0,1788389454.0,1788389512.0,1788389718.0,1788389655.0,1788389730.0,305.0,1788389454.978876,1788389734.412472,1788390334.398339,i-075d1655ae16149db
1788390458.2411132,5,1,ghcr.io/talmolab/lablink-client-base-image:linux-amd64-test@sha256:1ec2fde6860186b3d45ac83890167258f83512955dbce65f072d4e8c310cb9de,0.2799713611602783,sleap-lablink-client-prod-vm-3,running,Healthy,0,1788389430.0,1788389454.0,1788389512.0,1788389718.0,1788389655.0,1788389725.0,300.0,1788389454.979714,1788389734.398341,1788390359.387175,i-07bbc1455104581e3
1788390458.2411132,5,1,ghcr.io/talmolab/lablink-client-base-image:linux-amd64-test@sha256:1ec2fde6860186b3d45ac83890167258f83512955dbce65f072d4e8c310cb9de,0.2799713611602783,sleap-lablink-client-prod-vm-4,running,Healthy,0,1788389430.0,1788389454.0,1788389512.0,1788389717.0,1788389654.0,1788389730.0,305.0,1788389454.980496,1788389734.394014,1788390334.516358,i-0c92ab1873f5417ba
1788390458.2411132,5,1,ghcr.io/talmolab/lablink-client-base-image:linux-amd64-test@sha256:1ec2fde6860186b3d45ac83890167258f83512955dbce65f072d4e8c310cb9de,0.2799713611602783,sleap-lablink-client-prod-vm-5,running,Healthy,0,1788389430.0,1788389454.0,1788389512.0,1788389719.0,1788389656.0,1788389731.0,306.0,1788389454.981285,1788389734.414189,1788390335.184385,i-02edbce051de8200a
1788390463.1580958,5,1,ghcr.io/talmolab/lablink-client-base-image:linux-amd64-test@sha256:1ec2fde6860186b3d45ac83890167258f83512955dbce65f072d4e8c310cb9de,0.2799713611602783,sleap-lablink-client-prod-vm-1,running,Healthy,0,1788389430.0,1788389454.0,1788389512.0,1788389719.0,1788389656.0,1788389729.0,304.0,1788389454.97747,1788389734.394763,1788390333.790377,i-0d0a8b81177a50dcd
1788390463.1580958,5,1,ghcr.io/talmolab/lablink-client-base-image:linux-amd64-test@sha256:1ec2fde6860186b3d45ac83890167258f83512955dbce65f072d4e8c310cb9de,0.2799713611602783,sleap-lablink-client-prod-vm-2,running,Healthy,0,1788389430.0,1788389454.0,1788389512.0,1788389718.0,1788389655.0,1788389730.0,305.0,1788389454.978876,1788389734.412472,1788390334.398339,i-075d1655ae16149db
1788390463.1580958,5,1,ghcr.io/talmolab/lablink-client-base-image:linux-amd64-test@sha256:1ec2fde6860186b3d45ac83890167258f83512955dbce65f072d4e8c310cb9de,0.2799713611602783,sleap-lablink-client-prod-vm-3,running,Healthy,0,1788389430.0,1788389454.0,1788389512.0,1788389718.0,1788389655.0,1788389725.0,300.0,1788389454.979714,1788389734.398341,1788390359.387175,i-07bbc1455104581e3
1788390463.1580958,5,1,ghcr.io/talmolab/lablink-client-base-image:linux-amd64-test@sha256:1ec2fde6860186b3d45ac83890167258f83512955dbce65f072d4e8c310cb9de,0.2799713611602783,sleap-lablink-client-prod-vm-4,running,Healthy,0,1788389430.0,1788389454.0,1788389512.0,1788389717.0,1788389654.0,1788389730.0,305.0,1788389454.980496,1788389734.394014,1788390334.516358,i-0c92ab1873f5417ba
1788390463.1580958,5,1,ghcr.io/talmolab/lablink-client-base-image:linux-amd64-test@sha256:1ec2fde6860186b3d45ac83890167258f83512955dbce65f072d4e8c310cb9de,0.2799713611602783,sleap-lablink-client-prod-vm-5,running,Healthy,0,1788389430.0,1788389454.0,1788389512.0,1788389719.0,1788389656.0,1788389731.0,306.0,1788389454.981285,1788389734.414189,1788390335.184385,i-02edbce051de8200a
1788390468.50819,5,1,ghcr.io/talmolab/lablink-client-base-image:linux-amd64-test@sha256:1ec2fde6860186b3d45ac83890167258f83512955dbce65f072d4e8c310cb9de,0.2799713611602783,sleap-lablink-client-prod-vm-1,running,Healthy,0,1788389430.0,1788389454.0,1788389512.0,1788389719.0,1788389656.0,1788389729.0,304.0,1788389454.97747,1788389734.394763,1788390333.790377,i-0d0a8b81177a50dcd
1788390468.50819,5,1,ghcr.io/talmolab/lablink-client-base-image:linux-amd64-test@sha256:1ec2fde6860186b3d45ac83890167258f83512955dbce65f072d4e8c310cb9de,0.2799713611602783,sleap-lablink-client-prod-vm-2,running,Healthy,0,1788389430.0,1788389454.0,1788389512.0,1788389718.0,1788389655.0,1788389730.0,305.0,1788389454.978876,1788389734.412472,1788390334.398339,i-075d1655ae16149db
1788390468.50819,5,1,ghcr.io/talmolab/lablink-client-base-image:linux-amd64-test@sha256:1ec2fde6860186b3d45ac83890167258f83512955dbce65f072d4e8c310cb9de,0.2799713611602783,sleap-lablink-client-prod-vm-3,running,Healthy,0,1788389430.0,1788389454.0,1788389512.0,1788389718.0,1788389655.0,1788389725.0,300.0,1788389454.979714,1788389734.398341,1788390359.387175,i-07bbc1455104581e3
1788390468.50819,5,1,ghcr.io/talmolab/lablink-client-base-image:linux-amd64-test@sha256:1ec2fde6860186b3d45ac83890167258f83512955dbce65f072d4e8c310cb9de,0.2799713611602783,sleap-lablink-client-prod-vm-4,running,Healthy,0,1788389430.0,1788389454.0,1788389512.0,1788389717.0,1788389654.0,1788389730.0,305.0,1788389454.980496,1788389734.394014,1788390334.516358,i-0c92ab1873f5417ba
1788390468.50819,5,1,ghcr.io/talmolab/lablink-client-base-image:linux-amd64-test@sha256:1ec2fde6860186b3d45ac83890167258f83512955dbce65f072d4e8c310cb9de,0.2799713611602783,sleap-lablink-client-prod-vm-5,running,Healthy,0,1788389430.0,1788389454.0,1788389512.0,1788389719.0,1788389656.0,1788389731.0,306.0,1788389454.981285,1788389734.414189,1788390335.184385,i-02edbce051de8200a
1788390473.26312,5,1,ghcr.io/talmolab/lablink-client-base-image:linux-amd64-test@sha256:1ec2fde6860186b3d45ac83890167258f83512955dbce65f072d4e8c310cb9de,0.2799713611602783,sleap-lablink-client-prod-vm-1,running,Healthy,0,1788389430.0,1788389454.0,1788389512.0,1788389719.0,1788389656.0,1788389729.0,304.0,1788389454.97747,1788389734.394763,1788390333.790377,i-0d0a8b81177a50dcd
1788390473.26312,5,1,ghcr.io/talmolab/lablink-client-base-image:linux-amd64-test@sha256:1ec2fde6860186b3d45ac83890167258f83512955dbce65f072d4e8c310cb9de,0.2799713611602783,sleap-lablink-client-prod-vm-2,running,Healthy,0,1788389430.0,1788389454.0,1788389512.0,1788389718.0,1788389655.0,1788389730.0,305.0,1788389454.978876,1788389734.412472,1788390334.398339,i-075d1655ae16149db
1788390473.26312,5,1,ghcr.io/talmolab/lablink-client-base-image:linux-amd64-test@sha256:1ec2fde6860186b3d45ac83890167258f83512955dbce65f072d4e8c310cb9de,0.2799713611602783,sleap-lablink-client-prod-vm-3,running,Healthy,0,1788389430.0,1788389454.0,1788389512.0,1788389718.0,1788389655.0,1788389725.0,300.0,1788389454.979714,1788389734.398341,1788390359.387175,i-07bbc1455104581e3
1788390473.26312,5,1,ghcr.io/talmolab/lablink-client-base-image:linux-amd64-test@sha256:1ec2fde6860186b3d45ac83890167258f83512955dbce65f072d4e8c310cb9de,0.2799713611602783,sleap-lablink-client-prod-vm-4,running,Healthy,0,1788389430.0,1788389454.0,1788389512.0,1788389717.0,1788389654.0,1788389730.0,305.0,1788389454.980496,1788389734.394014,1788390334.516358,i-0c92ab1873f5417ba
1788390473.26312,5,1,ghcr.io/talmolab/lablink-client-base-image:linux-amd64-test@sha256:1ec2fde6860186b3d45ac83890167258f83512955dbce65f072d4e8c310cb9de,0.2799713611602783,sleap-lablink-client-prod-vm-5,running,Healthy,0,1788389430.0,1788389454.0,1788389512.0,1788389719.0,1788389656.0,1788389731.0,306.0,1788389454.981285,1788389734.414189,1788390335.184385,i-02edbce051de8200a
1788390478.161422,5,1,ghcr.io/talmolab/lablink-client-base-image:linux-amd64-test@sha256:1ec2fde6860186b3d45ac83890167258f83512955dbce65f072d4e8c310cb9de,0.2799713611602783,sleap-lablink-client-prod-vm-1,running,Healthy,0,1788389430.0,1788389454.0,1788389512.0,1788389719.0,1788389656.0,1788389729.0,304.0,1788389454.97747,1788389734.394763,1788390333.790377,i-0d0a8b81177a50dcd
1788390478.161422,5,1,ghcr.io/talmolab/lablink-client-base-image:linux-amd64-test@sha256:1ec2fde6860186b3d45ac83890167258f83512955dbce65f072d4e8c310cb9de,0.2799713611602783,sleap-lablink-client-prod-vm-2,running,Healthy,0,1788389430.0,1788389454.0,1788389512.0,1788389718.0,1788389655.0,1788389730.0,305.0,1788389454.978876,1788389734.412472,1788390334.398339,i-075d1655ae16149db
1788390478.161422,5,1,ghcr.io/talmolab/lablink-client-base-image:linux-amd64-test@sha256:1ec2fde6860186b3d45ac83890167258f83512955dbce65f072d4e8c310cb9de,0.2799713611602783,sleap-lablink-client-prod-vm-3,running,Healthy,0,1788389430.0,1788389454.0,1788389512.0,1788389718.0,1788389655.0,1788389725.0,300.0,1788389454.979714,1788389734.398341,1788390359.387175,i-07bbc1455104581e3
1788390478.161422,5,1,ghcr.io/talmolab/lablink-client-base-image:linux-amd64-test@sha256:1ec2fde6860186b3d45ac83890167258f83512955dbce65f072d4e8c310cb9de,0.2799713611602783,sleap-lablink-client-prod-vm-4,running,Healthy,0,1788389430.0,1788389454.0,1788389512.0,1788389717.0,1788389654.0,1788389730.0,305.0,1788389454.980496,1788389734.394014,1788390334.516358,i-0c92ab1873f5417ba
1788390478.161422,5,1,ghcr.io/talmolab/lablink-client-base-image:linux-amd64-test@sha256:1ec2fde6860186b3d45ac83890167258f83512955dbce65f072d4e8c310cb9de,0.2799713611602783,sleap-lablink-client-prod-vm-5,running,Healthy,0,1788389430.0,1788389454.0,1788389512.0,1788389719.0,1788389656.0,1788389731.0,306.0,1788389454.981285,1788389734.414189,1788390335.184385,i-02edbce051de8200a
1788390483.1997728,5,1,ghcr.io/talmolab/lablink-client-base-image:linux-amd64-test@sha256:1ec2fde6860186b3d45ac83890167258f83512955dbce65f072d4e8c310cb9de,0.2799713611602783,sleap-lablink-client-prod-vm-1,running,Healthy,0,1788389430.0,1788389454.0,1788389512.0,1788389719.0,1788389656.0,1788389729.0,304.0,1788389454.97747,1788389734.394763,1788390333.790377,i-0d0a8b81177a50dcd
1788390483.1997728,5,1,ghcr.io/talmolab/lablink-client-base-image:linux-amd64-test@sha256:1ec2fde6860186b3d45ac83890167258f83512955dbce65f072d4e8c310cb9de,0.2799713611602783,sleap-lablink-client-prod-vm-2,running,Healthy,0,1788389430.0,1788389454.0,1788389512.0,1788389718.0,1788389655.0,1788389730.0,305.0,1788389454.978876,1788389734.412472,1788390334.398339,i-075d1655ae16149db
1788390483.1997728,5,1,ghcr.io/talmolab/lablink-client-base-image:linux-amd64-test@sha256:1ec2fde6860186b3d45ac83890167258f83512955dbce65f072d4e8c310cb9de,0.2799713611602783,sleap-lablink-client-prod-vm-3,running,Healthy,0,1788389430.0,1788389454.0,1788389512.0,1788389718.0,1788389655.0,1788389725.0,300.0,1788389454.979714,1788389734.398341,1788390359.387175,i-07bbc1455104581e3
1788390483.1997728,5,1,ghcr.io/talmolab/lablink-client-base-image:linux-amd64-test@sha256:1ec2fde6860186b3d45ac83890167258f83512955dbce65f072d4e8c310cb9de,0.2799713611602783,sleap-lablink-client-prod-vm-4,running,Healthy,0,1788389430.0,1788389454.0,1788389512.0,1788389717.0,1788389654.0,1788389730.0,305.0,1788389454.980496,1788389734.394014,1788390334.516358,i-0c92ab1873f5417ba
1788390483.1997728,5,1,ghcr.io/talmolab/lablink-client-base-image:linux-amd64-test@sha256:1ec2fde6860186b3d45ac83890167258f83512955dbce65f072d4e8c310cb9de,0.2799713611602783,sleap-lablink-client-prod-vm-5,running,Healthy,0,1788389430.0,1788389454.0,1788389512.0,1788389719.0,1788389656.0,1788389731.0,306.0,1788389454.981285,1788389734.414189,1788390335.184385,i-02edbce051de8200a
1788390488.209892,5,1,ghcr.io/talmolab/lablink-client-base-image:linux-amd64-test@sha256:1ec2fde6860186b3d45ac83890167258f83512955dbce65f072d4e8c310cb9de,0.2799713611602783,sleap-lablink-client-prod-vm-1,running,Healthy,0,1788389430.0,1788389454.0,1788389512.0,1788389719.0,1788389656.0,1788389729.0,304.0,1788389454.97747,1788389734.394763,1788390333.790377,i-0d0a8b81177a50dcd
1788390488.209892,5,1,ghcr.io/talmolab/lablink-client-base-image:linux-amd64-test@sha256:1ec2fde6860186b3d45ac83890167258f83512955dbce65f072d4e8c310cb9de,0.2799713611602783,sleap-lablink-client-prod-vm-2,running,Healthy,0,1788389430.0,1788389454.0,1788389512.0,1788389718.0,1788389655.0,1788389730.0,305.0,1788389454.978876,1788389734.412472,1788390334.398339,i-075d1655ae16149db
1788390488.209892,5,1,ghcr.io/talmolab/lablink-client-base-image:linux-amd64-test@sha256:1ec2fde6860186b3d45ac83890167258f83512955dbce65f072d4e8c310cb9de,0.2799713611602783,sleap-lablink-client-prod-vm-3,running,Healthy,0,1788389430.0,1788389454.0,1788389512.0,1788389718.0,1788389655.0,1788389725.0,300.0,1788389454.979714,1788389734.398341,1788390359.387175,i-07bbc1455104581e3
1788390488.209892,5,1,ghcr.io/talmolab/lablink-client-base-image:linux-amd64-test@sha256:1ec2fde6860186b3d45ac83890167258f83512955dbce65f072d4e8c310cb9de,0.2799713611602783,sleap-lablink-client-prod-vm-4,running,Healthy,0,1788389430.0,1788389454.0,1788389512.0,1788389717.0,1788389654.0,1788389730.0,305.0,1788389454.980496,1788389734.394014,1788390334.516358,i-0c92ab1873f5417ba
1788390488.209892,5,1,ghcr.io/talmolab/lablink-client-base-image:linux-amd64-test@sha256:1ec2fde6860186b3d45ac83890167258f83512955dbce65f072d4e8c310cb9de,0.2799713611602783,sleap-lablink-client-prod-vm-5,running,Healthy,0,1788389430.0,1788389454.0,1788389512.0,1788389719.0,1788389656.0,1788389731.0,306.0,1788389454.981285,1788389734.414189,1788390335.184385,i-02edbce051de8200a
1788390493.2067258,5,1,ghcr.io/talmolab/lablink-client-base-image:linux-amd64-test@sha256:1ec2fde6860186b3d45ac83890167258f83512955dbce65f072d4e8c310cb9de,0.2799713611602783,sleap-lablink-client-prod-vm-1,running,Healthy,0,1788389430.0,1788389454.0,1788389512.0,1788389719.0,1788389656.0,1788389729.0,304.0,1788389454.97747,1788389734.394763,1788390333.790377,i-0d0a8b81177a50dcd
1788390493.2067258,5,1,ghcr.io/talmolab/lablink-client-base-image:linux-amd64-test@sha256:1ec2fde6860186b3d45ac83890167258f83512955dbce65f072d4e8c310cb9de,0.2799713611602783,sleap-lablink-client-prod-vm-2,running,Healthy,0,1788389430.0,1788389454.0,1788389512.0,1788389718.0,1788389655.0,1788389730.0,305.0,1788389454.978876,1788389734.412472,1788390334.398339,i-075d1655ae16149db
1788390493.2067258,5,1,ghcr.io/talmolab/lablink-client-base-image:linux-amd64-test@sha256:1ec2fde6860186b3d45ac83890167258f83512955dbce65f072d4e8c310cb9de,0.2799713611602783,sleap-lablink-client-prod-vm-3,running,Healthy,0,1788389430.0,1788389454.0,1788389512.0,1788389718.0,1788389655.0,1788389725.0,300.0,1788389454.979714,1788389734.398341,1788390359.387175,i-07bbc1455104581e3
1788390493.2067258,5,1,ghcr.io/talmolab/lablink-client-base-image:linux-amd64-test@sha256:1ec2fde6860186b3d45ac83890167258f83512955dbce65f072d4e8c310cb9de,0.2799713611602783,sleap-lablink-client-prod-vm-4,running,Healthy,0,1788389430.0,1788389454.0,1788389512.0,1788389717.0,1788389654.0,1788389730.0,305.0,1788389454.980496,1788389734.394014,1788390334.516358,i-0c92ab1873f5417ba
1788390493.2067258,5,1,ghcr.io/talmolab/lablink-client-base-image:linux-amd64-test@sha256:1ec2fde6860186b3d45ac83890167258f83512955dbce65f072d4e8c310cb9de,0.2799713611602783,sleap-lablink-client-prod-vm-5,running,Healthy,0,1788389430.0,1788389454.0,1788389512.0,1788389719.0,1788389656.0,1788389731.0,306.0,1788389454.981285,1788389734.414189,1788390335.184385,i-02edbce051de8200a
1788390498.234692,5,1,ghcr.io/talmolab/lablink-client-base-image:linux-amd64-test@sha256:1ec2fde6860186b3d45ac83890167258f83512955dbce65f072d4e8c310cb9de,0.2799713611602783,sleap-lablink-client-prod-vm-1,running,Healthy,0,1788389430.0,1788389454.0,1788389512.0,1788389719.0,1788389656.0,1788389729.0,304.0,1788389454.97747,1788389734.394763,1788390333.790377,i-0d0a8b81177a50dcd
1788390498.234692,5,1,ghcr.io/talmolab/lablink-client-base-image:linux-amd64-test@sha256:1ec2fde6860186b3d45ac83890167258f83512955dbce65f072d4e8c310cb9de,0.2799713611602783,sleap-lablink-client-prod-vm-2,running,Healthy,0,1788389430.0,1788389454.0,1788389512.0,1788389718.0,1788389655.0,1788389730.0,305.0,1788389454.978876,1788389734.412472,1788390334.398339,i-075d1655ae16149db
1788390498.234692,5,1,ghcr.io/talmolab/lablink-client-base-image:linux-amd64-test@sha256:1ec2fde6860186b3d45ac83890167258f83512955dbce65f072d4e8c310cb9de,0.2799713611602783,sleap-lablink-client-prod-vm-3,running,Healthy,0,1788389430.0,1788389454.0,1788389512.0,1788389718.0,1788389655.0,1788389725.0,300.0,1788389454.979714,1788389734.398341,1788390359.387175,i-07bbc1455104581e3
1788390498.234692,5,1,ghcr.io/talmolab/lablink-client-base-image:linux-amd64-test@sha256:1ec2fde6860186b3d45ac83890167258f83512955dbce65f072d4e8c310cb9de,0.2799713611602783,sleap-lablink-client-prod-vm-4,running,Healthy,0,1788389430.0,1788389454.0,1788389512.0,1788389717.0,1788389654.0,1788389730.0,305.0,1788389454.980496,1788389734.394014,1788390334.516358,i-0c92ab1873f5417ba
1788390498.234692,5,1,ghcr.io/talmolab/lablink-client-base-image:linux-amd64-test@sha256:1ec2fde6860186b3d45ac83890167258f83512955dbce65f072d4e8c310cb9de,0.2799713611602783,sleap-lablink-client-prod-vm-5,running,Healthy,0,1788389430.0,1788389454.0,1788389512.0,1788389719.0,1788389656.0,1788389731.0,306.0,1788389454.981285,1788389734.414189,1788390335.184385,i-02edbce051de8200a
1788390503.327839,5,1,ghcr.io/talmolab/lablink-client-base-image:linux-amd64-test@sha256:1ec2fde6860186b3d45ac83890167258f83512955dbce65f072d4e8c310cb9de,0.2799713611602783,sleap-lablink-client-prod-vm-1,running,Healthy,0,1788389430.0,1788389454.0,1788389512.0,1788389719.0,1788389656.0,1788389729.0,304.0,1788389454.97747,1788389734.394763,1788390333.790377,i-0d0a8b81177a50dcd
1788390503.327839,5,1,ghcr.io/talmolab/lablink-client-base-image:linux-amd64-test@sha256:1ec2fde6860186b3d45ac83890167258f83512955dbce65f072d4e8c310cb9de,0.2799713611602783,sleap-lablink-client-prod-vm-2,running,Healthy,0,1788389430.0,1788389454.0,1788389512.0,1788389718.0,1788389655.0,1788389730.0,305.0,1788389454.978876,1788389734.412472,1788390334.398339,i-075d1655ae16149db
1788390503.327839,5,1,ghcr.io/talmolab/lablink-client-base-image:linux-amd64-test@sha256:1ec2fde6860186b3d45ac83890167258f83512955dbce65f072d4e8c310cb9de,0.2799713611602783,sleap-lablink-client-prod-vm-3,running,Healthy,0,1788389430.0,1788389454.0,1788389512.0,1788389718.0,1788389655.0,1788389725.0,300.0,1788389454.979714,1788389734.398341,1788390359.387175,i-07bbc1455104581e3
1788390503.327839,5,1,ghcr.io/talmolab/lablink-client-base-image:linux-amd64-test@sha256:1ec2fde6860186b3d45ac83890167258f83512955dbce65f072d4e8c310cb9de,0.2799713611602783,sleap-lablink-client-prod-vm-4,running,Healthy,0,1788389430.0,1788389454.0,1788389512.0,1788389717.0,1788389654.0,1788389730.0,305.0,1788389454.980496,1788389734.394014,1788390334.516358,i-0c92ab1873f5417ba
1788390503.327839,5,1,ghcr.io/talmolab/lablink-client-base-image:linux-amd64-test@sha256:1ec2fde6860186b3d45ac83890167258f83512955dbce65f072d4e8c310cb9de,0.2799713611602783,sleap-lablink-client-prod-vm-5,running,Healthy,0,1788389430.0,1788389454.0,1788389512.0,1788389719.0,1788389656.0,1788389731.0,306.0,1788389454.981285,1788389734.414189,1788390335.184385,i-02edbce051de8200a
1788390508.2099872,5,1,ghcr.io/talmolab/lablink-client-base-image:linux-amd64-test@sha256:1ec2fde6860186b3d45ac83890167258f83512955dbce65f072d4e8c310cb9de,0.2799713611602783,sleap-lablink-client-prod-vm-1,running,Healthy,0,1788389430.0,1788389454.0,1788389512.0,1788389719.0,1788389656.0,1788389729.0,304.0,1788389454.97747,1788389734.394763,1788390333.790377,i-0d0a8b81177a50dcd
1788390508.2099872,5,1,ghcr.io/talmolab/lablink-client-base-image:linux-amd64-test@sha256:1ec2fde6860186b3d45ac83890167258f83512955dbce65f072d4e8c310cb9de,0.2799713611602783,sleap-lablink-client-prod-vm-2,running,Healthy,0,1788389430.0,1788389454.0,1788389512.0,1788389718.0,1788389655.0,1788389730.0,305.0,1788389454.978876,1788389734.412472,1788390334.398339,i-075d1655ae16149db
1788390508.2099872,5,1,ghcr.io/talmolab/lablink-client-base-image:linux-amd64-test@sha256:1ec2fde6860186b3d45ac83890167258f83512955dbce65f072d4e8c310cb9de,0.2799713611602783,sleap-lablink-client-prod-vm-3,running,Healthy,0,1788389430.0,1788389454.0,1788389512.0,1788389718.0,1788389655.0,1788389725.0,300.0,1788389454.979714,1788389734.398341,1788390359.387175,i-07bbc1455104581e3
1788390508.2099872,5,1,ghcr.io/talmolab/lablink-client-base-image:linux-amd64-test@sha256:1ec2fde6860186b3d45ac83890167258f83512955dbce65f072d4e8c310cb9de,0.2799713611602783,sleap-lablink-client-prod-vm-4,running,Healthy,0,1788389430.0,1788389454.0,1788389512.0,1788389717.0,1788389654.0,1788389730.0,305.0,1788389454.980496,1788389734.394014,1788390334.516358,i-0c92ab1873f5417ba
1788390508.2099872,5,1,ghcr.io/talmolab/lablink-client-base-image:linux-amd64-test@sha256:1ec2fde6860186b3d45ac83890167258f83512955dbce65f072d4e8c310cb9de,0.2799713611602783,sleap-lablink-client-prod-vm-5,running,Healthy,0,1788389430.0,1788389454.0,1788389512.0,1788389719.0,1788389656.0,1788389731.0,306.0,1788389454.981285,1788389734.414189,1788390335.184385,i-02edbce051de8200a
1788390513.3048651,5,1,ghcr.io/talmolab/lablink-client-base-image:linux-amd64-test@sha256:1ec2fde6860186b3d45ac83890167258f83512955dbce65f072d4e8c310cb9de,0.2799713611602783,sleap-lablink-client-prod-vm-1,running,Healthy,0,1788389430.0,1788389454.0,1788389512.0,1788389719.0,1788389656.0,1788389729.0,304.0,1788389454.97747,1788389734.394763,1788390333.790377,i-0d0a8b81177a50dcd
1788390513.3048651,5,1,ghcr.io/talmolab/lablink-client-base-image:linux-amd64-test@sha256:1ec2fde6860186b3d45ac83890167258f83512955dbce65f072d4e8c310cb9de,0.2799713611602783,sleap-lablink-client-prod-vm-2,running,Healthy,0,1788389430.0,1788389454.0,1788389512.0,1788389718.0,1788389655.0,1788389730.0,305.0,1788389454.978876,1788389734.412472,1788390334.398339,i-075d1655ae16149db
1788390513.3048651,5,1,ghcr.io/talmolab/lablink-client-base-image:linux-amd64-test@sha256:1ec2fde6860186b3d45ac83890167258f83512955dbce65f072d4e8c310cb9de,0.2799713611602783,sleap-lablink-client-prod-vm-3,running,Healthy,0,1788389430.0,1788389454.0,1788389512.0,1788389718.0,1788389655.0,1788389725.0,300.0,1788389454.979714,1788389734.398341,1788390359.387175,i-07bbc1455104581e3
1788390513.3048651,5,1,ghcr.io/talmolab/lablink-client-base-image:linux-amd64-test@sha256:1ec2fde6860186b3d45ac83890167258f83512955dbce65f072d4e8c310cb9de,0.2799713611602783,sleap-lablink-client-prod-vm-4,running,Healthy,0,1788389430.0,1788389454.0,1788389512.0,1788389717.0,1788389654.0,1788389730.0,305.0,1788389454.980496,1788389734.394014,1788390334.516358,i-0c92ab1873f5417ba
1788390513.3048651,5,1,ghcr.io/talmolab/lablink-client-base-image:linux-amd64-test@sha256:1ec2fde6860186b3d45ac83890167258f83512955dbce65f072d4e8c310cb9de,0.2799713611602783,sleap-lablink-client-prod-vm-5,running,Healthy,0,1788389430.0,1788389454.0,1788389512.0,1788389719.0,1788389656.0,1788389731.0,306.0,1788389454.981285,1788389734.414189,1788390335.184385,i-02edbce051de8200a
1788390518.146322,5,1,ghcr.io/talmolab/lablink-client-base-image:linux-amd64-test@sha256:1ec2fde6860186b3d45ac83890167258f83512955dbce65f072d4e8c310cb9de,0.2799713611602783,sleap-lablink-client-prod-vm-1,running,Healthy,0,1788389430.0,1788389454.0,1788389512.0,1788389719.0,1788389656.0,1788389729.0,304.0,1788389454.97747,1788389734.394763,1788390333.790377,i-0d0a8b81177a50dcd
1788390518.146322,5,1,ghcr.io/talmolab/lablink-client-base-image:linux-amd64-test@sha256:1ec2fde6860186b3d45ac83890167258f83512955dbce65f072d4e8c310cb9de,0.2799713611602783,sleap-lablink-client-prod-vm-2,running,Healthy,0,1788389430.0,1788389454.0,1788389512.0,1788389718.0,1788389655.0,1788389730.0,305.0,1788389454.978876,1788389734.412472,1788390334.398339,i-075d1655ae16149db
1788390518.146322,5,1,ghcr.io/talmolab/lablink-client-base-image:linux-amd64-test@sha256:1ec2fde6860186b3d45ac83890167258f83512955dbce65f072d4e8c310cb9de,0.2799713611602783,sleap-lablink-client-prod-vm-3,running,Healthy,0,1788389430.0,1788389454.0,1788389512.0,1788389718.0,1788389655.0,1788389725.0,300.0,1788389454.979714,1788389734.398341,1788390359.387175,i-07bbc1455104581e3
1788390518.146322,5,1,ghcr.io/talmolab/lablink-client-base-image:linux-amd64-test@sha256:1ec2fde6860186b3d45ac83890167258f83512955dbce65f072d4e8c310cb9de,0.2799713611602783,sleap-lablink-client-prod-vm-4,running,Healthy,0,1788389430.0,1788389454.0,1788389512.0,1788389717.0,1788389654.0,1788389730.0,305.0,1788389454.980496,1788389734.394014,1788390334.516358,i-0c92ab1873f5417ba
1788390518.146322,5,1,ghcr.io/talmolab/lablink-client-base-image:linux-amd64-test@sha256:1ec2fde6860186b3d45ac83890167258f83512955dbce65f072d4e8c310cb9de,0.2799713611602783,sleap-lablink-client-prod-vm-5,running,Healthy,0,1788389430.0,1788389454.0,1788389512.0,1788389719.0,1788389656.0,1788389731.0,306.0,1788389454.981285,1788389734.414189,1788390335.184385,i-02edbce051de8200a
1788390523.253553,5,1,ghcr.io/talmolab/lablink-client-base-image:linux-amd64-test@sha256:1ec2fde6860186b3d45ac83890167258f83512955dbce65f072d4e8c310cb9de,0.2799713611602783,sleap-lablink-client-prod-vm-1,running,Healthy,0,1788389430.0,1788389454.0,1788389512.0,1788389719.0,1788389656.0,1788389729.0,304.0,1788389454.97747,1788389734.394763,1788390333.790377,i-0d0a8b81177a50dcd
1788390523.253553,5,1,ghcr.io/talmolab/lablink-client-base-image:linux-amd64-test@sha256:1ec2fde6860186b3d45ac83890167258f83512955dbce65f072d4e8c310cb9de,0.2799713611602783,sleap-lablink-client-prod-vm-2,running,Healthy,0,1788389430.0,1788389454.0,1788389512.0,1788389718.0,1788389655.0,1788389730.0,305.0,1788389454.978876,1788389734.412472,1788390334.398339,i-075d1655ae16149db
1788390523.253553,5,1,ghcr.io/talmolab/lablink-client-base-image:linux-amd64-test@sha256:1ec2fde6860186b3d45ac83890167258f83512955dbce65f072d4e8c310cb9de,0.2799713611602783,sleap-lablink-client-prod-vm-3,running,Healthy,0,1788389430.0,1788389454.0,1788389512.0,1788389718.0,1788389655.0,1788389725.0,300.0,1788389454.979714,1788389734.398341,1788390359.387175,i-07bbc1455104581e3
1788390523.253553,5,1,ghcr.io/talmolab/lablink-client-base-image:linux-amd64-test@sha256:1ec2fde6860186b3d45ac83890167258f83512955dbce65f072d4e8c310cb9de,0.2799713611602783,sleap-lablink-client-prod-vm-4,running,Healthy,0,1788389430.0,1788389454.0,1788389512.0,1788389717.0,1788389654.0,1788389730.0,305.0,1788389454.980496,1788389734.394014,1788390334.516358,i-0c92ab1873f5417ba
1788390523.253553,5,1,ghcr.io/talmolab/lablink-client-base-image:linux-amd64-test@sha256:1ec2fde6860186b3d45ac83890167258f83512955dbce65f072d4e8c310cb9de,0.2799713611602783,sleap-lablink-client-prod-vm-5,running,Healthy,0,1788389430.0,1788389454.0,1788389512.0,1788389719.0,1788389656.0,1788389731.0,306.0,1788389454.981285,1788389734.414189,1788390335.184385,i-02edbce051de8200a
1788390528.277055,5,1,ghcr.io/talmolab/lablink-client-base-image:linux-amd64-test@sha256:1ec2fde6860186b3d45ac83890167258f83512955dbce65f072d4e8c310cb9de,0.2799713611602783,sleap-lablink-client-prod-vm-1,running,Healthy,0,1788389430.0,1788389454.0,1788389512.0,1788389719.0,1788389656.0,1788389729.0,304.0,1788389454.97747,1788389734.394763,1788390333.790377,i-0d0a8b81177a50dcd
1788390528.277055,5,1,ghcr.io/talmolab/lablink-client-base-image:linux-amd64-test@sha256:1ec2fde6860186b3d45ac83890167258f83512955dbce65f072d4e8c310cb9de,0.2799713611602783,sleap-lablink-client-prod-vm-2,running,Healthy,0,1788389430.0,1788389454.0,1788389512.0,1788389718.0,1788389655.0,1788389730.0,305.0,1788389454.978876,1788389734.412472,1788390334.398339,i-075d1655ae16149db
1788390528.277055,5,1,ghcr.io/talmolab/lablink-client-base-image:linux-amd64-test@sha256:1ec2fde6860186b3d45ac83890167258f83512955dbce65f072d4e8c310cb9de,0.2799713611602783,sleap-lablink-client-prod-vm-3,running,Healthy,0,1788389430.0,1788389454.0,1788389512.0,1788389718.0,1788389655.0,1788389725.0,300.0,1788389454.979714,1788389734.398341,1788390359.387175,i-07bbc1455104581e3
1788390528.277055,5,1,ghcr.io/talmolab/lablink-client-base-image:linux-amd64-test@sha256:1ec2fde6860186b3d45ac83890167258f83512955dbce65f072d4e8c310cb9de,0.2799713611602783,sleap-lablink-client-prod-vm-4,running,Healthy,0,1788389430.0,1788389454.0,1788389512.0,1788389717.0,1788389654.0,1788389730.0,305.0,1788389454.980496,1788389734.394014,1788390334.516358,i-0c92ab1873f5417ba
1788390528.277055,5,1,ghcr.io/talmolab/lablink-client-base-image:linux-amd64-test@sha256:1ec2fde6860186b3d45ac83890167258f83512955dbce65f072d4e8c310cb9de,0.2799713611602783,sleap-lablink-client-prod-vm-5,running,Healthy,0,1788389430.0,1788389454.0,1788389512.0,1788389719.0,1788389656.0,1788389731.0,306.0,1788389454.981285,1788389734.414189,1788390335.184385,i-02edbce051de8200a
1788390533.223563,5,1,ghcr.io/talmolab/lablink-client-base-image:linux-amd64-test@sha256:1ec2fde6860186b3d45ac83890167258f83512955dbce65f072d4e8c310cb9de,0.2799713611602783,sleap-lablink-client-prod-vm-1,running,Healthy,0,1788389430.0,1788389454.0,1788389512.0,1788389719.0,1788389656.0,1788389729.0,304.0,1788389454.97747,1788389734.394763,1788390333.790377,i-0d0a8b81177a50dcd
1788390533.223563,5,1,ghcr.io/talmolab/lablink-client-base-image:linux-amd64-test@sha256:1ec2fde6860186b3d45ac83890167258f83512955dbce65f072d4e8c310cb9de,0.2799713611602783,sleap-lablink-client-prod-vm-2,running,Healthy,0,1788389430.0,1788389454.0,1788389512.0,1788389718.0,1788389655.0,1788389730.0,305.0,1788389454.978876,1788389734.412472,1788390334.398339,i-075d1655ae16149db
1788390533.223563,5,1,ghcr.io/talmolab/lablink-client-base-image:linux-amd64-test@sha256:1ec2fde6860186b3d45ac83890167258f83512955dbce65f072d4e8c310cb9de,0.2799713611602783,sleap-lablink-client-prod-vm-3,running,Healthy,0,1788389430.0,1788389454.0,1788389512.0,1788389718.0,1788389655.0,1788389725.0,300.0,1788389454.979714,1788389734.398341,1788390359.387175,i-07bbc1455104581e3
1788390533.223563,5,1,ghcr.io/talmolab/lablink-client-base-image:linux-amd64-test@sha256:1ec2fde6860186b3d45ac83890167258f83512955dbce65f072d4e8c310cb9de,0.2799713611602783,sleap-lablink-client-prod-vm-4,running,Healthy,0,1788389430.0,1788389454.0,1788389512.0,1788389717.0,1788389654.0,1788389730.0,305.0,1788389454.980496,1788389734.394014,1788390334.516358,i-0c92ab1873f5417ba
1788390533.223563,5,1,ghcr.io/talmolab/lablink-client-base-image:linux-amd64-test@sha256:1ec2fde6860186b3d45ac83890167258f83512955dbce65f072d4e8c310cb9de,0.2799713611602783,sleap-lablink-client-prod-vm-5,running,Healthy,0,1788389430.0,1788389454.0,1788389512.0,1788389719.0,1788389656.0,1788389731.0,306.0,1788389454.981285,1788389734.414189,1788390335.184385,i-02edbce051de8200a
1788390538.2387,5,1,ghcr.io/talmolab/lablink-client-base-image:linux-amd64-test@sha256:1ec2fde6860186b3d45ac83890167258f83512955dbce65f072d4e8c310cb9de,0.2799713611602783,sleap-lablink-client-prod-vm-1,running,Healthy,0,1788389430.0,1788389454.0,1788389512.0,1788389719.0,1788389656.0,1788389729.0,304.0,1788389454.97747,1788389734.394763,1788390333.790377,i-0d0a8b81177a50dcd
1788390538.2387,5,1,ghcr.io/talmolab/lablink-client-base-image:linux-amd64-test@sha256:1ec2fde6860186b3d45ac83890167258f83512955dbce65f072d4e8c310cb9de,0.2799713611602783,sleap-lablink-client-prod-vm-2,running,Healthy,0,1788389430.0,1788389454.0,1788389512.0,1788389718.0,1788389655.0,1788389730.0,305.0,1788389454.978876,1788389734.412472,1788390334.398339,i-075d1655ae16149db
1788390538.2387,5,1,ghcr.io/talmolab/lablink-client-base-image:linux-amd64-test@sha256:1ec2fde6860186b3d45ac83890167258f83512955dbce65f072d4e8c310cb9de,0.2799713611602783,sleap-lablink-client-prod-vm-3,running,Healthy,0,1788389430.0,1788389454.0,1788389512.0,1788389718.0,1788389655.0,1788389725.0,300.0,1788389454.979714,1788389734.398341,1788390359.387175,i-07bbc1455104581e3
1788390538.2387,5,1,ghcr.io/talmolab/lablink-client-base-image:linux-amd64-test@sha256:1ec2fde6860186b3d45ac83890167258f83512955dbce65f072d4e8c310cb9de,0.2799713611602783,sleap-lablink-client-prod-vm-4,running,Healthy,0,1788389430.0,1788389454.0,1788389512.0,1788389717.0,1788389654.0,1788389730.0,305.0,1788389454.980496,1788389734.394014,1788390334.516358,i-0c92ab1873f5417ba
1788390538.2387,5,1,ghcr.io/talmolab/lablink-client-base-image:linux-amd64-test@sha256:1ec2fde6860186b3d45ac83890167258f83512955dbce65f072d4e8c310cb9de,0.2799713611602783,sleap-lablink-client-prod-vm-5,running,Healthy,0,1788389430.0,1788389454.0,1788389512.0,1788389719.0,1788389656.0,1788389731.0,306.0,1788389454.981285,1788389734.414189,1788390335.184385,i-02edbce051de8200a
1788390543.217012,5,1,ghcr.io/talmolab/lablink-client-base-image:linux-amd64-test@sha256:1ec2fde6860186b3d45ac83890167258f83512955dbce65f072d4e8c310cb9de,0.2799713611602783,sleap-lablink-client-prod-vm-1,running,Healthy,0,1788389430.0,1788389454.0,1788389512.0,1788389719.0,1788389656.0,1788389729.0,304.0,1788389454.97747,1788389734.394763,1788390333.790377,i-0d0a8b81177a50dcd
1788390543.217012,5,1,ghcr.io/talmolab/lablink-client-base-image:linux-amd64-test@sha256:1ec2fde6860186b3d45ac83890167258f83512955dbce65f072d4e8c310cb9de,0.2799713611602783,sleap-lablink-client-prod-vm-2,running,Healthy,0,1788389430.0,1788389454.0,1788389512.0,1788389718.0,1788389655.0,1788389730.0,305.0,1788389454.978876,1788389734.412472,1788390334.398339,i-075d1655ae16149db
1788390543.217012,5,1,ghcr.io/talmolab/lablink-client-base-image:linux-amd64-test@sha256:1ec2fde6860186b3d45ac83890167258f83512955dbce65f072d4e8c310cb9de,0.2799713611602783,sleap-lablink-client-prod-vm-3,running,Healthy,0,1788389430.0,1788389454.0,1788389512.0,1788389718.0,1788389655.0,1788389725.0,300.0,1788389454.979714,1788389734.398341,1788390359.387175,i-07bbc1455104581e3
1788390543.217012,5,1,ghcr.io/talmolab/lablink-client-base-image:linux-amd64-test@sha256:1ec2fde6860186b3d45ac83890167258f83512955dbce65f072d4e8c310cb9de,0.2799713611602783,sleap-lablink-client-prod-vm-4,running,Healthy,0,1788389430.0,1788389454.0,1788389512.0,1788389717.0,1788389654.0,1788389730.0,305.0,1788389454.980496,1788389734.394014,1788390334.516358,i-0c92ab1873f5417ba
1788390543.217012,5,1,ghcr.io/talmolab/lablink-client-base-image:linux-amd64-test@sha256:1ec2fde6860186b3d45ac83890167258f83512955dbce65f072d4e8c310cb9de,0.2799713611602783,sleap-lablink-client-prod-vm-5,running,Healthy,0,1788389430.0,1788389454.0,1788389512.0,1788389719.0,1788389656.0,1788389731.0,306.0,1788389454.981285,1788389734.414189,1788390335.184385,i-02edbce051de8200a
1788390548.255637,5,1,ghcr.io/talmolab/lablink-client-base-image:linux-amd64-test@sha256:1ec2fde6860186b3d45ac83890167258f83512955dbce65f072d4e8c310cb9de,0.2799713611602783,sleap-lablink-client-prod-vm-1,running,Healthy,0,1788389430.0,1788389454.0,1788389512.0,1788389719.0,1788389656.0,1788389729.0,304.0,1788389454.97747,1788389734.394763,1788390333.790377,i-0d0a8b81177a50dcd
1788390548.255637,5,1,ghcr.io/talmolab/lablink-client-base-image:linux-amd64-test@sha256:1ec2fde6860186b3d45ac83890167258f83512955dbce65f072d4e8c310cb9de,0.2799713611602783,sleap-lablink-client-prod-vm-2,running,Healthy,0,1788389430.0,1788389454.0,1788389512.0,1788389718.0,1788389655.0,1788389730.0,305.0,1788389454.978876,1788389734.412472,1788390334.398339,i-075d1655ae16149db
1788390548.255637,5,1,ghcr.io/talmolab/lablink-client-base-image:linux-amd64-test@sha256:1ec2fde6860186b3d45ac83890167258f83512955dbce65f072d4e8c310cb9de,0.2799713611602783,sleap-lablink-client-prod-vm-3,running,Healthy,0,1788389430.0,1788389454.0,1788389512.0,1788389718.0,1788389655.0,1788389725.0,300.0,1788389454.979714,1788389734.398341,1788390359.387175,i-07bbc1455104581e3
1788390548.255637,5,1,ghcr.io/talmolab/lablink-client-base-image:linux-amd64-test@sha256:1ec2fde6860186b3d45ac83890167258f83512955dbce65f072d4e8c310cb9de,0.2799713611602783,sleap-lablink-client-prod-vm-4,running,Healthy,0,1788389430.0,1788389454.0,1788389512.0,1788389717.0,1788389654.0,1788389730.0,305.0,1788389454.980496,1788389734.394014,1788390334.516358,i-0c92ab1873f5417ba
1788390548.255637,5,1,ghcr.io/talmolab/lablink-client-base-image:linux-amd64-test@sha256:1ec2fde6860186b3d45ac83890167258f83512955dbce65f072d4e8c310cb9de,0.2799713611602783,sleap-lablink-client-prod-vm-5,running,Healthy,0,1788389430.0,1788389454.0,1788389512.0,1788389719.0,1788389656.0,1788389731.0,306.0,1788389454.981285,1788389734.414189,1788390335.184385,i-02edbce051de8200a
1788390553.2620091,5,1,ghcr.io/talmolab/lablink-client-base-image:linux-amd64-test@sha256:1ec2fde6860186b3d45ac83890167258f83512955dbce65f072d4e8c310cb9de,0.2799713611602783,sleap-lablink-client-prod-vm-1,running,Healthy,0,1788389430.0,1788389454.0,1788389512.0,1788389719.0,1788389656.0,1788389729.0,304.0,1788389454.97747,1788389734.394763,1788390333.790377,i-0d0a8b81177a50dcd
1788390553.2620091,5,1,ghcr.io/talmolab/lablink-client-base-image:linux-amd64-test@sha256:1ec2fde6860186b3d45ac83890167258f83512955dbce65f072d4e8c310cb9de,0.2799713611602783,sleap-lablink-client-prod-vm-2,running,Healthy,0,1788389430.0,1788389454.0,1788389512.0,1788389718.0,1788389655.0,1788389730.0,305.0,1788389454.978876,1788389734.412472,1788390334.398339,i-075d1655ae16149db
1788390553.2620091,5,1,ghcr.io/talmolab/lablink-client-base-image:linux-amd64-test@sha256:1ec2fde6860186b3d45ac83890167258f83512955dbce65f072d4e8c310cb9de,0.2799713611602783,sleap-lablink-client-prod-vm-3,running,Healthy,0,1788389430.0,1788389454.0,1788389512.0,1788389718.0,1788389655.0,1788389725.0,300.0,1788389454.979714,1788389734.398341,1788390359.387175,i-07bbc1455104581e3
1788390553.2620091,5,1,ghcr.io/talmolab/lablink-client-base-image:linux-amd64-test@sha256:1ec2fde6860186b3d45ac83890167258f83512955dbce65f072d4e8c310cb9de,0.2799713611602783,sleap-lablink-client-prod-vm-4,running,Healthy,0,1788389430.0,1788389454.0,1788389512.0,1788389717.0,1788389654.0,1788389730.0,305.0,1788389454.980496,1788389734.394014,1788390334.516358,i-0c92ab1873f5417ba
1788390553.2620091,5,1,ghcr.io/talmolab/lablink-client-base-image:linux-amd64-test@sha256:1ec2fde6860186b3d45ac83890167258f83512955dbce65f072d4e8c310cb9de,0.2799713611602783,sleap-lablink-client-prod-vm-5,running,Healthy,0,1788389430.0,1788389454.0,1788389512.0,1788389719.0,1788389656.0,1788389731.0,306.0,1788389454.981285,1788389734.414189,1788390335.184385,i-02edbce051de8200a
1788390558.2407942,5,1,ghcr.io/talmolab/lablink-client-base-image:linux-amd64-test@sha256:1ec2fde6860186b3d45ac83890167258f83512955dbce65f072d4e8c310cb9de,0.2799713611602783,sleap-lablink-client-prod-vm-1,running,Healthy,0,1788389430.0,1788389454.0,1788389512.0,1788389719.0,1788389656.0,1788389729.0,304.0,1788389454.97747,1788389734.394763,1788390333.790377,i-0d0a8b81177a50dcd
1788390558.2407942,5,1,ghcr.io/talmolab/lablink-client-base-image:linux-amd64-test@sha256:1ec2fde6860186b3d45ac83890167258f83512955dbce65f072d4e8c310cb9de,0.2799713611602783,sleap-lablink-client-prod-vm-2,running,Healthy,0,1788389430.0,1788389454.0,1788389512.0,1788389718.0,1788389655.0,1788389730.0,305.0,1788389454.978876,1788389734.412472,1788390334.398339,i-075d1655ae16149db
1788390558.2407942,5,1,ghcr.io/talmolab/lablink-client-base-image:linux-amd64-test@sha256:1ec2fde6860186b3d45ac83890167258f83512955dbce65f072d4e8c310cb9de,0.2799713611602783,sleap-lablink-client-prod-vm-3,running,Healthy,0,1788389430.0,1788389454.0,1788389512.0,1788389718.0,1788389655.0,1788389725.0,300.0,1788389454.979714,1788389734.398341,1788390359.387175,i-07bbc1455104581e3
1788390558.2407942,5,1,ghcr.io/talmolab/lablink-client-base-image:linux-amd64-test@sha256:1ec2fde6860186b3d45ac83890167258f83512955dbce65f072d4e8c310cb9de,0.2799713611602783,sleap-lablink-client-prod-vm-4,running,Healthy,0,1788389430.0,1788389454.0,1788389512.0,1788389717.0,1788389654.0,1788389730.0,305.0,1788389454.980496,1788389734.394014,1788390334.516358,i-0c92ab1873f5417ba
1788390558.2407942,5,1,ghcr.io/talmolab/lablink-client-base-image:linux-amd64-test@sha256:1ec2fde6860186b3d45ac83890167258f83512955dbce65f072d4e8c310cb9de,0.2799713611602783,sleap-lablink-client-prod-vm-5,running,Healthy,0,1788389430.0,1788389454.0,1788389512.0,1788389719.0,1788389656.0,1788389731.0,306.0,1788389454.981285,1788389734.414189,1788390335.184385,i-02edbce051de8200a
1788390563.276908,5,1,ghcr.io/talmolab/lablink-client-base-image:linux-amd64-test@sha256:1ec2fde6860186b3d45ac83890167258f83512955dbce65f072d4e8c310cb9de,0.2799713611602783,sleap-lablink-client-prod-vm-1,running,Healthy,0,1788389430.0,1788389454.0,1788389512.0,1788389719.0,1788389656.0,1788389729.0,304.0,1788389454.97747,1788389734.394763,1788390333.790377,i-0d0a8b81177a50dcd
1788390563.276908,5,1,ghcr.io/talmolab/lablink-client-base-image:linux-amd64-test@sha256:1ec2fde6860186b3d45ac83890167258f83512955dbce65f072d4e8c310cb9de,0.2799713611602783,sleap-lablink-client-prod-vm-2,running,Healthy,0,1788389430.0,1788389454.0,1788389512.0,1788389718.0,1788389655.0,1788389730.0,305.0,1788389454.978876,1788389734.412472,1788390334.398339,i-075d1655ae16149db
1788390563.276908,5,1,ghcr.io/talmolab/lablink-client-base-image:linux-amd64-test@sha256:1ec2fde6860186b3d45ac83890167258f83512955dbce65f072d4e8c310cb9de,0.2799713611602783,sleap-lablink-client-prod-vm-3,running,Healthy,0,1788389430.0,1788389454.0,1788389512.0,1788389718.0,1788389655.0,1788389725.0,300.0,1788389454.979714,1788389734.398341,1788390359.387175,i-07bbc1455104581e3
1788390563.276908,5,1,ghcr.io/talmolab/lablink-client-base-image:linux-amd64-test@sha256:1ec2fde6860186b3d45ac83890167258f83512955dbce65f072d4e8c310cb9de,0.2799713611602783,sleap-lablink-client-prod-vm-4,running,Healthy,0,1788389430.0,1788389454.0,1788389512.0,1788389717.0,1788389654.0,1788389730.0,305.0,1788389454.980496,1788389734.394014,1788390334.516358,i-0c92ab1873f5417ba
1788390563.276908,5,1,ghcr.io/talmolab/lablink-client-base-image:linux-amd64-test@sha256:1ec2fde6860186b3d45ac83890167258f83512955dbce65f072d4e8c310cb9de,0.2799713611602783,sleap-lablink-client-prod-vm-5,running,Healthy,0,1788389430.0,1788389454.0,1788389512.0,1788389719.0,1788389656.0,1788389731.0,306.0,1788389454.981285,1788389734.414189,1788390335.184385,i-02edbce051de8200a
1788390568.308089,5,1,ghcr.io/talmolab/lablink-client-base-image:linux-amd64-test@sha256:1ec2fde6860186b3d45ac83890167258f83512955dbce65f072d4e8c310cb9de,0.2799713611602783,sleap-lablink-client-prod-vm-1,running,Healthy,0,1788389430.0,1788389454.0,1788389512.0,1788389719.0,1788389656.0,1788389729.0,304.0,1788389454.97747,1788389734.394763,1788390333.790377,i-0d0a8b81177a50dcd
1788390568.308089,5,1,ghcr.io/talmolab/lablink-client-base-image:linux-amd64-test@sha256:1ec2fde6860186b3d45ac83890167258f83512955dbce65f072d4e8c310cb9de,0.2799713611602783,sleap-lablink-client-prod-vm-2,running,Healthy,0,1788389430.0,1788389454.0,1788389512.0,1788389718.0,1788389655.0,1788389730.0,305.0,1788389454.978876,1788389734.412472,1788390334.398339,i-075d1655ae16149db
1788390568.308089,5,1,ghcr.io/talmolab/lablink-client-base-image:linux-amd64-test@sha256:1ec2fde6860186b3d45ac83890167258f83512955dbce65f072d4e8c310cb9de,0.2799713611602783,sleap-lablink-client-prod-vm-3,running,Healthy,0,1788389430.0,1788389454.0,1788389512.0,1788389718.0,1788389655.0,1788389725.0,300.0,1788389454.979714,1788389734.398341,1788390359.387175,i-07bbc1455104581e3
1788390568.308089,5,1,ghcr.io/talmolab/lablink-client-base-image:linux-amd64-test@sha256:1ec2fde6860186b3d45ac83890167258f83512955dbce65f072d4e8c310cb9de,0.2799713611602783,sleap-lablink-client-prod-vm-4,running,Healthy,0,1788389430.0,1788389454.0,1788389512.0,1788389717.0,1788389654.0,1788389730.0,305.0,1788389454.980496,1788389734.394014,1788390334.516358,i-0c92ab1873f5417ba
1788390568.308089,5,1,ghcr.io/talmolab/lablink-client-base-image:linux-amd64-test@sha256:1ec2fde6860186b3d45ac83890167258f83512955dbce65f072d4e8c310cb9de,0.2799713611602783,sleap-lablink-client-prod-vm-5,running,Healthy,0,1788389430.0,1788389454.0,1788389512.0,1788389719.0,1788389656.0,1788389731.0,306.0,1788389454.981285,1788389734.414189,1788390335.184385,i-02edbce051de8200a
1788390573.259542,5,1,ghcr.io/talmolab/lablink-client-base-image:linux-amd64-test@sha256:1ec2fde6860186b3d45ac83890167258f83512955dbce65f072d4e8c310cb9de,0.2799713611602783,sleap-lablink-client-prod-vm-1,running,Healthy,0,1788389430.0,1788389454.0,1788389512.0,1788389719.0,1788389656.0,1788389729.0,304.0,1788389454.97747,1788389734.394763,1788390333.790377,i-0d0a8b81177a50dcd
1788390573.259542,5,1,ghcr.io/talmolab/lablink-client-base-image:linux-amd64-test@sha256:1ec2fde6860186b3d45ac83890167258f83512955dbce65f072d4e8c310cb9de,0.2799713611602783,sleap-lablink-client-prod-vm-2,running,Healthy,0,1788389430.0,1788389454.0,1788389512.0,1788389718.0,1788389655.0,1788389730.0,305.0,1788389454.978876,1788389734.412472,1788390334.398339,i-075d1655ae16149db
1788390573.259542,5,1,ghcr.io/talmolab/lablink-client-base-image:linux-amd64-test@sha256:1ec2fde6860186b3d45ac83890167258f83512955dbce65f072d4e8c310cb9de,0.2799713611602783,sleap-lablink-client-prod-vm-3,running,Healthy,0,1788389430.0,1788389454.0,1788389512.0,1788389718.0,1788389655.0,1788389725.0,300.0,1788389454.979714,1788389734.398341,1788390359.387175,i-07bbc1455104581e3
1788390573.259542,5,1,ghcr.io/talmolab/lablink-client-base-image:linux-amd64-test@sha256:1ec2fde6860186b3d45ac83890167258f83512955dbce65f072d4e8c310cb9de,0.2799713611602783,sleap-lablink-client-prod-vm-4,running,Healthy,0,1788389430.0,1788389454.0,1788389512.0,1788389717.0,1788389654.0,1788389730.0,305.0,1788389454.980496,1788389734.394014,1788390334.516358,i-0c92ab1873f5417ba
1788390573.259542,5,1,ghcr.io/talmolab/lablink-client-base-image:linux-amd64-test@sha256:1ec2fde6860186b3d45ac83890167258f83512955dbce65f072d4e8c310cb9de,0.2799713611602783,sleap-lablink-client-prod-vm-5,running,Healthy,0,1788389430.0,1788389454.0,1788389512.0,1788389719.0,1788389656.0,1788389731.0,306.0,1788389454.981285,1788389734.414189,1788390335.184385,i-02edbce051de8200a
1788390578.354568,5,1,ghcr.io/talmolab/lablink-client-base-image:linux-amd64-test@sha256:1ec2fde6860186b3d45ac83890167258f83512955dbce65f072d4e8c310cb9de,0.2799713611602783,sleap-lablink-client-prod-vm-1,running,Healthy,0,1788389430.0,1788389454.0,1788389512.0,1788389719.0,1788389656.0,1788389729.0,304.0,1788389454.97747,1788389734.394763,1788390333.790377,i-0d0a8b81177a50dcd
1788390578.354568,5,1,ghcr.io/talmolab/lablink-client-base-image:linux-amd64-test@sha256:1ec2fde6860186b3d45ac83890167258f83512955dbce65f072d4e8c310cb9de,0.2799713611602783,sleap-lablink-client-prod-vm-2,running,Healthy,0,1788389430.0,1788389454.0,1788389512.0,1788389718.0,1788389655.0,1788389730.0,305.0,1788389454.978876,1788389734.412472,1788390334.398339,i-075d1655ae16149db
1788390578.354568,5,1,ghcr.io/talmolab/lablink-client-base-image:linux-amd64-test@sha256:1ec2fde6860186b3d45ac83890167258f83512955dbce65f072d4e8c310cb9de,0.2799713611602783,sleap-lablink-client-prod-vm-3,running,Healthy,0,1788389430.0,1788389454.0,1788389512.0,1788389718.0,1788389655.0,1788389725.0,300.0,1788389454.979714,1788389734.398341,1788390359.387175,i-07bbc1455104581e3
1788390578.354568,5,1,ghcr.io/talmolab/lablink-client-base-image:linux-amd64-test@sha256:1ec2fde6860186b3d45ac83890167258f83512955dbce65f072d4e8c310cb9de,0.2799713611602783,sleap-lablink-client-prod-vm-4,running,Healthy,0,1788389430.0,1788389454.0,1788389512.0,1788389717.0,1788389654.0,1788389730.0,305.0,1788389454.980496,1788389734.394014,1788390334.516358,i-0c92ab1873f5417ba
1788390578.354568,5,1,ghcr.io/talmolab/lablink-client-base-image:linux-amd64-test@sha256:1ec2fde6860186b3d45ac83890167258f83512955dbce65f072d4e8c310cb9de,0.2799713611602783,sleap-lablink-client-prod-vm-5,running,Healthy,0,1788389430.0,1788389454.0,1788389512.0,1788389719.0,1788389656.0,1788389731.0,306.0,1788389454.981285,1788389734.414189,1788390335.184385,i-02edbce051de8200a
1788390583.209758,5,1,ghcr.io/talmolab/lablink-client-base-image:linux-amd64-test@sha256:1ec2fde6860186b3d45ac83890167258f83512955dbce65f072d4e8c310cb9de,0.2799713611602783,sleap-lablink-client-prod-vm-1,running,Healthy,0,1788389430.0,1788389454.0,1788389512.0,1788389719.0,1788389656.0,1788389729.0,304.0,1788389454.97747,1788389734.394763,1788390333.790377,i-0d0a8b81177a50dcd
1788390583.209758,5,1,ghcr.io/talmolab/lablink-client-base-image:linux-amd64-test@sha256:1ec2fde6860186b3d45ac83890167258f83512955dbce65f072d4e8c310cb9de,0.2799713611602783,sleap-lablink-client-prod-vm-2,running,Healthy,0,1788389430.0,1788389454.0,1788389512.0,1788389718.0,1788389655.0,1788389730.0,305.0,1788389454.978876,1788389734.412472,1788390334.398339,i-075d1655ae16149db
1788390583.209758,5,1,ghcr.io/talmolab/lablink-client-base-image:linux-amd64-test@sha256:1ec2fde6860186b3d45ac83890167258f83512955dbce65f072d4e8c310cb9de,0.2799713611602783,sleap-lablink-client-prod-vm-3,running,Healthy,0,1788389430.0,1788389454.0,1788389512.0,1788389718.0,1788389655.0,1788389725.0,300.0,1788389454.979714,1788389734.398341,1788390359.387175,i-07bbc1455104581e3
1788390583.209758,5,1,ghcr.io/talmolab/lablink-client-base-image:linux-amd64-test@sha256:1ec2fde6860186b3d45ac83890167258f83512955dbce65f072d4e8c310cb9de,0.2799713611602783,sleap-lablink-client-prod-vm-4,running,Healthy,0,1788389430.0,1788389454.0,1788389512.0,1788389717.0,1788389654.0,1788389730.0,305.0,1788389454.980496,1788389734.394014,1788390334.516358,i-0c92ab1873f5417ba
1788390583.209758,5,1,ghcr.io/talmolab/lablink-client-base-image:linux-amd64-test@sha256:1ec2fde6860186b3d45ac83890167258f83512955dbce65f072d4e8c310cb9de,0.2799713611602783,sleap-lablink-client-prod-vm-5,running,Healthy,0,1788389430.0,1788389454.0,1788389512.0,1788389719.0,1788389656.0,1788389731.0,306.0,1788389454.981285,1788389734.414189,1788390335.184385,i-02edbce051de8200a
1788390588.267688,5,1,ghcr.io/talmolab/lablink-client-base-image:linux-amd64-test@sha256:1ec2fde6860186b3d45ac83890167258f83512955dbce65f072d4e8c310cb9de,0.2799713611602783,sleap-lablink-client-prod-vm-1,running,Healthy,0,1788389430.0,1788389454.0,1788389512.0,1788389719.0,1788389656.0,1788389729.0,304.0,1788389454.97747,1788389734.394763,1788390333.790377,i-0d0a8b81177a50dcd
1788390588.267688,5,1,ghcr.io/talmolab/lablink-client-base-image:linux-amd64-test@sha256:1ec2fde6860186b3d45ac83890167258f83512955dbce65f072d4e8c310cb9de,0.2799713611602783,sleap-lablink-client-prod-vm-2,running,Healthy,0,1788389430.0,1788389454.0,1788389512.0,1788389718.0,1788389655.0,1788389730.0,305.0,1788389454.978876,1788389734.412472,1788390334.398339,i-075d1655ae16149db
1788390588.267688,5,1,ghcr.io/talmolab/lablink-client-base-image:linux-amd64-test@sha256:1ec2fde6860186b3d45ac83890167258f83512955dbce65f072d4e8c310cb9de,0.2799713611602783,sleap-lablink-client-prod-vm-3,running,Healthy,0,1788389430.0,1788389454.0,1788389512.0,1788389718.0,1788389655.0,1788389725.0,300.0,1788389454.979714,1788389734.398341,1788390359.387175,i-07bbc1455104581e3
1788390588.267688,5,1,ghcr.io/talmolab/lablink-client-base-image:linux-amd64-test@sha256:1ec2fde6860186b3d45ac83890167258f83512955dbce65f072d4e8c310cb9de,0.2799713611602783,sleap-lablink-client-prod-vm-4,running,Healthy,0,1788389430.0,1788389454.0,1788389512.0,1788389717.0,1788389654.0,1788389730.0,305.0,1788389454.980496,1788389734.394014,1788390334.516358,i-0c92ab1873f5417ba
1788390588.267688,5,1,ghcr.io/talmolab/lablink-client-base-image:linux-amd64-test@sha256:1ec2fde6860186b3d45ac83890167258f83512955dbce65f072d4e8c310cb9de,0.2799713611602783,sleap-lablink-client-prod-vm-5,running,Healthy,0,1788389430.0,1788389454.0,1788389512.0,1788389719.0,1788389656.0,1788389731.0,306.0,1788389454.981285,1788389734.414189,1788390335.184385,i-02edbce051de8200a
1788390593.602387,5,1,ghcr.io/talmolab/lablink-client-base-image:linux-amd64-test@sha256:1ec2fde6860186b3d45ac83890167258f83512955dbce65f072d4e8c310cb9de,0.2799713611602783,sleap-lablink-client-prod-vm-1,running,Healthy,0,1788389430.0,1788389454.0,1788389512.0,1788389719.0,1788389656.0,1788389729.0,304.0,1788389454.97747,1788389734.394763,1788390333.790377,i-0d0a8b81177a50dcd
1788390593.602387,5,1,ghcr.io/talmolab/lablink-client-base-image:linux-amd64-test@sha256:1ec2fde6860186b3d45ac83890167258f83512955dbce65f072d4e8c310cb9de,0.2799713611602783,sleap-lablink-client-prod-vm-2,running,Healthy,0,1788389430.0,1788389454.0,1788389512.0,1788389718.0,1788389655.0,1788389730.0,305.0,1788389454.978876,1788389734.412472,1788390334.398339,i-075d1655ae16149db
1788390593.602387,5,1,ghcr.io/talmolab/lablink-client-base-image:linux-amd64-test@sha256:1ec2fde6860186b3d45ac83890167258f83512955dbce65f072d4e8c310cb9de,0.2799713611602783,sleap-lablink-client-prod-vm-3,running,Healthy,0,1788389430.0,1788389454.0,1788389512.0,1788389718.0,1788389655.0,1788389725.0,300.0,1788389454.979714,1788389734.398341,1788390359.387175,i-07bbc1455104581e3
1788390593.602387,5,1,ghcr.io/talmolab/lablink-client-base-image:linux-amd64-test@sha256:1ec2fde6860186b3d45ac83890167258f83512955dbce65f072d4e8c310cb9de,0.2799713611602783,sleap-lablink-client-prod-vm-4,running,Healthy,0,1788389430.0,1788389454.0,1788389512.0,1788389717.0,1788389654.0,1788389730.0,305.0,1788389454.980496,1788389734.394014,1788390334.516358,i-0c92ab1873f5417ba
1788390593.602387,5,1,ghcr.io/talmolab/lablink-client-base-image:linux-amd64-test@sha256:1ec2fde6860186b3d45ac83890167258f83512955dbce65f072d4e8c310cb9de,0.2799713611602783,sleap-lablink-client-prod-vm-5,running,Healthy,0,1788389430.0,1788389454.0,1788389512.0,1788389719.0,1788389656.0,1788389731.0,306.0,1788389454.981285,1788389734.414189,1788390335.184385,i-02edbce051de8200a
1788390598.2651799,5,1,ghcr.io/talmolab/lablink-client-base-image:linux-amd64-test@sha256:1ec2fde6860186b3d45ac83890167258f83512955dbce65f072d4e8c310cb9de,0.2799713611602783,sleap-lablink-client-prod-vm-1,running,Healthy,0,1788389430.0,1788389454.0,1788389512.0,1788389719.0,1788389656.0,1788389729.0,304.0,1788389454.97747,1788389734.394763,1788390333.790377,i-0d0a8b81177a50dcd
1788390598.2651799,5,1,ghcr.io/talmolab/lablink-client-base-image:linux-amd64-test@sha256:1ec2fde6860186b3d45ac83890167258f83512955dbce65f072d4e8c310cb9de,0.2799713611602783,sleap-lablink-client-prod-vm-2,running,Healthy,0,1788389430.0,1788389454.0,1788389512.0,1788389718.0,1788389655.0,1788389730.0,305.0,1788389454.978876,1788389734.412472,1788390334.398339,i-075d1655ae16149db
1788390598.2651799,5,1,ghcr.io/talmolab/lablink-client-base-image:linux-amd64-test@sha256:1ec2fde6860186b3d45ac83890167258f83512955dbce65f072d4e8c310cb9de,0.2799713611602783,sleap-lablink-client-prod-vm-3,running,Healthy,0,1788389430.0,1788389454.0,1788389512.0,1788389718.0,1788389655.0,1788389725.0,300.0,1788389454.979714,1788389734.398341,1788390359.387175,i-07bbc1455104581e3
1788390598.2651799,5,1,ghcr.io/talmolab/lablink-client-base-image:linux-amd64-test@sha256:1ec2fde6860186b3d45ac83890167258f83512955dbce65f072d4e8c310cb9de,0.2799713611602783,sleap-lablink-client-prod-vm-4,running,Healthy,0,1788389430.0,1788389454.0,1788389512.0,1788389717.0,1788389654.0,1788389730.0,305.0,1788389454.980496,1788389734.394014,1788390334.516358,i-0c92ab1873f5417ba
1788390598.2651799,5,1,ghcr.io/talmolab/lablink-client-base-image:linux-amd64-test@sha256:1ec2fde6860186b3d45ac83890167258f83512955dbce65f072d4e8c310cb9de,0.2799713611602783,sleap-lablink-client-prod-vm-5,running,Healthy,0,1788389430.0,1788389454.0,1788389512.0,1788389719.0,1788389656.0,1788389731.0,306.0,1788389454.981285,1788389734.414189,1788390335.184385,i-02edbce051de8200a
1788390603.3108149,5,1,ghcr.io/talmolab/lablink-client-base-image:linux-amd64-test@sha256:1ec2fde6860186b3d45ac83890167258f83512955dbce65f072d4e8c310cb9de,0.2799713611602783,sleap-lablink-client-prod-vm-1,running,Healthy,0,1788389430.0,1788389454.0,1788389512.0,1788389719.0,1788389656.0,1788389729.0,304.0,1788389454.97747,1788389734.394763,1788390333.790377,i-0d0a8b81177a50dcd
1788390603.3108149,5,1,ghcr.io/talmolab/lablink-client-base-image:linux-amd64-test@sha256:1ec2fde6860186b3d45ac83890167258f83512955dbce65f072d4e8c310cb9de,0.2799713611602783,sleap-lablink-client-prod-vm-2,running,Healthy,0,1788389430.0,1788389454.0,1788389512.0,1788389718.0,1788389655.0,1788389730.0,305.0,1788389454.978876,1788389734.412472,1788390334.398339,i-075d1655ae16149db
1788390603.3108149,5,1,ghcr.io/talmolab/lablink-client-base-image:linux-amd64-test@sha256:1ec2fde6860186b3d45ac83890167258f83512955dbce65f072d4e8c310cb9de,0.2799713611602783,sleap-lablink-client-prod-vm-3,running,Healthy,0,1788389430.0,1788389454.0,1788389512.0,1788389718.0,1788389655.0,1788389725.0,300.0,1788389454.979714,1788389734.398341,1788390359.387175,i-07bbc1455104581e3
1788390603.3108149,5,1,ghcr.io/talmolab/lablink-client-base-image:linux-amd64-test@sha256:1ec2fde6860186b3d45ac83890167258f83512955dbce65f072d4e8c310cb9de,0.2799713611602783,sleap-lablink-client-prod-vm-4,running,Healthy,0,1788389430.0,1788389454.0,1788389512.0,1788389717.0,1788389654.0,1788389730.0,305.0,1788389454.980496,1788389734.394014,1788390334.516358,i-0c92ab1873f5417ba
1788390603.3108149,5,1,ghcr.io/talmolab/lablink-client-base-image:linux-amd64-test@sha256:1ec2fde6860186b3d45ac83890167258f83512955dbce65f072d4e8c310cb9de,0.2799713611602783,sleap-lablink-client-prod-vm-5,running,Healthy,0,1788389430.0,1788389454.0,1788389512.0,1788389719.0,1788389656.0,1788389731.0,306.0,1788389454.981285,1788389734.414189,1788390335.184385,i-02edbce051de8200a
1788390608.283673,5,1,ghcr.io/talmolab/lablink-client-base-image:linux-amd64-test@sha256:1ec2fde6860186b3d45ac83890167258f83512955dbce65f072d4e8c310cb9de,0.2799713611602783,sleap-lablink-client-prod-vm-1,running,Healthy,0,1788389430.0,1788389454.0,1788389512.0,1788389719.0,1788389656.0,1788389729.0,304.0,1788389454.97747,1788389734.394763,1788390333.790377,i-0d0a8b81177a50dcd
1788390608.283673,5,1,ghcr.io/talmolab/lablink-client-base-image:linux-amd64-test@sha256:1ec2fde6860186b3d45ac83890167258f83512955dbce65f072d4e8c310cb9de,0.2799713611602783,sleap-lablink-client-prod-vm-2,running,Healthy,0,1788389430.0,1788389454.0,1788389512.0,1788389718.0,1788389655.0,1788389730.0,305.0,1788389454.978876,1788389734.412472,1788390334.398339,i-075d1655ae16149db
1788390608.283673,5,1,ghcr.io/talmolab/lablink-client-base-image:linux-amd64-test@sha256:1ec2fde6860186b3d45ac83890167258f83512955dbce65f072d4e8c310cb9de,0.2799713611602783,sleap-lablink-client-prod-vm-3,running,Healthy,0,1788389430.0,1788389454.0,1788389512.0,1788389718.0,1788389655.0,1788389725.0,300.0,1788389454.979714,1788389734.398341,1788390359.387175,i-07bbc1455104581e3
1788390608.283673,5,1,ghcr.io/talmolab/lablink-client-base-image:linux-amd64-test@sha256:1ec2fde6860186b3d45ac83890167258f83512955dbce65f072d4e8c310cb9de,0.2799713611602783,sleap-lablink-client-prod-vm-4,running,Healthy,0,1788389430.0,1788389454.0,1788389512.0,1788389717.0,1788389654.0,1788389730.0,305.0,1788389454.980496,1788389734.394014,1788390334.516358,i-0c92ab1873f5417ba
1788390608.283673,5,1,ghcr.io/talmolab/lablink-client-base-image:linux-amd64-test@sha256:1ec2fde6860186b3d45ac83890167258f83512955dbce65f072d4e8c310cb9de,0.2799713611602783,sleap-lablink-client-prod-vm-5,running,Healthy,0,1788389430.0,1788389454.0,1788389512.0,1788389719.0,1788389656.0,1788389731.0,306.0,1788389454.981285,1788389734.414189,1788390335.184385,i-02edbce051de8200a
1788390613.2950459,5,1,ghcr.io/talmolab/lablink-client-base-image:linux-amd64-test@sha256:1ec2fde6860186b3d45ac83890167258f83512955dbce65f072d4e8c310cb9de,0.2799713611602783,sleap-lablink-client-prod-vm-1,running,Healthy,0,1788389430.0,1788389454.0,1788389512.0,1788389719.0,1788389656.0,1788389729.0,304.0,1788389454.97747,1788389734.394763,1788390333.790377,i-0d0a8b81177a50dcd
1788390613.2950459,5,1,ghcr.io/talmolab/lablink-client-base-image:linux-amd64-test@sha256:1ec2fde6860186b3d45ac83890167258f83512955dbce65f072d4e8c310cb9de,0.2799713611602783,sleap-lablink-client-prod-vm-2,running,Healthy,0,1788389430.0,1788389454.0,1788389512.0,1788389718.0,1788389655.0,1788389730.0,305.0,1788389454.978876,1788389734.412472,1788390334.398339,i-075d1655ae16149db
1788390613.2950459,5,1,ghcr.io/talmolab/lablink-client-base-image:linux-amd64-test@sha256:1ec2fde6860186b3d45ac83890167258f83512955dbce65f072d4e8c310cb9de,0.2799713611602783,sleap-lablink-client-prod-vm-3,running,Healthy,0,1788389430.0,1788389454.0,1788389512.0,1788389718.0,1788389655.0,1788389725.0,300.0,1788389454.979714,1788389734.398341,1788390359.387175,i-07bbc1455104581e3
1788390613.2950459,5,1,ghcr.io/talmolab/lablink-client-base-image:linux-amd64-test@sha256:1ec2fde6860186b3d45ac83890167258f83512955dbce65f072d4e8c310cb9de,0.2799713611602783,sleap-lablink-client-prod-vm-4,running,Healthy,0,1788389430.0,1788389454.0,1788389512.0,1788389717.0,1788389654.0,1788389730.0,305.0,1788389454.980496,1788389734.394014,1788390334.516358,i-0c92ab1873f5417ba
1788390613.2950459,5,1,ghcr.io/talmolab/lablink-client-base-image:linux-amd64-test@sha256:1ec2fde6860186b3d45ac83890167258f83512955dbce65f072d4e8c310cb9de,0.2799713611602783,sleap-lablink-client-prod-vm-5,running,Healthy,0,1788389430.0,1788389454.0,1788389512.0,1788389719.0,1788389656.0,1788389731.0,306.0,1788389454.981285,1788389734.414189,1788390335.184385,i-02edbce051de8200a
1788390618.277515,5,1,ghcr.io/talmolab/lablink-client-base-image:linux-amd64-test@sha256:1ec2fde6860186b3d45ac83890167258f83512955dbce65f072d4e8c310cb9de,0.2799713611602783,sleap-lablink-client-prod-vm-1,running,Healthy,0,1788389430.0,1788389454.0,1788389512.0,1788389719.0,1788389656.0,1788389729.0,304.0,1788389454.97747,1788389734.394763,1788390333.790377,i-0d0a8b81177a50dcd
1788390618.277515,5,1,ghcr.io/talmolab/lablink-client-base-image:linux-amd64-test@sha256:1ec2fde6860186b3d45ac83890167258f83512955dbce65f072d4e8c310cb9de,0.2799713611602783,sleap-lablink-client-prod-vm-2,running,Healthy,0,1788389430.0,1788389454.0,1788389512.0,1788389718.0,1788389655.0,1788389730.0,305.0,1788389454.978876,1788389734.412472,1788390334.398339,i-075d1655ae16149db
1788390618.277515,5,1,ghcr.io/talmolab/lablink-client-base-image:linux-amd64-test@sha256:1ec2fde6860186b3d45ac83890167258f83512955dbce65f072d4e8c310cb9de,0.2799713611602783,sleap-lablink-client-prod-vm-3,running,Healthy,0,1788389430.0,1788389454.0,1788389512.0,1788389718.0,1788389655.0,1788389725.0,300.0,1788389454.979714,1788389734.398341,1788390359.387175,i-07bbc1455104581e3
1788390618.277515,5,1,ghcr.io/talmolab/lablink-client-base-image:linux-amd64-test@sha256:1ec2fde6860186b3d45ac83890167258f83512955dbce65f072d4e8c310cb9de,0.2799713611602783,sleap-lablink-client-prod-vm-4,running,Healthy,0,1788389430.0,1788389454.0,1788389512.0,1788389717.0,1788389654.0,1788389730.0,305.0,1788389454.980496,1788389734.394014,1788390334.516358,i-0c92ab1873f5417ba
1788390618.277515,5,1,ghcr.io/talmolab/lablink-client-base-image:linux-amd64-test@sha256:1ec2fde6860186b3d45ac83890167258f83512955dbce65f072d4e8c310cb9de,0.2799713611602783,sleap-lablink-client-prod-vm-5,running,Healthy,0,1788389430.0,1788389454.0,1788389512.0,1788389719.0,1788389656.0,1788389731.0,306.0,1788389454.981285,1788389734.414189,1788390335.184385,i-02edbce051de8200a
1788390623.25358,5,1,ghcr.io/talmolab/lablink-client-base-image:linux-amd64-test@sha256:1ec2fde6860186b3d45ac83890167258f83512955dbce65f072d4e8c310cb9de,0.2799713611602783,sleap-lablink-client-prod-vm-1,running,Healthy,0,1788389430.0,1788389454.0,1788389512.0,1788389719.0,1788389656.0,1788389729.0,304.0,1788389454.97747,1788389734.394763,1788390333.790377,i-0d0a8b81177a50dcd
1788390623.25358,5,1,ghcr.io/talmolab/lablink-client-base-image:linux-amd64-test@sha256:1ec2fde6860186b3d45ac83890167258f83512955dbce65f072d4e8c310cb9de,0.2799713611602783,sleap-lablink-client-prod-vm-2,running,Healthy,0,1788389430.0,1788389454.0,1788389512.0,1788389718.0,1788389655.0,1788389730.0,305.0,1788389454.978876,1788389734.412472,1788390334.398339,i-075d1655ae16149db
1788390623.25358,5,1,ghcr.io/talmolab/lablink-client-base-image:linux-amd64-test@sha256:1ec2fde6860186b3d45ac83890167258f83512955dbce65f072d4e8c310cb9de,0.2799713611602783,sleap-lablink-client-prod-vm-3,running,Healthy,0,1788389430.0,1788389454.0,1788389512.0,1788389718.0,1788389655.0,1788389725.0,300.0,1788389454.979714,1788389734.398341,1788390359.387175,i-07bbc1455104581e3
1788390623.25358,5,1,ghcr.io/talmolab/lablink-client-base-image:linux-amd64-test@sha256:1ec2fde6860186b3d45ac83890167258f83512955dbce65f072d4e8c310cb9de,0.2799713611602783,sleap-lablink-client-prod-vm-4,running,Healthy,0,1788389430.0,1788389454.0,1788389512.0,1788389717.0,1788389654.0,1788389730.0,305.0,1788389454.980496,1788389734.394014,1788390334.516358,i-0c92ab1873f5417ba
1788390623.25358,5,1,ghcr.io/talmolab/lablink-client-base-image:linux-amd64-test@sha256:1ec2fde6860186b3d45ac83890167258f83512955dbce65f072d4e8c310cb9de,0.2799713611602783,sleap-lablink-client-prod-vm-5,running,Healthy,0,1788389430.0,1788389454.0,1788389512.0,1788389719.0,1788389656.0,1788389731.0,306.0,1788389454.981285,1788389734.414189,1788390335.184385,i-02edbce051de8200a
1788390628.423986,5,1,ghcr.io/talmolab/lablink-client-base-image:linux-amd64-test@sha256:1ec2fde6860186b3d45ac83890167258f83512955dbce65f072d4e8c310cb9de,0.2799713611602783,sleap-lablink-client-prod-vm-1,running,Healthy,0,1788389430.0,1788389454.0,1788389512.0,1788389719.0,1788389656.0,1788389729.0,304.0,1788389454.97747,1788389734.394763,1788390333.790377,i-0d0a8b81177a50dcd
1788390628.423986,5,1,ghcr.io/talmolab/lablink-client-base-image:linux-amd64-test@sha256:1ec2fde6860186b3d45ac83890167258f83512955dbce65f072d4e8c310cb9de,0.2799713611602783,sleap-lablink-client-prod-vm-2,running,Healthy,0,1788389430.0,1788389454.0,1788389512.0,1788389718.0,1788389655.0,1788389730.0,305.0,1788389454.978876,1788389734.412472,1788390334.398339,i-075d1655ae16149db
1788390628.423986,5,1,ghcr.io/talmolab/lablink-client-base-image:linux-amd64-test@sha256:1ec2fde6860186b3d45ac83890167258f83512955dbce65f072d4e8c310cb9de,0.2799713611602783,sleap-lablink-client-prod-vm-3,running,Healthy,0,1788389430.0,1788389454.0,1788389512.0,1788389718.0,1788389655.0,1788389725.0,300.0,1788389454.979714,1788389734.398341,1788390359.387175,i-07bbc1455104581e3
1788390628.423986,5,1,ghcr.io/talmolab/lablink-client-base-image:linux-amd64-test@sha256:1ec2fde6860186b3d45ac83890167258f83512955dbce65f072d4e8c310cb9de,0.2799713611602783,sleap-lablink-client-prod-vm-4,running,Healthy,0,1788389430.0,1788389454.0,1788389512.0,1788389717.0,1788389654.0,1788389730.0,305.0,1788389454.980496,1788389734.394014,1788390334.516358,i-0c92ab1873f5417ba
1788390628.423986,5,1,ghcr.io/talmolab/lablink-client-base-image:linux-amd64-test@sha256:1ec2fde6860186b3d45ac83890167258f83512955dbce65f072d4e8c310cb9de,0.2799713611602783,sleap-lablink-client-prod-vm-5,running,Healthy,0,1788389430.0,1788389454.0,1788389512.0,1788389719.0,1788389656.0,1788389731.0,306.0,1788389454.981285,1788389734.414189,1788390335.184385,i-02edbce051de8200a
1788390633.2213829,5,1,ghcr.io/talmolab/lablink-client-base-image:linux-amd64-test@sha256:1ec2fde6860186b3d45ac83890167258f83512955dbce65f072d4e8c310cb9de,0.2799713611602783,sleap-lablink-client-prod-vm-1,running,Healthy,0,1788389430.0,1788389454.0,1788389512.0,1788389719.0,1788389656.0,1788389729.0,304.0,1788389454.97747,1788389734.394763,1788390333.790377,i-0d0a8b81177a50dcd
1788390633.2213829,5,1,ghcr.io/talmolab/lablink-client-base-image:linux-amd64-test@sha256:1ec2fde6860186b3d45ac83890167258f83512955dbce65f072d4e8c310cb9de,0.2799713611602783,sleap-lablink-client-prod-vm-2,running,Healthy,0,1788389430.0,1788389454.0,1788389512.0,1788389718.0,1788389655.0,1788389730.0,305.0,1788389454.978876,1788389734.412472,1788390334.398339,i-075d1655ae16149db
1788390633.2213829,5,1,ghcr.io/talmolab/lablink-client-base-image:linux-amd64-test@sha256:1ec2fde6860186b3d45ac83890167258f83512955dbce65f072d4e8c310cb9de,0.2799713611602783,sleap-lablink-client-prod-vm-3,running,Healthy,0,1788389430.0,1788389454.0,1788389512.0,1788389718.0,1788389655.0,1788389725.0,300.0,1788389454.979714,1788389734.398341,1788390359.387175,i-07bbc1455104581e3
1788390633.2213829,5,1,ghcr.io/talmolab/lablink-client-base-image:linux-amd64-test@sha256:1ec2fde6860186b3d45ac83890167258f83512955dbce65f072d4e8c310cb9de,0.2799713611602783,sleap-lablink-client-prod-vm-4,running,Healthy,0,1788389430.0,1788389454.0,1788389512.0,1788389717.0,1788389654.0,1788389730.0,305.0,1788389454.980496,1788389734.394014,1788390334.516358,i-0c92ab1873f5417ba
1788390633.2213829,5,1,ghcr.io/talmolab/lablink-client-base-image:linux-amd64-test@sha256:1ec2fde6860186b3d45ac83890167258f83512955dbce65f072d4e8c310cb9de,0.2799713611602783,sleap-lablink-client-prod-vm-5,running,Healthy,0,1788389430.0,1788389454.0,1788389512.0,1788389719.0,1788389656.0,1788389731.0,306.0,1788389454.981285,1788389734.414189,1788390335.184385,i-02edbce051de8200a
1788390638.265743,5,1,ghcr.io/talmolab/lablink-client-base-image:linux-amd64-test@sha256:1ec2fde6860186b3d45ac83890167258f83512955dbce65f072d4e8c310cb9de,0.2799713611602783,sleap-lablink-client-prod-vm-1,running,Healthy,0,1788389430.0,1788389454.0,1788389512.0,1788389719.0,1788389656.0,1788389729.0,304.0,1788389454.97747,1788389734.394763,1788390333.790377,i-0d0a8b81177a50dcd
1788390638.265743,5,1,ghcr.io/talmolab/lablink-client-base-image:linux-amd64-test@sha256:1ec2fde6860186b3d45ac83890167258f83512955dbce65f072d4e8c310cb9de,0.2799713611602783,sleap-lablink-client-prod-vm-2,running,Healthy,0,1788389430.0,1788389454.0,1788389512.0,1788389718.0,1788389655.0,1788389730.0,305.0,1788389454.978876,1788389734.412472,1788390334.398339,i-075d1655ae16149db
1788390638.265743,5,1,ghcr.io/talmolab/lablink-client-base-image:linux-amd64-test@sha256:1ec2fde6860186b3d45ac83890167258f83512955dbce65f072d4e8c310cb9de,0.2799713611602783,sleap-lablink-client-prod-vm-3,running,Healthy,0,1788389430.0,1788389454.0,1788389512.0,1788389718.0,1788389655.0,1788389725.0,300.0,1788389454.979714,1788389734.398341,1788390359.387175,i-07bbc1455104581e3
1788390638.265743,5,1,ghcr.io/talmolab/lablink-client-base-image:linux-amd64-test@sha256:1ec2fde6860186b3d45ac83890167258f83512955dbce65f072d4e8c310cb9de,0.2799713611602783,sleap-lablink-client-prod-vm-4,running,Healthy,0,1788389430.0,1788389454.0,1788389512.0,1788389717.0,1788389654.0,1788389730.0,305.0,1788389454.980496,1788389734.394014,1788390334.516358,i-0c92ab1873f5417ba
1788390638.265743,5,1,ghcr.io/talmolab/lablink-client-base-image:linux-amd64-test@sha256:1ec2fde6860186b3d45ac83890167258f83512955dbce65f072d4e8c310cb9de,0.2799713611602783,sleap-lablink-client-prod-vm-5,running,Healthy,0,1788389430.0,1788389454.0,1788389512.0,1788389719.0,1788389656.0,1788389731.0,306.0,1788389454.981285,1788389734.414189,1788390335.184385,i-02edbce051de8200a
1788390643.351676,5,1,ghcr.io/talmolab/lablink-client-base-image:linux-amd64-test@sha256:1ec2fde6860186b3d45ac83890167258f83512955dbce65f072d4e8c310cb9de,0.2799713611602783,sleap-lablink-client-prod-vm-1,running,Healthy,0,1788389430.0,1788389454.0,1788389512.0,1788389719.0,1788389656.0,1788389729.0,304.0,1788389454.97747,1788389734.394763,1788390333.790377,i-0d0a8b81177a50dcd
1788390643.351676,5,1,ghcr.io/talmolab/lablink-client-base-image:linux-amd64-test@sha256:1ec2fde6860186b3d45ac83890167258f83512955dbce65f072d4e8c310cb9de,0.2799713611602783,sleap-lablink-client-prod-vm-2,running,Healthy,0,1788389430.0,1788389454.0,1788389512.0,1788389718.0,1788389655.0,1788389730.0,305.0,1788389454.978876,1788389734.412472,1788390334.398339,i-075d1655ae16149db
1788390643.351676,5,1,ghcr.io/talmolab/lablink-client-base-image:linux-amd64-test@sha256:1ec2fde6860186b3d45ac83890167258f83512955dbce65f072d4e8c310cb9de,0.2799713611602783,sleap-lablink-client-prod-vm-3,running,Healthy,0,1788389430.0,1788389454.0,1788389512.0,1788389718.0,1788389655.0,1788389725.0,300.0,1788389454.979714,1788389734.398341,1788390359.387175,i-07bbc1455104581e3
1788390643.351676,5,1,ghcr.io/talmolab/lablink-client-base-image:linux-amd64-test@sha256:1ec2fde6860186b3d45ac83890167258f83512955dbce65f072d4e8c310cb9de,0.2799713611602783,sleap-lablink-client-prod-vm-4,running,Healthy,0,1788389430.0,1788389454.0,1788389512.0,1788389717.0,1788389654.0,1788389730.0,305.0,1788389454.980496,1788389734.394014,1788390334.516358,i-0c92ab1873f5417ba
1788390643.351676,5,1,ghcr.io/talmolab/lablink-client-base-image:linux-amd64-test@sha256:1ec2fde6860186b3d45ac83890167258f83512955dbce65f072d4e8c310cb9de,0.2799713611602783,sleap-lablink-client-prod-vm-5,running,Healthy,0,1788389430.0,1788389454.0,1788389512.0,1788389719.0,1788389656.0,1788389731.0,306.0,1788389454.981285,1788389734.414189,1788390335.184385,i-02edbce051de8200a
1788390648.248461,5,1,ghcr.io/talmolab/lablink-client-base-image:linux-amd64-test@sha256:1ec2fde6860186b3d45ac83890167258f83512955dbce65f072d4e8c310cb9de,0.2799713611602783,sleap-lablink-client-prod-vm-1,running,Healthy,0,1788389430.0,1788389454.0,1788389512.0,1788389719.0,1788389656.0,1788389729.0,304.0,1788389454.97747,1788389734.394763,1788390333.790377,i-0d0a8b81177a50dcd
1788390648.248461,5,1,ghcr.io/talmolab/lablink-client-base-image:linux-amd64-test@sha256:1ec2fde6860186b3d45ac83890167258f83512955dbce65f072d4e8c310cb9de,0.2799713611602783,sleap-lablink-client-prod-vm-2,running,Healthy,0,1788389430.0,1788389454.0,1788389512.0,1788389718.0,1788389655.0,1788389730.0,305.0,1788389454.978876,1788389734.412472,1788390334.398339,i-075d1655ae16149db
1788390648.248461,5,1,ghcr.io/talmolab/lablink-client-base-image:linux-amd64-test@sha256:1ec2fde6860186b3d45ac83890167258f83512955dbce65f072d4e8c310cb9de,0.2799713611602783,sleap-lablink-client-prod-vm-3,running,Healthy,0,1788389430.0,1788389454.0,1788389512.0,1788389718.0,1788389655.0,1788389725.0,300.0,1788389454.979714,1788389734.398341,1788390359.387175,i-07bbc1455104581e3
1788390648.248461,5,1,ghcr.io/talmolab/lablink-client-base-image:linux-amd64-test@sha256:1ec2fde6860186b3d45ac83890167258f83512955dbce65f072d4e8c310cb9de,0.2799713611602783,sleap-lablink-client-prod-vm-4,running,Healthy,0,1788389430.0,1788389454.0,1788389512.0,1788389717.0,1788389654.0,1788389730.0,305.0,1788389454.980496,1788389734.394014,1788390334.516358,i-0c92ab1873f5417ba
1788390648.248461,5,1,ghcr.io/talmolab/lablink-client-base-image:linux-amd64-test@sha256:1ec2fde6860186b3d45ac83890167258f83512955dbce65f072d4e8c310cb9de,0.2799713611602783,sleap-lablink-client-prod-vm-5,running,Healthy,0,1788389430.0,1788389454.0,1788389512.0,1788389719.0,1788389656.0,1788389731.0,306.0,1788389454.981285,1788389734.414189,1788390335.184385,i-02edbce051de8200a
1788390653.446969,5,1,ghcr.io/talmolab/lablink-client-base-image:linux-amd64-test@sha256:1ec2fde6860186b3d45ac83890167258f83512955dbce65f072d4e8c310cb9de,0.2799713611602783,sleap-lablink-client-prod-vm-1,running,Healthy,0,1788389430.0,1788389454.0,1788389512.0,1788389719.0,1788389656.0,1788389729.0,304.0,1788389454.97747,1788389734.394763,1788390333.790377,i-0d0a8b81177a50dcd
1788390653.446969,5,1,ghcr.io/talmolab/lablink-client-base-image:linux-amd64-test@sha256:1ec2fde6860186b3d45ac83890167258f83512955dbce65f072d4e8c310cb9de,0.2799713611602783,sleap-lablink-client-prod-vm-2,running,Healthy,0,1788389430.0,1788389454.0,1788389512.0,1788389718.0,1788389655.0,1788389730.0,305.0,1788389454.978876,1788389734.412472,1788390334.398339,i-075d1655ae16149db
1788390653.446969,5,1,ghcr.io/talmolab/lablink-client-base-image:linux-amd64-test@sha256:1ec2fde6860186b3d45ac83890167258f83512955dbce65f072d4e8c310cb9de,0.2799713611602783,sleap-lablink-client-prod-vm-3,running,Healthy,0,1788389430.0,1788389454.0,1788389512.0,1788389718.0,1788389655.0,1788389725.0,300.0,1788389454.979714,1788389734.398341,1788390359.387175,i-07bbc1455104581e3
1788390653.446969,5,1,ghcr.io/talmolab/lablink-client-base-image:linux-amd64-test@sha256:1ec2fde6860186b3d45ac83890167258f83512955dbce65f072d4e8c310cb9de,0.2799713611602783,sleap-lablink-client-prod-vm-4,running,Healthy,0,1788389430.0,1788389454.0,1788389512.0,1788389717.0,1788389654.0,1788389730.0,305.0,1788389454.980496,1788389734.394014,1788390334.516358,i-0c92ab1873f5417ba
1788390653.446969,5,1,ghcr.io/talmolab/lablink-client-base-image:linux-amd64-test@sha256:1ec2fde6860186b3d45ac83890167258f83512955dbce65f072d4e8c310cb9de,0.2799713611602783,sleap-lablink-client-prod-vm-5,running,Healthy,0,1788389430.0,1788389454.0,1788389512.0,1788389719.0,1788389656.0,1788389731.0,306.0,1788389454.981285,1788389734.414189,1788390335.184385,i-02edbce051de8200a
